id,name,region,category,google_rating,review_count,interest_tags,station_anchor,distance_to_station_km,interest_match,rating_norm,review_norm,station_distance_efficiency,xai_score,image_url,lat,lng,source_id
2424,東京ステーションギャラリー,東京都,美術館,4.0,100,美術館,Tokyo Station,0.0,0.70,0.8000,1.0000,0.9935,0.8593,http://commons.wikimedia.org/wiki/Special:FilePath/Tokyo%20station%20gallery.jpg,35.6809580,139.7673060,Q115265693
3696,青森市民美術展示館,青森縣,美術館,4.0,100,美術館,Aomori Station,0.0,0.70,0.8000,1.0000,0.9926,0.8593,,40.8287880,140.7349250,Q131910775
2785,那霸市歷史博物館,沖繩縣,歷史博物館,4.0,100,歷史博物館,Naha Bus Terminal,0.1,0.70,0.8000,1.0000,0.9723,0.8572,http://commons.wikimedia.org/wiki/Special:FilePath/Pallet%20Kumoji%20Naha%20Okinawa03s3s4500.jpg,26.2137808,127.6792541,Q22952141
3717,睡魔之家WARASSE,青森縣,山車会館,4.0,100,山車会館,Aomori Station,0.2,0.70,0.8000,1.0000,0.9695,0.8570,http://commons.wikimedia.org/wiki/Special:FilePath/Nebuta%20Museum%20Wa%20Rasse%2020200621.jpg,40.8295556,140.7359444,Q11275091
3998,アミュラン,鹿兒島縣,摩天輪,4.0,100,摩天輪,Kagoshima-Chuo Station,0.2,0.70,0.8000,1.0000,0.9649,0.8565,http://commons.wikimedia.org/wiki/Special:FilePath/Amu1.jpg,31.5847222,130.5425000,Q17085094
3754,静岡科学館,靜岡縣,科學博物館,4.0,100,科學博物館,Shizuoka Station,0.2,0.70,0.8000,1.0000,0.9644,0.8564,http://commons.wikimedia.org/wiki/Special:FilePath/Mizunomori%20Building%20and%20S-Patio.JPG,34.9706390,138.3903610,Q11663569
122,京都塔,京都府,觀光塔,4.0,100,觀光塔,Kyoto Station,0.2,0.70,0.8000,1.0000,0.9630,0.8563,http://commons.wikimedia.org/wiki/Special:FilePath/Kyoto%20Tower%202023-12%20ac%20%281%29.jpg,34.9875000,135.7591667,Q1201304
3764,静岡ホビースクエア,靜岡縣,玩具博物館,4.0,100,玩具博物館,Shizuoka Station,0.2,0.70,0.8000,1.0000,0.9616,0.8562,http://commons.wikimedia.org/wiki/Special:FilePath/Night%20view%20of%20the%20south%20exit%20of%20Shizuoka%20Station.jpg,34.9710278,138.3908333,Q11662917
579,札幌拉麵共和國,北海道,餐館,4.0,100,餐館,Sapporo Station,0.2,0.70,0.8000,1.0000,0.9599,0.8560,http://commons.wikimedia.org/wiki/Special:FilePath/Sapporo%20ramen%20Kyowakoku1.jpg,43.0675000,141.3527778,Q11521088
3288,こむこむ,福島縣,科學博物館,4.0,100,科學博物館,Fukushima Station,0.2,0.70,0.8000,1.0000,0.9550,0.8555,,37.7521389,140.4606111,Q11266882
2986,そごう美術館,神奈川縣,美術館,4.0,100,美術館,Yokohama Station,0.2,0.70,0.8000,1.0000,0.9530,0.8553,http://commons.wikimedia.org/wiki/Special:FilePath/Yokohama%20Shitoshi%20Bld.jpg,35.4655556,139.6253056,Q11270320
1676,岡山市博物館,岡山縣,博物館,4.0,100,博物館,Okayama Station,0.3,0.70,0.8000,1.0000,0.9507,0.8551,http://commons.wikimedia.org/wiki/Special:FilePath/Lit%20City%20Bldg.%282008.2%29.JPG,34.6665530,133.9157650,Q11472041
3920,鳥取民芸美術館,鳥取縣,美術館,4.0,100,美術館,Tottori Station,0.3,0.70,0.8000,1.0000,0.9510,0.8551,http://commons.wikimedia.org/wiki/Special:FilePath/Tottori%20folkcraft%20museum%20of%20art02%201920.jpg,35.4961000,134.2270000,Q7828504
2479,JAXAi,東京都,宇宙工学博物館,4.0,100,宇宙工学博物館,Tokyo Station,0.3,0.70,0.8000,1.0000,0.9500,0.8550,http://commons.wikimedia.org/wiki/Special:FilePath/JAXAi%20Entrance.JPG,35.6835000,139.7664170,Q11225399
1192,宮崎科学技術館,宮崎縣,科學博物館,4.0,100,科學博物館,Miyazaki Station,0.3,0.70,0.8000,1.0000,0.9493,0.8549,http://commons.wikimedia.org/wiki/Special:FilePath/Miyazaki%20Science%20Center%2020170318-2.jpg,31.9144722,131.4338333,Q97212652
1457,甲州夢小路,山梨縣,觀光景點,4.0,100,觀光景點,Kofu Station,0.3,0.70,0.8000,1.0000,0.9470,0.8547,http://commons.wikimedia.org/wiki/Special:FilePath/Kofu%20yume%20kouji%201.JPG,35.6668889,138.5713889,Q20044182
3514,日本二十六聖人紀念館,長崎縣,キリスト教博物館,4.0,100,キリスト教博物館,Nagasaki Station,0.3,0.70,0.8000,1.0000,0.9425,0.8542,http://commons.wikimedia.org/wiki/Special:FilePath/26%20martyrs%20museum.jpg,32.7547222,129.8716667,Q84029
2286,敦井美術館,新潟縣,美術館,4.0,100,美術館,Niigata Station,0.3,0.70,0.8000,1.0000,0.9389,0.8539,http://commons.wikimedia.org/wiki/Special:FilePath/Niigata%2CHokuriku%20Building.JPG,37.9144440,139.0595830,Q11499516
965,HEP NAVIO,大阪府,複合商業設施,4.0,100,複合商業設施,Osaka Station,0.4,0.70,0.8000,1.0000,0.9299,0.8530,http://commons.wikimedia.org/wiki/Special:FilePath/Osaka%2C%20hep%20navio%2001.jpg,34.7032214,135.4999319,Q138666212
3478,岡正治記念長崎平和資料館,長崎縣,和平博物館,4.0,100,和平博物館,Nagasaki Station,0.4,0.70,0.8000,1.0000,0.9305,0.8530,,32.7552320,129.8721430,Q105557496
2172,名古屋東洋官窯陶磁美術館,愛知縣,陶瓷博物館,4.0,100,陶瓷博物館,Nagoya Station,0.4,0.70,0.8000,1.0000,0.9280,0.8528,http://commons.wikimedia.org/wiki/Special:FilePath/Nakamura%2020220408-55.jpg,35.1723889,136.8853611,Q130542834
3113,原鉄道模型博物館,神奈川縣,鐵路博物館,4.0,100,鐵路博物館,Yokohama Station,0.4,0.70,0.8000,1.0000,0.9268,0.8527,http://commons.wikimedia.org/wiki/Special:FilePath/Hara%20Model%20Railway%20Museum%20entrance%2020120711.jpg,35.4630556,139.6247222,Q5653524
2068,ヒマラヤ美術館,愛知縣,美術館,4.0,100,美術館,Nagoya Station,0.4,0.70,0.8000,1.0000,0.9264,0.8526,,35.1673272,136.8815158,Q11330164
1933,徳島市立徳島城博物館,德島縣,博物館,4.0,100,博物館,Tokushima Station,0.4,0.70,0.8000,1.0000,0.9202,0.8520,http://commons.wikimedia.org/wiki/Special:FilePath/Tokushima%20castle%20museum02s3872.jpg,34.0735280,134.5556390,Q11489793
984,HEP,大阪府,複合商業設施,4.0,100,複合商業設施,Osaka Station,0.4,0.70,0.8000,1.0000,0.9178,0.8518,http://commons.wikimedia.org/wiki/Special:FilePath/TOHO%20CINEMAS%20Umeda%20in%20201409.JPG,34.7040028,135.5004466,Q751156
3366,秋田市立千秋美術館,秋田縣,美術館,4.0,100,美術館,Akita Station,0.4,0.70,0.8000,1.0000,0.9184,0.8518,http://commons.wikimedia.org/wiki/Special:FilePath/Entrance%20of%20the%20Akita%20Senshu%20Museum%20of%20Art.jpg,39.7173890,140.1245830,Q11595323
957,HEP FIVE,大阪府,購物中心,4.0,100,購物中心,Osaka Station,0.5,0.70,0.8000,1.0000,0.9169,0.8517,http://commons.wikimedia.org/wiki/Special:FilePath/HEP-FIVE%20in%20201409%20001.JPG,34.7040826,135.5004685,Q138666211
3040,京急ミュージアム,神奈川縣,公司博物館,4.0,100,公司博物館,Yokohama Station,0.5,0.70,0.8000,1.0000,0.9148,0.8515,http://commons.wikimedia.org/wiki/Special:FilePath/Keikyu%20Group%20Headquarters%2003%20%28KEIKYU%20MUSEUM%29.jpg,35.4635979,139.6267257,Q131011021
1919,徳島県郷土文化会館,德島縣,音樂廳,4.0,100,音樂廳,Tokushima Station,0.5,0.70,0.8000,1.0000,0.9139,0.8514,http://commons.wikimedia.org/wiki/Special:FilePath/Tokushima%20Arts%20Foundation%20for%20Culture01n3872.jpg,34.0751000,134.5460000,Q7813764
2354,三菱一號館美術館,東京都,美術館,4.0,100,美術館,Tokyo Station,0.5,0.70,0.8000,1.0000,0.9141,0.8514,http://commons.wikimedia.org/wiki/Special:FilePath/Mitsubishi%20Ichigokan%20Museum.JPG,35.6783550,139.7632550,Q3815458
3437,弘道館,茨城縣,博物館,4.0,100,博物館,Mito Station,0.5,0.70,0.8000,1.0000,0.9087,0.8509,http://commons.wikimedia.org/wiki/Special:FilePath/Koudoukan.JPG,36.3751450,140.4776310,Q3081773
2350,普利司通美術館,東京都,美術館,4.0,100,美術館,Tokyo Station,0.5,0.70,0.8000,1.0000,0.9079,0.8508,http://commons.wikimedia.org/wiki/Special:FilePath/Artizon%20Museum%20lobby%20view%20201912.jpg,35.6788889,139.7719444,Q913808
3363,秋田市立佐竹史料館,秋田縣,歷史博物館,4.0,100,歷史博物館,Akita Station,0.6,0.70,0.8000,1.0000,0.8995,0.8500,http://commons.wikimedia.org/wiki/Special:FilePath/The%20Satake%20Historical%20Material%20Museum%20in%20Akita%2020251025.jpg,39.7199670,140.1247390,Q11595319
1667,吉兆庵美術館,岡山縣,美術館,4.0,100,美術館,Okayama Station,0.6,0.70,0.8000,1.0000,0.8975,0.8498,,34.6615111,133.9194365,Q136481568
1952,阿波銀プラザ,德島縣,美術館,4.0,100,美術館,Tokushima Station,0.6,0.70,0.8000,1.0000,0.8979,0.8498,http://commons.wikimedia.org/wiki/Special:FilePath/Awagin-Plaza.jpeg,34.0703060,134.5470000,Q11657578
2529,相田光男美術館,東京都,人物紀念館,4.0,100,人物紀念館,Tokyo Station,0.6,0.70,0.8000,1.0000,0.8970,0.8497,http://commons.wikimedia.org/wiki/Special:FilePath/Mitsuo%20Aida%20Museum%20wall%20signage.jpg,35.6769444,139.7635000,Q11582309
416,小原道城書道美術館,北海道,美術館,4.0,100,美術館,Sapporo Station,0.6,0.70,0.8000,1.0000,0.8937,0.8494,,43.0636460,141.3531910,Q123124756
3825,香川縣立博物館,香川縣,美術館,4.0,100,美術館,Takamatsu Station,0.6,0.70,0.8000,1.0000,0.8938,0.8494,http://commons.wikimedia.org/wiki/Special:FilePath/150504%20The%20Kagawa%20Museum%20Takamatsu%20Kagawa%20pref%20Japan01n.jpg,34.3497000,134.0530000,Q7743932
149,チームラボ バイオヴォルテックス 京都,京都府,現代美術館,4.0,100,現代美術館,Kyoto Station,0.6,0.70,0.8000,1.0000,0.8918,0.8492,,34.9837070,135.7649480,Q137773108
1150,カメイ美術館,宮城縣,美術館,4.0,100,美術館,Sendai Station,0.6,0.70,0.8000,1.0000,0.8901,0.8490,http://commons.wikimedia.org/wiki/Special:FilePath/Museum%20of%20Kamei%20Collection.jpg,38.2547170,140.8813060,Q11294808
2385,遞信綜合博物館,東京都,博物館,4.0,100,博物館,Tokyo Station,0.6,0.70,0.8000,1.0000,0.8891,0.8489,http://commons.wikimedia.org/wiki/Special:FilePath/Communications-Museum-Tokyo.jpg,35.6868060,139.7668610,Q11639480
1169,仙台麵包超人兒童博物館暨購物中心,宮城縣,主題公園,4.0,100,主題公園,Sendai Station,0.6,0.70,0.8000,1.0000,0.8878,0.8488,http://commons.wikimedia.org/wiki/Special:FilePath/Sendai%20Anpanman%20Children%27s%20Museum%20%26%20Mall.JPG,38.2642780,140.8874440,Q17995372
1401,山形縣立博物館,山形縣,都道府县立博物馆,4.0,100,都道府县立博物馆,Yamagata Station,0.6,0.70,0.8000,1.0000,0.8882,0.8488,http://commons.wikimedia.org/wiki/Special:FilePath/220430%20Yamagata%20Prefectural%20Museum%20Yamagata%20Yamagata%20pref%20Japan01s3.jpg,38.2544000,140.3290000,Q4707630
2437,貨幣博物館,東京都,貨幣博物館,4.0,100,貨幣博物館,Tokyo Station,0.6,0.70,0.8000,1.0000,0.8882,0.8488,http://commons.wikimedia.org/wiki/Special:FilePath/Japan%20Currency%20Museum.jpg,35.6854790,139.7716660,Q865607
221,モザイクガーデン,兵庫縣,主題樂園,4.0,100,主題樂園,Kobe Station,0.6,0.70,0.8000,1.0000,0.8874,0.8487,http://commons.wikimedia.org/wiki/Special:FilePath/Mozaic-garden007.jpg,34.6785560,135.1849440,Q11344287
284,神戶麵包超人兒童博物館暨購物中心,兵庫縣,兒童博物館,4.0,100,兒童博物館,Kobe Station,0.6,0.70,0.8000,1.0000,0.8867,0.8487,http://commons.wikimedia.org/wiki/Special:FilePath/130720%20Kobe%20Anpanman%20Children%27s%20Museum%20%26%20Mall%20Kobe%20Japan01s3.jpg,34.6786000,135.1850000,Q11589733
1230,樂翠亭美術館,富山縣,历史房屋博物馆,4.0,100,历史房屋博物馆,Toyama Station,0.6,0.70,0.8000,1.0000,0.8864,0.8486,,36.7061944,137.2171667,Q55526676
1087,古都奈良かんざし美術館,奈良縣,博物館,4.0,100,博物館,Nara Station,0.6,0.70,0.8000,1.0000,0.8853,0.8485,,34.6841620,135.8243120,Q110392976
3027,橫濱麵包超人兒童博物館暨購物中心,神奈川縣,商場,4.0,100,商場,Yokohama Station,0.6,0.70,0.8000,1.0000,0.8853,0.8485,http://commons.wikimedia.org/wiki/Special:FilePath/Yokohama%20Anpanman%20Children%27s%20Museum%202019%20-%2003.jpg,35.4630556,139.6287222,Q2496472
3929,池本喜巳小さな写真美術館,鳥取縣,攝影博物館,4.0,100,攝影博物館,Tottori Station,0.6,0.70,0.8000,1.0000,0.8851,0.8485,,35.4952640,134.2328030,Q138261683
3995,維新故鄉館,鹿兒島縣,歷史博物館,4.0,100,歷史博物館,Kagoshima-Chuo Station,0.6,0.70,0.8000,1.0000,0.8853,0.8485,http://commons.wikimedia.org/wiki/Special:FilePath/Museum%20of%20Meiji%20Restoration%20with%20Kotsuki-River.jpg,31.5846389,130.5477500,Q4141258
3342,秋田市文化創造館,秋田縣,活動場地,4.0,100,活動場地,Akita Station,0.7,0.70,0.8000,1.0000,0.8844,0.8484,http://commons.wikimedia.org/wiki/Special:FilePath/Akita%20City%20Cultural%20Creation%20Center%2020240525.jpg,39.7192760,140.1228330,Q126116556
2410,東京宝くじドリーム館,東京都,博物館,4.0,100,博物館,Tokyo Station,0.7,0.70,0.8000,1.0000,0.8828,0.8483,http://commons.wikimedia.org/wiki/Special:FilePath/Tokyo%20Takarakuji%20Dream%20Palace.jpg,35.6761111,139.7709444,Q11524776
3814,靜岡市歷史博物館,靜岡縣,歷史博物館,4.0,100,歷史博物館,Shizuoka Station,0.7,0.70,0.8000,1.0000,0.8825,0.8483,http://commons.wikimedia.org/wiki/Special:FilePath/DSC9803Shizuoka%20City%20Museum%2020220724b.jpg,34.9766667,138.3847222,Q112226928
1951,阿波舞會館,德島縣,舞蹈博物館,4.0,100,舞蹈博物館,Tokushima Station,0.7,0.70,0.8000,1.0000,0.8766,0.8477,http://commons.wikimedia.org/wiki/Special:FilePath/Awa-dance%20memorial%20hall01s3200.jpg,34.0702778,134.5450000,Q4829638
1942,徳島県立文学書道館,德島縣,文學館,4.0,100,文學館,Tokushima Station,0.7,0.70,0.8000,1.0000,0.8756,0.8476,http://commons.wikimedia.org/wiki/Special:FilePath/Tokushima%20bungakushodo01n3872.jpg,34.0800830,134.5540000,Q11489939
2232,彩虹塔,新潟縣,觀光塔,4.0,100,觀光塔,Niigata Station,0.7,0.70,0.8000,1.0000,0.8758,0.8476,http://commons.wikimedia.org/wiki/Special:FilePath/Niigata%20Rainbow%20tower.JPG,37.9163056,139.0557222,Q11349396
2322,國立電影資料館,東京都,國立博物館,4.0,100,國立博物館,Tokyo Station,0.7,0.70,0.8000,1.0000,0.8763,0.8476,http://commons.wikimedia.org/wiki/Special:FilePath/MOMAT%20FilmCenter.jpg,35.6755278,139.7706111,Q51371009
2501,東京国立近代美術館フィルムセンター,東京都,電影博物館,4.0,100,電影博物館,Tokyo Station,0.7,0.70,0.8000,1.0000,0.8763,0.8476,http://commons.wikimedia.org/wiki/Special:FilePath/The%20National%20Film%20Center.jpg,35.6755370,139.7706300,Q29570263
3339,秋田縣立美術館·平野政吉收藏庫,秋田縣,美術館,4.0,100,美術館,Akita Station,0.7,0.70,0.8000,1.0000,0.8763,0.8476,http://commons.wikimedia.org/wiki/Special:FilePath/Akita%20Museum%20of%20Art%2020180520.jpg,39.7174278,140.1215000,Q11483668
650,札幌市鐘樓,北海道,多功能大厅,4.0,100,多功能大厅,Sapporo Station,0.7,0.70,0.8000,1.0000,0.8745,0.8475,http://commons.wikimedia.org/wiki/Special:FilePath/20200119%20Sapporo%20Clock%20Tower.jpg,43.0626020,141.3536810,Q1140619
2622,警察博物館 (日本),東京都,警察博物館,4.0,100,警察博物館,Tokyo Station,0.7,0.70,0.8000,1.0000,0.8753,0.8475,http://commons.wikimedia.org/wiki/Special:FilePath/Police%20Museum%20%28Tokyo%29.jpg,35.6751080,139.7695420,Q11632332
3161,福井市立鄉土歷史博物館,福井縣,地方文化館,4.0,100,地方文化館,Fukui Station,0.7,0.70,0.8000,1.0000,0.8747,0.8475,http://commons.wikimedia.org/wiki/Special:FilePath/Fukui%20City%20History%20Museum01nt3200.jpg,36.0683170,136.2228970,Q11591369
598,宮部金吾記念館,北海道,人物紀念館,4.0,100,人物紀念館,Sapporo Station,0.7,0.70,0.8000,1.0000,0.8698,0.8470,http://commons.wikimedia.org/wiki/Special:FilePath/131103%20Hokkaido%20University%20Botanical%20Gardens%20Sapporo%20Hokkaido%20Japan05s3.jpg,43.0639444,141.3442778,Q48751350
5,三重县立美术馆,三重縣,都道府县立博物馆,4.0,100,都道府县立博物馆,Tsu Station,0.8,0.70,0.8000,1.0000,0.8687,0.8469,http://commons.wikimedia.org/wiki/Special:FilePath/140405%20Mie%20Prefectural%20Art%20Museum%20Tsu%20Japan02s3.jpg,34.7348330,136.5018890,Q11357837
251,波止場町TEN×TEN,兵庫縣,美術館,4.0,100,美術館,Kobe Station,0.8,0.70,0.8000,1.0000,0.8686,0.8469,,34.6840280,135.1842780,Q11555555
3843,高松市美術館,香川縣,美術館,4.0,100,美術館,Takamatsu Station,0.8,0.70,0.8000,1.0000,0.8691,0.8469,http://commons.wikimedia.org/wiki/Special:FilePath/Takamatsu%20City%20Museum%20of%20Art%20Building%201.jpg,34.3440513,134.0491146,Q11670406
2828,三橋節子美術館,滋賀縣,美術館,4.0,100,美術館,Otsu Station,0.8,0.70,0.8000,1.0000,0.8683,0.8468,http://commons.wikimedia.org/wiki/Special:FilePath/Setsuko-Mitsuhashi%20Memorial%20Museum01s3872.jpg,35.0073333,135.8572778,Q11356025
633,北海道立アイヌ総合センター,北海道,博物館,4.0,100,博物館,Sapporo Station,0.8,0.70,0.8000,1.0000,0.8673,0.8467,http://commons.wikimedia.org/wiki/Special:FilePath/Kaederu%202.%207%20%28Hokkaido%20Ritsumin%20Activities%20Center%29.JPG,43.0630500,141.3454330,Q11402954
76,龙谷博物馆,京都府,宗教博物馆,4.0,100,宗教博物馆,Kyoto Station,0.8,0.70,0.8000,1.0000,0.8664,0.8466,http://commons.wikimedia.org/wiki/Special:FilePath/170128%20Ryukoku%20Museum%20Kyoto%20Japan02n.jpg,34.9911111,135.7533611,Q30933052
2343,出光美術館,東京都,美術館,4.0,100,美術館,Tokyo Station,0.8,0.70,0.8000,1.0000,0.8658,0.8466,http://commons.wikimedia.org/wiki/Special:FilePath/Imperial%20Garden%20Theater%2C%20Tokyo.jpg,35.6763721,139.7609079,Q3076590
1949,阿陽史料館,德島縣,歷史博物館,4.0,100,歷史博物館,Tokushima Station,0.8,0.70,0.8000,1.0000,0.8647,0.8465,,34.0719300,134.5429620,Q123562726
3911,鳥取市こども科学館,鳥取縣,科學博物館,4.0,100,科學博物館,Tottori Station,0.8,0.70,0.8000,1.0000,0.8652,0.8465,,35.4924910,134.2342020,Q138200504
2334,三井紀念美術館,東京都,美術館,4.0,100,美術館,Tokyo Station,0.8,0.70,0.8000,1.0000,0.8640,0.8464,http://commons.wikimedia.org/wiki/Special:FilePath/Mitsui%20Main%20Building%202009.jpg,35.6862980,139.7731440,Q864700
2752,沖縄郵政資料センター,沖繩縣,郵政博物館,4.0,100,郵政博物館,Naha Bus Terminal,0.8,0.70,0.8000,1.0000,0.8606,0.8461,http://commons.wikimedia.org/wiki/Special:FilePath/Naha%20Post%20Office.JPG,26.2052220,127.6794170,Q11553011
3403,Art前橋,群馬縣,美術館,4.0,100,美術館,Maebashi Station,0.8,0.70,0.8000,1.0000,0.8605,0.8460,http://commons.wikimedia.org/wiki/Special:FilePath/Arts%20Maebashi.jpg,36.3906250,139.0713861,Q18700337
3508,長崎市立博物館,長崎縣,市立博物館,4.0,100,市立博物館,Nagasaki Station,0.8,0.70,0.8000,1.0000,0.8581,0.8458,,32.7528333,129.8795000,Q107323653
3676,青森市森林博物館,青森縣,林業博物館,4.0,100,林業博物館,Aomori Station,0.8,0.70,0.8000,1.0000,0.8583,0.8458,http://commons.wikimedia.org/wiki/Special:FilePath/Aomori%20city%20forestry%20museum.jpg,40.8315000,140.7257222,Q11662064
1918,菘翁美術館,德島縣,書法美術館,4.0,100,書法美術館,Tokushima Station,0.8,0.70,0.8000,1.0000,0.8569,0.8457,http://commons.wikimedia.org/wiki/Special:FilePath/Suou%20Art%20Museum.jpg,34.0705000,134.5588890,Q11619959
3496,長崎歷史文化博物館,長崎縣,歷史博物館,4.0,100,歷史博物館,Nagasaki Station,0.8,0.70,0.8000,1.0000,0.8573,0.8457,http://commons.wikimedia.org/wiki/Special:FilePath/Nagasaki%20Museum%20of%20History%20and%20Culture%20ac%20%281%29.jpg,32.7528130,129.8795570,Q73613
462,北海道大學綜合博物館,北海道,大學博物館,4.0,100,大學博物館,Sapporo Station,0.8,0.70,0.8000,1.0000,0.8563,0.8456,http://commons.wikimedia.org/wiki/Special:FilePath/The%20Hokkaido%20University%20Museum.png,43.0722222,141.3416667,Q18339280
3989,長島美術館,鹿兒島縣,美術館,4.0,100,美術館,Kagoshima-Chuo Station,0.8,0.70,0.8000,1.0000,0.8556,0.8456,http://commons.wikimedia.org/wiki/Special:FilePath/Female%20Portrait%20by%20Fujishima%20Takeji%20%28Nagashima%20Museum%29.jpg,31.5817710,130.5323870,Q25045409
453,北海道大學植物園,北海道,植物園,4.0,100,植物園,Sapporo Station,0.9,0.70,0.8000,1.0000,0.8545,0.8455,http://commons.wikimedia.org/wiki/Special:FilePath/131103%20Hokkaido%20University%20Botanical%20Gardens%20Sapporo%20Hokkaido%20Japan18o.jpg,43.0638920,141.3426479,Q2842754
286,神戶港塔,兵庫縣,觀光塔,4.0,100,觀光塔,Kobe Station,0.9,0.70,0.8000,1.0000,0.8545,0.8454,http://commons.wikimedia.org/wiki/Special:FilePath/Kobe%20port%20tower12s3200.jpg,34.6825000,135.1866667,Q798766
972,南蛮文化館,大阪府,美術館,4.0,100,美術館,Osaka Station,0.9,0.70,0.8000,1.0000,0.8536,0.8454,,34.7094170,135.4917500,Q11408411
1256,佐藤紀念美術館,富山縣,美術館,4.0,100,美術館,Toyama Station,0.9,0.70,0.8000,1.0000,0.8543,0.8454,http://commons.wikimedia.org/wiki/Special:FilePath/Sato%20Memorial%20Art%20Museum%20Toyama02st3200.jpg,36.6938890,137.2118330,Q11384443
828,埼玉市立博物館,埼玉縣,市立博物館,4.0,100,市立博物館,Omiya Station,0.9,0.70,0.8000,1.0000,0.8517,0.8452,http://commons.wikimedia.org/wiki/Special:FilePath/Saitama%20Municipal%20Museum.JPG,35.9113330,139.6316110,Q11248596
946,大分縣立美術館,大分縣,美術館,4.0,100,美術館,Oita Station,0.9,0.70,0.8000,1.0000,0.8521,0.8452,http://commons.wikimedia.org/wiki/Special:FilePath/Oita%20OPAM%201.jpg,33.2394722,131.6013889,Q11432891
1356,最上義光歴史館,山形縣,人物紀念館,4.0,100,人物紀念館,Yamagata Station,0.9,0.70,0.8000,1.0000,0.8517,0.8452,http://commons.wikimedia.org/wiki/Special:FilePath/Mogami%20Yoshiaki%20Historical%20Museum.jpg,38.2550833,140.3334167,Q6890444
1838,廣島縣立美術館,廣島縣,美術館,4.0,100,美術館,Hiroshima Station,0.9,0.70,0.8000,1.0000,0.8522,0.8452,http://commons.wikimedia.org/wiki/Special:FilePath/Hiroshima%20Prefectural%20Art%20Museum%2001.jpg,34.3999083,132.4662750,Q3330773
954,アートプラザ,大分縣,美術館,4.0,100,美術館,Oita Station,0.9,0.70,0.8000,1.0000,0.8500,0.8450,,33.2405556,131.6095000,Q11285663
1177,川島美術館,宮城縣,美術館,4.0,100,美術館,Sendai Station,0.9,0.70,0.8000,1.0000,0.8497,0.8450,,38.2646066,140.8739707,Q135973129
1072,なら工藝館,奈良縣,工藝博物館,4.0,100,工藝博物館,Nara Station,0.9,0.70,0.8000,1.0000,0.8490,0.8449,http://commons.wikimedia.org/wiki/Special:FilePath/%E5%B7%A5%E8%97%9D%E9%A4%A8%E3%81%AE%E5%A4%96%E8%A6%B3IMG%201641.jpg,34.6787100,135.8282800,Q123145206
1241,高志之國文學館,富山縣,文學館,4.0,100,文學館,Toyama Station,0.9,0.70,0.8000,1.0000,0.8479,0.8448,http://commons.wikimedia.org/wiki/Special:FilePath/T-48301%2001.jpg,36.6955000,137.2062780,Q11669915
1354,山形美術館,山形縣,美術館,4.0,100,美術館,Yamagata Station,0.9,0.70,0.8000,1.0000,0.8480,0.8448,http://commons.wikimedia.org/wiki/Special:FilePath/Yamagata%20Museum%20of%20Art%202007.jpg,38.2558910,140.3324020,Q11468661
2275,新潟市マンガ・アニメ情報館,新潟縣,動漫博物館,4.0,100,動漫博物館,Niigata Station,0.9,0.70,0.8000,1.0000,0.8472,0.8447,http://commons.wikimedia.org/wiki/Special:FilePath/Bandai%20City%20BP2%20Sep2021-002.jpg,37.9163610,139.0530560,Q17229556
2360,三之丸尚藏館,東京都,美術館,4.0,100,美術館,Tokyo Station,0.9,0.70,0.8000,1.0000,0.8463,0.8446,http://commons.wikimedia.org/wiki/Special:FilePath/Sannomaru%20Shozokan%20190928a.jpg,35.6863020,139.7592470,Q3076188
1102,奈良町からくりおもちゃ館,奈良縣,地方文化館,4.0,100,地方文化館,Nara Station,0.9,0.70,0.8000,1.0000,0.8440,0.8444,http://commons.wikimedia.org/wiki/Special:FilePath/Naramachi%20Karakuri%20Omocha-kan%2001.jpg,34.6772850,135.8281170,Q122658838
3230,櫛田の銀杏,福岡縣,古树,4.0,100,古树,Hakata Station,0.9,0.70,0.8000,1.0000,0.8427,0.8443,http://commons.wikimedia.org/wiki/Special:FilePath/Kushida%20no%20Ginan%20the%20W%20side%201-41%20Kami-kawabatamachi%20Hakata-ku%20Fukuoka%2020230801.jpg,33.5930556,130.4112222,Q123486959
1282,山口縣立美術館,山口縣,美術館,4.0,100,美術館,Yamaguchi Station,0.9,0.70,0.8000,1.0000,0.8423,0.8442,http://commons.wikimedia.org/wiki/Special:FilePath/140720%20Yamaguchi%20Prefectural%20Art%20Museum%20Yamaguchi%20Japan03s3.jpg,34.1795000,131.4740000,Q7881987
2918,金沢市立玉川図書館近世史料館,石川縣,圖書館分館,4.0,100,圖書館分館,Kanazawa Station,0.9,0.70,0.8000,1.0000,0.8406,0.8441,http://commons.wikimedia.org/wiki/Special:FilePath/%E9%87%91%E6%B2%A2%E5%B8%82%E7%AB%8B%E7%8E%89%E5%B7%9D%E5%9B%B3%E6%9B%B8%E9%A4%A8003.jpg,36.5700833,136.6516111,Q130534097
3140,福井県立こども歴史文化館,福井縣,兒童博物館,4.0,100,兒童博物館,Fukui Station,0.9,0.70,0.8000,1.0000,0.8410,0.8441,http://commons.wikimedia.org/wiki/Special:FilePath/Fukui%20Childrens%20Museum.jpg,36.0615833,136.2341111,Q24873808
3196,旧三浦家住宅,福岡縣,历史房屋博物馆,4.0,100,历史房屋博物馆,Hakata Station,0.9,0.70,0.8000,1.0000,0.8414,0.8441,http://commons.wikimedia.org/wiki/Special:FilePath/Former%20Miura%20Residence%20the%20fa%C3%A7ade%20Reisenmachi%20Hakata-ku%20Fukuoka%2020240119.jpg,33.5936111,130.4113889,Q124309635
3225,「博多町家」ふるさと館,福岡縣,历史房屋博物馆,4.0,100,历史房屋博物馆,Hakata Station,0.9,0.70,0.8000,1.0000,0.8413,0.8441,http://commons.wikimedia.org/wiki/Special:FilePath/Hakata-Machiya%20Furusato%20Museum%2020170918.jpg,33.5936389,130.4113889,Q55528690
3178,福岡市下水道博物館,福岡縣,建築物,4.0,100,建築物,Hakata Station,1.0,0.70,0.8000,1.0000,0.8390,0.8439,http://commons.wikimedia.org/wiki/Special:FilePath/Pomplaza%20Hall%208-3%20Gionmachi%20Hakata-ku%20Fukuoka%2020230801.jpg,33.5915556,130.4104722,Q122973288
3237,博多歴史館,福岡縣,歷史博物館,4.0,100,歷史博物館,Hakata Station,1.0,0.70,0.8000,1.0000,0.8392,0.8439,,33.5927778,130.4108333,Q123591501
3889,橫山隆一紀念漫畫館,高知縣,人物紀念館,4.0,100,人物紀念館,Kochi Station,1.0,0.70,0.8000,1.0000,0.8374,0.8437,http://commons.wikimedia.org/wiki/Special:FilePath/Kochi%20Yokoyama%20Ryuiti%20Kinen%20Mangakan%20Iriguti%201.jpg,33.5577778,133.5411111,Q17209883
117,風俗博物館,京都府,時裝博物館,4.0,100,時裝博物館,Kyoto Station,1.0,0.70,0.8000,1.0000,0.8361,0.8436,http://commons.wikimedia.org/wiki/Special:FilePath/Izutsu-Samegai%20building.jpg,34.9933890,135.7533330,Q11665410
1233,富山市鄉土博物館,富山縣,天守,4.0,100,天守,Toyama Station,1.0,0.70,0.8000,1.0000,0.8361,0.8436,http://commons.wikimedia.org/wiki/Special:FilePath/Toyama%20Municipal%20Folk%20Museum%20%28mock%20keep%20tower%20of%20the%20Toyama%20Castle%29%2020180503.jpg,36.6927780,137.2113890,Q11456417
1969,爱媛县美术馆,愛媛縣,都道府县立博物馆,4.0,100,都道府县立博物馆,Matsuyama Station,1.0,0.70,0.8000,1.0000,0.8346,0.8435,http://commons.wikimedia.org/wiki/Special:FilePath/The%20Museum%20of%20Art%2C%20EHIME%20-%20panoramio%20%281%29.jpg,33.8405556,132.7622222,Q11493678
2190,則武之森,愛知縣,庭園,4.0,100,庭園,Nagoya Station,1.0,0.70,0.8000,1.0000,0.8337,0.8434,http://commons.wikimedia.org/wiki/Special:FilePath/Noritake%20Garden02%2C%20Nishi%20Ward%20Nagoya%202014.jpg,35.1798680,136.8815860,Q7051341
287,神戶海洋博物館,兵庫縣,海事博物館,4.0,100,海事博物館,Kobe Station,1.0,0.70,0.8000,1.0000,0.8328,0.8433,http://commons.wikimedia.org/wiki/Special:FilePath/Hayate01s3200.jpg,34.6827778,135.1883333,Q5364119
303,カワサキワールド,兵庫縣,公司博物館,4.0,100,公司博物館,Kobe Station,1.0,0.70,0.8000,1.0000,0.8328,0.8433,http://commons.wikimedia.org/wiki/Special:FilePath/Kobe%20Maritime%20Museum%20%26%20Kawasaki%20GoodTimes%20World.jpg,34.6827778,135.1883333,Q11295340
1100,奈良市史料保存館,奈良縣,歷史博物館,4.0,100,歷史博物館,Nara Station,1.0,0.70,0.8000,1.0000,0.8333,0.8433,http://commons.wikimedia.org/wiki/Special:FilePath/Nara%20City%20Museum%20for%20Historical%20Resources.JPG,34.6777640,135.8292240,Q24807771
2816,滋賀縣立琵琶湖文化館,滋賀縣,博物館,4.0,100,博物館,Otsu Station,1.0,0.70,0.8000,1.0000,0.8333,0.8433,http://commons.wikimedia.org/wiki/Special:FilePath/Biwako-Bunkakan%20DSCN2823.jpg,35.0080830,135.8740560,Q11564666
1704,盛岡市子ども科学館,岩手縣,科學博物館,4.0,100,科學博物館,Morioka Station,1.0,0.70,0.8000,1.0000,0.8312,0.8431,http://commons.wikimedia.org/wiki/Special:FilePath/Morioka%20City%20Children%27s%20Science%20Museum%201.jpg,39.6941667,141.1296944,Q69483064
3461,茨城県近代美術館,茨城縣,美術館,4.0,100,美術館,Mito Station,1.0,0.70,0.8000,1.0000,0.8311,0.8431,http://commons.wikimedia.org/wiki/Special:FilePath/Museum%20of%20Modern%20Art%20Ibaraki.JPG,36.3677944,140.4653861,Q11617518
123,京都水族館,京都府,水族館,4.0,100,水族館,Kyoto Station,1.0,0.70,0.8000,1.0000,0.8281,0.8428,http://commons.wikimedia.org/wiki/Special:FilePath/Kyoto%20Aquarium%20in%202013-5-2%20No%2C27.JPG,34.9875560,135.7476110,Q11375621
352,BE KOBE,兵庫縣,雕塑,4.0,100,雕塑,Kobe Station,1.0,0.70,0.8000,1.0000,0.8280,0.8428,http://commons.wikimedia.org/wiki/Special:FilePath/BE%20KOBE%2020190216.jpg,34.6812780,135.1892500,Q116944054
1252,富山県美術館,富山縣,美術館,4.0,100,美術館,Toyama Station,1.0,0.70,0.8000,1.0000,0.8276,0.8428,http://commons.wikimedia.org/wiki/Special:FilePath/Toyama%20Prefectural%20Museum%20of%20Art%20and%20Design%20seen%20from%20Fugan%20Unga%20Kansui%20Park%2020180504.jpg,36.7105556,137.2100000,Q28689689
1654,岡山市立東方美術館,岡山縣,美術館,4.0,100,美術館,Okayama Station,1.0,0.70,0.8000,1.0000,0.8274,0.8427,http://commons.wikimedia.org/wiki/Special:FilePath/160319%20Okayama%20Orient%20Museum%20Okayama%20Japan02n.jpg,34.6663889,133.9300000,Q4707582
3880,高知縣立文學館,高知縣,文學館,4.0,100,文學館,Kochi Station,1.0,0.70,0.8000,1.0000,0.8270,0.8427,http://commons.wikimedia.org/wiki/Special:FilePath/Kochi%20Literary%20Museum01s3872.jpg,33.5618500,133.5334530,Q11672460
1618,岡山縣立美術館,岡山縣,美術館,4.0,100,美術館,Okayama Station,1.1,0.70,0.8000,1.0000,0.8263,0.8426,http://commons.wikimedia.org/wiki/Special:FilePath/The%20Okayama%20Prefectural%20Museum%20of%20Art01s3200.jpg,34.6677778,133.9300000,Q4677150
2755,對馬丸紀念館,沖繩縣,博物館,4.0,100,博物館,Naha Bus Terminal,1.1,0.70,0.8000,1.0000,0.8251,0.8425,http://commons.wikimedia.org/wiki/Special:FilePath/Tsushima-maru%20Memorial%20Museum03n.jpg,26.2201110,127.6728060,Q11458206
1674,吉備路文学館,岡山縣,文學館,4.0,100,文學館,Okayama Station,1.1,0.70,0.8000,1.0000,0.8240,0.8424,http://commons.wikimedia.org/wiki/Special:FilePath/Kibiji%20Literary%20Museum10n4000.jpg,34.6751660,133.9238820,Q132323362
2387,ずかんミュージアム銀座,東京都,博物館,4.0,100,博物館,Tokyo Station,1.1,0.70,0.8000,1.0000,0.8241,0.8424,,35.6723920,139.7624140,Q116026360
748,千葉市科学館,千葉縣,科學博物館,4.0,100,科學博物館,Chiba Station,1.1,0.70,0.8000,1.0000,0.8213,0.8421,,35.6073950,140.1227000,Q123516841
378,神戶華僑歴史博物館,兵庫縣,歷史博物館,4.0,100,歷史博物館,Kobe Station,1.1,0.70,0.8000,1.0000,0.8199,0.8420,http://commons.wikimedia.org/wiki/Special:FilePath/Kobe%20Overseas%20Chinese%20History%20Museum.JPG,34.6859750,135.1871722,Q17219226
2441,アートアクアリウム美術館 GINZA,東京都,水族館,4.0,100,水族館,Tokyo Station,1.1,0.70,0.8000,1.0000,0.8197,0.8420,http://commons.wikimedia.org/wiki/Special:FilePath/Tokyo%20Goldfish%20exhibition%20%2833039883398%29.jpg,35.6713698,139.7657375,Q116921556
3839,香川大学博物館,香川縣,大學博物館,4.0,100,大學博物館,Takamatsu Station,1.1,0.70,0.8000,1.0000,0.8201,0.8420,,34.3434860,134.0382010,Q123553099
1117,奈良町資料館,奈良縣,历史房屋博物馆,4.0,100,历史房屋博物馆,Nara Station,1.1,0.70,0.8000,1.0000,0.8193,0.8419,http://commons.wikimedia.org/wiki/Special:FilePath/Naramachi-shiryokan%20Nara02n3200.jpg,34.6768890,135.8300280,Q11445139
3882,高知縣立高知城歷史博物館,高知縣,歷史博物館,4.0,100,歷史博物館,Kochi Station,1.1,0.70,0.8000,1.0000,0.8186,0.8419,http://commons.wikimedia.org/wiki/Special:FilePath/Kochi%20catsle%20museum%20-%20%E9%AB%98%E7%9F%A5%E5%9F%8E%E6%AD%B4%E5%8F%B2%E5%8D%9A%E7%89%A9%E9%A4%A8%20-%20panoramio.jpg,33.5601111,133.5340278,Q56347482
1432,山梨県立科学館,山梨縣,科學博物館,4.0,100,科學博物館,Kofu Station,1.1,0.70,0.8000,1.0000,0.8179,0.8418,http://commons.wikimedia.org/wiki/Special:FilePath/Yamanashi%20Prefectural%20Science%20Center.jpg,35.6694440,138.5802780,Q4683550
2418,Daiichi Sankyo くすりミュージアム,東京都,公司博物館,4.0,100,公司博物館,Tokyo Station,1.1,0.70,0.8000,1.0000,0.8169,0.8417,http://commons.wikimedia.org/wiki/Special:FilePath/Daiichi%20sankyo%20kusuri%20museum.jpg,35.6884720,139.7756940,Q17224188
2718,宇都宮妖精博物館,栃木縣,美術館,4.0,100,美術館,Utsunomiya Station,1.1,0.70,0.8000,1.0000,0.8167,0.8417,http://commons.wikimedia.org/wiki/Special:FilePath/Utsunomiya%20Fairy%20Museum.jpg,36.5615280,139.8864440,Q17227774
1808,島根縣立美術館,島根縣,美術館,4.0,100,美術館,Matsue Station,1.1,0.70,0.8000,1.0000,0.8163,0.8416,http://commons.wikimedia.org/wiki/Special:FilePath/Shimane%20Art%20Museum16s3.jpg,35.4594650,133.0524950,Q2655425
1890,廣島遞信醫院舊外來棟被爆資料室,廣島縣,已停業醫院,4.0,100,已停業醫院,Hiroshima Station,1.1,0.70,0.8000,1.0000,0.8148,0.8415,http://commons.wikimedia.org/wiki/Special:FilePath/Hiroshima%20Teishin%20Hospital%2002.JPG,34.4034440,132.4651390,Q11485281
3544,北野カルチュラルセンター,長野縣,美術館,4.0,100,美術館,Nagano Station,1.1,0.70,0.8000,1.0000,0.8154,0.8415,http://commons.wikimedia.org/wiki/Special:FilePath/Kitano%20Cultural%20Centre.jpg,36.6530830,138.1870830,Q11404260
685,千叶市美术馆,千葉縣,美術館,4.0,100,美術館,Chiba Station,1.1,0.70,0.8000,1.0000,0.8136,0.8414,http://commons.wikimedia.org/wiki/Special:FilePath/Chuo%20Ward%20Office%2C%20Chiba.jpg,35.6089860,140.1246500,Q11406050
1149,晩翠草堂,宮城縣,历史房屋博物馆,4.0,100,历史房屋博物馆,Sendai Station,1.1,0.70,0.8000,1.0000,0.8138,0.8414,http://commons.wikimedia.org/wiki/Special:FilePath/BansuiSoudou.jpg,38.2594170,140.8693330,Q24899769
3146,福井市橘曙覧紀念文學館,福井縣,人物紀念館,4.0,100,人物紀念館,Fukui Station,1.1,0.70,0.8000,1.0000,0.8144,0.8414,http://commons.wikimedia.org/wiki/Special:FilePath/Fukui%20City%20Akemi%20Tachibana%20Literature%20Memorial%20Museum01bs4592.jpg,36.0597560,136.2112060,Q11591308
3162,福井市愛宕坂茶道美術館,福井縣,美術館,4.0,100,美術館,Fukui Station,1.1,0.70,0.8000,1.0000,0.8143,0.8414,http://commons.wikimedia.org/wiki/Special:FilePath/Fukui%20City%20Atagozaka%20Tea%20Ceremony%20Museum01bs3200.jpg,36.0599890,136.2111330,Q11591305
924,大分市美術館,大分縣,美術館,4.0,100,美術館,Oita Station,1.1,0.70,0.8000,1.0000,0.8134,0.8413,http://commons.wikimedia.org/wiki/Special:FilePath/Oita%20Municipal%20Museum.jpg,33.2234167,131.6020278,Q11432755
687,千葉縣立美術館,千葉縣,都道府县立博物馆,4.0,100,都道府县立博物馆,Chiba Station,1.2,0.70,0.8000,1.0000,0.8120,0.8412,http://commons.wikimedia.org/wiki/Special:FilePath/Chiba%20Prefectural%20Museum%20of%20Art%202010.jpg,35.6089040,140.1247480,Q11406332
2772,那覇市立壺屋焼物博物館,沖繩縣,陶瓷博物館,4.0,100,陶瓷博物館,Naha Bus Terminal,1.2,0.70,0.8000,1.0000,0.8122,0.8412,http://commons.wikimedia.org/wiki/Special:FilePath/Tsuboya%20Pottery%20Museum08s3s4350.jpg,26.2138009,127.6906986,Q104784709
3158,福井市水道紀念館,福井縣,水泵房,4.0,100,水泵房,Fukui Station,1.2,0.70,0.8000,1.0000,0.8116,0.8412,http://commons.wikimedia.org/wiki/Special:FilePath/Fukui-shi%20suido-kinenkan03n4592.jpg,36.0586640,136.2113250,Q11591310
3493,長崎縣美術館,長崎縣,美術館,4.0,100,美術館,Nagasaki Station,1.2,0.70,0.8000,1.0000,0.8118,0.8412,http://commons.wikimedia.org/wiki/Special:FilePath/Nagasaki%20art%20museum%20IMG%202093.JPG,32.7416790,129.8710570,Q11652770
3412,水と緑と詩のまち前橋文学館,群馬縣,人物紀念館,4.0,100,人物紀念館,Maebashi Station,1.2,0.70,0.8000,1.0000,0.8100,0.8410,http://commons.wikimedia.org/wiki/Special:FilePath/Maebashi%20City%20Museum%20of%20Literature%201.jpg,36.3939444,139.0721667,Q48751949
2803,不屈館,沖繩縣,歷史博物館,4.0,100,歷史博物館,Naha Bus Terminal,1.2,0.70,0.8000,1.0000,0.8090,0.8409,http://commons.wikimedia.org/wiki/Special:FilePath/Kamejiro%20Senaga%20and%20the%20People%27s%20History%20Museum.JPG,26.2223694,127.6748444,Q11361703
3200,博多歴史の散歩道,福岡縣,戶外博物館,4.0,100,戶外博物館,Hakata Station,1.2,0.70,0.8000,1.0000,0.8088,0.8409,,33.5969444,130.4108333,Q125801404
3682,青森県立郷土館,青森縣,地方文化館,4.0,100,地方文化館,Aomori Station,1.2,0.70,0.8000,1.0000,0.8087,0.8409,http://commons.wikimedia.org/wiki/Special:FilePath/Aomori%20Prefectural%20Museum.jpg,40.8272800,140.7486600,Q11662265
36,三重県綜合博物館,三重縣,公共檔案館,4.0,100,公共檔案館,Tsu Station,1.2,0.70,0.8000,1.0000,0.8078,0.8408,http://commons.wikimedia.org/wiki/Special:FilePath/Miemu.in.2014.03.09.jpg,34.7421530,136.5016730,Q11357775
3290,福島市写真美術館,福島縣,攝影博物館,4.0,100,攝影博物館,Fukushima Station,1.2,0.70,0.8000,1.0000,0.8080,0.8408,http://commons.wikimedia.org/wiki/Special:FilePath/Fukushima%20City%20Museum%20of%20Photography.JPG,37.7644140,140.4631470,Q11593084
997,大阪大学中之島芸術センター,大阪府,大學博物館,4.0,100,大學博物館,Osaka Station,1.2,0.70,0.8000,1.0000,0.8071,0.8407,,34.6927340,135.4904340,Q127503070
1015,大阪中之島美術館,大阪府,美術館,4.0,100,美術館,Osaka Station,1.2,0.70,0.8000,1.0000,0.8071,0.8407,http://commons.wikimedia.org/wiki/Special:FilePath/Nakanoshima%20Museum%20of%20Art%20Osaka.jpg,34.6923889,135.4914722,Q50375431
3358,秋田市立紅磚鄉土館,秋田縣,美術館,4.0,100,美術館,Akita Station,1.2,0.70,0.8000,1.0000,0.8062,0.8406,http://commons.wikimedia.org/wiki/Special:FilePath/Akarenga-kan%20Museum%20in%20Akita%2020190707a.jpg,39.7166890,140.1156440,Q11595345
1265,山口情報芸術センター,山口縣,美術館,4.0,100,美術館,Yamaguchi Station,1.2,0.70,0.8000,1.0000,0.8039,0.8404,http://commons.wikimedia.org/wiki/Special:FilePath/YCAM.jpg,34.1696111,131.4672778,Q11466848
1014,國立國際美術館,大阪府,美術館,4.0,100,美術館,Osaka Station,1.2,0.70,0.8000,1.0000,0.8009,0.8401,http://commons.wikimedia.org/wiki/Special:FilePath/NMAO01s3200.jpg,34.6917860,135.4920240,Q1055037
1837,廣島市現代美術館,廣島縣,美術館,4.0,100,美術館,Hiroshima Station,1.3,0.70,0.8000,1.0000,0.7987,0.8399,http://commons.wikimedia.org/wiki/Special:FilePath/Hiroshima%20City%20Museum%20of%20Contemporary%20Art.jpg,34.3863800,132.4733650,Q93425
3000,橫濱美術館,神奈川縣,美術館,4.0,100,美術館,Yokohama Station,1.3,0.70,0.8000,1.0000,0.7987,0.8399,http://commons.wikimedia.org/wiki/Special:FilePath/Yokohama%20Museum%20of%20Art%202009.jpg,35.4571000,139.6310000,Q861588
3675,陆奥北方渔船博物馆,青森縣,漁業博物館,4.0,100,漁業博物館,Aomori Station,1.3,0.70,0.8000,1.0000,0.7989,0.8399,http://commons.wikimedia.org/wiki/Special:FilePath/Michinoku%20Traditional%20Wooden%20Boat%20Museum.JPG,40.8372780,140.7252500,Q11278985
3714,青森北麻本吕婆历史馆,青森縣,歷史博物館,4.0,100,歷史博物館,Aomori Station,1.3,0.70,0.8000,1.0000,0.7992,0.8399,,40.8372440,140.7252490,Q120655368
1318,山口县立山口博物馆,山口縣,都道府县立博物馆,4.0,100,都道府县立博物馆,Yamaguchi Station,1.3,0.70,0.8000,1.0000,0.7980,0.8398,http://commons.wikimedia.org/wiki/Special:FilePath/140720%20Yamaguchi%20Museum%20Yamaguchi%20Japan01s39.jpg,34.1825000,131.4730000,Q4707661
1722,盛岡市遺跡の学び館,岩手縣,考古博物館,4.0,100,考古博物館,Morioka Station,1.3,0.70,0.8000,1.0000,0.7981,0.8398,,39.6920560,141.1285560,Q11581389
1977,子規堂,愛媛縣,人物紀念館,4.0,100,人物紀念館,Matsuyama Station,1.3,0.70,0.8000,1.0000,0.7976,0.8398,http://commons.wikimedia.org/wiki/Special:FilePath/Shikido1.jpg,33.8345830,132.7633890,Q11447937
1269,龍福寺資料館,山口縣,博物館,4.0,100,博物館,Yamaguchi Station,1.3,0.70,0.8000,1.0000,0.7962,0.8396,http://commons.wikimedia.org/wiki/Special:FilePath/Yoshioki%20Ouchi%27s%20statue.JPG,34.1842060,131.4796990,Q132476267
1151,東北学院大学博物館,宮城縣,大學博物館,4.0,100,大學博物館,Sendai Station,1.3,0.70,0.8000,1.0000,0.7955,0.8395,,38.2488056,140.8799167,Q85881218
2663,歌舞伎座ギャラリー,東京都,剧院博物馆,4.0,100,剧院博物馆,Tokyo Station,1.3,0.70,0.8000,1.0000,0.7947,0.8395,,35.6696000,139.7679000,Q116971619
3164,スポーツ・ミュージアム山田コレクション,福井縣,博物館,4.0,100,博物館,Fukui Station,1.3,0.70,0.8000,1.0000,0.7940,0.8394,,36.0536111,136.2337500,Q11313163
1118,興福寺国宝館,奈良縣,宝物館,4.0,100,宝物館,Nara Station,1.3,0.70,0.8000,1.0000,0.7934,0.8393,http://commons.wikimedia.org/wiki/Special:FilePath/Kofukuji%20kokuhokan.jpg,34.6835330,135.8325500,Q123145033
1334,山口県埋蔵文化財センター,山口縣,埋藏文化財中心,4.0,100,埋藏文化財中心,Yamaguchi Station,1.3,0.70,0.8000,1.0000,0.7930,0.8393,http://commons.wikimedia.org/wiki/Special:FilePath/Yamaguchi%20Prefecture%20Buried%20Cultural%20Properties%20Center.jpg,34.1820220,131.4713800,Q123269260
988,大阪市立科學館,大阪府,天象儀,4.0,100,天象儀,Osaka Station,1.3,0.70,0.8000,1.0000,0.7918,0.8392,http://commons.wikimedia.org/wiki/Special:FilePath/Osaka%20science%20museum01s3200.jpg,34.6912400,135.4915200,Q875709
3047,Orbi Yokohama,神奈川縣,主題公園,4.0,100,主題公園,Yokohama Station,1.3,0.70,0.8000,1.0000,0.7917,0.8392,http://commons.wikimedia.org/wiki/Special:FilePath/Orbi%20Yokohama%2002.JPG,35.4572500,139.6321944,Q23905885
198,佐賀バルーンミュージアム,佐賀縣,航空博物館,4.0,100,航空博物館,Saga Station,1.3,0.70,0.8000,1.0000,0.7911,0.8391,http://commons.wikimedia.org/wiki/Special:FilePath/Saga%20balloon%20museum%202016-10-15.jpg,33.2524167,130.3004167,Q28685850
2645,首かけイチョウ,東京都,巨樹,4.0,100,巨樹,Tokyo Station,1.3,0.70,0.8000,1.0000,0.7913,0.8391,http://commons.wikimedia.org/wiki/Special:FilePath/Ginkgo%20biloba%20-%20Hibiya%20Park%202.jpg,35.6737611,139.7557333,Q61014548
3054,三菱みなとみらい技術館,神奈川縣,公司博物館,4.0,100,公司博物館,Yokohama Station,1.3,0.70,0.8000,1.0000,0.7910,0.8391,,35.4558610,139.6298890,Q11357023
3846,高松市歴史資料館,香川縣,歷史博物館,4.0,100,歷史博物館,Takamatsu Station,1.3,0.70,0.8000,1.0000,0.7897,0.8390,http://commons.wikimedia.org/wiki/Special:FilePath/Takamatsu%20City%20Central%20Library%20exterior%20ac%20%281%29.jpg,34.3440590,134.0343720,Q104783879
974,Kids Plaza大阪,大阪府,兒童博物館,4.0,100,兒童博物館,Osaka Station,1.3,0.70,0.8000,1.0000,0.7892,0.8389,http://commons.wikimedia.org/wiki/Special:FilePath/Headquarter%20of%20Kansai%20Telecasting%20Corporation.jpg,34.7046970,135.5102670,Q11296794
1041,大阪市立東洋陶瓷美術館,大阪府,陶瓷博物館,4.0,100,陶瓷博物館,Osaka Station,1.3,0.70,0.8000,1.0000,0.7894,0.8389,http://commons.wikimedia.org/wiki/Special:FilePath/The%20Museum%20of%20Oriental%20Ceramics%2C%20Osaka%2020250831.jpg,34.6934444,135.5054722,Q11440555
1188,仙台市戦災復興記念館,宮城縣,音樂廳,4.0,100,音樂廳,Sendai Station,1.3,0.70,0.8000,1.0000,0.7890,0.8389,http://commons.wikimedia.org/wiki/Special:FilePath/Sendai%20City%20War%20Reconstruction%20Memorial%20Hall%20cropped.jpg,38.2608330,140.8671110,Q11377845
3937,わらべ館,鳥取縣,玩具博物館,4.0,100,玩具博物館,Tottori Station,1.3,0.70,0.8000,1.0000,0.7888,0.8389,http://commons.wikimedia.org/wiki/Special:FilePath/Warabekan%20Toy%20Museum%20Tottori01n4350.jpg,35.5043030,134.2334580,Q11281939
1736,岩手縣立美術館,岩手縣,美術館,4.0,100,美術館,Morioka Station,1.3,0.70,0.8000,1.0000,0.7884,0.8388,http://commons.wikimedia.org/wiki/Special:FilePath/Iwate%20Museum%20of%20Art.jpg,39.6935000,141.1248889,Q3298581
2962,金沢市足軽資料館,石川縣,武家地,4.0,100,武家地,Kanazawa Station,1.3,0.70,0.8000,1.0000,0.7880,0.8388,http://commons.wikimedia.org/wiki/Special:FilePath/Ashigaru%20Shiryokan%20Museum%2001.jpg,36.5661110,136.6500000,Q11647461
3410,広瀬川美術館,群馬縣,美術館,4.0,100,美術館,Maebashi Station,1.3,0.70,0.8000,1.0000,0.7883,0.8388,http://commons.wikimedia.org/wiki/Special:FilePath/Hirosegawa%20Art%20Museum.jpg,36.3951111,139.0689444,Q48749687
1793,竹島資料室,島根縣,博物館,4.0,100,博物館,Matsue Station,1.4,0.70,0.8000,1.0000,0.7868,0.8387,http://commons.wikimedia.org/wiki/Special:FilePath/Takeshima%20Museum%20ac.jpg,35.4711390,133.0514720,Q11599122
148,京都國立博物館,京都府,國立博物館,4.0,100,國立博物館,Kyoto Station,1.4,0.70,0.8000,1.0000,0.7830,0.8383,http://commons.wikimedia.org/wiki/Special:FilePath/Kyoto%20National%20Museum%202009.jpg,34.9899930,135.7731210,Q147286
1644,林原美術館,岡山縣,美術館,4.0,100,美術館,Okayama Station,1.4,0.70,0.8000,1.0000,0.7827,0.8383,http://commons.wikimedia.org/wiki/Special:FilePath/Gate%20-%20Hayashibara%20Museum%20of%20Art%20-%20DSC01773.JPG,34.6636111,133.9333333,Q4707602
1090,奈良縣立美術館,奈良縣,美術館,4.0,100,美術館,Nara Station,1.4,0.70,0.8000,1.0000,0.7820,0.8382,http://commons.wikimedia.org/wiki/Special:FilePath/Nara%20Prefectural%20Museum%20of%20Art%20201409.jpg,34.6858610,135.8325830,Q11445231
1136,仙台市歴史民俗資料館,宮城縣,历史建筑,4.0,100,历史建筑,Sendai Station,1.4,0.70,0.8000,1.0000,0.7823,0.8382,http://commons.wikimedia.org/wiki/Special:FilePath/%D0%A1%D0%B5%D0%BD%D0%B4%D0%B0%D0%B9%D1%81%D0%BA%D0%B8%D0%B9%20%D0%B3%D0%BE%D1%80%D0%BE%D0%B4%D1%81%D0%BA%D0%BE%D0%B9%20%D0%BC%D1%83%D0%B7%D0%B5%D0%B9%20%D0%B8%D1%81%D1%82%D0%BE%D1%80%D0%B8%D0%B8%20%D0%B8%20%D0%B1%D1%8B%D1%82%D0%B0%201.jpg,38.2609167,140.8983056,Q87746275
3153,福井市自然史博物館,福井縣,自然歷史博物館,4.0,100,自然歷史博物館,Fukui Station,1.4,0.70,0.8000,1.0000,0.7823,0.8382,http://commons.wikimedia.org/wiki/Special:FilePath/Fukui%20city%20museum%20of%20natural%20history.jpg,36.0566417,136.2095528,Q21654393
1705,もりおか歴史文化館,岩手縣,歷史博物館,4.0,100,歷史博物館,Morioka Station,1.4,0.70,0.8000,1.0000,0.7806,0.8381,http://commons.wikimedia.org/wiki/Special:FilePath/Morioka%20History%20and%20Culture%20Museum.jpg,39.7010640,141.1528100,Q123308191
1245,Gallery·MILLET,富山縣,美術館,4.0,100,美術館,Toyama Station,1.4,0.70,0.8000,1.0000,0.7803,0.8380,http://commons.wikimedia.org/wiki/Special:FilePath/HOKUGIN%20GALERIE%20MILLET.jpg,36.6897778,137.2189722,Q28690458
1613,岡山縣立博物館,岡山縣,博物館,4.0,100,博物館,Okayama Station,1.4,0.70,0.8000,1.0000,0.7799,0.8380,http://commons.wikimedia.org/wiki/Special:FilePath/Okayama%20prefectural%20museum01n3872.jpg,34.6683330,133.9338890,Q3247162
1848,お好み村,廣島縣,餐館,4.0,100,餐館,Hiroshima Station,1.4,0.70,0.8000,1.0000,0.7797,0.8380,http://commons.wikimedia.org/wiki/Special:FilePath/%E3%81%8A%E5%A5%BD%E3%81%BF%E6%9D%911.jpg,34.3913090,132.4619280,Q11263021
902,約翰·藍儂博物館,埼玉縣,博物館,4.0,100,博物館,Omiya Station,1.4,0.70,0.8000,1.0000,0.7793,0.8379,http://commons.wikimedia.org/wiki/Special:FilePath/John%20Lennon%20Museum.jpg,35.8948889,139.6308333,Q1058730
1293,山口市歴史民俗資料館,山口縣,歷史博物館,4.0,100,歷史博物館,Yamaguchi Station,1.4,0.70,0.8000,1.0000,0.7781,0.8378,,34.1827230,131.4703340,Q104783674
3988,鹿児島大学総合研究博物館,鹿兒島縣,大學博物館,4.0,100,大學博物館,Kagoshima-Chuo Station,1.4,0.70,0.8000,1.0000,0.7784,0.8378,,31.5716360,130.5460240,Q48746463
197,徵古館,佐賀縣,歷史博物館,4.0,100,歷史博物館,Saga Station,1.4,0.70,0.8000,1.0000,0.7773,0.8377,http://commons.wikimedia.org/wiki/Special:FilePath/Chokokan%20ac%20%281%29.jpg,33.2515860,130.3014070,Q64796766
1222,富山市玻璃美術館,富山縣,美術館,4.0,100,美術館,Toyama Station,1.4,0.70,0.8000,1.0000,0.7758,0.8376,http://commons.wikimedia.org/wiki/Special:FilePath/TOYAMA%E3%82%AD%E3%83%A9%E3%83%AA.jpg,36.6885830,137.2147500,Q21653817
2735,昭和館,栃木縣,都道府県庁舎,4.0,100,都道府県庁舎,Utsunomiya Station,1.4,0.70,0.8000,1.0000,0.7763,0.8376,http://commons.wikimedia.org/wiki/Special:FilePath/Showa-kan%2C%20former%20Tochigi%20prefectural%20office%20building.jpg,36.5648333,139.8841111,Q104698654
107,梅小路蒸汽機關車館,京都府,建築物,4.0,100,建築物,Kyoto Station,1.4,0.70,0.8000,1.0000,0.7755,0.8375,http://commons.wikimedia.org/wiki/Special:FilePath/Umekoji%20SL%20museum%20002%20JPN.jpg,34.9872000,135.7430000,Q1049901
2087,豐田產業技術紀念館,愛知縣,科技博物館,4.0,100,科技博物館,Nagoya Station,1.5,0.70,0.8000,1.0000,0.7745,0.8374,http://commons.wikimedia.org/wiki/Special:FilePath/Toyota%20tecno%20museum.jpg,35.1832000,136.8760000,Q7830774
3176,福岡亞洲美術館,福岡縣,アジア美術館,4.0,100,アジア美術館,Hakata Station,1.5,0.70,0.8000,1.0000,0.7727,0.8373,http://commons.wikimedia.org/wiki/Special:FilePath/%E5%8D%9A%E5%A4%9A%E3%83%AA%E3%83%90%E3%83%AC%E3%82%A4%E3%83%B3%E3%83%A2%E3%83%BC%E3%83%AB%20by%20TAKASHIMAYA.JPG,33.5950280,130.4059170,Q3330163
1617,夢二鄉土美術館,岡山縣,美術館,4.0,100,美術館,Okayama Station,1.5,0.70,0.8000,1.0000,0.7712,0.8371,http://commons.wikimedia.org/wiki/Special:FilePath/Shonen-sanso%20of%20Takehisa%20Yumeji-r.jpg,34.6708000,133.9340000,Q2386994
2237,新潟県立万代島美術館,新潟縣,美術館,4.0,100,美術館,Niigata Station,1.5,0.70,0.8000,1.0000,0.7710,0.8371,http://commons.wikimedia.org/wiki/Special:FilePath/Toki-Messe-01.jpg,37.9253330,139.0595280,Q11503023
104,京都鐵道博物館,京都府,建築物,4.0,100,建築物,Kyoto Station,1.5,0.70,0.8000,1.0000,0.7700,0.8370,http://commons.wikimedia.org/wiki/Special:FilePath/Kyoto%20Railway%20Museum%2C%20enkei.jpg,34.9872222,135.7425000,Q24014029
1251,富山縣水墨美術館,富山縣,美術館,4.0,100,美術館,Toyama Station,1.5,0.70,0.8000,1.0000,0.7697,0.8370,http://commons.wikimedia.org/wiki/Special:FilePath/%E5%AF%8C%E5%B1%B1%E6%B0%B4%E5%A2%A8%E7%BE%8E%E8%A1%93%E9%A4%A8.jpg,36.6990560,137.1965000,Q11456481
612,札幌啤酒博物館,北海道,啤酒博物館,4.0,100,啤酒博物館,Sapporo Station,1.5,0.70,0.8000,1.0000,0.7685,0.8369,http://commons.wikimedia.org/wiki/Special:FilePath/Sapporo%20Beer%20Museum.JPG,43.0716667,141.3688889,Q1055944
1344,文翔館,山形縣,地方文化館,4.0,100,地方文化館,Yamagata Station,1.5,0.70,0.8000,1.0000,0.7686,0.8369,http://commons.wikimedia.org/wiki/Special:FilePath/220430%20Bunshokan%20Yamagata%20Yamagata%20pref%20Japan01s3.jpg,38.2568889,140.3412222,Q11500081
1638,人と科学の未来館サイピア,岡山縣,科學博物館,4.0,100,科學博物館,Okayama Station,1.5,0.70,0.8000,1.0000,0.7692,0.8369,,34.6771160,133.9083220,Q132642259
2016,松山市考古館,愛媛縣,考古博物館,4.0,100,考古博物館,Matsuyama Station,1.5,0.70,0.8000,1.0000,0.7691,0.8369,http://commons.wikimedia.org/wiki/Special:FilePath/Archaeological%20Museum%20at%20Matsuyama%20City.jpg,33.8398000,132.7352560,Q11529852
2665,領土・主権展示館,東京都,國立博物館,4.0,100,國立博物館,Tokyo Station,1.5,0.70,0.8000,1.0000,0.7680,0.8368,http://commons.wikimedia.org/wiki/Special:FilePath/National%20Museum%20of%20Territory%20and%20Sovereignty.jpg,35.6714169,139.7555000,Q47495157
2984,金沢蓄音器館,石川縣,博物館,4.0,100,博物館,Kanazawa Station,1.5,0.70,0.8000,1.0000,0.7673,0.8367,http://commons.wikimedia.org/wiki/Special:FilePath/Kanazawa%20Phonograph%20Museum%2002.jpg,36.5713056,136.6627222,Q43064611
3331,秋田大学附属鉱業博物館,秋田縣,大學博物館,4.0,100,大學博物館,Akita Station,1.5,0.70,0.8000,1.0000,0.7670,0.8367,http://commons.wikimedia.org/wiki/Special:FilePath/Mining%20Museum%20of%20Akita%20University.jpg,39.7292940,140.1365670,Q11595294
2321,東京國立近代美術館,東京都,國立博物館,4.0,100,國立博物館,Tokyo Station,1.5,0.70,0.8000,1.0000,0.7654,0.8365,http://commons.wikimedia.org/wiki/Special:FilePath/National%20Museum%20of%20Modern%20Art%20Tokyo.jpg,35.6905530,139.7546420,Q1359908
2965,泉鏡花記念館,石川縣,人物紀念館,4.0,100,人物紀念館,Kanazawa Station,1.5,0.70,0.8000,1.0000,0.7651,0.8365,http://commons.wikimedia.org/wiki/Special:FilePath/%E6%B3%89%E9%8F%A1%E8%8A%B1%E8%A8%98%E5%BF%B5%E9%A4%A8004.jpg,36.5714440,136.6630560,Q11554950
2380,日比谷圖書文化館,東京都,都道府県立図書館,4.0,100,都道府県立図書館,Tokyo Station,1.5,0.70,0.8000,1.0000,0.7637,0.8364,http://commons.wikimedia.org/wiki/Special:FilePath/Hibiya%20Library%20%26%20Museum%202016.JPG,35.6717780,139.7545000,Q11509583
1700,旧秋田銀行本店本館,岩手縣,人物紀念館,4.0,100,人物紀念館,Morioka Station,1.6,0.70,0.8000,1.0000,0.7629,0.8363,http://commons.wikimedia.org/wiki/Special:FilePath/171103%20Morioka%20Takuboku%20and%20Kenji%20Museum%20Morioka%20Iwate%20pref%20Japan01n.jpg,39.6996389,141.1543611,Q48754469
2057,刀剣ワールド名古屋・丸の内,愛知縣,美術館,4.0,100,美術館,Nagoya Station,1.6,0.70,0.8000,1.0000,0.7629,0.8363,http://commons.wikimedia.org/wiki/Special:FilePath/%E5%88%80%E5%89%A3%E3%82%B3%E3%83%AC%E3%82%AF%E3%82%B7%E3%83%A7%E3%83%B3%E5%90%8D%E5%8F%A4%E5%B1%8B%E3%83%BB%E4%B8%B8%E3%81%AE%E5%86%85.jpg,35.1766944,136.8970556,Q109339471
2854,大津絵美術館,滋賀縣,美術館,4.0,100,美術館,Otsu Station,1.6,0.70,0.8000,1.0000,0.7630,0.8363,,35.0143260,135.8531960,Q132733283
3520,龜山社中紀念館,長崎縣,博物館,4.0,100,博物館,Nagasaki Station,1.6,0.70,0.8000,1.0000,0.7631,0.8363,,32.7487560,129.8868140,Q11370877
1297,山口縣廳舍,山口縣,历史建筑,4.0,100,历史建筑,Yamaguchi Station,1.6,0.70,0.8000,1.0000,0.7622,0.8362,http://commons.wikimedia.org/wiki/Special:FilePath/%E5%B1%B1%E5%8F%A3%E7%9C%8C%E6%94%BF%E8%B3%87%E6%96%99%E9%A4%A8.jpg,34.1850830,131.4720280,Q11467018
1819,松江歷史館,島根縣,歷史博物館,4.0,100,歷史博物館,Matsue Station,1.6,0.70,0.8000,1.0000,0.7618,0.8362,http://commons.wikimedia.org/wiki/Special:FilePath/Matsue%20Rekishikan%20ac%20%284%29.jpg,35.4752970,133.0533170,Q29948516
3264,福島縣立美術館,福島縣,美術館,4.0,100,美術館,Fukushima Station,1.6,0.70,0.8000,1.0000,0.7622,0.8362,http://commons.wikimedia.org/wiki/Special:FilePath/Fukushima-Pref-Museum-of-Art02.jpg,37.7679167,140.4565278,Q5507735
592,札幌市資料館,北海道,歷史博物館,4.0,100,歷史博物館,Sapporo Station,1.6,0.70,0.8000,1.0000,0.7614,0.8361,http://commons.wikimedia.org/wiki/Special:FilePath/SapporoShiShiryokan201109.JPG,43.0585560,141.3374170,Q11521426
3384,るなぱあく,群馬縣,主題樂園,4.0,100,主題樂園,Maebashi Station,1.6,0.70,0.8000,1.0000,0.7605,0.8361,http://commons.wikimedia.org/wiki/Special:FilePath/Lunar%20Park%20%28Maebashi%29.JPG,36.3953000,139.0630690,Q11281524
1259,秋水美术馆,富山縣,美術館,4.0,100,美術館,Toyama Station,1.6,0.70,0.8000,1.0000,0.7603,0.8360,http://commons.wikimedia.org/wiki/Special:FilePath/Mori%20Shuhei%20Museum%20of%20Art.jpg,36.6873610,137.2116670,Q26424152
1709,盛岡てがみ館,岩手縣,文學館,4.0,100,文學館,Morioka Station,1.6,0.70,0.8000,1.0000,0.7601,0.8360,http://commons.wikimedia.org/wiki/Special:FilePath/Morioka%20Museum%20of%20Letter%20190420.jpg,39.7000833,141.1547222,Q60987415
163,角屋,京都府,揚屋,4.0,100,揚屋,Kyoto Station,1.6,0.70,0.8000,1.0000,0.7587,0.8359,http://commons.wikimedia.org/wiki/Special:FilePath/Sumiya%20Kyoto%2001.JPG,34.9921110,135.7431390,Q11630696
306,神戶娃娃博物館,兵庫縣,人形博物館,4.0,100,人形博物館,Kobe Station,1.6,0.70,0.8000,1.0000,0.7590,0.8359,http://commons.wikimedia.org/wiki/Special:FilePath/Kobe%20Doll%20Museum.jpg,34.6894444,135.1905556,Q11589757
1873,广岛美术馆,廣島縣,美術館,4.0,100,美術館,Hiroshima Station,1.6,0.70,0.8000,1.0000,0.7592,0.8359,http://commons.wikimedia.org/wiki/Special:FilePath/Hiroshima%20Museum%20of%20Art.jpg,34.3986694,132.4580611,Q63828
720,千葉市立郷土博物館,千葉縣,地方文化館,4.0,100,地方文化館,Chiba Station,1.6,0.70,0.8000,1.0000,0.7579,0.8358,http://commons.wikimedia.org/wiki/Special:FilePath/Folk%20museum%20in%20Chiba.JPG,35.6046000,140.1271600,Q27842968
1769,興雲閣,島根縣,历史房屋博物馆,4.0,100,历史房屋博物馆,Matsue Station,1.6,0.70,0.8000,1.0000,0.7578,0.8358,http://commons.wikimedia.org/wiki/Special:FilePath/Kounkaku1.JPG,35.4735830,133.0504440,Q11613488
1901,廣島城,廣島縣,日式城堡,4.0,100,日式城堡,Hiroshima Station,1.6,0.70,0.8000,1.0000,0.7577,0.8358,http://commons.wikimedia.org/wiki/Special:FilePath/HiroshimaCastle.jpg,34.4027500,132.4590278,Q41977
3955,鹿兒島縣立博物館,鹿兒島縣,都道府县立博物馆,4.0,100,都道府县立博物馆,Kagoshima-Chuo Station,1.6,0.70,0.8000,1.0000,0.7578,0.8358,http://commons.wikimedia.org/wiki/Special:FilePath/Kagoshima%20Prefectural%20Museum%20ac%20%281%29.jpg,31.5940560,130.5526940,Q11676762
1094,奈良市美術館,奈良縣,美術館,4.0,100,美術館,Nara Station,1.6,0.70,0.8000,1.0000,0.7568,0.8357,http://commons.wikimedia.org/wiki/Special:FilePath/Nara%20City%20Museum%202020%2C9.jpg,34.6851667,135.8021667,Q11445098
1619,岡山城天守,岡山縣,天守,4.0,100,天守,Okayama Station,1.6,0.70,0.8000,1.0000,0.7570,0.8357,http://commons.wikimedia.org/wiki/Special:FilePath/Okayama%20castle01s3200.jpg,34.6651836,133.9360646,Q126681294
241,神戶市立博物館,兵庫縣,市立博物館,4.0,100,市立博物館,Kobe Station,1.6,0.70,0.8000,1.0000,0.7559,0.8356,http://commons.wikimedia.org/wiki/Special:FilePath/Kobe%20city%20museum02s3200.jpg,34.6872222,135.1930556,Q3330666
272,神户市水科学博物馆,兵庫縣,科學博物館,4.0,100,科學博物館,Kobe Station,1.6,0.70,0.8000,1.0000,0.7560,0.8356,http://commons.wikimedia.org/wiki/Special:FilePath/Kobe%20water%20science%20museum03s3200.jpg,34.6938889,135.1758333,Q11589929
3499,東山手十二番館,長崎縣,历史房屋博物馆,4.0,100,历史房屋博物馆,Nagasaki Station,1.6,0.70,0.8000,1.0000,0.7562,0.8356,http://commons.wikimedia.org/wiki/Special:FilePath/Higashiyamate%2012bankan%20westside.jpg,32.7378060,129.8735830,Q11526710
1997,坂上之雲博物館,愛媛縣,博物館,4.0,100,博物館,Matsuyama Station,1.6,0.70,0.8000,1.0000,0.7526,0.8353,http://commons.wikimedia.org/wiki/Special:FilePath/2023%E5%B9%B47%E6%9C%88-%E5%9D%82%E4%B8%8A%E4%B9%8B%E9%9B%B2%E5%8D%9A%E7%89%A9%E9%A4%A8A.jpg,33.8417722,132.7692083,Q7402728
782,千葉経済大学地域経済博物館,千葉縣,博物館,4.0,100,博物館,Chiba Station,1.6,0.70,0.8000,1.0000,0.7520,0.8352,,35.6281290,140.1110970,Q104696864
1093,奈良国立博物馆,奈良縣,國立博物館,4.0,100,國立博物館,Nara Station,1.6,0.70,0.8000,1.0000,0.7521,0.8352,http://commons.wikimedia.org/wiki/Special:FilePath/140927%20Nara%20National%20Museum%20Nara%20Japan03bs5.jpg,34.6837000,135.8364000,Q147312
2093,でんきの科学館,愛知縣,公司博物館,4.0,100,公司博物館,Nagoya Station,1.7,0.70,0.8000,1.0000,0.7517,0.8352,http://commons.wikimedia.org/wiki/Special:FilePath/Science-Museum%20of%20Chubu%20Electric%20Power.jpg,35.1678310,136.8992780,Q5357802
3875,舊山內家下屋敷長屋,高知縣,历史房屋博物馆,4.0,100,历史房屋博物馆,Kochi Station,1.7,0.70,0.8000,1.0000,0.7518,0.8352,http://commons.wikimedia.org/wiki/Special:FilePath/Kyu-Yamanouchike%20shimoyashiki%20nagaya01s3200.jpg,33.5555556,133.5311111,Q2845893
408,北海道立三岸好太郎美術館,北海道,美術館,4.0,100,美術館,Sapporo Station,1.7,0.70,0.8000,1.0000,0.7507,0.8351,http://commons.wikimedia.org/wiki/Special:FilePath/%E4%B8%89%E5%B2%B8%E5%A5%BD%E5%A4%AA%E9%83%8E.JPG,43.0615830,141.3328330,Q11402955
842,鐵道博物館,埼玉縣,公司博物館,4.0,100,公司博物館,Omiya Station,1.7,0.70,0.8000,1.0000,0.7510,0.8351,http://commons.wikimedia.org/wiki/Special:FilePath/The%20Railway%20Museum%20Park%20Zone%2020071014%20%281%29.jpg,35.9205556,139.6183333,Q846106
1855,広島市映像文化ライブラリー,廣島縣,電影檔案館,4.0,100,電影檔案館,Hiroshima Station,1.7,0.70,0.8000,1.0000,0.7510,0.8351,http://commons.wikimedia.org/wiki/Special:FilePath/Hiroshima%20City%20Central%20Library%202021-03%20ac%20%282%29.jpg,34.3987220,132.4572780,Q11484543
1870,袋町小学校平和資料館,廣島縣,和平博物館,4.0,100,和平博物館,Hiroshima Station,1.7,0.70,0.8000,1.0000,0.7513,0.8351,http://commons.wikimedia.org/wiki/Special:FilePath/Fukuromachi%20Elementary%20School%20Peace%20Museum01.JPG,34.3917600,132.4587060,Q98926045
2864,大津市歷史博物館,滋賀縣,歷史博物館,4.0,100,歷史博物館,Otsu Station,1.7,0.70,0.8000,1.0000,0.7497,0.8350,http://commons.wikimedia.org/wiki/Special:FilePath/181020%20Otsu%20City%20Museum%20of%20History%20Otsu%20Shiga%20pref%20Japan02n.jpg,35.0154472,135.8528361,Q30931160
3808,静岡市文化財資料館,靜岡縣,博物館,4.0,100,博物館,Shizuoka Station,1.7,0.70,0.8000,1.0000,0.7503,0.8350,http://commons.wikimedia.org/wiki/Special:FilePath/Shizuoka%20Cultural%20Properties%20Museum.jpg,34.9825556,138.3762222,Q85884477
442,札幌農学校第2農場,北海道,戶外博物館,4.0,100,戶外博物館,Sapporo Station,1.7,0.70,0.8000,1.0000,0.7487,0.8349,http://commons.wikimedia.org/wiki/Special:FilePath/151010%20Sapporo%20Agricultural%20College%20Hokkaido%20Japan01s3.jpg,43.0817500,141.3404167,Q11521485
2947,金泽市立安江金箔工艺馆,石川縣,工藝博物館,4.0,100,工藝博物館,Kanazawa Station,1.7,0.70,0.8000,1.0000,0.7492,0.8349,http://commons.wikimedia.org/wiki/Special:FilePath/Yasuekinpakukogeikan003.jpg,36.5737500,136.6659444,Q42898428
3024,橫濱港博物館,神奈川縣,港口博物館,4.0,100,港口博物館,Yokohama Station,1.7,0.70,0.8000,1.0000,0.7488,0.8349,http://commons.wikimedia.org/wiki/Special:FilePath/Yokohama%20Port%20Museum%202022%20-%2002.jpg,35.4536670,139.6330000,Q11542838
1054,大阪生活今昔館,大阪府,博物館,4.0,100,博物館,Osaka Station,1.7,0.70,0.8000,1.0000,0.7480,0.8348,http://commons.wikimedia.org/wiki/Special:FilePath/Osaka%20Museum%20of%20Housing%20and%20Living%20in%202013.jpg,34.7103060,135.5116940,Q11439926
1719,深沢紅子野の花美術館,岩手縣,美術館,4.0,100,美術館,Morioka Station,1.7,0.70,0.8000,1.0000,0.7479,0.8348,,39.7032222,141.1560000,Q85882018
3529,水野美術館,長野縣,美術館,4.0,100,美術館,Nagano Station,1.7,0.70,0.8000,1.0000,0.7478,0.8348,,36.6282220,138.1930280,Q11549453
2564,科學技術館,東京都,科技博物館,4.0,100,科技博物館,Tokyo Station,1.7,0.70,0.8000,1.0000,0.7446,0.8345,http://commons.wikimedia.org/wiki/Special:FilePath/%E7%A7%91%E5%AD%A6%E6%8A%80%E8%A1%93%E9%A4%A8%20-%20panoramio.jpg,35.6915833,139.7530556,Q10855424
3495,舊長崎稅關下松派出所,長崎縣,工藝博物館,4.0,100,工藝博物館,Nagasaki Station,1.7,0.70,0.8000,1.0000,0.7449,0.8345,http://commons.wikimedia.org/wiki/Special:FilePath/Nagasaki%20Customs%20Sagarimastu%20branch01s3.jpg,32.7367222,129.8696667,Q11511148
87,遠藤剛熈美術館,京都府,美術館,4.0,100,美術館,Kyoto Station,1.7,0.70,0.8000,1.0000,0.7436,0.8344,,34.9997980,135.7506660,Q132529516
852,埼玉縣立歷史與民俗博物館,埼玉縣,地方文化館,4.0,100,地方文化館,Omiya Station,1.7,0.70,0.8000,1.0000,0.7441,0.8344,http://commons.wikimedia.org/wiki/Special:FilePath/Saitama-rekimin2006%200715.jpg,35.9211111,139.6300000,Q11248611
2926,大樋美術館,石川縣,私人博物館,4.0,100,私人博物館,Kanazawa Station,1.7,0.70,0.8000,1.0000,0.7432,0.8343,http://commons.wikimedia.org/wiki/Special:FilePath/Ohimuseum%20MG%203362a.JPG,36.5699750,136.6644940,Q11436507
3507,三菱重工業長崎造船所史料館,長崎縣,公司博物館,4.0,100,公司博物館,Nagasaki Station,1.7,0.70,0.8000,1.0000,0.7428,0.8343,http://commons.wikimedia.org/wiki/Special:FilePath/%E9%95%B7%E5%B4%8E%E9%80%A0%E8%88%B9%E6%89%80%20%E6%97%A7%E6%9C%A8%E5%9E%8B%E5%A0%B41.JPG,32.7430400,129.8556500,Q11357149
170,京都市市民防災センター,京都府,博物館,4.0,100,博物館,Kyoto Station,1.7,0.70,0.8000,1.0000,0.7417,0.8342,,34.9738889,135.7463889,Q101244809
3935,鳥取市歷史博物館,鳥取縣,歷史博物館,4.0,100,歷史博物館,Tottori Station,1.7,0.70,0.8000,1.0000,0.7423,0.8342,http://commons.wikimedia.org/wiki/Special:FilePath/Tottori%20City%20Historical%20Museum01n4350.jpg,35.4989000,134.2440000,Q4707166
229,KOBEとんぼ玉ミュージアム,兵庫縣,美術館,4.0,100,美術館,Kobe Station,1.8,0.70,0.8000,1.0000,0.7406,0.8341,http://commons.wikimedia.org/wiki/Special:FilePath/Nihon%20Building%20Kobe02n4272.jpg,34.6886110,135.1937220,Q11228060
985,伏見ビル,大阪府,建成遗产,4.0,100,建成遗产,Osaka Station,1.8,0.70,0.8000,1.0000,0.7407,0.8341,http://commons.wikimedia.org/wiki/Special:FilePath/Hushimi-bld.jpg,34.6889722,135.5056944,Q11381066
387,神戸らんぷミュージアム,兵庫縣,博物館,4.0,100,博物館,Kobe Station,1.8,0.70,0.8000,1.0000,0.7403,0.8340,http://commons.wikimedia.org/wiki/Special:FilePath/Kobe%20lamp%20museum01s3200.jpg,34.6883530,135.1939780,Q11589727
2994,橫濱宇宙樂園,神奈川縣,主題樂園,4.0,100,主題樂園,Yokohama Station,1.8,0.70,0.8000,1.0000,0.7396,0.8340,http://commons.wikimedia.org/wiki/Special:FilePath/Yokohama-Japon112.JPG,35.4552030,139.6366810,Q11262875
3515,舊香港上海銀行長崎支店,長崎縣,博物館,4.0,100,博物館,Nagasaki Station,1.8,0.70,0.8000,1.0000,0.7398,0.8340,http://commons.wikimedia.org/wiki/Special:FilePath/Former%20Hongkong%20and%20Shanghai%20Bank%20Nagasaki%20Branch%2020180714%2001.jpg,32.7363340,129.8691820,Q11511154
362,兵庫県立兵庫津ミュージアム,兵庫縣,建築物,4.0,100,建築物,Kobe Station,1.8,0.70,0.8000,1.0000,0.7393,0.8339,http://commons.wikimedia.org/wiki/Special:FilePath/Hyogotsu%20museum.jpg,34.6638890,135.1747220,Q114990672
959,汤木美术馆,大阪府,美術館,4.0,100,美術館,Osaka Station,1.8,0.70,0.8000,1.0000,0.7390,0.8339,http://commons.wikimedia.org/wiki/Special:FilePath/Yuki-museum.JPG,34.6875000,135.5022500,Q11563573
2236,新潟市漫畫家之家,新潟縣,動漫博物館,4.0,100,動漫博物館,Niigata Station,1.8,0.70,0.8000,1.0000,0.7387,0.8339,http://commons.wikimedia.org/wiki/Special:FilePath/Niigata%20City%20Manga%20House%2020131106.jpg,37.9205830,139.0447500,Q17209791
2561,交通博物館,東京都,交通博物館,4.0,100,交通博物館,Tokyo Station,1.8,0.70,0.8000,1.0000,0.7387,0.8339,http://commons.wikimedia.org/wiki/Special:FilePath/Kotsu%20hakubutsukan.jpg,35.6969170,139.7700830,Q10882995
2664,旧新橋停車場 鉄道歴史展示室,東京都,鐵路博物館,4.0,100,鐵路博物館,Tokyo Station,1.8,0.70,0.8000,1.0000,0.7388,0.8339,http://commons.wikimedia.org/wiki/Special:FilePath/%E6%97%A7%E6%96%B0%E6%A9%8B%E5%81%9C%E8%BB%8A%E5%A0%B4%20%E9%89%84%E9%81%93%E6%AD%B4%E5%8F%B2%E5%B1%95%E7%A4%BA%E5%AE%A4%20%E9%89%84%E9%81%93%E9%96%8B%E6%A5%AD150%E5%B9%B4%E4%BC%81%E7%94%BB%E5%B1%95.jpg,35.6659780,139.7614690,Q104698226
2973,前田土佐守家資料館,石川縣,博物館,4.0,100,博物館,Kanazawa Station,1.8,0.70,0.8000,1.0000,0.7394,0.8339,http://commons.wikimedia.org/wiki/Special:FilePath/%E5%89%8D%E7%94%B0%E5%9C%9F%E4%BD%90%E5%AE%88%E5%AE%B6%E8%B3%87%E6%96%99%E9%A4%A8001.jpg,36.5624167,136.6508722,Q11397505
3043,宇宙時鐘21,神奈川縣,摩天輪,4.0,100,摩天輪,Yokohama Station,1.8,0.70,0.8000,1.0000,0.7390,0.8339,http://commons.wikimedia.org/wiki/Special:FilePath/CosmoClock21%202006-05-21.JPG,35.4554000,139.6370000,Q843426
3965,鹿兒島近代文學館,鹿兒島縣,文學館,4.0,100,文學館,Kagoshima-Chuo Station,1.8,0.70,0.8000,1.0000,0.7385,0.8339,http://commons.wikimedia.org/wiki/Special:FilePath/Kagoshima%20City%20Modern%20Literature%20Museum.JPG,31.5962500,130.5525000,Q11263686
108,京都市学校歴史博物館,京都府,教育博物館,4.0,100,教育博物館,Kyoto Station,1.8,0.70,0.8000,1.0000,0.7378,0.8338,http://commons.wikimedia.org/wiki/Special:FilePath/Kyoto%20Museum%20of%20School%20History%20gate.JPG,35.0007500,135.7656940,Q11375001
2329,汐留美術館,東京都,美術館,4.0,100,美術館,Tokyo Station,1.8,0.70,0.8000,1.0000,0.7383,0.8338,http://commons.wikimedia.org/wiki/Special:FilePath/Matsushita%20Electric%20Works%20Building%2020070317-02.jpg,35.6658200,139.7619500,Q11550512
3202,福岡市文學館,福岡縣,文學館,4.0,100,文學館,Hakata Station,1.8,0.70,0.8000,1.0000,0.7380,0.8338,,33.5931110,130.4018610,Q11592228
989,大阪科学技術館,大阪府,科學博物館,4.0,100,科學博物館,Osaka Station,1.8,0.70,0.8000,1.0000,0.7372,0.8337,http://commons.wikimedia.org/wiki/Special:FilePath/OSTEC%20Exhibition%20Hall%20Osaka%20Japan01-r.jpg,34.6864720,135.4963060,Q11441568
1115,寧樂美術館,奈良縣,美術館,4.0,100,美術館,Nara Station,1.8,0.70,0.8000,1.0000,0.7369,0.8337,http://commons.wikimedia.org/wiki/Special:FilePath/Isuien%20Nara18nt3200.jpg,34.6860000,135.8371390,Q11457608
1867,賴山陽史蹟資料館,廣島縣,歷史博物館,4.0,100,歷史博物館,Hiroshima Station,1.8,0.70,0.8000,1.0000,0.7367,0.8337,http://commons.wikimedia.org/wiki/Special:FilePath/Rai%20Sanyo%20Shiseki%20Museum%2001.jpg,34.3915000,132.4572780,Q11665011
2131,名古屋市科學館,愛知縣,科學博物館,4.0,100,科學博物館,Nagoya Station,1.8,0.70,0.8000,1.0000,0.7368,0.8337,http://commons.wikimedia.org/wiki/Special:FilePath/Low%20frequency%20antennas%20at%20Nagoya%20City%20Science%20Museum.jpg,35.1647722,136.8996667,Q11415016
3476,長崎和平博物館,長崎縣,和平博物館,4.0,100,和平博物館,Nagasaki Station,1.8,0.70,0.8000,1.0000,0.7374,0.8337,,32.7362222,129.8681944,Q11323718
3976,鹿兒島市立美術館,鹿兒島縣,美術館,4.0,100,美術館,Kagoshima-Chuo Station,1.8,0.70,0.8000,1.0000,0.7370,0.8337,http://commons.wikimedia.org/wiki/Special:FilePath/Kagoshima%20City%20Museum%20of%20Art01n4440.jpg,31.5958060,130.5533610,Q10854956
481,北海道大学遺跡保存庭园,北海道,考古学公園,4.0,100,考古学公園,Sapporo Station,1.8,0.70,0.8000,1.0000,0.7361,0.8336,http://commons.wikimedia.org/wiki/Special:FilePath/Garden%20for%20Preserving%20Ruins%20in%20Hokkaido%20University.JPG,43.0798889,141.3349167,Q20043116
1047,くすりの道修町資料館,大阪府,歷史博物館,4.0,100,歷史博物館,Osaka Station,1.8,0.70,0.8000,1.0000,0.7356,0.8336,http://commons.wikimedia.org/wiki/Special:FilePath/Sukunahikona-jinja2.jpg,34.6886361,135.5059972,Q17214457
1069,奈良市埋蔵文化財調査センター,奈良縣,埋藏文化財中心,4.0,100,埋藏文化財中心,Nara Station,1.8,0.70,0.8000,1.0000,0.7352,0.8335,,34.6702620,135.8035390,Q25051731
3971,鹿兒島市中央公民館,鹿兒島縣,建築物,4.0,100,建築物,Kagoshima-Chuo Station,1.8,0.70,0.8000,1.0000,0.7341,0.8334,http://commons.wikimedia.org/wiki/Special:FilePath/Kagoshima%20City%20Public%20Hall%20ac%20%281%29.jpg,31.5952780,130.5544440,Q11676534
318,金星台,兵庫縣,觀景台,4.0,100,觀景台,Kobe Station,1.8,0.70,0.8000,1.0000,0.7324,0.8332,http://commons.wikimedia.org/wiki/Special:FilePath/Kinseidai%20001.JPG,34.6958333,135.1802778,Q11647127
1025,小西家住宅,大阪府,历史房屋博物馆,4.0,100,历史房屋博物馆,Osaka Station,1.8,0.70,0.8000,1.0000,0.7316,0.8332,http://commons.wikimedia.org/wiki/Special:FilePath/Konishi%20Gisuke%20Shoten.jpg,34.6886940,135.5068890,Q11463585
2414,憲政紀念館,東京都,博物館,4.0,100,博物館,Tokyo Station,1.8,0.70,0.8000,1.0000,0.7306,0.8331,http://commons.wikimedia.org/wiki/Special:FilePath/Memorial%20Hall%20of%20constitutional%20politics%20Japan01s3200.jpg,35.6783330,139.7470000,Q11495238
3928,鳥取縣立博物館,鳥取縣,都道府县立博物馆,4.0,100,都道府县立博物馆,Tottori Station,1.8,0.70,0.8000,1.0000,0.7311,0.8331,http://commons.wikimedia.org/wiki/Special:FilePath/Tottori%20prefectural%20museum01%201920.jpg,35.5083000,134.2360000,Q4707652
1387,山形大学附属博物館,山形縣,大學博物館,4.0,100,大學博物館,Yamagata Station,1.9,0.70,0.8000,1.0000,0.7289,0.8329,,38.2470833,140.3484722,Q65264511
1287,のむら美術館,山口縣,美術館,4.0,100,美術館,Yamaguchi Station,1.9,0.70,0.8000,1.0000,0.7280,0.8328,,34.1879980,131.4716100,Q132477039
2421,臺北駐日本經濟文化代表處台灣文化中心,東京都,文化中心,4.0,100,文化中心,Tokyo Station,1.9,0.70,0.8000,1.0000,0.7276,0.8328,http://commons.wikimedia.org/wiki/Special:FilePath/Taiwan%20Cultural%20Center%2C%20Taipei%20Economic%20and%20Cultural%20Representative%20Office.jpg,35.6700690,139.7515480,Q62029384
2936,石川近代文学館,石川縣,文學館,4.0,100,文學館,Kanazawa Station,1.9,0.70,0.8000,1.0000,0.7280,0.8328,http://commons.wikimedia.org/wiki/Special:FilePath/The%20Forth%20High%20School%20Memorial%20Museum%20of%20Cultural%20Exchange%20Ishikawa05s3s3750.jpg,36.5625000,136.6557778,Q11586386
2980,四高記念文化交流館,石川縣,旧学校施設,4.0,100,旧学校施設,Kanazawa Station,1.9,0.70,0.8000,1.0000,0.7280,0.8328,http://commons.wikimedia.org/wiki/Special:FilePath/The%20Fourth%20High%20School%20Memorial%20Museum%20of%20Cultural%20Exchange%20Ishikawa.jpg,36.5625000,136.6557780,Q11420187
2950,徳田秋聲記念館,石川縣,人物紀念館,4.0,100,人物紀念館,Kanazawa Station,1.9,0.70,0.8000,1.0000,0.7265,0.8327,http://commons.wikimedia.org/wiki/Special:FilePath/Tokudashuseikinenkan002.jpg,36.5709170,136.6670830,Q11490424
3509,祈禱之丘繪本美術館,長崎縣,繪本博物館,4.0,100,繪本博物館,Nagasaki Station,1.9,0.70,0.8000,1.0000,0.7269,0.8327,http://commons.wikimedia.org/wiki/Special:FilePath/Inorino-oka%20Picture%20Book%20Museum01s5.jpg,32.7352220,129.8697220,Q11588461
2299,新潟縣政紀念館,新潟縣,博物館,4.0,100,博物館,Niigata Station,1.9,0.70,0.8000,1.0000,0.7260,0.8326,http://commons.wikimedia.org/wiki/Special:FilePath/Niigata%20Prefectural%20Government%20Memorial%20Hall1.JPG,37.9146110,139.0405280,Q11503008
3034,安藤百福發明紀念館,神奈川縣,公司博物館,4.0,100,公司博物館,Yokohama Station,1.9,0.70,0.8000,1.0000,0.7259,0.8326,http://commons.wikimedia.org/wiki/Special:FilePath/Cupnoodles-Museum-Yokohama.jpg,35.4554720,139.6388610,Q11257362
3199,元寇史料館,福岡縣,歷史博物館,4.0,100,歷史博物館,Hakata Station,1.9,0.70,0.8000,1.0000,0.7255,0.8326,http://commons.wikimedia.org/wiki/Special:FilePath/%E5%85%83%E5%AF%87%E5%8F%B2%E6%96%99%E9%A4%A82.jpg,33.6072083,130.4203917,Q10889644
421,北海道立近代美術館,北海道,美術館,4.0,100,美術館,Sapporo Station,1.9,0.70,0.8000,1.0000,0.7242,0.8324,http://commons.wikimedia.org/wiki/Special:FilePath/%E5%8C%97%E6%B5%B7%E9%81%93%E7%AB%8B%E8%BF%91%E4%BB%A3%E7%BE%8E%E8%A1%93%E9%A4%A8.JPG,43.0602780,141.3303890,Q11402992
1862,広島大学医学部医学資料館,廣島縣,製薬博物館,4.0,100,製薬博物館,Hiroshima Station,1.9,0.70,0.8000,1.0000,0.7244,0.8324,,34.3805740,132.4773230,Q127452807
2990,横浜市民ギャラリー,神奈川縣,美術館,4.0,100,美術館,Yokohama Station,1.9,0.70,0.8000,1.0000,0.7244,0.8324,http://commons.wikimedia.org/wiki/Special:FilePath/Yokohama%20Civic%20Art%20Gallery.JPG,35.4494440,139.6269440,Q11543025
3272,福島県歴史資料館,福島縣,公共檔案館,4.0,100,公共檔案館,Fukushima Station,1.9,0.70,0.8000,1.0000,0.7229,0.8323,,37.7681780,140.4721840,Q30266032
2039,貨幣・浮世絵ミュージアム,愛知縣,美術館,4.0,100,美術館,Nagoya Station,1.9,0.70,0.8000,1.0000,0.7218,0.8322,http://commons.wikimedia.org/wiki/Special:FilePath/View%20of%20MUFG%20Bank%20Nagoya%20Building%2C%20Sakae%20Naka%20Ward%20Nagoya%202022.jpg,35.1693355,136.9026198,Q4856192
2535,東京廣告博物館,東京都,広告博物館,4.0,100,広告博物館,Tokyo Station,1.9,0.70,0.8000,1.0000,0.7219,0.8322,http://commons.wikimedia.org/wiki/Special:FilePath/Ad%20Museum%20Tokyo.JPG,35.6643330,139.7622220,Q11284141
817,和歌山縣立博物館,和歌山縣,都道府县立博物馆,4.0,100,都道府县立博物馆,Wakayama Station,1.9,0.70,0.8000,1.0000,0.7196,0.8320,http://commons.wikimedia.org/wiki/Special:FilePath/121013%20Wakayama%20Prefectural%20Museum01s5.jpg,34.2244000,135.1720000,Q4707960
2040,名古屋市美術館,愛知縣,美術館,4.0,100,美術館,Nagoya Station,1.9,0.70,0.8000,1.0000,0.7204,0.8320,http://commons.wikimedia.org/wiki/Special:FilePath/Nagoya%20City%20Art%20Museum01-r.jpg,35.1638420,136.9010220,Q469573
3167,九州大学医学歴史館,福岡縣,大學博物館,4.0,100,大學博物館,Hakata Station,2.0,0.70,0.8000,1.0000,0.7182,0.8318,http://commons.wikimedia.org/wiki/Special:FilePath/Kyushu%20University%20Medical%20History%20Museum%2020181101.jpg,33.6074840,130.4164530,Q19946369
785,和歌山縣立近代美術館,和歌山縣,都道府县立博物馆,4.0,100,都道府县立博物馆,Wakayama Station,2.0,0.70,0.8000,1.0000,0.7174,0.8317,http://commons.wikimedia.org/wiki/Special:FilePath/121013%20The%20museum%20of%20modern%20art%2C%20wakayama01s3.jpg,34.2250000,135.1714170,Q11417477
2941,堂形のシイノキ,石川縣,巨樹,4.0,100,巨樹,Kanazawa Station,2.0,0.70,0.8000,1.0000,0.7166,0.8317,http://commons.wikimedia.org/wiki/Special:FilePath/Grand%20chinquapin%20tree%20in%20front%20of%20Shiinoki%20Cultural%20Complex%20of%20Ishikawa%20Prefecture.JPG,36.5621667,136.6578333,Q111585833
3475,哥拉巴園,長崎縣,戶外博物館,4.0,100,戶外博物館,Nagasaki Station,2.0,0.70,0.8000,1.0000,0.7173,0.8317,http://commons.wikimedia.org/wiki/Special:FilePath/Nagasaki-Glover-Garden-5415.jpg,32.7344444,129.8688889,Q63465
1776,武家屋敷 (鹽見繩手),島根縣,历史房屋博物馆,4.0,100,历史房屋博物馆,Matsue Station,2.0,0.70,0.8000,1.0000,0.7162,0.8316,http://commons.wikimedia.org/wiki/Special:FilePath/Shiominawate%20Matsue04s4592.jpg,35.4783889,133.0506944,Q11545900
1858,広島市こども文化科学館,廣島縣,兒童博物館,4.0,100,兒童博物館,Hiroshima Station,2.0,0.70,0.8000,1.0000,0.7152,0.8315,http://commons.wikimedia.org/wiki/Special:FilePath/Hiroshima%20Childrens%20Museum.jpg,34.3986670,132.4536390,Q5771207
3130,福井縣立美術館,福井縣,美術館,4.0,100,美術館,Fukui Station,2.0,0.70,0.8000,1.0000,0.7147,0.8315,http://commons.wikimedia.org/wiki/Special:FilePath/Fukui%20Fine%20Arts%20Museum.jpg,36.0785330,136.2152500,Q11591489
1341,瑠璃光寺資料館,山口縣,宝物館,4.0,100,宝物館,Yamaguchi Station,2.0,0.70,0.8000,1.0000,0.7138,0.8314,,34.1895070,131.4721140,Q132478312
2241,新潟市歷史博物館,新潟縣,海事博物館,4.0,100,海事博物館,Niigata Station,2.0,0.70,0.8000,1.0000,0.7139,0.8314,http://commons.wikimedia.org/wiki/Special:FilePath/160716%20Niigata%20City%20History%20Museum%20Main%20Building%20Niigata%20Japan01bs5.jpg,37.9298333,139.0577222,Q11502895
2528,明治大学博物館,東京都,大學博物館,4.0,100,大學博物館,Tokyo Station,2.0,0.70,0.8000,1.0000,0.7141,0.8314,,35.6987000,139.7619000,Q85880847
3811,駿府博物館,靜岡縣,博物館,4.0,100,博物館,Shizuoka Station,2.0,0.70,0.8000,1.0000,0.7143,0.8314,http://commons.wikimedia.org/wiki/Special:FilePath/Sunpu%20Museum-1.jpg,34.9591111,138.4044722,Q109370382
705,千葉港塔,千葉縣,觀光塔,4.0,100,觀光塔,Chiba Station,2.0,0.70,0.8000,1.0000,0.7133,0.8313,http://commons.wikimedia.org/wiki/Special:FilePath/Chiba%20Port%20Tower%2020111211.jpg,35.6001670,140.0980560,Q5095310
2384,佃まちかど展示館,東京都,博物館,4.0,100,博物館,Tokyo Station,2.0,0.70,0.8000,1.0000,0.7120,0.8312,http://commons.wikimedia.org/wiki/Special:FilePath/Tsukuda%20machikado%20tenjikan02.jpg,35.6677900,139.7822300,Q109166065
789,和歌山市立兒童科學館,和歌山縣,兒童博物館,4.0,100,兒童博物館,Wakayama Station,2.0,0.70,0.8000,1.0000,0.7113,0.8311,http://commons.wikimedia.org/wiki/Special:FilePath/Wakayama%20City%20Childrens%20Museum02bs3200.jpg,34.2328890,135.1690560,Q11417336
2412,しょうけい館,東京都,博物館,4.0,100,博物館,Tokyo Station,2.0,0.70,0.8000,1.0000,0.7108,0.8311,http://commons.wikimedia.org/wiki/Special:FilePath/Shokei-kan.JPG,35.6949170,139.7521940,Q11269143
2084,市営交通資料センター,愛知縣,交通博物館,4.0,100,交通博物館,Nagoya Station,2.0,0.70,0.8000,1.0000,0.7103,0.8310,http://commons.wikimedia.org/wiki/Special:FilePath/Nagoya%20City%20Transportation%20Data%20Center%2020130817.JPG,35.1758667,136.9031028,Q11480075
2948,金澤能樂美術館,石川縣,美術館,4.0,100,美術館,Kanazawa Station,2.0,0.70,0.8000,1.0000,0.7101,0.8310,http://commons.wikimedia.org/wiki/Special:FilePath/Kanazawanogakumuseum003.jpg,36.5616110,136.6580560,Q11647524
3500,西博爾德紀念館,長崎縣,人物紀念館,4.0,100,人物紀念館,Nagasaki Station,2.1,0.70,0.8000,1.0000,0.7088,0.8309,http://commons.wikimedia.org/wiki/Special:FilePath/Siebold%20Memorial%20Museum%20002.jpg,32.7558390,129.8922140,Q1049762
2810,漫湖水鳥・湿地センター,沖繩縣,自然中心,4.0,100,自然中心,Naha Bus Terminal,2.1,0.70,0.8000,1.0000,0.7073,0.8307,http://commons.wikimedia.org/wiki/Special:FilePath/Manko%20Waterbird%20and%20Wetland%20Center%20202206.jpg,26.1940360,127.6817650,Q132156886
3567,長野縣立美術館,長野縣,美術館,4.0,100,美術館,Nagano Station,2.1,0.70,0.8000,1.0000,0.7067,0.8307,http://commons.wikimedia.org/wiki/Special:FilePath/Nagano%20Prefectural%20Art%20Museum%202021-12%201.jpg,36.6615750,138.1910180,Q110245475
3899,高知市立龍馬誕生紀念館,高知縣,人物紀念館,4.0,100,人物紀念館,Kochi Station,2.1,0.70,0.8000,1.0000,0.7074,0.8307,http://commons.wikimedia.org/wiki/Special:FilePath/Kochi%20Kamimachi%20Ryoma02st3200.jpg,33.5564440,133.5244720,Q11672372
2136,名古屋城のカヤ,愛知縣,巨樹,4.0,100,巨樹,Nagoya Station,2.1,0.70,0.8000,1.0000,0.7065,0.8306,http://commons.wikimedia.org/wiki/Special:FilePath/Kaya%20tree%20in%20front%20of%20Nishinomaru%20Exhibition%20Hall%20in%20Nagoya%20Castle%202.JPG,35.1840563,136.8977245,Q111363679
3560,長野縣信濃美術館・東山魁夷館,長野縣,美術館,4.0,100,美術館,Nagano Station,2.1,0.70,0.8000,1.0000,0.7056,0.8306,http://commons.wikimedia.org/wiki/Special:FilePath/Nagano%20Prefectural%20Shinano%20Art%20Museum.jpg,36.6616670,138.1911110,Q11654278
1139,仙臺緑彩館,宮城縣,遊客中心,4.0,100,遊客中心,Sendai Station,2.1,0.70,0.8000,1.0000,0.7052,0.8305,http://commons.wikimedia.org/wiki/Special:FilePath/Sendai%20Ryokusaikan%2020230806a.jpg,38.2571010,140.8587930,Q124655131
1814,田部美術館,島根縣,美術館,4.0,100,美術館,Matsue Station,2.1,0.70,0.8000,1.0000,0.7051,0.8305,http://commons.wikimedia.org/wiki/Special:FilePath/Shiominawate%20Matsue06s4592.jpg,35.4792000,133.0500000,Q11577460
1833,島根大学旧奥谷宿舎,島根縣,历史房屋博物馆,4.0,100,历史房屋博物馆,Matsue Station,2.1,0.70,0.8000,1.0000,0.7052,0.8305,http://commons.wikimedia.org/wiki/Special:FilePath/Shimane-Univ-Old-Okudani-Lodging-2014050201.jpg,35.4810110,133.0537670,Q11476431
1842,被爆遺構展示館,廣島縣,和平博物館,4.0,100,和平博物館,Hiroshima Station,2.1,0.70,0.8000,1.0000,0.7051,0.8305,,34.3922778,132.4534444,Q130729831
2041,名古屋刀剣ワールド,愛知縣,美術館,4.0,100,美術館,Nagoya Station,2.1,0.70,0.8000,1.0000,0.7050,0.8305,http://commons.wikimedia.org/wiki/Special:FilePath/Sakae%20Tower%20Hills%2020200802-04.jpg,35.1631944,136.9025000,Q65251252
2409,かちどき 橋の資料館,東京都,博物館,4.0,100,博物館,Tokyo Station,2.1,0.70,0.8000,1.0000,0.7039,0.8304,http://commons.wikimedia.org/wiki/Special:FilePath/Kachidoki%20hashi%20no%20shiry%C5%8Dkan15.jpg,35.6630500,139.7736600,Q109160363
173,佐賀県立佐賀城本丸歴史館,佐賀縣,歷史博物館,4.0,100,歷史博物館,Saga Station,2.1,0.70,0.8000,1.0000,0.7018,0.8302,http://commons.wikimedia.org/wiki/Special:FilePath/Saga%20Castle%20History%20Museum%2020171112-1.jpg,33.2454260,130.3026700,Q104784030
2952,金澤21世紀美術館,石川縣,藝廊,4.0,100,藝廊,Kanazawa Station,2.1,0.70,0.8000,1.0000,0.7022,0.8302,http://commons.wikimedia.org/wiki/Special:FilePath/21st%20Century%20Museum%20of%20Contemporary%20Art%2C%20Kanazawa011.jpg,36.5608000,136.6580000,Q3242206
2961,室生犀星記念館,石川縣,人物紀念館,4.0,100,人物紀念館,Kanazawa Station,2.1,0.70,0.8000,1.0000,0.7025,0.8302,http://commons.wikimedia.org/wiki/Special:FilePath/Muro%20Saisei%20Kinenkan%20Museum001.jpg,36.5590560,136.6481940,Q11453044
3957,鹿兒島県歷史資料中心黎明館,鹿兒島縣,歷史博物館,4.0,100,歷史博物館,Kagoshima-Chuo Station,2.1,0.70,0.8000,1.0000,0.7020,0.8302,http://commons.wikimedia.org/wiki/Special:FilePath/Reimeikan.jpg,31.5986000,130.5550000,Q11676739
194,佐賀縣立博物館,佐賀縣,都道府县立博物馆,4.0,100,都道府县立博物馆,Saga Station,2.1,0.70,0.8000,1.0000,0.7008,0.8301,http://commons.wikimedia.org/wiki/Special:FilePath/Saga%20Prefectural%20Museum%202008.jpg,33.2450000,130.3005556,Q6371422
1760,小泉八雲故居,島根縣,文學館,4.0,100,文學館,Matsue Station,2.1,0.70,0.8000,1.0000,0.7013,0.8301,http://commons.wikimedia.org/wiki/Special:FilePath/Shiominawate%20Matsue05s4592.jpg,35.4792830,133.0494280,Q11462489
1807,小泉八雲紀念館,島根縣,人物紀念館,4.0,100,人物紀念館,Matsue Station,2.1,0.70,0.8000,1.0000,0.7013,0.8301,http://commons.wikimedia.org/wiki/Special:FilePath/Lafcadio%20Hearn%20Memorial%20Hall02st3200.jpg,35.4791440,133.0491950,Q1778875
2024,愛媛大学ミュージアム,愛媛縣,大學博物館,4.0,100,大學博物館,Matsuyama Station,2.1,0.70,0.8000,1.0000,0.7006,0.8301,http://commons.wikimedia.org/wiki/Special:FilePath/Ehime%20University%20Museum1.JPG,33.8498889,132.7715556,Q11493530
2653,昭和館,東京都,國立博物館,4.0,100,國立博物館,Tokyo Station,2.1,0.70,0.8000,1.0000,0.7009,0.8301,http://commons.wikimedia.org/wiki/Special:FilePath/Showa%20kan.jpg,35.6950278,139.7507222,Q3788883
1854,廣島和平紀念資料館,廣島縣,和平博物館,4.0,100,和平博物館,Hiroshima Station,2.2,0.70,0.8000,1.0000,0.6991,0.8299,http://commons.wikimedia.org/wiki/Special:FilePath/Hiroshima%20Peace%20Memorial%20Museum%202008%2001.JPG,34.3914722,132.4530556,Q1200076
2910,熊本縣立美術館,熊本縣,美術館,4.0,100,美術館,Kumamoto Station,2.2,0.70,0.8000,1.0000,0.6985,0.8299,http://commons.wikimedia.org/wiki/Special:FilePath/Kumamoto-Prefectural%20Museum%20of%20Art%20main%201.jpg,32.8075278,130.7005278,Q4556482
78,京都清宗根付館,京都府,美術館,4.0,100,美術館,Kyoto Station,2.2,0.70,0.8000,1.0000,0.6978,0.8298,http://commons.wikimedia.org/wiki/Special:FilePath/Netsuke%20art%20museum%20%28Kyoto%29%20Minka%20outdoor%20hdsr%20S5%20a2.jpg,35.0014444,135.7446389,Q118145425
1439,甲府市武田氏館跡歴史館,山梨縣,歷史博物館,4.0,100,歷史博物館,Kofu Station,2.2,0.70,0.8000,1.0000,0.6977,0.8298,http://commons.wikimedia.org/wiki/Special:FilePath/Shingen%20Museum%202019a.jpg,35.6852194,138.5771056,Q63457212
2760,沖繩縣立博物館、美術館,沖繩縣,博物館,4.0,100,博物館,Naha Bus Terminal,2.2,0.70,0.8000,1.0000,0.6983,0.8298,http://commons.wikimedia.org/wiki/Special:FilePath/Okinawa%20Prefectural%20Museum%20%26%20Art%20Museum02bss3200.jpg,26.2265930,127.6941030,Q4617100
176,佐賀縣立美術館,佐賀縣,美術館,4.0,100,美術館,Saga Station,2.2,0.70,0.8000,1.0000,0.6973,0.8297,http://commons.wikimedia.org/wiki/Special:FilePath/Saga%20Prefectural%20Art%20Museum%202008.jpg,33.2446111,130.2999722,Q22118826
3170,福岡縣立美術館,福岡縣,都道府县立博物馆,4.0,100,都道府县立博物馆,Hakata Station,2.2,0.70,0.8000,1.0000,0.6963,0.8296,http://commons.wikimedia.org/wiki/Special:FilePath/Fukuoka%20Museum%20of%20Art.JPG,33.5973060,130.3987500,Q11592587
2912,島田美術館,熊本縣,美術館,4.0,100,美術館,Kumamoto Station,2.2,0.70,0.8000,1.0000,0.6952,0.8295,http://commons.wikimedia.org/wiki/Special:FilePath/Shimada%20gallery.jpg,32.8097500,130.6860556,Q17213009
75,染・清流館,京都府,美術館,4.0,100,美術館,Kyoto Station,2.2,0.70,0.8000,1.0000,0.6944,0.8294,http://commons.wikimedia.org/wiki/Special:FilePath/Dye%20museum%20Seiryu%2002.jpg,35.0055830,135.7583890,Q11533890
2911,熊本市立熊本博物館,熊本縣,市立博物館,4.0,100,市立博物館,Kumamoto Station,2.2,0.70,0.8000,1.0000,0.6936,0.8294,http://commons.wikimedia.org/wiki/Special:FilePath/Kumamoto%20City%20Museum.jpg,32.8085830,130.6991390,Q11568122
201,佐賀大学美術館,佐賀縣,大學博物館,4.0,100,大學博物館,Saga Station,2.2,0.70,0.8000,1.0000,0.6915,0.8292,http://commons.wikimedia.org/wiki/Special:FilePath/Saga%20University%20Art%20Museum%202016.JPG,33.2443944,130.2922444,Q28684603
802,和歌山县书道资料馆,和歌山縣,書法美術館,4.0,100,書法美術館,Wakayama Station,2.2,0.70,0.8000,1.0000,0.6924,0.8292,http://commons.wikimedia.org/wiki/Special:FilePath/Wakayama%20Pref%20Syodou%20Museum.JPG,34.2291110,135.1671940,Q11417414
1110,奈良トヨタ・まほろばミュージアム,奈良縣,公司博物館,4.0,100,公司博物館,Nara Station,2.2,0.70,0.8000,1.0000,0.6921,0.8292,http://commons.wikimedia.org/wiki/Special:FilePath/NARA%20TOYOTA%20MAHOROBA%20MUSEUM.jpg,34.6681610,135.7996470,Q136745798
1315,中原中也紀念館,山口縣,文學館,4.0,100,文學館,Yamaguchi Station,2.2,0.70,0.8000,1.0000,0.6925,0.8292,http://commons.wikimedia.org/wiki/Special:FilePath/%E4%B8%AD%E5%8E%9F%E4%B8%AD%E4%B9%9F%E8%A8%98%E5%BF%B5%E9%A4%A8%20%2826489554980%29.jpg,34.1647500,131.4578610,Q11363110
1246,富山市科學博物館,富山縣,科學博物館,4.0,100,科學博物館,Toyama Station,2.2,0.70,0.8000,1.0000,0.6915,0.8291,http://commons.wikimedia.org/wiki/Special:FilePath/Toyama%20Science%20Museum.JPG,36.6814610,137.2117710,Q11456392
896,さいたま市立漫画会館,埼玉縣,動漫博物館,4.0,100,動漫博物館,Omiya Station,2.2,0.70,0.8000,1.0000,0.6900,0.8290,http://commons.wikimedia.org/wiki/Special:FilePath/Saitama%20Saitama%20Municipal%20Manga%20Hall%201.JPG,35.9256111,139.6318056,Q56345064
1109,平城宮いざない館,奈良縣,遊客中心,4.0,100,遊客中心,Nara Station,2.2,0.70,0.8000,1.0000,0.6897,0.8290,,34.6859290,135.7950990,Q123554850
2038,国際デザインセンター,愛知縣,美術館,4.0,100,美術館,Nagoya Station,2.2,0.70,0.8000,1.0000,0.6905,0.8290,,35.1654722,136.9052500,Q6050127
3071,神奈川县立历史博物馆,神奈川縣,都道府县立博物馆,4.0,100,都道府县立博物馆,Yokohama Station,2.2,0.70,0.8000,1.0000,0.6905,0.8290,http://commons.wikimedia.org/wiki/Special:FilePath/Kanagawa%20Prefectural%20Museum%20of%20Cultural%20History%202009.jpg,35.4492000,139.6360000,Q5365233
2585,日本相機博物館,東京都,科技博物館,4.0,100,科技博物館,Tokyo Station,2.3,0.70,0.8000,1.0000,0.6893,0.8289,http://commons.wikimedia.org/wiki/Special:FilePath/Camera%20Nuseum1.JPG,35.6860444,139.7428750,Q21019310
3833,讃岐民芸館,香川縣,工藝博物館,4.0,100,工藝博物館,Takamatsu Station,2.3,0.70,0.8000,1.0000,0.6879,0.8288,http://commons.wikimedia.org/wiki/Special:FilePath/Ritsurin%20Garden%20%E6%A0%97%E6%9E%97%E5%85%AC%E5%9C%92%E3%81%AE%E5%8F%A4%E6%B0%91%E8%8A%B8%E9%A4%A8.jpg,34.3301443,134.0449987,Q123484005
1850,本川小学校平和資料館,廣島縣,軍事博物館,4.0,100,軍事博物館,Hiroshima Station,2.3,0.70,0.8000,1.0000,0.6874,0.8287,http://commons.wikimedia.org/wiki/Special:FilePath/Honkawa%20Elementary%20School%20Peace%20Museum01.JPG,34.3958850,132.4506060,Q11484615
1160,仙台市博物館,宮城縣,市立博物館,4.0,100,市立博物館,Sendai Station,2.3,0.70,0.8000,1.0000,0.6857,0.8286,http://commons.wikimedia.org/wiki/Special:FilePath/Sendai%20City%20Museum%2020251221a.jpg,38.2560650,140.8566850,Q3330092
2394,千秋文庫,東京都,博物館,4.0,100,博物館,Tokyo Station,2.3,0.70,0.8000,1.0000,0.6857,0.8286,http://commons.wikimedia.org/wiki/Special:FilePath/Senshu%20Bunko.jpg,35.6932230,139.7464920,Q11405795
2935,金澤古里偉人館,石川縣,人物紀念館,4.0,100,人物紀念館,Kanazawa Station,2.3,0.70,0.8000,1.0000,0.6864,0.8286,http://commons.wikimedia.org/wiki/Special:FilePath/Great%20People%20of%20Kanazawa%20Memorial%20Museum%2001.jpg,36.5591670,136.6579170,Q11647356
3336,ノースアジア大学雪国民俗館,秋田縣,民俗博物館,4.0,100,民俗博物館,Akita Station,2.3,0.70,0.8000,1.0000,0.6857,0.8286,http://commons.wikimedia.org/wiki/Special:FilePath/North%20Asia%20University%2C%20Folk%20museum%20of%20snow%20country.JPG,39.7154720,140.1564440,Q11325862
2258,新津記念館,新潟縣,美術館,4.0,100,美術館,Niigata Station,2.3,0.70,0.8000,1.0000,0.6846,0.8285,http://commons.wikimedia.org/wiki/Special:FilePath/Niitsu%20House%2001.JPG,37.9190280,139.0370560,Q11502710
2130,愛知・名古屋 戦争に関する資料館,愛知縣,軍事博物館,4.0,100,軍事博物館,Nagoya Station,2.3,0.70,0.8000,1.0000,0.6839,0.8284,http://commons.wikimedia.org/wiki/Special:FilePath/Aichi%20Prefectural%20Office%20Otsubashi%20Branch%2020150817.JPG,35.1774750,136.9056250,Q22117705
1214,富山市民俗民芸村,富山縣,美術館,4.0,100,美術館,Toyama Station,2.3,0.70,0.8000,1.0000,0.6835,0.8283,http://commons.wikimedia.org/wiki/Special:FilePath/Thatched%20Roof%20Folk%20Art%20Museum.jpg,36.7102780,137.1894440,Q28687459
2945,成巽閣,石川縣,历史房屋博物馆,4.0,100,历史房屋博物馆,Kanazawa Station,2.3,0.70,0.8000,1.0000,0.6832,0.8283,http://commons.wikimedia.org/wiki/Special:FilePath/131109%20Seisonkaku%20Kanazawa%20Ishikawa%20pref%20Japan10s3.jpg,36.5611111,136.6630556,Q7446985
2407,半蔵門ミュージアム,東京都,博物館,4.0,100,博物館,Tokyo Station,2.3,0.70,0.8000,1.0000,0.6821,0.8282,http://commons.wikimedia.org/wiki/Special:FilePath/%E5%8D%8A%E8%94%B5%E9%96%80%E3%83%9F%E3%83%A5%E3%83%BC%E3%82%B8%E3%82%A2%E3%83%A0%20%E5%85%A5%E3%82%8A%E5%8F%A3%E4%BB%98%E8%BF%91.jpg,35.6858640,139.7419490,Q130213553
3053,日本邮船历史博物馆,神奈川縣,公司博物館,4.0,100,公司博物館,Yokohama Station,2.3,0.70,0.8000,1.0000,0.6820,0.8282,http://commons.wikimedia.org/wiki/Special:FilePath/NYK%20maritime%20museum01s3200.jpg,35.4502778,139.6394444,Q6956071
1202,宮崎縣立美術館,宮崎縣,美術館,4.0,100,美術館,Miyazaki Station,2.3,0.70,0.8000,1.0000,0.6809,0.8281,http://commons.wikimedia.org/wiki/Special:FilePath/Miyazaki%20Prefectural%20Art%20Museum.jpg,31.9341667,131.4194444,Q3298536
2925,石川縣立美術館,石川縣,都道府县立博物馆,4.0,100,都道府县立博物馆,Kanazawa Station,2.3,0.70,0.8000,1.0000,0.6811,0.8281,http://commons.wikimedia.org/wiki/Special:FilePath/Ishikawa%20Prefectural%20Museum%20of%20Art.JPG,36.5600000,136.6613889,Q3297759
3159,福井県立歴史博物館,福井縣,都道府县立博物馆,4.0,100,都道府县立博物馆,Fukui Station,2.4,0.70,0.8000,1.0000,0.6797,0.8280,http://commons.wikimedia.org/wiki/Special:FilePath/Fukui%20prefectural%20museum%20of%20cultural%20history.jpg,36.0830556,136.2222222,Q11591483
3498,长崎原爆资料馆,長崎縣,軍事博物館,4.0,100,軍事博物館,Nagasaki Station,2.4,0.70,0.8000,1.0000,0.6796,0.8280,http://commons.wikimedia.org/wiki/Special:FilePath/%E9%95%B7%E5%B4%8E%E5%8E%9F%E7%88%86%E8%B3%87%E6%96%99%E9%A4%A8%20-%20panoramio.jpg,32.7726528,129.8645139,Q1099077
3701,棟方志功記念館,青森縣,人物紀念館,4.0,100,人物紀念館,Aomori Station,2.4,0.70,0.8000,1.0000,0.6798,0.8280,http://commons.wikimedia.org/wiki/Special:FilePath/Munakata%20Shiko%20Memorial%20Museum%20of%20Art.jpg,40.8194444,140.7600000,Q11539040
2958,石川縣立傳統产業工藝館,石川縣,工藝博物館,4.0,100,工藝博物館,Kanazawa Station,2.4,0.70,0.8000,1.0000,0.6786,0.8279,http://commons.wikimedia.org/wiki/Special:FilePath/Ishikawa%20Prefectural%20Museum%20of%20Traditional%20Arts%20and%20Crafts.jpg,36.5611222,136.6640056,Q11585980
3070,海上保安資料館横浜館,神奈川縣,海事博物館,4.0,100,海事博物館,Yokohama Station,2.4,0.70,0.8000,1.0000,0.6792,0.8279,http://commons.wikimedia.org/wiki/Special:FilePath/Kousaku%20sen.JPG,35.4543056,139.6443056,Q6156562
3485,國立長崎原爆死歿者追悼和平祈念館,長崎縣,和平博物館,4.0,100,和平博物館,Nagasaki Station,2.4,0.70,0.8000,1.0000,0.6793,0.8279,http://commons.wikimedia.org/wiki/Special:FilePath/Nagasaki%20peace%20memorial%20hall.jpg,32.7727778,129.8650000,Q133628
3501,長崎市野口彌太郎記念美術館,長崎縣,美術館,4.0,100,美術館,Nagasaki Station,2.4,0.70,0.8000,1.0000,0.6790,0.8279,http://commons.wikimedia.org/wiki/Special:FilePath/Nagasaki%20City%20Peace%20Hall.jpg,32.7728056,129.8650000,Q11652552
1223,富山縣立近代美術館,富山縣,美術館,4.0,100,美術館,Toyama Station,2.4,0.70,0.8000,1.0000,0.6779,0.8278,http://commons.wikimedia.org/wiki/Special:FilePath/Toyama%20Museum%20of%20Modern%20Art.jpg,36.6801389,137.2127778,Q6940951
1536,岐阜市科学館,岐阜縣,科學博物館,4.0,100,科學博物館,Gifu Station,2.4,0.70,0.8000,1.0000,0.6780,0.8278,http://commons.wikimedia.org/wiki/Special:FilePath/Gifu%20City%20Science%20Museum%201.JPG,35.4039050,136.7308610,Q5359267
2932,西茶屋資料館,石川縣,人物紀念館,4.0,100,人物紀念館,Kanazawa Station,2.4,0.70,0.8000,1.0000,0.6771,0.8277,http://commons.wikimedia.org/wiki/Special:FilePath/Nishichayashiryokan003.jpg,36.5566670,136.6473280,Q11629456
437,HOKUBU記念絵画館,北海道,美術館,4.0,100,美術館,Sapporo Station,2.4,0.70,0.8000,1.0000,0.6758,0.8276,,43.0498500,141.3651600,Q28691367
1037,大阪企業家ミュージアム,大阪府,人物紀念館,4.0,100,人物紀念館,Osaka Station,2.4,0.70,0.8000,1.0000,0.6754,0.8275,http://commons.wikimedia.org/wiki/Special:FilePath/The%20Entrepreneurial%20museum%20of%20Challenge%20and%20Innovation.JPG,34.6838889,135.5092500,Q11440034
2951,金澤市立中村紀念美術館,石川縣,美術館,4.0,100,美術館,Kanazawa Station,2.4,0.70,0.8000,1.0000,0.6745,0.8275,http://commons.wikimedia.org/wiki/Special:FilePath/%E9%87%91%E6%B2%A2%E5%B8%82%E7%AB%8B%E4%B8%AD%E6%9D%91%E8%A8%98%E5%BF%B5%E7%BE%8E%E8%A1%93%E9%A4%A8002.jpg,36.5588890,136.6605560,Q11647436
95,清水三年坂美術館,京都府,美術館,4.0,100,美術館,Kyoto Station,2.4,0.70,0.8000,1.0000,0.6738,0.8274,http://commons.wikimedia.org/wiki/Special:FilePath/Kiyomizu%20Sannenzaka%20Museum.jpg,34.9974170,135.7812780,Q17213428
2287,新潟大学旭町学術資料展示館,新潟縣,大學博物館,4.0,100,大學博物館,Niigata Station,2.4,0.70,0.8000,1.0000,0.6731,0.8273,http://commons.wikimedia.org/wiki/Special:FilePath/Niigata-Univ-Asahimachi-Museum-2014091401.jpg,37.9211850,139.0366300,Q133227322
1176,宮城县美术馆,宮城縣,美術館,4.0,100,美術館,Sendai Station,2.4,0.70,0.8000,1.0000,0.6723,0.8272,http://commons.wikimedia.org/wiki/Special:FilePath/The%20miyagi%20museum%20of%20art01s3872.jpg,38.2640560,140.8549170,Q11453791
2920,國立工藝館,石川縣,國立博物館,4.0,100,國立博物館,Kanazawa Station,2.4,0.70,0.8000,1.0000,0.6721,0.8272,http://commons.wikimedia.org/wiki/Special:FilePath/National%20Crafts%20Museum%20in%20Kanazawa%2020201116-001.jpg,36.5591670,136.6618060,Q101001030
2975,加賀本多博物館,石川縣,博物館,4.0,100,博物館,Kanazawa Station,2.4,0.70,0.8000,1.0000,0.6716,0.8272,http://commons.wikimedia.org/wiki/Special:FilePath/Ishikawa-ken%20History%20Museum03s3s4272b.jpg,36.5590830,136.6617500,Q11625080
2916,熊本市現代美術館,熊本縣,現代美術館,4.0,100,現代美術館,Kumamoto Station,2.5,0.70,0.8000,1.0000,0.6710,0.8271,http://commons.wikimedia.org/wiki/Special:FilePath/Bipuresu%20kumanichi-kaikan01s3200.jpg,32.8033610,130.7110280,Q11568021
1055,造幣博物館,大阪府,貨幣博物館,4.0,100,貨幣博物館,Osaka Station,2.5,0.70,0.8000,1.0000,0.6696,0.8270,http://commons.wikimedia.org/wiki/Special:FilePath/Mint%20Museum%20Osaka%20Japan01s5.jpg,34.6959170,135.5216670,Q11271546
2495,出世の石段,東京都,觀光景點,4.0,100,觀光景點,Tokyo Station,2.5,0.70,0.8000,1.0000,0.6696,0.8270,http://commons.wikimedia.org/wiki/Special:FilePath/%E6%84%9B%E5%AE%95%E7%A5%9E%E7%A4%BE%E3%83%BB%E5%87%BA%E4%B8%96%E3%81%AE%E7%9F%B3%E6%AE%B5.jpg,35.6646700,139.7488900,Q99557139
60,いけばな資料館,京都府,美術館,4.0,100,美術館,Kyoto Station,2.5,0.70,0.8000,1.0000,0.6691,0.8269,,35.0080130,135.7600800,Q132529351
1815,島根大學綜合博物館,島根縣,大學博物館,4.0,100,大學博物館,Matsue Station,2.5,0.70,0.8000,1.0000,0.6691,0.8269,,35.4857520,133.0692690,Q127385579
2401,髙木盆栽美術館,東京都,博物館,4.0,100,博物館,Tokyo Station,2.5,0.70,0.8000,1.0000,0.6689,0.8269,,35.7031000,139.7720000,Q3514129
1508,大松美術館,岐阜縣,美術館,4.0,100,美術館,Gifu Station,2.5,0.70,0.8000,1.0000,0.6676,0.8268,http://commons.wikimedia.org/wiki/Special:FilePath/Ohmatsu%20Art%20Museum01.JPG,35.3911389,136.7728611,Q11436188
2896,熊本県立美術館分館,熊本縣,美術館,4.0,100,美術館,Kumamoto Station,2.5,0.70,0.8000,1.0000,0.6678,0.8268,http://commons.wikimedia.org/wiki/Special:FilePath/Kumamoto-Prefectural%20Museum%20of%20Art%20pavilion%201.jpg,32.8066944,130.7080000,Q124817868
508,札幌村郷土記念館,北海道,地方文化館,4.0,100,地方文化館,Sapporo Station,2.5,0.70,0.8000,1.0000,0.6667,0.8267,http://commons.wikimedia.org/wiki/Special:FilePath/%E6%9C%AD%E5%B9%8C%E6%9D%91%E9%83%B7%E5%9C%9F%E8%A8%98%E5%BF%B5%E9%A4%A8.JPG,43.0805556,141.3769444,Q11521442
1078,入江泰吉記念奈良市寫真美術館,奈良縣,攝影博物館,4.0,100,攝影博物館,Nara Station,2.5,0.70,0.8000,1.0000,0.6671,0.8267,http://commons.wikimedia.org/wiki/Special:FilePath/Irie%20Taikichi%20Memorial%20Museum.jpg,34.6755830,135.8454170,Q11388956
2900,熊本縣傳統工藝館,熊本縣,博物館,4.0,100,博物館,Kumamoto Station,2.5,0.70,0.8000,1.0000,0.6673,0.8267,,32.8075830,130.7068890,Q17228347
85,千總ギャラリー,京都府,美術館,4.0,100,美術館,Kyoto Station,2.5,0.70,0.8000,1.0000,0.6665,0.8266,,35.0083030,135.7589370,Q138315086
1201,宮崎神宮徴古館,宮崎縣,博物館,4.0,100,博物館,Miyazaki Station,2.5,0.70,0.8000,1.0000,0.6656,0.8266,http://commons.wikimedia.org/wiki/Special:FilePath/Facility%20of%20Miyazaki%20jingu%20Shrine.jpg,31.9374444,131.4241944,Q85879543
1519,岐阜県美術館,岐阜縣,美術館,4.0,100,美術館,Gifu Station,2.5,0.70,0.8000,1.0000,0.6655,0.8265,http://commons.wikimedia.org/wiki/Special:FilePath/THE%20MUSEUM%20OF%20FINE%20ARTS%2CGIFU%201.JPG,35.4013090,136.7302210,Q5359197
2800,琉球新報新聞博物館,沖繩縣,新聞博物館,4.0,100,新聞博物館,Naha Bus Terminal,2.5,0.70,0.8000,1.0000,0.6646,0.8265,,26.2344890,127.6854440,Q123140996
3450,茨城縣立歷史館,茨城縣,都道府县立博物馆,4.0,100,都道府县立博物馆,Mito Station,2.5,0.70,0.8000,1.0000,0.6653,0.8265,http://commons.wikimedia.org/wiki/Special:FilePath/Main-building-of-ibaraki-prefectural-museum-of-history.jpeg,36.3791667,140.4500000,Q4676321
88,掌美術館,京都府,美術館,4.0,100,美術館,Kyoto Station,2.5,0.70,0.8000,1.0000,0.6642,0.8264,,35.0005586,135.7799118,Q3959661
2271,新潟市美術館,新潟縣,美術館,4.0,100,美術館,Niigata Station,2.5,0.70,0.8000,1.0000,0.6641,0.8264,http://commons.wikimedia.org/wiki/Special:FilePath/Niigata%20City%20Art%20Museum.jpg,37.9284167,139.0417222,Q11502938
2644,東京都水道歷史館,東京都,水廠博物館,4.0,100,水廠博物館,Tokyo Station,2.5,0.70,0.8000,1.0000,0.6637,0.8264,http://commons.wikimedia.org/wiki/Special:FilePath/Tokyo%20Suidou%20Rekisikann.jpg,35.7033330,139.7604440,Q11525339
61,大西清右衛門美術館,京都府,美術館,4.0,100,美術館,Kyoto Station,2.5,0.70,0.8000,1.0000,0.6634,0.8263,http://commons.wikimedia.org/wiki/Special:FilePath/Onishi%20Seiwemon%20Museum.jpg,35.0084770,135.7557470,Q127602236
98,何必館・京都現代美術館,京都府,私人博物館,4.0,100,私人博物館,Kyoto Station,2.5,0.70,0.8000,1.0000,0.6627,0.8263,,35.0041865,135.7754297,Q136472115
126,漢検 漢字博物館・図書館,京都府,语言博物馆,4.0,100,语言博物馆,Kyoto Station,2.5,0.70,0.8000,1.0000,0.6632,0.8263,http://commons.wikimedia.org/wiki/Special:FilePath/%E6%BC%A2%E5%AD%97%E3%83%9F%E3%83%A5%E3%83%BC%E3%82%B8%E3%82%A2%E3%83%A0%20-%20%E5%85%A5%E5%8F%A3.jpg,35.0033333,135.7766667,Q53737773
1071,春日大社国宝殿,奈良縣,宝物館,4.0,100,宝物館,Nara Station,2.5,0.70,0.8000,1.0000,0.6631,0.8263,http://commons.wikimedia.org/wiki/Special:FilePath/Kasuga-taisha%20Kokuh%C5%8D-den.jpg,34.6814700,135.8465600,Q123144581
2927,石川県立歴史博物館,石川縣,都道府县立博物馆,4.0,100,都道府县立博物馆,Kanazawa Station,2.5,0.70,0.8000,1.0000,0.6634,0.8263,http://commons.wikimedia.org/wiki/Special:FilePath/Ishikawa-ken%20History%20Museum03s3s4272b.jpg,36.5586111,136.6627778,Q4676340
3742,静岡市立芹沢銈介美術館,靜岡縣,美術館,4.0,100,美術館,Shizuoka Station,2.5,0.70,0.8000,1.0000,0.6632,0.8263,http://commons.wikimedia.org/wiki/Special:FilePath/Shizuoka%20City%20Serizawa%20Keisuke%20Art%20Museum%20front%20gate.JPG,34.9553179,138.4082107,Q78120016
2037,森村記念館,愛知縣,美術館,4.0,100,美術館,Nagoya Station,2.6,0.70,0.8000,1.0000,0.6618,0.8262,http://commons.wikimedia.org/wiki/Special:FilePath/Morimura%20Museum%20%28Nagoya%29%20130623.JPG,35.1723920,136.9095580,Q11539869
2931,鈴木大拙館,石川縣,人物紀念館,4.0,100,人物紀念館,Kanazawa Station,2.6,0.70,0.8000,1.0000,0.6620,0.8262,http://commons.wikimedia.org/wiki/Special:FilePath/%E9%88%B4%E6%9C%A8%E5%A4%A7%E6%8B%99%E9%A4%A8001.jpg,36.5576390,136.6609720,Q11648713
3058,横浜税関資料展示室,神奈川縣,海關博物館,4.0,100,海關博物館,Yokohama Station,2.6,0.70,0.8000,1.0000,0.6622,0.8262,http://commons.wikimedia.org/wiki/Special:FilePath/Yokohama%20Customs%20Museum%20%2815711879357%29.jpg,35.4495000,139.6420000,Q8054623
130,京都祇園らんぷ美術館,京都府,工藝博物館,4.0,100,工藝博物館,Kyoto Station,2.6,0.70,0.8000,1.0000,0.6603,0.8260,,35.0032550,135.7773290,Q132529195
152,平安博物館,京都府,歷史博物館,4.0,100,歷史博物館,Kyoto Station,2.6,0.70,0.8000,1.0000,0.6604,0.8260,http://commons.wikimedia.org/wiki/Special:FilePath/Former%20Bank%20of%20Japan%20building%2C%20Kyoto%20Branch.jpg,35.0087500,135.7622222,Q11482389
805,和歌山市立博物館,和歌山縣,市立博物館,4.0,100,市立博物館,Wakayama Station,2.6,0.70,0.8000,1.0000,0.6599,0.8260,http://commons.wikimedia.org/wiki/Special:FilePath/Wakayama%20City%20Museum1.jpg,34.2331940,135.1631110,Q11417339
963,水道紀念館,大阪府,水族館,4.0,100,水族館,Osaka Station,2.6,0.70,0.8000,1.0000,0.6596,0.8260,http://commons.wikimedia.org/wiki/Special:FilePath/Suido%20Kinenkan%20%28Osaka%293.jpg,34.7243611,135.5053611,Q11549303
2420,気象科学館,東京都,科學博物館,4.0,100,科學博物館,Tokyo Station,2.6,0.70,0.8000,1.0000,0.6603,0.8260,http://commons.wikimedia.org/wiki/Special:FilePath/JMA%20Meteorological%20Science%20Museum.jpg,35.6656110,139.7460560,Q16872707
2604,NHK放送博物館,東京都,公司博物館,4.0,100,公司博物館,Tokyo Station,2.6,0.70,0.8000,1.0000,0.6598,0.8260,http://commons.wikimedia.org/wiki/Special:FilePath/NHK%20Museum.jpg,35.6637780,139.7482780,Q11235312
2660,日本足球博物館,東京都,體育博物館,4.0,100,體育博物館,Tokyo Station,2.6,0.70,0.8000,1.0000,0.6600,0.8260,http://commons.wikimedia.org/wiki/Special:FilePath/Japan%20Football%20Museum%20201904a.jpg,35.7042220,139.7638890,Q11506477
3569,長野市少年科学センター,長野縣,科學博物館,4.0,100,科學博物館,Nagano Station,2.6,0.70,0.8000,1.0000,0.6596,0.8260,http://commons.wikimedia.org/wiki/Special:FilePath/Nagano%20City%20Youth%20Science%20Museum.jpg,36.6657500,138.1945000,Q11654177
3761,静岡市立登呂博物館,靜岡縣,考古博物館,4.0,100,考古博物館,Shizuoka Station,2.6,0.70,0.8000,1.0000,0.6604,0.8260,http://commons.wikimedia.org/wiki/Special:FilePath/Shizuoka%20City%20Toro%20Museum.JPG,34.9553889,138.4088056,Q85884479
2272,新潟縣立自然科学館,新潟縣,都道府县立博物馆,4.0,100,都道府县立博物馆,Niigata Station,2.6,0.70,0.8000,1.0000,0.6578,0.8258,http://commons.wikimedia.org/wiki/Special:FilePath/NIIGATA%20SCIENCE%20MUSEUM.JPG,37.8907220,139.0497500,Q11503121
3980,鹿兒島市立科學館,鹿兒島縣,科學博物館,4.0,100,科學博物館,Kagoshima-Chuo Station,2.6,0.70,0.8000,1.0000,0.6582,0.8258,http://commons.wikimedia.org/wiki/Special:FilePath/Kagoshima%20Municipal%20Science%20Hall.JPG,31.5633060,130.5543610,Q11676648
2676,菊池寛実記念智美術館,東京都,陶瓷博物館,4.0,100,陶瓷博物館,Tokyo Station,2.6,0.70,0.8000,1.0000,0.6572,0.8257,http://commons.wikimedia.org/wiki/Special:FilePath/Mus%C3%A9e%20Tomo%20-%20Tokyo%2C%20Japan%20-%20DSC06684.JPG,35.6661000,139.7450000,Q19340630
3983,鹿兒島水族館,鹿兒島縣,水族館,4.0,100,水族館,Kagoshima-Chuo Station,2.6,0.70,0.8000,1.0000,0.6573,0.8257,http://commons.wikimedia.org/wiki/Special:FilePath/Kagoshima%20Aquarium%202013-08A.JPG,31.5959720,130.5644440,Q11259022
131,京都文化博物馆,京都府,歷史博物館,4.0,100,歷史博物館,Kyoto Station,2.6,0.70,0.8000,1.0000,0.6564,0.8256,http://commons.wikimedia.org/wiki/Special:FilePath/Museum%20of%20Kyoto%2020101204-002.jpg,35.0091667,135.7622222,Q11375592
134,霊山歴史館,京都府,歷史博物館,4.0,100,歷史博物館,Kyoto Station,2.6,0.70,0.8000,1.0000,0.6564,0.8256,http://commons.wikimedia.org/wiki/Special:FilePath/Ryozen%20Museum%20of%20History.JPG,34.9989444,135.7826389,Q3329667
897,大宫盆栽美术馆,埼玉縣,美術館,4.0,100,美術館,Omiya Station,2.6,0.70,0.8000,1.0000,0.6559,0.8256,http://commons.wikimedia.org/wiki/Special:FilePath/OmiyaBonsaiVillage%20%C5%8Cmiya-Bonsai-Art-Museum%20001.jpg,35.9287780,139.6333330,Q17991646
2386,両国花火資料館,東京都,博物館,4.0,100,博物館,Tokyo Station,2.6,0.70,0.8000,1.0000,0.6562,0.8256,http://commons.wikimedia.org/wiki/Special:FilePath/Ryogoku%20Fireworks%20Museum2.JPG,35.6937528,139.7916528,Q21014218
290,鵯展望公園,兵庫縣,风景点,4.0,100,风景点,Kobe Station,2.6,0.70,0.8000,1.0000,0.6545,0.8255,,34.6869440,135.1506940,Q11276647
2180,切支丹遺蹟博物館,愛知縣,キリスト教博物館,4.0,100,キリスト教博物館,Nagoya Station,2.6,0.70,0.8000,1.0000,0.6555,0.8255,http://commons.wikimedia.org/wiki/Special:FilePath/Nagoya-Christian-Museum-001.jpg,35.1536730,136.9012930,Q79866768
3234,九州能源館,福岡縣,エネルギー博物館,4.0,100,エネルギー博物館,Hakata Station,2.6,0.70,0.8000,1.0000,0.6545,0.8255,http://commons.wikimedia.org/wiki/Special:FilePath/Kyusyu%20enekan.JPG,33.5783330,130.3960280,Q11370126
2558,遊就館,東京都,軍事博物館,4.0,100,軍事博物館,Tokyo Station,2.6,0.70,0.8000,1.0000,0.6538,0.8254,http://commons.wikimedia.org/wiki/Special:FilePath/Yasukuni%20Yusyukan%202.jpg,35.6951300,139.7433300,Q2855971
3175,博多港塔,福岡縣,通讯塔,4.0,100,通讯塔,Hakata Station,2.6,0.70,0.8000,1.0000,0.6537,0.8254,http://commons.wikimedia.org/wiki/Special:FilePath/Baysideplace001.jpg,33.6044444,130.3977778,Q1568000
940,大分縣立藝術會館,大分縣,多功能大厅,4.0,100,多功能大厅,Oita Station,2.7,0.70,0.8000,1.0000,0.6530,0.8253,http://commons.wikimedia.org/wiki/Special:FilePath/Oita%20geikan1.jpg,33.2383333,131.6344444,Q11432896
2262,安吾 風の館,新潟縣,人物紀念館,4.0,100,人物紀念館,Niigata Station,2.7,0.70,0.8000,1.0000,0.6529,0.8253,http://commons.wikimedia.org/wiki/Special:FilePath/Niigata%20Ango-kaze-no-yakata%2020130811.JPG,37.9266667,139.0377778,Q11450434
2605,オカムラいすの博物館,東京都,公司博物館,4.0,100,公司博物館,Tokyo Station,2.7,0.70,0.8000,1.0000,0.6528,0.8253,http://commons.wikimedia.org/wiki/Special:FilePath/Okamura%20chairs%20museum.jpg,35.6750000,139.7386670,Q17224098
2637,江東区芭蕉記念館,東京都,人物紀念館,4.0,100,人物紀念館,Tokyo Station,2.7,0.70,0.8000,1.0000,0.6529,0.8253,http://commons.wikimedia.org/wiki/Special:FilePath/Basho%20kinenkan.jpg,35.6844190,139.7962620,Q809981
3879,高知市立自由民權紀念館,高知縣,博物館,4.0,100,博物館,Kochi Station,2.7,0.70,0.8000,1.0000,0.6531,0.8253,http://commons.wikimedia.org/wiki/Special:FilePath/Kochi%20Liberty%20and%20Peoples%20Rights%20Museum03s3200.jpg,33.5431110,133.5502500,Q11672370
2325,大倉集古館,東京都,美術館,4.0,100,美術館,Tokyo Station,2.7,0.70,0.8000,1.0000,0.6520,0.8252,http://commons.wikimedia.org/wiki/Special:FilePath/Okura-Shukokan-01.jpg,35.6669444,139.7433333,Q3329598
537,渡辺淳一文学館,北海道,文學館,4.0,100,文學館,Sapporo Station,2.7,0.70,0.8000,1.0000,0.6497,0.8250,http://commons.wikimedia.org/wiki/Special:FilePath/Junichi%20Watanabe%20Bungakukan01bs5s3200.jpg,43.0444570,141.3513340,Q123124840
944,大分縣立埋藏文化財中心,大分縣,埋藏文化財中心,4.0,100,埋藏文化財中心,Oita Station,2.7,0.70,0.8000,1.0000,0.6505,0.8250,http://commons.wikimedia.org/wiki/Special:FilePath/Oita%20geikan1.jpg,33.2384167,131.6347500,Q11432816
2056,楽只美術館,愛知縣,美術館,4.0,100,美術館,Nagoya Station,2.7,0.70,0.8000,1.0000,0.6498,0.8250,http://commons.wikimedia.org/wiki/Special:FilePath/Rakusi%20Art%20Museum%202013-08.JPG,35.1752530,136.9106610,Q11541558
2063,爱知县美术馆,愛知縣,美術館,4.0,100,美術館,Nagoya Station,2.7,0.70,0.8000,1.0000,0.6485,0.8249,http://commons.wikimedia.org/wiki/Special:FilePath/Aichi%20Arts%20Center%20exterior%20ac.jpg,35.1711500,136.9113080,Q11256823
3479,和平公園,長崎縣,紀念公園,4.0,100,紀念公園,Nagasaki Station,2.7,0.70,0.8000,1.0000,0.6489,0.8249,http://commons.wikimedia.org/wiki/Special:FilePath/Fountain%20at%20Nagasaki%20Peace%20Park.jpg,32.7755800,129.8631200,Q93490
209,神戶北野美術館,兵庫縣,使領館館舍,4.0,100,使領館館舍,Kobe Station,2.7,0.70,0.8000,1.0000,0.6482,0.8248,http://commons.wikimedia.org/wiki/Special:FilePath/Kobe%20kitano%20museum01s2048.jpg,34.7012580,135.1915360,Q11589817
1413,山梨県立文学館,山梨縣,都道府县立博物馆,4.0,100,都道府县立博物馆,Kofu Station,2.7,0.70,0.8000,1.0000,0.6477,0.8248,http://commons.wikimedia.org/wiki/Special:FilePath/Yamanashi-Pref-LP.jpg,35.6601389,138.5394444,Q11469712
3443,德川博物館,茨城縣,博物館,4.0,100,博物館,Mito Station,2.7,0.70,0.8000,1.0000,0.6482,0.8248,http://commons.wikimedia.org/wiki/Special:FilePath/Tokugawa%20Museum%2001.JPG,36.3717220,140.4458060,Q11488064
3133,福井市美術館,福井縣,人物紀念館,4.0,100,人物紀念館,Fukui Station,2.7,0.70,0.8000,1.0000,0.6473,0.8247,http://commons.wikimedia.org/wiki/Special:FilePath/FUKUI%20CITY%20ART%20MUSEUM.jpg,36.0389722,136.2342778,Q24874086
150,京都絞り工芸館,京都府,織物博物館,4.0,100,織物博物館,Kyoto Station,2.7,0.70,0.8000,1.0000,0.6461,0.8246,,35.0100760,135.7537070,Q132529270
688,千葉縣立中央博物館,千葉縣,千葉の県立博物館,4.0,100,千葉の県立博物館,Chiba Station,2.7,0.70,0.8000,1.0000,0.6464,0.8246,http://commons.wikimedia.org/wiki/Special:FilePath/ChibaKenritsuChuoHakubutsukan.jpg,35.5998320,140.1384300,Q9008805
3974,ジャングルパーク遊園地,鹿兒島縣,主題樂園,4.0,100,主題樂園,Kagoshima-Chuo Station,2.7,0.70,0.8000,1.0000,0.6463,0.8246,,31.5700000,130.5650000,Q11310142
498,北海道立文学館,北海道,文學館,4.0,100,文學館,Sapporo Station,2.8,0.70,0.8000,1.0000,0.6449,0.8245,http://commons.wikimedia.org/wiki/Special:FilePath/%E6%9C%AD%E5%B9%8C%E3%81%AE%E6%96%87%E5%AD%A6%E9%A4%A8.JPG,43.0442500,141.3561670,Q11402965
3093,横滨三塔,神奈川縣,地貌景观,4.0,100,地貌景观,Yokohama Station,2.8,0.70,0.8000,1.0000,0.6424,0.8242,http://commons.wikimedia.org/wiki/Special:FilePath/Prefectural%20office%20of%20Kanagawa.jpg,35.4526000,139.6485000,Q6135572
967,藤田美术馆,大阪府,美術館,4.0,100,美術館,Osaka Station,2.8,0.70,0.8000,1.0000,0.6411,0.8241,http://commons.wikimedia.org/wiki/Special:FilePath/Fujita%20museum01s3072.jpg,34.6949780,135.5251240,Q3329563
1207,宮崎縣綜合博物館,宮崎縣,都道府县立博物馆,4.0,100,都道府县立博物馆,Miyazaki Station,2.8,0.70,0.8000,1.0000,0.6410,0.8241,http://commons.wikimedia.org/wiki/Special:FilePath/Miyazaki%20Miyazaki%20Prefectural%20Museum%201.jpg,31.9400000,131.4236111,Q4677133
3888,高知縣立美術館,高知縣,美術館,4.0,100,美術館,Kochi Station,2.8,0.70,0.8000,1.0000,0.6408,0.8241,http://commons.wikimedia.org/wiki/Special:FilePath/The%20Museum%20of%20Art%20Kochi08s3872.jpg,33.5611000,133.5730000,Q2496483
3132,おさごえ民家園,福井縣,生態博物館,4.0,100,生態博物館,Fukui Station,2.8,0.70,0.8000,1.0000,0.6397,0.8240,http://commons.wikimedia.org/wiki/Special:FilePath/Osagoe%20minkaen.jpg,36.0455833,136.1996389,Q30922332
2326,新大谷美術館,東京都,美術館,4.0,100,美術館,Tokyo Station,2.8,0.70,0.8000,1.0000,0.6388,0.8239,,35.6791000,139.7359000,Q3815479
3106,玉楠之木／橫濱開港資料館,神奈川縣,博物館,4.0,100,博物館,Yokohama Station,2.8,0.70,0.8000,1.0000,0.6380,0.8238,http://commons.wikimedia.org/wiki/Special:FilePath/Yokohama%20Archives%20of%20History02.jpg,35.4475000,139.6440000,Q942479
211,魚鱗之家,兵庫縣,異人館,4.0,100,異人館,Kobe Station,2.9,0.70,0.8000,1.0000,0.6369,0.8237,http://commons.wikimedia.org/wiki/Special:FilePath/Uroko%20house01s3200.jpg,34.7029610,135.1906670,Q11263124
2582,バックダーン,東京都,スチール・ローラー・コースター,4.0,100,スチール・ローラー・コースター,Tokyo Station,2.8,0.70,0.8000,1.0000,0.6371,0.8237,,35.7045000,139.7540000,Q65241484
217,柏拉圖裝飾藝術博物館,兵庫縣,異人館,4.0,100,異人館,Kobe Station,2.9,0.70,0.8000,1.0000,0.6365,0.8236,http://commons.wikimedia.org/wiki/Special:FilePath/Plato%20museum01p3200.jpg,34.7024440,135.1921390,Q11286729
128,京都國際漫畫博物館,京都府,動漫博物館,4.0,100,動漫博物館,Kyoto Station,2.9,0.70,0.8000,1.0000,0.6346,0.8235,http://commons.wikimedia.org/wiki/Special:FilePath/%E4%BA%AC%E9%83%BD%E5%9B%BD%E9%9A%9B%E3%83%9E%E3%83%B3%E3%82%AC%E3%83%9F%E3%83%A5%E3%83%BC%E3%82%B8%E3%82%A2%E3%83%A0.jpg,35.0116867,135.7591715,Q783923
274,山手八番馆,兵庫縣,历史房屋博物馆,4.0,100,历史房屋博物馆,Kobe Station,2.9,0.70,0.8000,1.0000,0.6351,0.8235,http://commons.wikimedia.org/wiki/Special:FilePath/Yamate%20hall%20of%20no8%202048.jpg,34.7030560,135.1910000,Q11468702
2751,沖縄空手会館,沖繩縣,博物館,4.0,100,博物館,Naha Bus Terminal,2.9,0.70,0.8000,1.0000,0.6353,0.8235,http://commons.wikimedia.org/wiki/Special:FilePath/Okinawa%20Karate%20Kaikan%2001.JPG,26.1869167,127.6830556,Q48744697
2834,大津市科學館,滋賀縣,科學博物館,4.0,100,科學博物館,Otsu Station,2.9,0.70,0.8000,1.0000,0.6345,0.8235,http://commons.wikimedia.org/wiki/Special:FilePath/Otsu-City-Science-Museum.jpg,34.9940556,135.8936944,Q55522393
3017,放送圖書館,神奈川縣,archival material,4.0,100,archival material,Yokohama Station,2.9,0.70,0.8000,1.0000,0.6347,0.8235,http://commons.wikimedia.org/wiki/Special:FilePath/Yokohama%20Media%20and%20Communications%20Center%2020100619-001.jpg,35.4462220,139.6428890,Q11499008
3099,日本新聞博物館,神奈川縣,新聞博物館,4.0,100,新聞博物館,Yokohama Station,2.9,0.70,0.8000,1.0000,0.6352,0.8235,,35.4462480,139.6428180,Q104708681
3095,シルク博物館,神奈川縣,織物博物館,4.0,100,織物博物館,Yokohama Station,2.9,0.70,0.8000,1.0000,0.6336,0.8234,http://commons.wikimedia.org/wiki/Special:FilePath/Yokohama%20Silk%20Museum%20001.JPG,35.4476000,139.6450000,Q8054642
1446,山梨县立美术馆,山梨縣,美術館,4.0,100,美術館,Kofu Station,2.9,0.70,0.8000,1.0000,0.6333,0.8233,http://commons.wikimedia.org/wiki/Special:FilePath/Art%20museums%20in%20Yamanashi%20prefecture%2020231028a2.jpg,35.6603889,138.5373333,Q11469731
1499,岐阜県歴史資料館,岐阜縣,檔案館,4.0,100,檔案館,Gifu Station,2.9,0.70,0.8000,1.0000,0.6328,0.8233,http://commons.wikimedia.org/wiki/Special:FilePath/Gifu%20Prefectural%20Archives%201.JPG,35.4306890,136.7741030,Q11471462
1884,健康科學館,廣島縣,科學博物館,4.0,100,科學博物館,Hiroshima Station,2.9,0.70,0.8000,1.0000,0.6331,0.8233,http://commons.wikimedia.org/wiki/Special:FilePath/Hiroshima%20Koto%20Kogyo%20Gakko%20140811.JPG,34.3762780,132.4571390,Q11387212
3100,橫濱歐亞文化館,神奈川縣,文化博物館,4.0,100,文化博物館,Yokohama Station,2.9,0.70,0.8000,1.0000,0.6334,0.8233,http://commons.wikimedia.org/wiki/Special:FilePath/Eurasia%20bunka%201.JPG,35.4462711,139.6432561,Q22120804
3121,橫濱都市發展紀念館,神奈川縣,歷史博物館,4.0,100,歷史博物館,Yokohama Station,2.9,0.70,0.8000,1.0000,0.6334,0.8233,http://commons.wikimedia.org/wiki/Special:FilePath/Museum%20of%20yokohama%20urban%20history001.JPG,35.4462711,139.6432561,Q21655117
1294,山口大学埋蔵文化財資料館,山口縣,考古博物館,4.0,100,考古博物館,Yamaguchi Station,2.9,0.70,0.8000,1.0000,0.6311,0.8231,,34.1479280,131.4693770,Q104783675
2431,東京dome city attractions,東京都,主題樂園,4.0,100,主題樂園,Tokyo Station,2.9,0.70,0.8000,1.0000,0.6306,0.8231,http://commons.wikimedia.org/wiki/Special:FilePath/Sky-flower%20from%20Tokyodomecityattractions.jpg,35.7053000,139.7540000,Q564646
84,京都市立芸術大学ギャラリー,京都府,美術館,4.0,100,美術館,Kyoto Station,2.9,0.70,0.8000,1.0000,0.6300,0.8230,,35.0117005,135.7525167,Q99551687
1075,平城宮跡資料館,奈良縣,博物館,4.0,100,博物館,Nara Station,3.0,0.70,0.8000,1.0000,0.6278,0.8228,http://commons.wikimedia.org/wiki/Special:FilePath/Nara%20Palace%20Site%20Museum.jpg,34.6922910,135.7897190,Q123553180
2655,相扑博物馆,東京都,體育博物館,4.0,100,體育博物館,Tokyo Station,3.0,0.70,0.8000,1.0000,0.6271,0.8227,http://commons.wikimedia.org/wiki/Special:FilePath/Ryogoku%20Kokugikan3.jpg,35.6971390,139.7935280,Q11582043
3999,西鄉南洲表彰館,鹿兒島縣,人物紀念館,4.0,100,人物紀念館,Kagoshima-Chuo Station,3.0,0.70,0.8000,1.0000,0.6271,0.8227,http://commons.wikimedia.org/wiki/Special:FilePath/Saig%C5%8D%20Nansh%C5%AB%20Memorial%20Hall.JPG,31.6058330,130.5586110,Q11629651
3934,渡辺美術館,鳥取縣,美術館,4.0,100,美術館,Tottori Station,3.0,0.70,0.8000,1.0000,0.6263,0.8226,http://commons.wikimedia.org/wiki/Special:FilePath/Watanabe%20museum01%201920.jpg,35.5208056,134.2273056,Q11562497
1114,唐招提寺新宝蔵,奈良縣,宝物館,4.0,100,宝物館,Nara Station,3.0,0.70,0.8000,1.0000,0.6237,0.8224,http://commons.wikimedia.org/wiki/Special:FilePath/Toshodaiji%20Nara%20Nara%20pref34n4592.jpg,34.6758360,135.7863010,Q123246926
2434,ビッグ・オー (観覧車),東京都,摩天輪,4.0,100,摩天輪,Tokyo Station,3.0,0.70,0.8000,1.0000,0.6241,0.8224,http://commons.wikimedia.org/wiki/Special:FilePath/LaQua02s3200.jpg,35.7060725,139.7539151,Q794709
1963,セキ美術館,愛媛縣,美術館,4.0,100,美術館,Matsuyama Station,3.0,0.70,0.8000,1.0000,0.6228,0.8223,http://commons.wikimedia.org/wiki/Special:FilePath/Seki%20Museum%28Matsuyama%20City%29.JPG,33.8508735,132.7817135,Q123531601
3505,長崎市永井隆記念館,長崎縣,人物紀念館,4.0,100,人物紀念館,Nagasaki Station,3.0,0.70,0.8000,1.0000,0.6228,0.8223,http://commons.wikimedia.org/wiki/Special:FilePath/Nagasaki%20City%20Nagai%20Takashi%20Memorial%20Museum.jpg,32.7790070,129.8657140,Q118111277
1248,富山県埋蔵文化財センター,富山縣,考古博物館,4.0,100,考古博物館,Toyama Station,3.0,0.70,0.8000,1.0000,0.6221,0.8222,,36.7103889,137.1807778,Q30927608
2506,深川 江戶資料館,東京都,地方文化館,4.0,100,地方文化館,Tokyo Station,3.0,0.70,0.8000,1.0000,0.6223,0.8222,http://commons.wikimedia.org/wiki/Special:FilePath/Fukagawa%20Edo%20Museum.JPG,35.6809200,139.8007000,Q3090685
2567,東京巨蛋城,東京都,家庭娛樂中心,4.0,100,家庭娛樂中心,Tokyo Station,3.0,0.70,0.8000,1.0000,0.6222,0.8222,http://commons.wikimedia.org/wiki/Special:FilePath/TokyoDome8945.jpg,35.7056000,139.7520000,Q564554
1556,円空美術館,岐阜縣,人物紀念館,4.0,100,人物紀念館,Gifu Station,3.1,0.70,0.8000,1.0000,0.6210,0.8221,http://commons.wikimedia.org/wiki/Special:FilePath/Enku%20bijutukan001.JPG,35.4332080,136.7721610,Q10974975
2103,名古屋市下水道科学館,愛知縣,水廠博物館,4.0,100,水廠博物館,Nagoya Station,3.1,0.70,0.8000,1.0000,0.6206,0.8221,http://commons.wikimedia.org/wiki/Special:FilePath/Meijo%20Water%20treatment%20center-01.jpg,35.1921361,136.9028639,Q11361063
2206,清須市西枇杷島問屋記念館,愛知縣,博物館,4.0,100,博物館,Nagoya Station,3.1,0.70,0.8000,1.0000,0.6211,0.8221,http://commons.wikimedia.org/wiki/Special:FilePath/Nishibiwajima%20Tonya%20Memorial%20Museum%20ac%20%281%29.jpg,35.1932833,136.8620889,Q48759260
2658,野球殿堂博物館,東京都,體育博物館,4.0,100,體育博物館,Tokyo Station,3.0,0.70,0.8000,1.0000,0.6214,0.8221,http://commons.wikimedia.org/wiki/Special:FilePath/Baseball%20Hall%20of%20Fame%20and%20Museum%20%28Japan%29%20Entrance.jpg,35.7056583,139.7519139,Q1134380
1522,岐阜市歴史博物館,岐阜縣,歷史博物館,4.0,100,歷史博物館,Gifu Station,3.1,0.70,0.8000,1.0000,0.6180,0.8218,http://commons.wikimedia.org/wiki/Special:FilePath/Gifushirekishi.JPG,35.4333200,136.7728030,Q5359247
1605,名和昆虫博物館,岐阜縣,昆虫博物館,4.0,100,昆虫博物館,Gifu Station,3.1,0.70,0.8000,1.0000,0.6182,0.8218,http://commons.wikimedia.org/wiki/Special:FilePath/Nawa%20Insect%20Museum%201.JPG,35.4331389,136.7731389,Q5359335
2551,東京大學總合研究博物館,東京都,大學博物館,4.0,100,大學博物館,Tokyo Station,3.1,0.70,0.8000,1.0000,0.6177,0.8218,http://commons.wikimedia.org/wiki/Special:FilePath/The%20University%20Museum%2C%20The%20University%20of%20Tokyo%20P3097606.jpg,35.7086110,139.7611940,Q15524927
2527,東京理科大学近代科学資料館,東京都,大學博物館,4.0,100,大學博物館,Tokyo Station,3.1,0.70,0.8000,1.0000,0.6172,0.8217,http://commons.wikimedia.org/wiki/Special:FilePath/Ridai%20Museum%20of%20Modern%20Science%20-%20Tokyo%2C%20Japan%20-%20DSC04697.jpg,35.6991670,139.7408330,Q11525035
2590,刀劍博物館,東京都,軍事博物館,4.0,100,軍事博物館,Tokyo Station,3.1,0.70,0.8000,1.0000,0.6168,0.8217,http://commons.wikimedia.org/wiki/Special:FilePath/Kyu%20Yasuda%20teien3.jpg,35.6989825,139.7936325,Q3329874
2657,江戶東京博物館,東京都,博物馆建筑,4.0,100,博物馆建筑,Tokyo Station,3.1,0.70,0.8000,1.0000,0.6161,0.8216,http://commons.wikimedia.org/wiki/Special:FilePath/Edo-Tokyo%20Museum.jpg,35.6963890,139.7960830,Q1191042
2544,文京故鄉歷史館,東京都,地方文化館,4.0,100,地方文化館,Tokyo Station,3.1,0.70,0.8000,1.0000,0.6152,0.8215,http://commons.wikimedia.org/wiki/Special:FilePath/Furusato%20History%20Museum%2C%20Bunkyo%2002.jpg,35.7080000,139.7566000,Q11499743
1048,大阪歷史博物館,大阪府,歷史博物館,4.0,100,歷史博物館,Osaka Station,3.2,0.70,0.8000,1.0000,0.6123,0.8212,http://commons.wikimedia.org/wiki/Special:FilePath/140923%20Osaka%20Museum%20of%20History%20Osaka%20Japan02s3.jpg,34.6827220,135.5208060,Q11261312
112,島津創業紀念資料館,京都府,公司博物館,4.0,100,公司博物館,Kyoto Station,3.2,0.70,0.8000,1.0000,0.6107,0.8211,http://commons.wikimedia.org/wiki/Special:FilePath/Shimadzu-Foundation-Memorial-Hall-01.jpg,35.0128860,135.7702420,Q11476799
2469,国立近現代建築資料館,東京都,國家檔案館,4.0,100,國家檔案館,Tokyo Station,3.2,0.70,0.8000,1.0000,0.6109,0.8211,http://commons.wikimedia.org/wiki/Special:FilePath/National%20Archives%20of%20Modern%20Architecture%20in%20Japan%201.jpg,35.7098361,139.7666389,Q28312009
2494,東京鐵塔,東京都,觀光景點,4.0,100,觀光景點,Tokyo Station,3.2,0.70,0.8000,1.0000,0.6114,0.8211,http://commons.wikimedia.org/wiki/Special:FilePath/Tokyo%20Tower%202023.jpg,35.6586111,139.7455556,Q183536
2580,ONE PIECE LIVE ATTRACTION,東京都,主題公園,4.0,100,主題公園,Tokyo Station,3.2,0.70,0.8000,1.0000,0.6114,0.8211,,35.6586111,139.7455556,Q28531358
1980,瓶泥舎びいどろ・ぎやまん・ガラス美術館,愛媛縣,美術館,4.0,100,美術館,Matsuyama Station,3.2,0.70,0.8000,1.0000,0.6100,0.8210,,33.8534270,132.7823020,Q123532547
2630,田河水泡・のらくろ館,東京都,動漫博物館,4.0,100,動漫博物館,Tokyo Station,3.2,0.70,0.8000,1.0000,0.6097,0.8210,,35.6852222,139.8021944,Q17209701
966,大阪市下水道科學館,大阪府,水廠博物館,4.0,100,水廠博物館,Osaka Station,3.2,0.70,0.8000,1.0000,0.6085,0.8209,http://commons.wikimedia.org/wiki/Special:FilePath/Osakashi%20gesuido%20kagakukan.jpg,34.6934720,135.4624720,Q11440200
1033,大阪城天守閣,大阪府,天守,4.0,100,天守,Osaka Station,3.2,0.70,0.8000,1.0000,0.6083,0.8208,http://commons.wikimedia.org/wiki/Special:FilePath/Osaka%20Castle%20Nishinomaru%20Garden%20April%202005.JPG,34.6872869,135.5258696,Q96338884
2278,Marinpia日本海,新潟縣,水族館,4.0,100,水族館,Niigata Station,3.2,0.70,0.8000,1.0000,0.6074,0.8207,http://commons.wikimedia.org/wiki/Special:FilePath/%E6%96%B0%E6%BD%9F%E5%B8%82%E6%B0%B4%E6%97%8F%E9%A4%A8%E3%83%9E%E3%83%AA%E3%83%B3%E3%83%94%E3%82%A2%E6%97%A5%E6%9C%AC%E6%B5%B7.jpg,37.9236333,139.0279750,Q11502898
102,京指物資料館,京都府,家具博物館,4.0,100,家具博物館,Kyoto Station,3.3,0.70,0.8000,1.0000,0.6048,0.8205,,35.0149865,135.7629520,Q132529130
2022,湯築城資料館,愛媛縣,博物館,4.0,100,博物館,Matsuyama Station,3.3,0.70,0.8000,1.0000,0.6047,0.8205,,33.8481170,132.7856120,Q104783927
2640,したまちミュージアム,東京都,民俗博物館,4.0,100,民俗博物館,Tokyo Station,3.3,0.70,0.8000,1.0000,0.6051,0.8205,http://commons.wikimedia.org/wiki/Special:FilePath/Shitamachi-museum-ueno-japan.jpg,35.7102000,139.7726000,Q3915464
2873,膳所焼美術館,滋賀縣,陶瓷博物館,4.0,100,陶瓷博物館,Otsu Station,3.3,0.70,0.8000,1.0000,0.6052,0.8205,,34.9884730,135.8949240,Q132733421
3018,ヨコハマおもしろ水族館,神奈川縣,水族館,4.0,100,水族館,Yokohama Station,3.3,0.70,0.8000,1.0000,0.6055,0.8205,http://commons.wikimedia.org/wiki/Special:FilePath/Yokohama%20Fortune%20Aquarium.jpg,35.4429440,139.6445830,Q17230652
1190,輪王寺,宮城縣,觀光景點,4.0,100,觀光景點,Sendai Station,3.3,0.70,0.8000,1.0000,0.6028,0.8203,http://commons.wikimedia.org/wiki/Special:FilePath/Rinnoji%20%287399308806%29.jpg,38.2832730,140.8587320,Q85883931
2435,森ビル デジタルアート ミュージアム：エプソン チームラボボーダレス,東京都,美術館,4.0,100,美術館,Tokyo Station,3.3,0.70,0.8000,1.0000,0.6033,0.8203,http://commons.wikimedia.org/wiki/Special:FilePath/TeamLab%20Borderless%20Azabudai%20Hills.jpg,35.6608823,139.7406572,Q131314431
1159,八木山ベニーランド,宮城縣,主題樂園,4.0,100,主題樂園,Sendai Station,3.3,0.70,0.8000,1.0000,0.6015,0.8202,http://commons.wikimedia.org/wiki/Special:FilePath/Yagiyama%20BenyLand%202022.jpg,38.2466667,140.8486111,Q11391333
3208,鴻臚館跡展示館,福岡縣,展览场地,4.0,100,展览场地,Hakata Station,3.3,0.70,0.8000,1.0000,0.6019,0.8202,http://commons.wikimedia.org/wiki/Special:FilePath/K%C5%8Drokan%20Historical%20Museum%20the%20exhibition%20hall%201%20J%C5%8Dnai%20Ch%C5%AB%C5%8D-ku%20Fukuoka%20City%2020221018.jpg,33.5859722,130.3853611,Q116939503
2849,近江神宮時鐘館寶物館,滋賀縣,博物館,4.0,100,博物館,Otsu Station,3.3,0.70,0.8000,1.0000,0.6015,0.8201,http://commons.wikimedia.org/wiki/Special:FilePath/Omi-jingu%20clock%20museum.jpg,35.0318611,135.8521667,Q107268943
3219,キッザニア福岡,福岡縣,主題公園,4.0,100,主題公園,Hakata Station,3.3,0.70,0.8000,1.0000,0.5997,0.8200,,33.5650000,130.4402778,Q113371298
987,大阪市立博物館,大阪府,市立博物館,4.0,100,市立博物館,Osaka Station,3.4,0.70,0.8000,1.0000,0.5984,0.8198,http://commons.wikimedia.org/wiki/Special:FilePath/HeadQuarter4thDiv-Osaka.jpg,34.6858610,135.5265280,Q11440386
1481,加藤栄三・東一記念美術館,岐阜縣,美術館,4.0,100,美術館,Gifu Station,3.4,0.70,0.8000,1.0000,0.5984,0.8198,http://commons.wikimedia.org/wiki/Special:FilePath/Katoeizotoichi.JPG,35.4350010,136.7750920,Q5350087
2697,栃木県立美術館,栃木縣,美術館,4.0,100,美術館,Utsunomiya Station,3.4,0.70,0.8000,1.0000,0.5975,0.8198,http://commons.wikimedia.org/wiki/Special:FilePath/Tochigi%20Prefectural%20Museum%20of%20Fine%20Arts%202020%201.jpg,36.5597000,139.8610000,Q2655386
72,並河靖之七宝記念館,京都府,人物紀念館,4.0,100,人物紀念館,Kyoto Station,3.4,0.70,0.8000,1.0000,0.5972,0.8197,http://commons.wikimedia.org/wiki/Special:FilePath/Namikawa%20cloisonne%20museum%20of%20kyoto.jpg,35.0098890,135.7813060,Q18337620
2349,礫川浮世絵美術館,東京都,美術館,4.0,100,美術館,Tokyo Station,3.4,0.70,0.8000,1.0000,0.5974,0.8197,http://commons.wikimedia.org/wiki/Special:FilePath/Koishikawa%20Ukiyo-e%20Art%20Museum.JPG,35.7088889,139.7519444,Q3788661
3494,長崎市科學館,長崎縣,科學博物館,4.0,100,科學博物館,Nagasaki Station,3.4,0.70,0.8000,1.0000,0.5958,0.8196,http://commons.wikimedia.org/wiki/Special:FilePath/Nagasaki%20prefectural%20gymnasium.JPG,32.7788889,129.8533333,Q11652469
2402,東京都復興記念館,東京都,博物館,4.0,100,博物館,Tokyo Station,3.4,0.70,0.8000,1.0000,0.5954,0.8195,http://commons.wikimedia.org/wiki/Special:FilePath/Great%20Kanto%20Earthquake%20Memorial%20Museum.jpg,35.6998444,139.7969056,Q24895832
3220,平和南緑地展望台,福岡縣,觀景台,4.0,100,觀景台,Hakata Station,3.4,0.70,0.8000,1.0000,0.5949,0.8195,,33.5624444,130.4051944,Q122897885
3913,鳥取県埋蔵文化財センター,鳥取縣,埋藏文化財中心,4.0,100,埋藏文化財中心,Tottori Station,3.4,0.70,0.8000,1.0000,0.5954,0.8195,,35.4802750,134.2593330,Q138197860
1845,馬自達博物館,廣島縣,公司博物館,4.0,100,公司博物館,Hiroshima Station,3.4,0.70,0.8000,1.0000,0.5940,0.8194,http://commons.wikimedia.org/wiki/Special:FilePath/Mazda-FAMILIA-rotary-coupe01.jpg,34.3770583,132.5030111,Q11340571
2716,栃木縣立博物館,栃木縣,都道府县立博物馆,4.0,100,都道府县立博物馆,Utsunomiya Station,3.4,0.70,0.8000,1.0000,0.5942,0.8194,http://commons.wikimedia.org/wiki/Special:FilePath/Tochigi%20prefectural%20museum.jpg,36.5595833,139.8604722,Q11535226
2850,膳所藩資料館,滋賀縣,博物館,4.0,100,博物館,Otsu Station,3.4,0.70,0.8000,1.0000,0.5937,0.8194,,34.9880556,135.8966667,Q107269197
2222,あいち銭湯資料館,愛知縣,博物館,4.0,100,博物館,Nagoya Station,3.4,0.70,0.8000,1.0000,0.5927,0.8193,http://commons.wikimedia.org/wiki/Special:FilePath/Aichi%20Sento%20Shiryokan%2020190119-01.jpg,35.1552500,136.9140830,Q56305473
2308,横山大観記念館,東京都,人物紀念館,4.0,100,人物紀念館,Tokyo Station,3.4,0.70,0.8000,1.0000,0.5926,0.8193,http://commons.wikimedia.org/wiki/Special:FilePath/Yokoyama%20Taikan%20Memorial%20Hall.JPG,35.7120950,139.7681660,Q30925115
1991,松山市立子規紀念博物館,愛媛縣,人物紀念館,4.0,100,人物紀念館,Matsuyama Station,3.5,0.70,0.8000,1.0000,0.5902,0.8190,http://commons.wikimedia.org/wiki/Special:FilePath/Masaoka%20Shiki%20Museum%20front.jpg,33.8496570,132.7873710,Q5016554
2309,墨田北齋美術館,東京都,美術館,4.0,100,美術館,Tokyo Station,3.5,0.70,0.8000,1.0000,0.5904,0.8190,http://commons.wikimedia.org/wiki/Special:FilePath/2018%20Sumida%20Hokusai%20Museum%202.jpg,35.6967500,139.8003890,Q17220332
3466,常磐大学博物館学博物館,茨城縣,博物館,4.0,100,博物館,Mito Station,3.5,0.70,0.8000,1.0000,0.5897,0.8190,,36.3823460,140.4399800,Q104696529
1976,伊丹十三纪念馆,愛媛縣,人物紀念館,4.0,100,人物紀念館,Matsuyama Station,3.5,0.70,0.8000,1.0000,0.5887,0.8189,http://commons.wikimedia.org/wiki/Special:FilePath/ITAMI%20JUZO%20MUSEUM%28Matsuyama-City%29.JPG,33.8179861,132.7781194,Q10884817
2054,横山美術館,愛知縣,美術館,4.0,100,美術館,Nagoya Station,3.5,0.70,0.8000,1.0000,0.5886,0.8189,http://commons.wikimedia.org/wiki/Special:FilePath/Yokoyama%20Art%20Museum%2020200801.jpg,35.1733000,136.9198361,Q42634129
2069,ヤマザキマザック美術館,愛知縣,美術館,4.0,100,美術館,Nagoya Station,3.5,0.70,0.8000,1.0000,0.5891,0.8189,http://commons.wikimedia.org/wiki/Special:FilePath/Yamazaki%20Mazak%20Museum%20of%20Art%20and%20Mazak%20Art%20Plaza.jpg,35.1710500,136.9198690,Q11345132
80,京都市青少年科学センター,京都府,科學博物館,4.0,100,科學博物館,Kyoto Station,3.5,0.70,0.8000,1.0000,0.5870,0.8187,http://commons.wikimedia.org/wiki/Special:FilePath/Kyoto%20Municipal%20Science%20Center.jpg,34.9545120,135.7645120,Q30266176
337,竹中大工道具馆,兵庫縣,公司博物館,4.0,100,公司博物館,Kobe Station,3.5,0.70,0.8000,1.0000,0.5871,0.8187,http://commons.wikimedia.org/wiki/Special:FilePath/160312%20Takenaka%20Carpentry%20Tools%20Museum%20Kobe%20Japan03s3.jpg,34.7068000,135.1975000,Q24882700
2775,一中学徒隊資料展示室,沖繩縣,軍事博物館,4.0,100,軍事博物館,Naha Bus Terminal,3.5,0.70,0.8000,1.0000,0.5869,0.8187,http://commons.wikimedia.org/wiki/Special:FilePath/%E4%B8%80%E4%B8%AD%E5%AD%A6%E5%BE%92%E9%9A%8A%E5%B1%95%E7%A4%BA%E5%AE%A4.jpg,26.2173889,127.7140556,Q60986071
59,藤井有邻馆,京都府,美術館,4.0,100,美術館,Kyoto Station,3.5,0.70,0.8000,1.0000,0.5860,0.8186,http://commons.wikimedia.org/wiki/Special:FilePath/Yurinkan%20Museum.jpg,35.0116940,135.7812780,Q11622794
2489,月の松,東京都,松樹,4.0,100,松樹,Tokyo Station,3.5,0.70,0.8000,1.0000,0.5858,0.8186,http://commons.wikimedia.org/wiki/Special:FilePath/100%20views%20edo%20089.jpg,35.7125870,139.7733890,Q99541305
815,和歌山縣立紀伊風土記之丘,和歌山縣,考古博物館,4.0,100,考古博物館,Wakayama Station,3.6,0.70,0.8000,1.0000,0.5836,0.8184,http://commons.wikimedia.org/wiki/Special:FilePath/Kiifudoki-no-oka%20museum%20of%20history.jpg,34.2278610,135.2295830,Q11417470
2042,名古屋波士頓美術館,愛知縣,美術館,4.0,100,美術館,Nagoya Station,3.6,0.70,0.8000,1.0000,0.5841,0.8184,http://commons.wikimedia.org/wiki/Special:FilePath/Nagoya%20Boston%20Museum%20of%20Fine%20Arts.JPG,35.1426800,136.9000000,Q6958940
3036,橫濱海洋塔,神奈川縣,觀光塔,4.0,100,觀光塔,Yokohama Station,3.6,0.70,0.8000,1.0000,0.5843,0.8184,http://commons.wikimedia.org/wiki/Special:FilePath/Yokohama%20Marine%20Tower%202022%20-%2001.jpg,35.4439300,139.6509000,Q1207989
3082,横滨海洋科学博物馆,神奈川縣,海事博物館,4.0,100,海事博物館,Yokohama Station,3.6,0.70,0.8000,1.0000,0.5844,0.8184,http://commons.wikimedia.org/wiki/Special:FilePath/Yokohama%20Marine%20Tower%2001.JPG,35.4438889,139.6508333,Q98381287
2355,上野之森美術館,東京都,美術館,4.0,100,美術館,Tokyo Station,3.6,0.70,0.8000,1.0000,0.5832,0.8183,http://commons.wikimedia.org/wiki/Special:FilePath/Ueno%20Royal%20Museum.JPG,35.7127220,139.7748060,Q11360245
3048,橫濱鋼彈工廠,神奈川縣,主題公園,4.0,100,主題公園,Yokohama Station,3.6,0.70,0.8000,1.0000,0.5832,0.8183,http://commons.wikimedia.org/wiki/Special:FilePath/GUNDAM%20FACTORY%20YOKOHAMA%202023.jpg,35.4467110,139.6540782,Q105438533
1907,阿波十郎兵衛屋敷,德島縣,剧院博物馆,4.0,100,剧院博物馆,Tokushima Station,3.6,0.70,0.8000,1.0000,0.5815,0.8182,http://commons.wikimedia.org/wiki/Special:FilePath/Awadeko201811%204.jpg,34.0915560,134.5839720,Q11657511
3212,九州大学综合研究博物馆,福岡縣,大學博物館,4.0,100,大學博物館,Hakata Station,3.6,0.70,0.8000,1.0000,0.5815,0.8182,http://commons.wikimedia.org/wiki/Special:FilePath/Former%20faculty%20of%20engineering%20main%20building%2C%20Hakozaki%2C%20Kyushu%20University%2020150203.jpg,33.6223360,130.4252260,Q11370222
2480,Kidzania東京,東京都,主題公園,4.0,100,主題公園,Tokyo Station,3.6,0.70,0.8000,1.0000,0.5811,0.8181,http://commons.wikimedia.org/wiki/Special:FilePath/KidZania%20Tokyo.jpg,35.6558333,139.7919444,Q5363436
993,江崎記念館,大阪府,公司博物館,4.0,100,公司博物館,Osaka Station,3.6,0.70,0.8000,1.0000,0.5800,0.8180,http://commons.wikimedia.org/wiki/Special:FilePath/Ezaki%20memorial%20hall.jpg,34.7182778,135.4612500,Q117794301
64,京都國立近代美術館,京都府,美術館,4.0,100,美術館,Kyoto Station,3.6,0.70,0.8000,1.0000,0.5793,0.8179,http://commons.wikimedia.org/wiki/Special:FilePath/National%20Museum%20of%20Modern%20Art%20Kyoto%202010.jpg,35.0123890,135.7819430,Q1055628
343,アシックススポーツミュージアム,兵庫縣,公司博物館,4.0,100,公司博物館,Kobe Station,3.6,0.70,0.8000,1.0000,0.5793,0.8179,,34.6687361,135.2155889,Q118635241
96,細見美術館,京都府,美術館,4.0,100,美術館,Kyoto Station,3.6,0.70,0.8000,1.0000,0.5781,0.8178,http://commons.wikimedia.org/wiki/Special:FilePath/Hosomi%20Museum%20ac.JPG,35.0138330,135.7796390,Q11606115
2507,21 21 Design Sight美術館,東京都,設計博物館,4.0,100,設計博物館,Tokyo Station,3.7,0.70,0.8000,1.0000,0.5774,0.8177,http://commons.wikimedia.org/wiki/Special:FilePath/21%2021%20DESIGN%20SIGHT.jpg,35.6675000,139.7302700,Q863044
3703,青森縣立美術館,青森縣,美術館,4.0,100,美術館,Aomori Station,3.7,0.70,0.8000,1.0000,0.5755,0.8176,http://commons.wikimedia.org/wiki/Special:FilePath/140913%20Aomori%20Museum%20of%20Art%20Japan02bs3.jpg,40.8073000,140.7010000,Q11662266
2332,東京都現代美術館,東京都,美術館,4.0,100,美術館,Tokyo Station,3.7,0.70,0.8000,1.0000,0.5746,0.8175,http://commons.wikimedia.org/wiki/Special:FilePath/Museum%20of%20Contemporary%20Art%20Tokyo%202009.jpg,35.6800000,139.8080556,Q1649688
3050,神奈川県埋蔵文化財センター,神奈川縣,考古博物館,4.0,100,考古博物館,Yokohama Station,3.7,0.70,0.8000,1.0000,0.5749,0.8175,,35.4331944,139.6276667,Q30928683
3074,横浜人形の家,神奈川縣,人形博物館,4.0,100,人形博物館,Yokohama Station,3.7,0.70,0.8000,1.0000,0.5750,0.8175,http://commons.wikimedia.org/wiki/Special:FilePath/YokohamaDollHouse.JPG,35.4431667,139.6521111,Q11262871
2310,平木浮世絵美術館 UKIYO-e TOKYO,東京都,美術館,4.0,100,美術館,Tokyo Station,3.7,0.70,0.8000,1.0000,0.5739,0.8174,,35.6551390,139.7927780,Q11483041
2311,三得利美術館,東京都,美術館,4.0,100,美術館,Tokyo Station,3.7,0.70,0.8000,1.0000,0.5740,0.8174,http://commons.wikimedia.org/wiki/Special:FilePath/Tokyo-Midtown-Suntory-Museum-of-Art-01.jpg,35.6663889,139.7302778,Q11249110
1594,岐南町歴史民俗資料館,岐阜縣,博物館,4.0,100,博物館,Gifu Station,3.7,0.70,0.8000,1.0000,0.5735,0.8173,http://commons.wikimedia.org/wiki/Special:FilePath/Ginantyou%20rekisiminzoku%20siryoukan.JPG,35.3822500,136.7809250,Q11471273
1878,廣島市鄉土資料館,廣島縣,地方文化館,4.0,100,地方文化館,Hiroshima Station,3.7,0.70,0.8000,1.0000,0.5729,0.8173,http://commons.wikimedia.org/wiki/Special:FilePath/Hiroshima%20City%20Museum%20of%20History%20and%20Traditional%20Hiroshima%20ac%20%282%29.jpg,34.3659722,132.4618333,Q5771219
3704,青森県近代文学館,青森縣,文學館,4.0,100,文學館,Aomori Station,3.7,0.70,0.8000,1.0000,0.5733,0.8173,,40.7951620,140.7386300,Q123515864
1163,東北福祉大学芹沢銈介美術工芸館,宮城縣,大学美术馆,4.0,100,大学美术馆,Sendai Station,3.7,0.70,0.8000,1.0000,0.5717,0.8172,,38.2795556,140.8472778,Q78121486
2327,竹久夢二美術館,東京都,美術館,4.0,100,美術館,Tokyo Station,3.7,0.70,0.8000,1.0000,0.5719,0.8172,http://commons.wikimedia.org/wiki/Special:FilePath/Takehisa-Yumeji-Museum.jpg,35.7147300,139.7634900,Q11598754
3691,合浦公園,青森縣,城市公園,4.0,100,城市公園,Aomori Station,3.7,0.70,0.8000,1.0000,0.5718,0.8172,http://commons.wikimedia.org/wiki/Special:FilePath/Gappo%20Koen.jpg,40.8300000,140.7791667,Q11412492
82,京都市美術館,京都府,美術館,4.0,100,美術館,Kyoto Station,3.8,0.70,0.8000,1.0000,0.5709,0.8171,http://commons.wikimedia.org/wiki/Special:FilePath/Kyoto%20Municipal%20Museum%20of%20Art%201933%20%E2%85%B1.jpg,35.0128361,135.7835694,Q3330657
2356,彌生美術館,東京都,美術館,4.0,100,美術館,Tokyo Station,3.8,0.70,0.8000,1.0000,0.5705,0.8170,http://commons.wikimedia.org/wiki/Special:FilePath/Appearance-of-Yayoi-Yumeji-Museum.jpg,35.7149300,139.7634800,Q11487473
962,えびすタワー,大阪府,摩天輪,4.0,100,摩天輪,Osaka Station,3.8,0.70,0.8000,1.0000,0.5691,0.8169,http://commons.wikimedia.org/wiki/Special:FilePath/Ebisu%20Tower%20%282023%2C%20Osaka%29.jpg,34.6688889,135.5025000,Q123670541
1466,水の資料館,岐阜縣,水廠博物館,4.0,100,水廠博物館,Gifu Station,3.8,0.70,0.8000,1.0000,0.5691,0.8169,http://commons.wikimedia.org/wiki/Special:FilePath/Water%20Museum%201.JPG,35.4375556,136.7790556,Q11548181
3215,南公園西展望台,福岡縣,觀景台,4.0,100,觀景台,Hakata Station,3.8,0.70,0.8000,1.0000,0.5690,0.8169,http://commons.wikimedia.org/wiki/Special:FilePath/Minami-k%C5%8Den-nishi%20Observation%20Deck%20the%20fa%C3%A7ade%201%20Terukuni-1-ch%C5%8Dme%20Ch%C5%AB%C5%8D-ku%20Fukuoka%20City%2020230505.jpg,33.5736944,130.3849444,Q122918221
1524,水の体験学習館,岐阜縣,水廠博物館,4.0,100,水廠博物館,Gifu Station,3.8,0.70,0.8000,1.0000,0.5676,0.8168,http://commons.wikimedia.org/wiki/Special:FilePath/Water%20Experience%20learning%20Museum%201.JPG,35.4376944,136.7792500,Q11548165
2397,六本木ミュージアム,東京都,博物馆建筑,4.0,100,博物馆建筑,Tokyo Station,3.8,0.70,0.8000,1.0000,0.5669,0.8167,http://commons.wikimedia.org/wiki/Special:FilePath/202405131411%20IMG%206345.jpg,35.6597737,139.7340377,Q115977950
3715,さんまるミュージアム,青森縣,考古博物館,4.0,100,考古博物館,Aomori Station,3.8,0.70,0.8000,1.0000,0.5670,0.8167,http://commons.wikimedia.org/wiki/Special:FilePath/Sanmaru%20Museum%2001.JPG,40.8090930,140.6972720,Q132656754
81,中信美術館,京都府,美術館,4.0,100,美術館,Kyoto Station,3.8,0.70,0.8000,1.0000,0.5658,0.8166,,35.0200480,135.7536740,Q132529053
2102,ネックス・プラザ,愛知縣,交通博物館,4.0,100,交通博物館,Nagoya Station,3.8,0.70,0.8000,1.0000,0.5662,0.8166,http://commons.wikimedia.org/wiki/Special:FilePath/%E5%90%8D%E5%8F%A4%E5%B1%8B%E5%B8%82%E5%8C%97%E5%8C%BA%E3%83%8D%E3%83%83%E3%82%AF%E3%82%B9%E3%83%97%E3%83%A9%E3%82%B6.JPG,35.1947860,136.9118640,Q11325393
1077,西大寺聚宝館,奈良縣,宝物館,4.0,100,宝物館,Nara Station,3.9,0.70,0.8000,1.0000,0.5649,0.8165,,34.6937970,135.7799090,Q104721839
3189,福岡市美術館,福岡縣,美術館,4.0,100,美術館,Hakata Station,3.9,0.70,0.8000,1.0000,0.5648,0.8165,http://commons.wikimedia.org/wiki/Special:FilePath/Fukuoka%20art%20museum.JPG,33.5838889,130.3798056,Q3073273
3719,縄文時遊館,青森縣,埋藏文化財中心,4.0,100,埋藏文化財中心,Aomori Station,3.9,0.70,0.8000,1.0000,0.5646,0.8165,http://commons.wikimedia.org/wiki/Special:FilePath/Jomon%20jiyukan.jpg,40.8091980,140.6966330,Q132656676
3740,静岡大学キャンパスミュージアム,靜岡縣,大學博物館,4.0,100,大學博物館,Shizuoka Station,3.8,0.70,0.8000,1.0000,0.5654,0.8165,,34.9651820,138.4302140,Q133232018
2649,新宿歷史博物館,東京都,歷史博物館,4.0,100,歷史博物館,Tokyo Station,3.9,0.70,0.8000,1.0000,0.5641,0.8164,http://commons.wikimedia.org/wiki/Special:FilePath/Shinjuku%20historical%20museum%202009.JPG,35.6899320,139.7256870,Q11501857
3871,竹林寺宝物館,高知縣,宝物館,4.0,100,宝物館,Kochi Station,3.9,0.70,0.8000,1.0000,0.5638,0.8164,http://commons.wikimedia.org/wiki/Special:FilePath/Chikurinji%20Kochi02s3872.jpg,33.5464213,133.5776592,Q133273346
3890,高知縣立牧野植物園,高知縣,植物園,4.0,100,植物園,Kochi Station,3.9,0.70,0.8000,1.0000,0.5642,0.8164,http://commons.wikimedia.org/wiki/Special:FilePath/200104%20Kochi%20Prefectural%20Makino%20Botanical%20Garden01s5.jpg,33.5466667,133.5777778,Q3780715
334,UCC咖啡博物館,兵庫縣,公司博物館,4.0,100,公司博物館,Kobe Station,3.9,0.70,0.8000,1.0000,0.5625,0.8163,http://commons.wikimedia.org/wiki/Special:FilePath/Kobe-ucc88.JPG,34.6652778,135.2169444,Q11251779
977,大阪国際平和センター,大阪府,和平博物館,4.0,100,和平博物館,Osaka Station,3.9,0.70,0.8000,1.0000,0.5628,0.8163,http://commons.wikimedia.org/wiki/Special:FilePath/Peace-osaka.jpg,34.6816667,135.5300000,Q7105564
1388,山形市産業歴史資料館,山形縣,工业博物馆,4.0,100,工业博物馆,Yamagata Station,3.9,0.70,0.8000,1.0000,0.5629,0.8163,http://commons.wikimedia.org/wiki/Special:FilePath/Yamagata-City%20Sangyo-Rekishi%20Hakubutsukan.JPG,38.2305556,140.2894722,Q11468406
2312,日本國立西洋美術館,東京都,博物馆建筑,4.0,100,博物馆建筑,Tokyo Station,3.9,0.70,0.8000,1.0000,0.5631,0.8163,http://commons.wikimedia.org/wiki/Special:FilePath/National%20museum%20of%20western%20art05s3200.jpg,35.7153567,139.7758498,Q1362629
2530,印刷博物館,東京都,公司博物館,4.0,100,公司博物館,Tokyo Station,3.9,0.70,0.8000,1.0000,0.5628,0.8163,http://commons.wikimedia.org/wiki/Special:FilePath/Printing-museum.jpg,35.7093333,139.7416111,Q994083
110,安達くみひも館,京都府,工藝博物館,4.0,100,工藝博物館,Kyoto Station,3.9,0.70,0.8000,1.0000,0.5599,0.8160,,35.0211460,135.7585790,Q132529589
396,人和防災未來中心,兵庫縣,文化機構,4.0,100,文化機構,Kobe Station,3.9,0.70,0.8000,1.0000,0.5601,0.8160,http://commons.wikimedia.org/wiki/Special:FilePath/Disaster%20Reduction%20and%20Human%20Renovation%20Institution.jpg,34.6980870,135.2146220,Q11375890
2398,世界のカバン博物館,東京都,博物館,4.0,100,博物館,Tokyo Station,3.9,0.70,0.8000,1.0000,0.5603,0.8160,,35.7080520,139.7952860,Q104698116
2805,沖繩縣立博物館,沖繩縣,都道府县立博物馆,4.0,100,都道府县立博物馆,Naha Bus Terminal,3.9,0.70,0.8000,1.0000,0.5603,0.8160,http://commons.wikimedia.org/wiki/Special:FilePath/Okinawa%20Prefectural%20Museum.JPG,26.2205556,127.7175000,Q17219624
1126,東北大学総合学術博物館,宮城縣,大學博物館,4.0,100,大學博物館,Sendai Station,3.9,0.70,0.8000,1.0000,0.5591,0.8159,http://commons.wikimedia.org/wiki/Special:FilePath/The%20Tohoku%20University%20Museum.jpg,38.2579167,140.8373333,Q11526186
153,益富地学会館,京都府,地質学博物館,4.0,100,地質学博物館,Kyoto Station,4.0,0.70,0.8000,1.0000,0.5585,0.8158,http://commons.wikimedia.org/wiki/Special:FilePath/%E7%9B%8A%E5%AF%8C%E5%9C%B0%E5%AD%A6%E4%BC%9A%E9%A4%A8.jpg,35.0213520,135.7586890,Q11581197
168,琵琶湖疏水紀念館,京都府,博物館,4.0,100,博物館,Kyoto Station,4.0,0.70,0.8000,1.0000,0.5583,0.8158,http://commons.wikimedia.org/wiki/Special:FilePath/Lake%20biwa%20Canal%20Museum.jpg,35.0120170,135.7881560,Q18339063
2425,瓦斯科學館,東京都,公司博物館,4.0,100,公司博物館,Tokyo Station,4.0,0.70,0.8000,1.0000,0.5583,0.8158,http://commons.wikimedia.org/wiki/Special:FilePath/Gasutenani.jpg,35.6522310,139.7925280,Q11295937
2466,TOTOギャラリー・間,東京都,藝廊,4.0,100,藝廊,Tokyo Station,4.0,0.70,0.8000,1.0000,0.5584,0.8158,http://commons.wikimedia.org/wiki/Special:FilePath/TOTO%E3%82%AE%E3%83%A3%E3%83%A9%E3%83%AA%E3%83%BC%E3%83%BB%E9%96%93.jpg,35.6674722,139.7267222,Q55526821
3015,ヨコハマ猫の美術館,神奈川縣,美術館,4.0,100,美術館,Yokohama Station,4.0,0.70,0.8000,1.0000,0.5579,0.8158,http://commons.wikimedia.org/wiki/Special:FilePath/Yokohama%20Cat%20Museum.jpg,35.4385278,139.6502500,Q11346041
3028,日産エンジン博物館,神奈川縣,公司博物館,4.0,100,公司博物館,Yokohama Station,4.0,0.70,0.8000,1.0000,0.5571,0.8157,http://commons.wikimedia.org/wiki/Special:FilePath/NissanGuesthall.jpg,35.4818056,139.6621944,Q7040952
266,神戶市立青少年科學館,兵庫縣,科學博物館,4.0,100,科學博物館,Kobe Station,4.0,0.70,0.8000,1.0000,0.5560,0.8156,http://commons.wikimedia.org/wiki/Special:FilePath/Kobe%20Ciy%20Science%20Museum.jpg,34.6661111,135.2186111,Q11590107
2449,国立科学博物馆,東京都,國立博物館,4.0,100,國立博物館,Tokyo Station,4.0,0.70,0.8000,1.0000,0.5557,0.8156,http://commons.wikimedia.org/wiki/Special:FilePath/NMNC01s3200.jpg,35.7163190,139.7765440,Q74940
1578,鵜飼資料園,岐阜縣,博物館,4.0,100,博物館,Gifu Station,4.0,0.70,0.8000,1.0000,0.5550,0.8155,http://commons.wikimedia.org/wiki/Special:FilePath/%E9%B5%9C%E9%A3%BC%E8%B3%87%E6%96%99%E5%9C%92.jpg,35.4411500,136.7763222,Q5170998
23,石水博物館,三重縣,博物館,4.0,100,博物館,Tsu Station,4.0,0.70,0.8000,1.0000,0.5531,0.8153,http://commons.wikimedia.org/wiki/Special:FilePath/Sekisui%20museum.JPG,34.6979350,136.5047260,Q106211284
398,神戸映画資料館,兵庫縣,博物館,4.0,100,博物館,Kobe Station,4.0,0.70,0.8000,1.0000,0.5532,0.8153,,34.6543610,135.1462220,Q11590151
2347,東京都美術館,東京都,美術館,4.0,100,美術館,Tokyo Station,4.0,0.70,0.8000,1.0000,0.5532,0.8153,http://commons.wikimedia.org/wiki/Special:FilePath/Tokyo%20metropolitan%20art%20museum01%201920.jpg,35.7172000,139.7730000,Q864957
2748,首里城,沖繩縣,御城,4.0,100,御城,Naha Bus Terminal,4.0,0.70,0.8000,1.0000,0.5525,0.8153,http://commons.wikimedia.org/wiki/Special:FilePath/Naha%20Shuri%20Castle51s3s4200.jpg,26.2170306,127.7194750,Q907052
2749,沖縄県立芸術大学. 図書芸術資料館,沖繩縣,大學圖書館,4.0,100,大學圖書館,Naha Bus Terminal,4.1,0.70,0.8000,1.0000,0.5520,0.8152,,26.2188100,127.7192670,Q111735646
2842,木下美術館,滋賀縣,美術館,4.0,100,美術館,Otsu Station,4.1,0.70,0.8000,1.0000,0.5516,0.8152,,35.0272222,135.8301389,Q99673823
2662,太鼓館,東京都,音楽博物館,4.0,100,音楽博物館,Tokyo Station,4.1,0.70,0.8000,1.0000,0.5511,0.8151,http://commons.wikimedia.org/wiki/Special:FilePath/Miyamoto%20Unosuke-4.jpg,35.7118630,139.7917830,Q104698257
1170,仙台文学館,宮城縣,文學館,4.0,100,文學館,Sendai Station,4.1,0.70,0.8000,1.0000,0.5502,0.8150,http://commons.wikimedia.org/wiki/Special:FilePath/Sendai%20Bungaku%20kan1%20crop.jpg,38.2966220,140.8760860,Q11378011
1606,岐阜市長良川鵜飼伝承館,岐阜縣,漁業博物館,4.0,100,漁業博物館,Gifu Station,4.1,0.70,0.8000,1.0000,0.5496,0.8150,http://commons.wikimedia.org/wiki/Special:FilePath/Nagaragawa%20Ukai%20Museum%20ac%20%281%29.jpg,35.4410000,136.7787220,Q11471392
2313,國立新美術館,東京都,國立博物館,4.0,100,國立博物館,Tokyo Station,4.1,0.70,0.8000,1.0000,0.5503,0.8150,http://commons.wikimedia.org/wiki/Special:FilePath/2018%20National%20Art%20Center%2C%20Tokyo%202.jpg,35.6652800,139.7263400,Q1362638
136,松本明慶佛像彫刻美術館,京都府,彫刻美術館,4.0,100,彫刻美術館,Kyoto Station,4.1,0.70,0.8000,1.0000,0.5494,0.8149,,35.0226680,135.7575540,Q127601370
2436,福澤諭吉記念慶應義塾史展示館,東京都,纪念博物馆,4.0,100,纪念博物馆,Tokyo Station,4.1,0.70,0.8000,1.0000,0.5487,0.8149,http://commons.wikimedia.org/wiki/Special:FilePath/Old%20Keio%20University%20Library%205.jpg,35.6494210,139.7438030,Q133305825
140,京都市平安京创世馆,京都府,歷史博物館,4.0,100,歷史博物館,Kyoto Station,4.1,0.70,0.8000,1.0000,0.5476,0.8148,http://commons.wikimedia.org/wiki/Special:FilePath/Kyoto%20Asny%20and%20City%20Central%20Library%2020090502-001.jpg,35.0190000,135.7384440,Q11375006
430,札幌宮の森美術館,北海道,美術館,4.0,100,美術館,Sapporo Station,4.1,0.70,0.8000,1.0000,0.5475,0.8148,http://commons.wikimedia.org/wiki/Special:FilePath/Bottazzi%20and%20Miyanomori.jpg,43.0571611,141.3024500,Q2420835
2340,森美術館,東京都,美術館,4.0,100,美術館,Tokyo Station,4.1,0.70,0.8000,1.0000,0.5473,0.8147,http://commons.wikimedia.org/wiki/Special:FilePath/Mori%20Art%20Museum%20Entrance%202013.jpg,35.6605056,139.7290667,Q4410434
2473,東京シティビュー,東京都,觀景台,4.0,100,觀景台,Tokyo Station,4.1,0.70,0.8000,1.0000,0.5470,0.8147,,35.6604300,139.7290554,Q126417093
2519,慶應義塾ミュージアム・コモンズ,東京都,大學博物館,4.0,100,大學博物館,Tokyo Station,4.1,0.70,0.8000,1.0000,0.5465,0.8146,http://commons.wikimedia.org/wiki/Special:FilePath/Keio%20Museum%20Commons.jpg,35.6487670,139.7443760,Q133238216
1135,中本誠司現代美術館,宮城縣,历史房屋博物馆,4.0,100,历史房屋博物馆,Sendai Station,4.2,0.70,0.8000,1.0000,0.5439,0.8144,http://commons.wikimedia.org/wiki/Special:FilePath/Seishinakamotomuseum.jpg,38.2947220,140.8630560,Q22119783
3064,大佛次郎纪念馆,神奈川縣,人物紀念館,4.0,100,人物紀念館,Yokohama Station,4.2,0.70,0.8000,1.0000,0.5435,0.8144,http://commons.wikimedia.org/wiki/Special:FilePath/The%20Osaragi%20Jiro%20Memorial%20musieum%20Out.jpg,35.4393060,139.6552500,Q11432376
3119,横浜山手テニス発祥記念館,神奈川縣,博物館,4.0,100,博物館,Yokohama Station,4.2,0.70,0.8000,1.0000,0.5445,0.8144,,35.4349304,139.6483838,Q133287900
2886,熊本洋學校教師館Janes邸,熊本縣,历史房屋博物馆,4.0,100,历史房屋博物馆,Kumamoto Station,4.2,0.70,0.8000,1.0000,0.5434,0.8143,http://commons.wikimedia.org/wiki/Special:FilePath/Mr.%20Janes%27s%20residence.jpg,32.7893047,130.7348369,Q17215133
3072,鐵皮玩具博物館,神奈川縣,玩具博物館,4.0,100,玩具博物館,Yokohama Station,4.2,0.70,0.8000,1.0000,0.5420,0.8142,http://commons.wikimedia.org/wiki/Special:FilePath/Tintoy%20museum.JPG,35.4383139,139.6543944,Q5363525
3124,横浜・さとうのふるさと館,神奈川縣,博物館,4.0,100,博物館,Yokohama Station,4.2,0.70,0.8000,1.0000,0.5423,0.8142,,35.4683889,139.6692222,Q56640503
3207,福岡市科学館,福岡縣,科學博物館,4.0,100,科學博物館,Hakata Station,4.2,0.70,0.8000,1.0000,0.5423,0.8142,http://commons.wikimedia.org/wiki/Special:FilePath/Fukuoka%20City%20Science%20Museum%2020171103-3.jpg,33.5773611,130.3778333,Q38277412
1173,地底の森ミュージアム,宮城縣,考古博物館,4.0,100,考古博物館,Sendai Station,4.3,0.70,0.8000,1.0000,0.5405,0.8141,http://commons.wikimedia.org/wiki/Special:FilePath/Sendai%20City%20Tomizawa%20Site%20Museum1.jpg,38.2227778,140.8725000,Q11424312
2493,雷門,東京都,総門,4.0,100,総門,Tokyo Station,4.2,0.70,0.8000,1.0000,0.5407,0.8141,http://commons.wikimedia.org/wiki/Special:FilePath/Kaminarimon%20%28outer%20gate%29%2C%20Sensoji%20Temple%2C%20Akakusa%2C%20Tokyo.jpg,35.7111333,139.7963250,Q2378708
238,兵庫縣立美術館,兵庫縣,美術館,4.0,100,美術館,Kobe Station,4.3,0.70,0.8000,1.0000,0.5402,0.8140,http://commons.wikimedia.org/wiki/Special:FilePath/Hyogo%20prefectural%20museum%20of%20art15%202000.JPG,34.6991917,135.2180111,Q3329607
1063,大阪府立上方演藝資料館,大阪府,博物館,4.0,100,博物館,Osaka Station,4.3,0.70,0.8000,1.0000,0.5397,0.8140,http://commons.wikimedia.org/wiki/Special:FilePath/Wahha.jpg,34.6646110,135.5030560,Q11440995
2536,在日韓人歴史資料館,東京都,人類移動博物館,4.0,100,人類移動博物館,Tokyo Station,4.3,0.70,0.8000,1.0000,0.5392,0.8139,http://commons.wikimedia.org/wiki/Special:FilePath/The%20History%20Museum%20of%20J-Koreans.jpg,35.6515400,139.7370300,Q122929555
2666,東京國立博物館,東京都,國立博物館,4.0,100,國立博物館,Tokyo Station,4.3,0.70,0.8000,1.0000,0.5391,0.8139,http://commons.wikimedia.org/wiki/Special:FilePath/Tokyo%20National%20Museum%2C%20Honkan%202010.jpg,35.7188889,139.7763889,Q653433
3228,鴻巣山展望台,福岡縣,觀景台,4.0,100,觀景台,Hakata Station,4.3,0.70,0.8000,1.0000,0.5394,0.8139,http://commons.wikimedia.org/wiki/Special:FilePath/K%C5%8Dnosu%20Yama%20Observation%20Deck%20133-1%20Ozasa%201-ch%C5%8Dme%20Ch%C5%AB%C5%8D-ku%20Fukuoka%2020230602.jpg,33.5592500,130.3934167,Q122887879
1180,仙台市科学館,宮城縣,科學博物館,4.0,100,科學博物館,Sendai Station,4.3,0.70,0.8000,1.0000,0.5368,0.8137,http://commons.wikimedia.org/wiki/Special:FilePath/Sendai%20City%20Science%20Museum.jpg,38.2989940,140.8831040,Q11377856
3067,神奈川近代文学馆,神奈川縣,文學館,4.0,100,文學館,Yokohama Station,4.3,0.70,0.8000,1.0000,0.5373,0.8137,http://commons.wikimedia.org/wiki/Special:FilePath/Kanabun004.jpg,35.4386389,139.6560833,Q11589405
2403,民音音楽博物館,東京都,博物館,4.0,100,博物館,Tokyo Station,4.3,0.70,0.8000,1.0000,0.5364,0.8136,http://commons.wikimedia.org/wiki/Special:FilePath/Min-On%20Music%20Museum.JPG,35.6823000,139.7192700,Q65272034
2659,消防博物館 (日本),東京都,消防博物館,4.0,100,消防博物館,Tokyo Station,4.3,0.70,0.8000,1.0000,0.5360,0.8136,http://commons.wikimedia.org/wiki/Special:FilePath/TED-museum.jpg,35.6882780,139.7199720,Q11559505
2747,豊見城市歴史民俗資料展示室,沖繩縣,博物館,4.0,100,博物館,Naha Bus Terminal,4.3,0.70,0.8000,1.0000,0.5357,0.8136,,26.1737640,127.6744410,Q132567818
71,野村美術館,京都府,美術館,4.0,100,美術館,Kyoto Station,4.4,0.70,0.8000,1.0000,0.5343,0.8134,http://commons.wikimedia.org/wiki/Special:FilePath/%E7%BE%8E%E8%A1%93%E9%A4%A8%E5%A4%96%E8%A6%B3.jpg,35.0129170,135.7933330,Q11645680
558,札幌市水道紀念館,北海道,水廠博物館,4.0,100,水廠博物館,Sapporo Station,4.4,0.70,0.8000,1.0000,0.5345,0.8134,http://commons.wikimedia.org/wiki/Special:FilePath/Sapporo%20Waterworks%20Museum.JPG,43.0329970,141.3287780,Q11521277
1205,大淀川学習館,宮崎縣,科學博物館,4.0,100,科學博物館,Miyazaki Station,4.4,0.70,0.8000,1.0000,0.5335,0.8133,,31.9488611,131.4065000,Q97212589
92,京セラギャラリー,京都府,美術館,4.0,100,美術館,Kyoto Station,4.4,0.70,0.8000,1.0000,0.5322,0.8132,http://commons.wikimedia.org/wiki/Special:FilePath/The%20Kyocera%20Museum%20of%20Art1.JPG,34.9468333,135.7507222,Q11374199
1427,風土伝承館杉浦醫院,山梨縣,醫學博物館,4.0,100,醫學博物館,Kofu Station,4.4,0.70,0.8000,1.0000,0.5325,0.8132,http://commons.wikimedia.org/wiki/Special:FilePath/Dr.%20Sugiura-kenzo.JPG,35.6403611,138.5325556,Q11665452
728,千葉市花之美術館,千葉縣,美術館,4.0,100,美術館,Chiba Station,4.4,0.70,0.8000,1.0000,0.5314,0.8131,http://commons.wikimedia.org/wiki/Special:FilePath/Floral%20Museum%20of%20Chiba2.jpg,35.6182220,140.0647780,Q11406052
2260,巻菱湖記念時代館,新潟縣,書法美術館,4.0,100,書法美術館,Niigata Station,4.4,0.70,0.8000,1.0000,0.5310,0.8131,,37.9312140,139.1059300,Q104708784
2464,草間彌生美術館,東京都,美術館,4.0,100,美術館,Tokyo Station,4.4,0.70,0.8000,1.0000,0.5314,0.8131,http://commons.wikimedia.org/wiki/Special:FilePath/YAYOI%20KUSAMA%20MUSEUM%20%E8%8D%89%E9%96%93%E5%BD%8C%E7%94%9F%E7%BE%8E%E8%A1%93%E9%A4%A82018sideCIMG3596.jpg,35.7032000,139.7264800,Q65941212
2497,明治神宮外苑,東京都,觀光景點,4.0,100,觀光景點,Tokyo Station,4.4,0.70,0.8000,1.0000,0.5306,0.8131,http://commons.wikimedia.org/wiki/Special:FilePath/Jingu%20Gaien%20Ginkgo%20Street%20in%20Autumn%204.jpg,35.6775000,139.7183333,Q6631448
888,埼玉縣立近代美術館,埼玉縣,美術館,4.0,100,美術館,Omiya Station,4.4,0.70,0.8000,1.0000,0.5303,0.8130,http://commons.wikimedia.org/wiki/Special:FilePath/Museum%20of%20Modern%20Art%20Saitama%202010.jpg,35.8696110,139.6429170,Q11426772
1917,德島縣立近代美術館,德島縣,都道府县立博物馆,4.0,100,都道府县立博物馆,Tokushima Station,4.4,0.70,0.8000,1.0000,0.5301,0.8130,http://commons.wikimedia.org/wiki/Special:FilePath/Tokushima%20Modern%20Art%20Museum.JPG,34.0398060,134.5266940,Q11489972
2405,釣り文化資料館,東京都,博物館,4.0,100,博物館,Tokyo Station,4.4,0.70,0.8000,1.0000,0.5298,0.8130,,35.6909260,139.7194410,Q104698254
2574,浅草公園水族館,東京都,水族館,4.0,100,水族館,Tokyo Station,4.4,0.70,0.8000,1.0000,0.5297,0.8130,http://commons.wikimedia.org/wiki/Special:FilePath/Asakusa%20Park%20Aquarium%201935.jpg,35.7143060,139.7945830,Q11557221
135,楽美術館,京都府,陶瓷博物館,4.0,100,陶瓷博物館,Kyoto Station,4.4,0.70,0.8000,1.0000,0.5295,0.8129,http://commons.wikimedia.org/wiki/Special:FilePath/Kyoto%20Raku%20Museum%202013-08A.JPG,35.0255218,135.7534750,Q125002905
1928,徳島県立鳥居龍蔵記念博物館,德島縣,人物紀念館,4.0,100,人物紀念館,Tokushima Station,4.4,0.70,0.8000,1.0000,0.5293,0.8129,http://commons.wikimedia.org/wiki/Special:FilePath/Tokushima%20Prefectural%20Torii%20Ryuzo%20Memorial%20Museum.JPG,34.0398610,134.5262500,Q11489984
2525,大名時計博物館,東京都,時計博物館,4.0,100,時計博物館,Tokyo Station,4.5,0.70,0.8000,1.0000,0.5287,0.8129,http://commons.wikimedia.org/wiki/Special:FilePath/Daimy%C5%8Dtokei%20Museum02.jpg,35.7212800,139.7662000,Q10856362
1920,德島縣立博物館,德島縣,都道府县立博物馆,4.0,100,都道府县立博物馆,Tokushima Station,4.5,0.70,0.8000,1.0000,0.5277,0.8128,http://commons.wikimedia.org/wiki/Special:FilePath/Tokushima%20Prefectural%20Museum.JPG,34.0397000,134.5260000,Q4707942
2319,聖德紀念繪畫館,東京都,美術館,4.0,100,美術館,Tokyo Station,4.5,0.70,0.8000,1.0000,0.5277,0.8128,http://commons.wikimedia.org/wiki/Special:FilePath/230303%20Meiji%20Memorial%20Picture%20Gallery.jpg,35.6787778,139.7176389,Q5153794
2515,下町風俗資料館付設展示場,東京都,酒博物館,4.0,100,酒博物館,Tokyo Station,4.5,0.70,0.8000,1.0000,0.5275,0.8128,http://commons.wikimedia.org/wiki/Special:FilePath/Old%20Yoshida%20Sake%20Store%20-%20Taito-ku%2C%20Tokyo%2C%20Japan%20-%20DSC08908.JPG,35.7213530,139.7708760,Q59268117
232,BB廣場美術館,兵庫縣,美術館,4.0,100,美術館,Kobe Station,4.5,0.70,0.8000,1.0000,0.5270,0.8127,http://commons.wikimedia.org/wiki/Special:FilePath/BB%20Plaza%20Museum01s5s3200.jpg,34.7032500,135.2177780,Q11190936
2516,凌雲閣,東京都,觀光塔,4.0,100,觀光塔,Tokyo Station,4.5,0.70,0.8000,1.0000,0.5260,0.8126,http://commons.wikimedia.org/wiki/Special:FilePath/Jintan%2012kai%20cropped.jpg,35.7157443,139.7931625,Q3071089
2596,東京玩具美術館,東京都,玩具博物館,4.0,100,玩具博物館,Tokyo Station,4.5,0.70,0.8000,1.0000,0.5246,0.8125,http://commons.wikimedia.org/wiki/Special:FilePath/Entrance%20of%20Tokyo%20Toy%20Museum.jpg,35.6896390,139.7180280,Q11524018
2632,新宿区立漱石山房記念館,東京都,人物紀念館,4.0,100,人物紀念館,Tokyo Station,4.5,0.70,0.8000,1.0000,0.5247,0.8125,http://commons.wikimedia.org/wiki/Special:FilePath/Natsume%20Soseki%20Memorial%20Museum%202017-10-08.jpg,35.7039167,139.7254722,Q24862403
227,横尾忠則現代美術館,兵庫縣,美術館,4.0,100,美術館,Kobe Station,4.6,0.70,0.8000,1.0000,0.5231,0.8123,http://commons.wikimedia.org/wiki/Special:FilePath/140621%20Yokoo%20Tadanori%20Museum%20of%20Contemporary%20Art%20Kobe%20Japan01s5.jpg,34.7084720,135.2133890,Q11542451
2426,浅草花屋敷,東京都,主題樂園,4.0,100,主題樂園,Tokyo Station,4.6,0.70,0.8000,1.0000,0.5233,0.8123,http://commons.wikimedia.org/wiki/Special:FilePath/Asakusa%20Hanayashiki%20-01.jpg,35.7154972,139.7946889,Q863180
2492,淺草寺,東京都,佛寺,4.0,100,佛寺,Tokyo Station,4.6,0.70,0.8000,1.0000,0.5225,0.8123,http://commons.wikimedia.org/wiki/Special:FilePath/Sensoji%202023.jpg,35.7145556,139.7966389,Q615183
2404,東京女子医科大学史料室　吉岡彌生記念室,東京都,博物館,4.0,100,博物館,Tokyo Station,4.6,0.70,0.8000,1.0000,0.5223,0.8122,,35.6975510,139.7206370,Q104698247
3779,ふじのくに地球環境史ミュージアム,靜岡縣,自然歷史博物館,4.0,100,自然歷史博物館,Shizuoka Station,4.6,0.70,0.8000,1.0000,0.5221,0.8122,http://commons.wikimedia.org/wiki/Special:FilePath/Museum%20of%20Natural%20and%20Environmental%20History%EF%BC%8CShizuoka%203.JPG,34.9593056,138.4366944,Q23716488
236,兵庫縣立美術館 原田之森藝廊,兵庫縣,美術館,4.0,100,美術館,Kobe Station,4.6,0.70,0.8000,1.0000,0.5207,0.8121,http://commons.wikimedia.org/wiki/Special:FilePath/140621%20Hyogo%20Prefectural%20Museum%20of%20Art%20Annex%20Kobe%20Japan02s5.jpg,34.7086111,135.2138889,Q11393094
1052,日本工芸館,大阪府,博物館,4.0,100,博物館,Osaka Station,4.6,0.70,0.8000,1.0000,0.5206,0.8121,http://commons.wikimedia.org/wiki/Special:FilePath/Japan%20folk%20art%20museum.jpg,34.6611500,135.4986361,Q11508057
2591,テピア,東京都,科技博物館,4.0,100,科技博物館,Tokyo Station,4.6,0.70,0.8000,1.0000,0.5211,0.8121,http://commons.wikimedia.org/wiki/Special:FilePath/Tepia-Kita-Aoyama.jpg,35.6730556,139.7172222,Q11319358
292,神戶文學館,兵庫縣,文學館,4.0,100,文學館,Kobe Station,4.6,0.70,0.8000,1.0000,0.5203,0.8120,http://commons.wikimedia.org/wiki/Special:FilePath/Kobe%20City%20Museum%20of%20Literature07n.jpg,34.7091667,135.2133333,Q3330671
3101,横浜水道記念館,神奈川縣,水廠博物館,4.0,100,水廠博物館,Yokohama Station,4.6,0.70,0.8000,1.0000,0.5199,0.8120,http://commons.wikimedia.org/wiki/Special:FilePath/Yokohama%20waterworks%20commemoration%20hall%2001.jpg,35.4659250,139.5717278,Q26919614
2361,アミューズミュージアム,東京都,美術館,4.0,100,美術館,Tokyo Station,4.6,0.70,0.8000,1.0000,0.5192,0.8119,http://commons.wikimedia.org/wiki/Special:FilePath/AM%20view1.jpg,35.7145000,139.7979000,Q17230481
1706,岩山パークランド,岩手縣,主題樂園,4.0,100,主題樂園,Morioka Station,4.7,0.70,0.8000,1.0000,0.5177,0.8118,,39.7011111,141.1908333,Q11474399
2388,たばこと塩の博物館,東京都,塩博物館,4.0,100,塩博物館,Tokyo Station,4.7,0.70,0.8000,1.0000,0.5176,0.8118,http://commons.wikimedia.org/wiki/Special:FilePath/Tobacco%20%26%20Salt%20Museum%20%28Tokyo%29.JPG,35.7060000,139.8086900,Q11271253
590,本郷新記念札幌彫刻美術館,北海道,人物紀念館,4.0,100,人物紀念館,Sapporo Station,4.7,0.70,0.8000,1.0000,0.5175,0.8117,http://commons.wikimedia.org/wiki/Special:FilePath/Hongo%20Shin%20Memorial%20Museum%20of%20Sculpture%2C%20Sapporo%20-%20Main%20Hall.jpg,43.0551810,141.2964800,Q68620047
58,泉屋博古馆,京都府,美術館,4.0,100,美術館,Kyoto Station,4.7,0.70,0.8000,1.0000,0.5151,0.8115,http://commons.wikimedia.org/wiki/Special:FilePath/SenokuHakkoKan.jpg,35.0176000,135.7929000,Q3478488
1045,交通科學博物館,大阪府,鐵路博物館,4.0,100,鐵路博物館,Osaka Station,4.7,0.70,0.8000,1.0000,0.5150,0.8115,http://commons.wikimedia.org/wiki/Special:FilePath/Modern-Transportaion-Museum.jpg,34.6707000,135.4619000,Q6888914
2345,佐藤美術館,東京都,美術館,4.0,100,美術館,Tokyo Station,4.7,0.70,0.8000,1.0000,0.5151,0.8115,http://commons.wikimedia.org/wiki/Special:FilePath/Sato%20Museum%20of%20Art%2C%20Shinjuku%2001.jpg,35.6817220,139.7150000,Q11384365
2670,秩父宮記念スポーツ博物館,東京都,體育博物館,4.0,100,體育博物館,Tokyo Station,4.7,0.70,0.8000,1.0000,0.5135,0.8114,http://commons.wikimedia.org/wiki/Special:FilePath/Sports%202006%201009.JPG,35.6791667,139.7147222,Q11596124
1101,箱本館 ｢紺屋｣,奈良縣,博物館,4.0,100,博物館,Nara Station,4.8,0.70,0.8000,1.0000,0.5119,0.8112,http://commons.wikimedia.org/wiki/Special:FilePath/Hakomotokan%20konya01s1600.jpg,34.6477300,135.7852000,Q123146797
775,稲毛記念館,千葉縣,博物館,4.0,100,博物館,Chiba Station,4.8,0.70,0.8000,1.0000,0.5108,0.8111,,35.6198611,140.0608333,Q106651498
1831,島根縣立八雲立風土記之丘,島根縣,風土記之丘,4.0,100,風土記之丘,Matsue Station,4.8,0.70,0.8000,1.0000,0.5107,0.8111,http://commons.wikimedia.org/wiki/Special:FilePath/Matsue%20fudoki%20no%20oka%20IMG%2020161019%20150423.jpg,35.4266944,133.0900556,Q104721896
63,北村美術館,京都府,美術館,4.0,100,美術館,Kyoto Station,4.8,0.70,0.8000,1.0000,0.5097,0.8110,http://commons.wikimedia.org/wiki/Special:FilePath/Kyoto%20Kitamura%20Art%20Museum%202013-08.JPG,35.0280000,135.7703610,Q11402029
1070,柳沢文庫,奈良縣,專門圖書館,4.0,100,專門圖書館,Nara Station,4.8,0.70,0.8000,1.0000,0.5096,0.8110,http://commons.wikimedia.org/wiki/Special:FilePath/Yanagisawa%20bunko01s2048.jpg,34.6509440,135.7803610,Q11534403
1479,笠松町歴史未来館,岐阜縣,歷史博物館,4.0,100,歷史博物館,Gifu Station,4.8,0.70,0.8000,1.0000,0.5102,0.8110,http://commons.wikimedia.org/wiki/Special:FilePath/%E7%AC%A0%E6%9D%BE%E7%94%BA%E6%AD%B4%E5%8F%B2%E6%9C%AA%E6%9D%A5%E9%A4%A8.jpg,35.3660556,136.7617778,Q48746198
1822,出雲かんべの里,島根縣,博物館,4.0,100,博物館,Matsue Station,4.8,0.70,0.8000,1.0000,0.5092,0.8109,,35.4252160,133.0873440,Q132444490
394,百耕資料館,兵庫縣,博物館,4.0,100,博物館,Kobe Station,4.8,0.70,0.8000,1.0000,0.5079,0.8108,http://commons.wikimedia.org/wiki/Special:FilePath/Hyakko-museum.jpg,34.6616389,135.1297778,Q11580839
744,千葉市立加曽利貝塚博物館,千葉縣,考古博物館,4.0,100,考古博物館,Chiba Station,4.8,0.70,0.8000,1.0000,0.5082,0.8108,http://commons.wikimedia.org/wiki/Special:FilePath/KasoriShellMoundsMuseum20110918.jpg,35.6237250,140.1651920,Q104696860
1011,はりきゅうミュージアム,大阪府,私人博物館,4.0,100,私人博物館,Osaka Station,4.8,0.70,0.8000,1.0000,0.5082,0.8108,,34.6786111,135.5401389,Q86744876
2560,鳩山會館,東京都,历史房屋博物馆,4.0,100,历史房屋博物馆,Tokyo Station,4.9,0.70,0.8000,1.0000,0.5069,0.8107,http://commons.wikimedia.org/wiki/Special:FilePath/Hatoyama%20Hall%202009.jpg,35.7138220,139.7312080,Q871522
725,稻毛民間航空紀念館,千葉縣,航空博物館,4.0,100,航空博物館,Chiba Station,4.9,0.70,0.8000,1.0000,0.5063,0.8106,http://commons.wikimedia.org/wiki/Special:FilePath/InageMinkanKoukuuKinenkan20101223.jpg,35.6208000,140.0600410,Q11596687
2035,德川美術館,愛知縣,美術館,4.0,100,美術館,Nagoya Station,4.9,0.70,0.8000,1.0000,0.5046,0.8105,http://commons.wikimedia.org/wiki/Special:FilePath/View%20of%20Tokugawa%20Art%20Museum%20%281%29%2C%20Tokugawa-cho%20Higashi%20Ward%20Nagoya%202021.jpg,35.1836920,136.9331890,Q3077236
2550,台東區立書道博物館,東京都,書法美術館,4.0,100,書法美術館,Tokyo Station,4.9,0.70,0.8000,1.0000,0.5046,0.8105,http://commons.wikimedia.org/wiki/Special:FilePath/Taito-Ku%20Calligraphy%20Museum.JPG,35.7246940,139.7764440,Q11411955
2625,文京区立森鴎外記念館,東京都,人物紀念館,4.0,100,人物紀念館,Tokyo Station,4.9,0.70,0.8000,1.0000,0.5053,0.8105,http://commons.wikimedia.org/wiki/Special:FilePath/Mori%20Ogai%20Momorial%20Museum%2002.jpg,35.7249167,139.7606667,Q84836242
2997,新橫濱拉麵博物館,神奈川縣,主題樂園,4.0,100,主題樂園,Yokohama Station,4.9,0.70,0.8000,1.0000,0.5044,0.8104,http://commons.wikimedia.org/wiki/Special:FilePath/Shin-Yokohama%20Raumen%20Museum%20DSCN3985.jpg,35.5098740,139.6145370,Q864499
3022,橫濱Sky Walk,神奈川縣,步行者專用道路,4.0,100,步行者專用道路,Yokohama Station,4.9,0.70,0.8000,1.0000,0.5040,0.8104,http://commons.wikimedia.org/wiki/Special:FilePath/Yokohama-Skywalk%2CSkytower.JPG,35.4588611,139.6762778,Q11542858
2307,根津美術館,東京都,美術館,4.0,100,美術館,Tokyo Station,4.9,0.70,0.8000,1.0000,0.5027,0.8103,http://commons.wikimedia.org/wiki/Special:FilePath/Nezu%20museum%20entrance%20tokyo%202014.jpg,35.6621600,139.7176030,Q1047097
2562,东京大空袭战灾资料中心,東京都,軍事博物館,4.0,100,軍事博物館,Tokyo Station,5.0,0.70,0.8000,1.0000,0.5021,0.8102,http://commons.wikimedia.org/wiki/Special:FilePath/Exterior%20of%20the%20Center%20of%20the%20Tokyo%20Raids%20and%20War%20Damage%20in%20January%202019.jpg,35.6817000,139.8220000,Q15961648
91,京都大學綜合博物館,京都府,大學博物館,4.0,100,大學博物館,Kyoto Station,5.0,0.70,0.8000,1.0000,0.5013,0.8101,http://commons.wikimedia.org/wiki/Special:FilePath/Kyoto%20University%20Museum%2020120805-001.jpg,35.0272630,135.7792870,Q11374929
2357,ワタリウム美術館,東京都,美術館,4.0,100,美術館,Tokyo Station,5.0,0.70,0.8000,1.0000,0.5005,0.8101,http://commons.wikimedia.org/wiki/Special:FilePath/Watarium.jpg,35.6707222,139.7133889,Q3915469
2533,東洋大学井上円了記念博物館,東京都,人物紀念館,4.0,100,人物紀念館,Tokyo Station,5.0,0.70,0.8000,1.0000,0.5011,0.8101,http://commons.wikimedia.org/wiki/Special:FilePath/ToyoUniv%20Hakusan%20InoueHall.jpg,35.7237056,139.7497833,Q11527629
2907,リデル・ライト両女史記念館,熊本縣,人物紀念館,4.0,100,人物紀念館,Kumamoto Station,5.0,0.70,0.8000,1.0000,0.5011,0.8101,http://commons.wikimedia.org/wiki/Special:FilePath/The%20Riddell-Wright%20Memorial%20Hall.JPG,32.8190000,130.7307778,Q17230725
3863,新屋島水族館,香川縣,水族館,4.0,100,水族館,Takamatsu Station,5.0,0.70,0.8000,1.0000,0.5009,0.8101,http://commons.wikimedia.org/wiki/Special:FilePath/NewYashimaAquarium.JPG,34.3584720,134.1000000,Q11501972
2566,墨田水族館,東京都,水族館,4.0,100,水族館,Tokyo Station,5.0,0.70,0.8000,1.0000,0.4996,0.8100,http://commons.wikimedia.org/wiki/Special:FilePath/Tokyo%20Soramachi%202012.JPG,35.7098890,139.8098610,Q8134074
2937,石川県銭屋五兵衛記念館,石川縣,都道府县立博物馆,4.0,100,都道府县立博物馆,Kanazawa Station,5.0,0.70,0.8000,1.0000,0.4998,0.8100,http://commons.wikimedia.org/wiki/Special:FilePath/%E9%8A%AD%E5%B1%8B%E4%BA%94%E5%85%B5%E8%A1%9B%E8%A8%98%E5%BF%B5%E9%A4%A8.jpg,36.5969222,136.5970972,Q11586272
2314,伊勢半本店 紅ミュージアム,東京都,美術館,4.0,100,美術館,Tokyo Station,5.0,0.70,0.8000,1.0000,0.4985,0.8099,http://commons.wikimedia.org/wiki/Special:FilePath/Benimuseum%20Img001.jpg,35.6599167,139.7179722,Q11378949
3909,因幡万葉歴史館,鳥取縣,歷史博物館,4.0,100,歷史博物館,Tottori Station,5.0,0.70,0.8000,1.0000,0.4991,0.8099,http://commons.wikimedia.org/wiki/Special:FilePath/Inaba-manyo-rekishikan.jpg,35.4728080,134.2747360,Q11420253
3949,尚古集成館,鹿兒島縣,工業建築,4.0,100,工業建築,Kagoshima-Chuo Station,5.0,0.70,0.8000,1.0000,0.4995,0.8099,http://commons.wikimedia.org/wiki/Special:FilePath/Kagoshima%20Syuseikan.jpg,31.6173060,130.5762500,Q11464787
147,鴨川デルタ,京都府,河岸,4.0,100,河岸,Kyoto Station,5.0,0.70,0.8000,1.0000,0.4979,0.8098,http://commons.wikimedia.org/wiki/Special:FilePath/%E9%B4%A8%E5%B7%9D%E3%83%87%E3%83%AB%E3%82%BF3.jpg,35.0299000,135.7717000,Q123688246
1482,三甲美術館,岐阜縣,美術館,4.0,100,美術館,Gifu Station,5.0,0.70,0.8000,1.0000,0.4982,0.8098,http://commons.wikimedia.org/wiki/Special:FilePath/Sanko%20Museum%201.JPG,35.4448030,136.7903280,Q11356786
2416,池袋防災館,東京都,博物館,4.0,100,博物館,Tokyo Station,5.0,0.70,0.8000,1.0000,0.4984,0.8098,http://commons.wikimedia.org/wiki/Special:FilePath/Ikebukuro%20Fire%20Station.JPG,35.7039080,139.8153090,Q85881822
2422,東京大学総合研究博物館小石川分館,東京都,大學博物館,4.0,100,大學博物館,Tokyo Station,5.0,0.70,0.8000,1.0000,0.4976,0.8098,http://commons.wikimedia.org/wiki/Special:FilePath/%E6%9D%B1%E4%BA%AC%E5%A4%A7%E5%AD%A6%E7%B7%8F%E5%90%88%E7%A0%94%E7%A9%B6%E5%8D%9A%E7%89%A9%E9%A4%A8%E5%B0%8F%E7%9F%B3%E5%B7%9D%E5%88%86%E9%A4%A80001.jpg,35.7214040,139.7411420,Q3815581
2500,すみだ郷土文化資料館,東京都,地方文化館,4.0,100,地方文化館,Tokyo Station,5.0,0.70,0.8000,1.0000,0.4976,0.8098,http://commons.wikimedia.org/wiki/Special:FilePath/Sumida%20Heritage%20Museum.JPG,35.7139050,139.8058820,Q104698259
89,京都佛立ミュージアム,京都府,宗教博物馆,4.0,100,宗教博物馆,Kyoto Station,5.1,0.70,0.8000,1.0000,0.4967,0.8097,http://commons.wikimedia.org/wiki/Special:FilePath/2012exhibition1.jpg,35.0271360,135.7354143,Q22118562
3870,屋島寺宝物館,香川縣,博物館,4.0,100,博物館,Takamatsu Station,5.1,0.70,0.8000,1.0000,0.4966,0.8097,,34.3577610,134.1011120,Q133052041
1885,廣島市江波山氣象館,廣島縣,気象博物館,4.0,100,気象博物館,Hiroshima Station,5.1,0.70,0.8000,1.0000,0.4961,0.8096,http://commons.wikimedia.org/wiki/Special:FilePath/Hiroshima%20City%20Ebayama%20Museum%20of%20Meteorology%202.jpg,34.3661740,132.4351300,Q11484548
2438,朝倉雕塑館,東京都,历史房屋博物馆,4.0,100,历史房屋博物馆,Tokyo Station,5.1,0.70,0.8000,1.0000,0.4962,0.8096,http://commons.wikimedia.org/wiki/Special:FilePath/ASAKURA%20Museum%20of%20Sculpture%2020051002.jpg,35.7268470,139.7685500,Q11517304
2453,東京スカイツリー天望デッキ,東京都,觀景台,4.0,100,觀景台,Tokyo Station,5.1,0.70,0.8000,1.0000,0.4955,0.8096,http://commons.wikimedia.org/wiki/Special:FilePath/Tokyo%20Skytree%20%281%29.JPG,35.7102266,139.8106940,Q117066302
2504,東京晴空塔,東京都,廣播塔,4.0,100,廣播塔,Tokyo Station,5.1,0.70,0.8000,1.0000,0.4960,0.8096,http://commons.wikimedia.org/wiki/Special:FilePath/Tokyo%20Skytree%202023.jpg,35.7100556,139.8107222,Q57965
3063,橫濱市電保存館,神奈川縣,電車博物館,4.0,100,電車博物館,Yokohama Station,5.1,0.70,0.8000,1.0000,0.4957,0.8096,http://commons.wikimedia.org/wiki/Special:FilePath/Yokohama-Tramport-00.jpg,35.4204861,139.6245694,Q11543182
3107,馬之博物館,神奈川縣,博物館,4.0,100,博物館,Yokohama Station,5.1,0.70,0.8000,1.0000,0.4962,0.8096,http://commons.wikimedia.org/wiki/Special:FilePath/Uma%202007%2001%2028.JPG,35.4226670,139.6395830,Q17217536
1685,日本化石資料館,岡山縣,古生物博物馆,4.0,100,古生物博物馆,Okayama Station,5.1,0.70,0.8000,1.0000,0.4953,0.8095,,34.6507870,133.9708740,Q132607911
2478,東京スカイツリー天望回廊,東京都,觀景台,4.0,100,觀景台,Tokyo Station,5.1,0.70,0.8000,1.0000,0.4951,0.8095,http://commons.wikimedia.org/wiki/Special:FilePath/Tokyo%20Skytree%20%282%29.JPG,35.7102560,139.8107946,Q117066320
3333,秋田市立秋田城跡歴史資料館,秋田縣,考古博物館,4.0,100,考古博物館,Akita Station,5.1,0.70,0.8000,1.0000,0.4945,0.8095,http://commons.wikimedia.org/wiki/Special:FilePath/Akita%20City%20History%20Museum%20of%20Akita%20Fort%20Ruins.jpg,39.7396170,140.0779020,Q104696381
3985,桜島ビジターセンター,鹿兒島縣,遊客中心,4.0,100,遊客中心,Kagoshima-Chuo Station,5.1,0.70,0.8000,1.0000,0.4951,0.8095,http://commons.wikimedia.org/wiki/Special:FilePath/Sakurajima%20visiter%20center.jpg,31.5908330,130.5941670,Q11537993
3045,横浜市三殿台考古館,神奈川縣,考古博物館,4.0,100,考古博物館,Yokohama Station,5.1,0.70,0.8000,1.0000,0.4936,0.8094,http://commons.wikimedia.org/wiki/Special:FilePath/%E6%A8%AA%E6%B5%9C%E5%B8%82%E4%B8%89%E6%AE%BF%E5%8F%B0%E8%80%83%E5%8F%A4%E9%A4%A8.jpg,35.4211111,139.6107778,Q107638557
907,浦和市立郷土博物館,埼玉縣,博物館,4.0,100,博物館,Omiya Station,5.1,0.70,0.8000,1.0000,0.4934,0.8093,http://commons.wikimedia.org/wiki/Special:FilePath/Saitama%20Municipal%20Urawa%20Museum%202011.jpg,35.8905280,139.6776110,Q107056127
915,埼玉市立浦和博物館,埼玉縣,博物館,4.0,100,博物館,Omiya Station,5.1,0.70,0.8000,1.0000,0.4934,0.8093,http://commons.wikimedia.org/wiki/Special:FilePath/Saitama%20Municipal%20Urawa%20Museum%202011.jpg,35.8905280,139.6776110,Q11248600
2169,熱田白鳥の歴史館,愛知縣,林業博物館,4.0,100,林業博物館,Nagoya Station,5.2,0.70,0.8000,1.0000,0.4926,0.8093,http://commons.wikimedia.org/wiki/Special:FilePath/Atutashirotorirekisikan.jpg,35.1271944,136.9002778,Q30922850
2413,MoN Takanawa: The Museum of Narratives,東京都,博物館,4.0,100,博物館,Tokyo Station,5.1,0.70,0.8000,1.0000,0.4926,0.8093,,35.6396900,139.7418290,Q136463408
1084,奈良大学博物館,奈良縣,大學博物館,4.0,100,大學博物館,Nara Station,5.2,0.70,0.8000,1.0000,0.4919,0.8092,,34.7151020,135.7811270,Q104721843
2336,岡本太郎紀念館,東京都,美術館,4.0,100,美術館,Tokyo Station,5.2,0.70,0.8000,1.0000,0.4925,0.8092,http://commons.wikimedia.org/wiki/Special:FilePath/Taro%20Okamoto%20Memorial%20Museum.jpg,35.6613080,139.7155830,Q11473108
2583,ミニチュアミュージアムスモールワールズ,東京都,主題公園,4.0,100,主題公園,Tokyo Station,5.2,0.70,0.8000,1.0000,0.4922,0.8092,http://commons.wikimedia.org/wiki/Special:FilePath/Small%20Worlds%20Tokyo%20Koto-ku%20Tokyo.jpg,35.6381310,139.7883269,Q30926669
100,京都市考古資料館,京都府,考古博物館,4.0,100,考古博物館,Kyoto Station,5.2,0.70,0.8000,1.0000,0.4900,0.8090,http://commons.wikimedia.org/wiki/Special:FilePath/KyotoArchaeologicalMuseum.jpg,35.0319570,135.7493820,Q11375124
573,札幌オリンピックミュージアム,北海道,體育博物館,4.0,100,體育博物館,Sapporo Station,5.2,0.70,0.8000,1.0000,0.4898,0.8090,http://commons.wikimedia.org/wiki/Special:FilePath/Sapporo%20Olympic%20Museum.jpg,43.0518040,141.2910210,Q85881092
2584,郵政博物館,東京都,郵政博物館,4.0,100,郵政博物館,Tokyo Station,5.2,0.70,0.8000,1.0000,0.4901,0.8090,http://commons.wikimedia.org/wiki/Special:FilePath/Messenger%20Bike%20of%20Postal%20Museum%20Japan.jpg,35.7100000,139.8125000,Q17225229
3939,砂之美術館,鳥取縣,美術館,4.0,100,美術館,Tottori Station,5.2,0.70,0.8000,1.0000,0.4900,0.8090,http://commons.wikimedia.org/wiki/Special:FilePath/Sand%20Museum.JPG,35.5397222,134.2380556,Q7415842
1437,山梨いちごの王さまミュージアム,山梨縣,公司博物館,4.0,100,公司博物館,Kofu Station,5.2,0.70,0.8000,1.0000,0.4887,0.8089,,35.6768280,138.5116370,Q137770045
910,埼玉市青少年宇宙科學館,埼玉縣,社会教育施設,4.0,100,社会教育施設,Omiya Station,5.3,0.70,0.8000,1.0000,0.4871,0.8087,http://commons.wikimedia.org/wiki/Special:FilePath/Saitama%20Municupal%20Youth%20Astronomical%20Museum%201.JPG,35.8722780,139.6646110,Q11267509
2358,講談社野間記念館,東京都,美術館,4.0,100,美術館,Tokyo Station,5.3,0.70,0.8000,1.0000,0.4870,0.8087,http://commons.wikimedia.org/wiki/Special:FilePath/Kodansha%20Noma%20Memorial%20Museum%202.jpg,35.7140000,139.7250278,Q3788846
2317,永青文库,東京都,美術館,4.0,100,美術館,Tokyo Station,5.3,0.70,0.8000,1.0000,0.4846,0.8085,http://commons.wikimedia.org/wiki/Special:FilePath/Eisei%20Bunko.jpg,35.7131710,139.7232960,Q728781
2524,早稻田大学国际文学馆,東京都,大學圖書館,4.0,100,大學圖書館,Tokyo Station,5.3,0.70,0.8000,1.0000,0.4846,0.8085,,35.7097778,139.7198889,Q85880820
99,承天閣美術館,京都府,美術館,4.0,100,美術館,Kyoto Station,5.3,0.70,0.8000,1.0000,0.4843,0.8084,http://commons.wikimedia.org/wiki/Special:FilePath/150815%20Jotenkaku%20Museum%20Kyoto%20Japan01s3.jpg,35.0335830,135.7626110,Q11497319
2508,早稻田大學坪內博士紀念演劇博物館,東京都,大學博物館,4.0,100,大學博物館,Tokyo Station,5.3,0.70,0.8000,1.0000,0.4843,0.8084,http://commons.wikimedia.org/wiki/Special:FilePath/Tsubouchi%20Memorial%20Theatre%20Museum.jpg,35.7100000,139.7200000,Q3951945
2499,早稲田大学會津八一記念博物館,東京都,大學博物館,4.0,100,大學博物館,Tokyo Station,5.4,0.70,0.8000,1.0000,0.4827,0.8083,,35.7099722,139.7195000,Q30938116
575,地図と鉱石の山の手博物館,北海道,地図博物館,4.0,100,地図博物館,Sapporo Station,5.4,0.70,0.8000,1.0000,0.4821,0.8082,,43.0710690,141.2847440,Q123125257
1932,徳島市天狗久資料館,德島縣,人物紀念館,4.0,100,人物紀念館,Tokushima Station,5.4,0.70,0.8000,1.0000,0.4822,0.8082,,34.0722780,134.4927500,Q11489720
2672,ヨックモックミュージアム,東京都,陶瓷博物館,4.0,100,陶瓷博物館,Tokyo Station,5.4,0.70,0.8000,1.0000,0.4824,0.8082,http://commons.wikimedia.org/wiki/Special:FilePath/Yoku%20Moku%20Museum.jpg,35.6596000,139.7140000,Q131904628
73,伏見桃山城キャッスルランド,京都府,主題樂園,4.0,100,主題樂園,Kyoto Station,5.4,0.70,0.8000,1.0000,0.4805,0.8080,http://commons.wikimedia.org/wiki/Special:FilePath/%E4%BC%8F%E8%A6%8B%E6%A1%83%E5%B1%B1%E5%9F%8E06.jpg,34.9394722,135.7768056,Q11381116
133,北野天満宮宝物殿,京都府,宝物館,4.0,100,宝物館,Kyoto Station,5.4,0.70,0.8000,1.0000,0.4803,0.8080,http://commons.wikimedia.org/wiki/Special:FilePath/Kitano-tenmangu%20Kyoto%20Japan23s3s4500.jpg,35.0305859,135.7356157,Q127588655
443,札幌市下水道科学館,北海道,科學博物館,4.0,100,科學博物館,Sapporo Station,5.4,0.70,0.8000,1.0000,0.4803,0.8080,http://commons.wikimedia.org/wiki/Special:FilePath/Sapporo%20Sewerage%20Science%20Museum.JPG,43.1169760,141.3426090,Q123124887
1058,大阪人権博物館,大阪府,博物館,4.0,100,博物館,Osaka Station,5.4,0.70,0.8000,1.0000,0.4803,0.8080,http://commons.wikimedia.org/wiki/Special:FilePath/Liberty%20Osaka%20Human%20Rights%20Museum.jpg,34.6544444,135.4866667,Q6541903
2621,戰爭與和平女性博物館,東京都,和平博物館,4.0,100,和平博物館,Tokyo Station,5.4,0.70,0.8000,1.0000,0.4788,0.8079,,35.7080361,139.7167000,Q11446206
2598,一葉紀念館,東京都,人物紀念館,4.0,100,人物紀念館,Tokyo Station,5.5,0.70,0.8000,1.0000,0.4784,0.8078,http://commons.wikimedia.org/wiki/Special:FilePath/Ichiyo%20Memorial%20Museum.JPG,35.7255560,139.7928060,Q11353179
3197,福岡市埋藏文化財中心,福岡縣,埋藏文化財中心,4.0,100,埋藏文化財中心,Hakata Station,5.5,0.70,0.8000,1.0000,0.4775,0.8078,http://commons.wikimedia.org/wiki/Special:FilePath/Fukuoka%20City%20Archaeology%20Center.jpg,33.5554840,130.4625330,Q11592225
3187,王貞治ベースボールミュージアム,福岡縣,人物紀念館,4.0,100,人物紀念館,Hakata Station,5.5,0.70,0.8000,1.0000,0.4774,0.8077,http://commons.wikimedia.org/wiki/Special:FilePath/%E7%8E%8B%E8%B2%9E%E6%B2%BB%E3%83%99%E3%83%BC%E3%82%B9%E3%83%9C%E3%83%BC%E3%83%AB%E3%83%9F%E3%83%A5%E3%83%BC%E3%82%B8%E3%82%A2%E3%83%A0%20-%20panoramio.jpg,33.5951667,130.3619167,Q575508
2791,琉球温泉,沖繩縣,温泉镇,4.0,100,温泉镇,Naha Bus Terminal,5.5,0.70,0.8000,1.0000,0.4754,0.8075,,26.1765710,127.6410460,Q108585016
2642,虹の下水道館,東京都,水廠博物館,4.0,100,水廠博物館,Tokyo Station,5.6,0.70,0.8000,1.0000,0.4739,0.8074,http://commons.wikimedia.org/wiki/Special:FilePath/Tokyo%20Sewerage%20Museum%20%22Rainbow%22.jpg,35.6331670,139.7838060,Q11625416
137,白沙村荘,京都府,纪念博物馆,4.0,100,纪念博物馆,Kyoto Station,5.6,0.70,0.8000,1.0000,0.4733,0.8073,http://commons.wikimedia.org/wiki/Special:FilePath/090711%20Hakusasonsou%20Kyoto%20Japan30s3.jpg,35.0268810,135.7936690,Q11579925
475,大倉山跳台競技場,北海道,skiing stadium,4.0,100,skiing stadium,Sapporo Station,5.6,0.70,0.8000,1.0000,0.4712,0.8071,http://commons.wikimedia.org/wiki/Special:FilePath/Okurayama%20August%202007.jpg,43.0506667,141.2863056,Q385351
2526,白根記念渋谷区郷土博物館・文学館,東京都,文學館,4.0,100,文學館,Tokyo Station,5.6,0.70,0.8000,1.0000,0.4696,0.8070,http://commons.wikimedia.org/wiki/Special:FilePath/Shirane%20Memorial%20Museum1.JPG,35.6563889,139.7125500,Q21019078
958,通天閣,大阪府,觀光塔,4.0,100,觀光塔,Osaka Station,5.7,0.70,0.8000,1.0000,0.4687,0.8069,http://commons.wikimedia.org/wiki/Special:FilePath/New%20Tsutenkaku%20in%20201409%20003.JPG,34.6522222,135.5061111,Q1148463
3776,靜岡縣立美術館,靜岡縣,美術館,4.0,100,美術館,Shizuoka Station,5.7,0.70,0.8000,1.0000,0.4686,0.8069,http://commons.wikimedia.org/wiki/Special:FilePath/%E9%9D%99%E5%B2%A1%E7%9C%8C%E7%AB%8B%E7%BE%8E%E8%A1%93%E9%A4%A8-15.JPG,34.9918000,138.4460000,Q11663204
340,澤之鶴資料館,兵庫縣,公司博物館,4.0,100,公司博物館,Kobe Station,5.7,0.70,0.8000,1.0000,0.4680,0.8068,http://commons.wikimedia.org/wiki/Special:FilePath/SawanoTsuru%20SakeMuseum.jpg,34.7032780,135.2331390,Q11553106
895,浦和美術館,埼玉縣,美術館,4.0,100,美術館,Omiya Station,5.7,0.70,0.8000,1.0000,0.4677,0.8068,http://commons.wikimedia.org/wiki/Special:FilePath/UrawaCenturyCity201303.jpg,35.8606670,139.6524440,Q11260799
2182,热田神宫宝物馆,愛知縣,宝物館,4.0,100,宝物館,Nagoya Station,5.7,0.70,0.8000,1.0000,0.4669,0.8067,http://commons.wikimedia.org/wiki/Special:FilePath/Bunka-Den%20%28Treasure%20Exhibition%20Hall%29%20in%20Atsuta%20Shrine%20-%201.jpg,35.1249170,136.9094530,Q11569116
2209,剣の宝庫 草薙館,愛知縣,博物館,4.0,100,博物館,Nagoya Station,5.7,0.70,0.8000,1.0000,0.4674,0.8067,http://commons.wikimedia.org/wiki/Special:FilePath/Atsuta%20Jingu6.jpg,35.1245969,136.9083179,Q110259947
103,東映太秦映畫村,京都府,电影布景,4.0,100,电影布景,Kyoto Station,5.7,0.70,0.8000,1.0000,0.4665,0.8066,http://commons.wikimedia.org/wiki/Special:FilePath/Toei%20Kyoto%20Studio%20Park%20from%20above.jpg,35.0163890,135.7083330,Q11103541
155,広隆寺霊宝殿,京都府,宝物館,4.0,100,宝物館,Kyoto Station,5.7,0.70,0.8000,1.0000,0.4662,0.8066,http://commons.wikimedia.org/wiki/Special:FilePath/K%C3%B4ry%C3%BB-ji%20Temple%20-%20Reih%C3%B4-den.jpg,35.0155000,135.7074720,Q133269160
1046,四天王寺宝物館,大阪府,宝物館,4.0,100,宝物館,Osaka Station,5.7,0.70,0.8000,1.0000,0.4664,0.8066,http://commons.wikimedia.org/wiki/Special:FilePath/Shitennoji12.jpg,34.6541810,135.5173450,Q104721234
2371,八音琴博物馆,東京都,博物館,4.0,100,博物館,Tokyo Station,5.7,0.70,0.8000,1.0000,0.4664,0.8066,http://commons.wikimedia.org/wiki/Special:FilePath/Orugoru%20no%20Chiisana%20Hakubutsukan.JPG,35.7189167,139.7240278,Q3815510
3595,長野市立博物館,長野縣,市立博物館,4.0,100,市立博物館,Nagano Station,5.7,0.70,0.8000,1.0000,0.4664,0.8066,http://commons.wikimedia.org/wiki/Special:FilePath/Nagano%20City%20Museum.jpg,36.5915560,138.1879170,Q11654184
2351,浮世繪 太田紀念美術館,東京都,美術館,4.0,100,美術館,Tokyo Station,5.8,0.70,0.8000,1.0000,0.4647,0.8065,http://commons.wikimedia.org/wiki/Special:FilePath/Ota-Memorial-Museum-Harajuku-01.jpg,35.6694000,139.7050000,Q3815442
2353,山種美術館,東京都,美術館,4.0,100,美術館,Tokyo Station,5.7,0.70,0.8000,1.0000,0.4652,0.8065,http://commons.wikimedia.org/wiki/Special:FilePath/Yamatane%20Museum%20of%20Art%20-%20Tokyo%2C%20Japan%20-%20DSC05555.jpg,35.6531744,139.7136407,Q3329572
2532,國學院大學博物館,東京都,大學博物館,4.0,100,大學博物館,Tokyo Station,5.8,0.70,0.8000,1.0000,0.4646,0.8065,http://commons.wikimedia.org/wiki/Special:FilePath/Kokugakuin%20University%20002.jpg,35.6563056,139.7111667,Q81916990
2721,宇都宮美術館,栃木縣,美術館,4.0,100,美術館,Utsunomiya Station,5.8,0.70,0.8000,1.0000,0.4646,0.8065,http://commons.wikimedia.org/wiki/Special:FilePath/Utsunomiya%20museum.jpg,36.6071667,139.8739722,Q11449808
3857,四国村ギャラリー,香川縣,美術館,4.0,100,美術館,Takamatsu Station,5.8,0.70,0.8000,1.0000,0.4651,0.8065,http://commons.wikimedia.org/wiki/Special:FilePath/Shikokumura%20gallery01s3200.jpg,34.3456250,134.1089580,Q17211689
3859,四國村,香川縣,主題公園,4.0,100,主題公園,Takamatsu Station,5.7,0.70,0.8000,1.0000,0.4653,0.8065,http://commons.wikimedia.org/wiki/Special:FilePath/Shikokumura29s3200.jpg,34.3455556,134.1088889,Q4250629
2753,浦添市美術館,沖繩縣,美術館,4.0,100,美術館,Naha Bus Terminal,5.8,0.70,0.8000,1.0000,0.4637,0.8064,http://commons.wikimedia.org/wiki/Special:FilePath/Urasoe%20Art%20Museum04s4s2940.jpg,26.2499170,127.7194720,Q11558303
671,札幌市博物館活動センター,北海道,博物館,4.0,100,博物館,Sapporo Station,5.8,0.70,0.8000,1.0000,0.4627,0.8063,http://commons.wikimedia.org/wiki/Special:FilePath/Sapporo%20Museum%20Activity%20Center.jpg,43.0189140,141.3723630,Q123128203
2369,温故学会会館,東京都,博物館,4.0,100,博物館,Tokyo Station,5.8,0.70,0.8000,1.0000,0.4625,0.8063,http://commons.wikimedia.org/wiki/Special:FilePath/Hanawa%20Hokiichi1a.JPG,35.6543333,139.7119278,Q21018910
819,片男波公園万葉館,和歌山縣,博物館,4.0,100,博物館,Wakayama Station,5.8,0.70,0.8000,1.0000,0.4620,0.8062,,34.1817240,135.1734280,Q132299658
2575,台場一丁目商店街,東京都,レトロテーマパーク,4.0,100,レトロテーマパーク,Tokyo Station,5.8,0.70,0.8000,1.0000,0.4616,0.8062,http://commons.wikimedia.org/wiki/Special:FilePath/DAIBA%201-CHOME%20SHOUTENGAI.JPG,35.6292846,139.7762176,Q11411934
2161,あま市甚目寺歴史民俗資料館,愛知縣,民俗博物館,4.0,100,民俗博物館,Nagoya Station,5.8,0.70,0.8000,1.0000,0.4614,0.8061,http://commons.wikimedia.org/wiki/Special:FilePath/Jimokuji%20Industrial%20Hall%20in%20Aichi%2001.jpg,35.1934444,136.8235000,Q76913410
2459,東京都水之科學館,東京都,科學博物館,4.0,100,科學博物館,Tokyo Station,5.8,0.70,0.8000,1.0000,0.4610,0.8061,http://commons.wikimedia.org/wiki/Special:FilePath/Tokyo%20Science%20Pavilion.jpg,35.6308056,139.7855000,Q11525336
2502,港區立鄉土歷史館,東京都,建築物,4.0,100,建築物,Tokyo Station,5.8,0.70,0.8000,1.0000,0.4613,0.8061,http://commons.wikimedia.org/wiki/Special:FilePath/Minato%20City%20Local%20History%20Museum%2001.jpg,35.6400830,139.7268890,Q115212362
2776,南風原町立南風原文化センター,沖繩縣,博物館,4.0,100,博物館,Naha Bus Terminal,5.9,0.70,0.8000,1.0000,0.4608,0.8061,,26.1869460,127.7304700,Q104784712
1681,岡山県古代吉備文化財センター,岡山縣,博物館,4.0,100,博物館,Okayama Station,5.9,0.70,0.8000,1.0000,0.4600,0.8060,,34.6636660,133.8545200,Q123516711
2451,レゴランド・ディスカバリー・センター東京,東京都,乐高探索中心,4.0,100,乐高探索中心,Tokyo Station,5.9,0.70,0.8000,1.0000,0.4597,0.8060,,35.6288171,139.7756690,Q30934236
3210,西南学院大学博物馆,福岡縣,大學博物館,4.0,100,大學博物館,Hakata Station,5.9,0.70,0.8000,1.0000,0.4604,0.8060,http://commons.wikimedia.org/wiki/Special:FilePath/SGU%20museum.jpg,33.5853889,130.3576944,Q85883647
1612,坂野記念館,岡山縣,人物紀念館,4.0,100,人物紀念館,Okayama Station,5.9,0.70,0.8000,1.0000,0.4587,0.8059,,34.7188889,133.9075556,Q48747011
2122,あいち朝日遺跡ミュージアム,愛知縣,考古博物館,4.0,100,考古博物館,Nagoya Station,5.9,0.70,0.8000,1.0000,0.4590,0.8059,http://commons.wikimedia.org/wiki/Special:FilePath/Asahi%20museum3.jpg,35.2178630,136.8514420,Q132755779
1103,大和文華館,奈良縣,美術館,4.0,100,美術館,Nara Station,5.9,0.70,0.8000,1.0000,0.4581,0.8058,http://commons.wikimedia.org/wiki/Special:FilePath/Yamato%20Bunkakan01s4592.jpg,34.6952778,135.7566667,Q3329639
2460,高輪消防署二本榎出張所,東京都,古蹟,4.0,100,古蹟,Tokyo Station,5.9,0.70,0.8000,1.0000,0.4582,0.8058,http://commons.wikimedia.org/wiki/Special:FilePath/20241123%20Takanawa%20Fire%20Station%20Nihon-enoki%20Branch%20Office.jpg,35.6357222,139.7331944,Q11672881
1124,中野美術館,奈良縣,美術館,4.0,100,美術館,Nara Station,5.9,0.70,0.8000,1.0000,0.4567,0.8057,http://commons.wikimedia.org/wiki/Special:FilePath/Nakano%20museum01bs3200.jpg,34.6942780,135.7559440,Q11367709
2389,明治神宮ミュージアム,東京都,博物館,4.0,100,博物館,Tokyo Station,5.9,0.70,0.8000,1.0000,0.4573,0.8057,http://commons.wikimedia.org/wiki/Special:FilePath/%E6%98%8E%E6%B2%BB%E7%A5%9E%E5%AE%AEIMG%2020220129%2004.jpg,35.6722870,139.7023190,Q127692420
2619,東京ラーメン国技館 舞,東京都,食品主题園區,4.0,100,食品主题園區,Tokyo Station,5.9,0.70,0.8000,1.0000,0.4574,0.8057,http://commons.wikimedia.org/wiki/Special:FilePath/Ramen%20Kokugi-kan.jpg,35.6281205,139.7737318,Q11347767
2656,サムライミュージアム,東京都,歷史博物館,4.0,100,歷史博物館,Tokyo Station,6.0,0.70,0.8000,1.0000,0.4564,0.8056,http://commons.wikimedia.org/wiki/Special:FilePath/Samurai%20Museum%20Tokyo%202017%202.jpg,35.6954844,139.7035426,Q116917907
255,神戶市立須磨海浜水族園,兵庫縣,水族館,4.0,100,水族館,Kobe Station,6.0,0.70,0.8000,1.0000,0.4548,0.8055,http://commons.wikimedia.org/wiki/Special:FilePath/Suma%20Aqualife%20Park%20in%202012.JPG,34.6441670,135.1286110,Q11590110
311,神户须磨海洋世界,兵庫縣,水族館,4.0,100,水族館,Kobe Station,6.0,0.70,0.8000,1.0000,0.4548,0.8055,http://commons.wikimedia.org/wiki/Special:FilePath/%E7%A5%9E%E6%88%B8%E9%A0%88%E7%A3%A8%E3%82%B7%E3%83%BC%E3%83%AF%E3%83%BC%E3%83%AB%E3%83%89%20%E3%82%B7%E3%83%A3%E3%83%81%E3%81%AE%E3%83%A2%E3%83%8B%E3%83%A5%E3%83%A1%E3%83%B3%E3%83%88.jpg,34.6441667,135.1286111,Q125228535
996,大阪市立美术馆,大阪府,美術館,4.0,100,美術館,Osaka Station,6.0,0.70,0.8000,1.0000,0.4555,0.8055,http://commons.wikimedia.org/wiki/Special:FilePath/Osaka%20municipal%20museum%20of%20art01s3200.jpg,34.6501110,135.5105280,Q9004920
2110,史跡貝殻山貝塚交流館,愛知縣,考古博物館,4.0,100,考古博物館,Nagoya Station,6.0,0.70,0.8000,1.0000,0.4547,0.8055,,35.2189660,136.8515910,Q132755924
2496,神宮橋,東京都,橋,4.0,100,橋,Tokyo Station,6.0,0.70,0.8000,1.0000,0.4549,0.8055,http://commons.wikimedia.org/wiki/Special:FilePath/Jingubashi%20%28Shibuya%2C%20Tokyo%29.jpg,35.6697000,139.7023000,Q11589493
2957,石川県金沢港大野からくり記念館,石川縣,人物紀念館,4.0,100,人物紀念館,Kanazawa Station,6.0,0.70,0.8000,1.0000,0.4552,0.8055,http://commons.wikimedia.org/wiki/Special:FilePath/Ono%20karakuri%20museum.jpg,36.6189720,136.6043890,Q17192984
884,旧坂東家住宅見沼くらしっく館,埼玉縣,古民家,4.0,100,古民家,Omiya Station,6.0,0.70,0.8000,1.0000,0.4543,0.8054,http://commons.wikimedia.org/wiki/Special:FilePath/Minuma%20Classic%20museum.jpg,35.9061944,139.6907778,Q30934286
1108,東洋民俗博物館,奈良縣,民俗博物館,4.0,100,民俗博物館,Nara Station,6.0,0.70,0.8000,1.0000,0.4540,0.8054,,34.6996890,135.7573120,Q104721812
67,立命館大学国際平和ミュージアム,京都府,大學博物館,4.0,100,大學博物館,Kyoto Station,6.0,0.70,0.8000,1.0000,0.4525,0.8053,http://commons.wikimedia.org/wiki/Special:FilePath/Ritsumeikan-Univ-Kinugasa-04.jpg,35.0336944,135.7273056,Q6452177
1958,徳島ガラススタジオ,德島縣,博物館,4.0,100,博物館,Tokushima Station,6.0,0.70,0.8000,1.0000,0.4532,0.8053,http://commons.wikimedia.org/wiki/Special:FilePath/Tokushima%20glass%20studio.jpg,34.0200560,134.5550000,Q11489637
2548,UESHIMA MUSEUM,東京都,現代美術館,4.0,100,現代美術館,Tokyo Station,6.1,0.70,0.8000,1.0000,0.4521,0.8052,,35.6638650,139.7035130,Q137773264
2205,爲三郎記念館,愛知縣,博物館,4.0,100,博物館,Nagoya Station,6.1,0.70,0.8000,1.0000,0.4515,0.8051,,35.1678178,136.9482208,Q121815987
2563,雑司が谷旧宣教師館,東京都,历史房屋博物馆,4.0,100,历史房屋博物馆,Tokyo Station,6.1,0.70,0.8000,1.0000,0.4513,0.8051,,35.7207222,139.7205833,Q3915272
2055,古川美術館,愛知縣,美術館,4.0,100,美術館,Nagoya Station,6.1,0.70,0.8000,1.0000,0.4504,0.8050,http://commons.wikimedia.org/wiki/Special:FilePath/Furukawa%20Art%20Museum.JPG,35.1688030,136.9485690,Q11411184
893,鴻沼資料館,埼玉縣,地方文化館,4.0,100,地方文化館,Omiya Station,6.2,0.70,0.8000,1.0000,0.4483,0.8048,http://commons.wikimedia.org/wiki/Special:FilePath/Saitama%20Konuma%20Museum%201.JPG,35.8511670,139.6282500,Q11675671
1724,岩手縣立博物館,岩手縣,都道府县立博物馆,4.0,100,都道府县立博物馆,Morioka Station,6.2,0.70,0.8000,1.0000,0.4480,0.8048,http://commons.wikimedia.org/wiki/Special:FilePath/Exterior%20of%20Iwate%20Prefectural%20Museum%2020231103a.jpg,39.7554440,141.1538610,Q11474715
2341,松岡美術館,東京都,美術館,4.0,100,美術館,Tokyo Station,6.2,0.70,0.8000,1.0000,0.4483,0.8048,http://commons.wikimedia.org/wiki/Special:FilePath/Containers%20at%20Matsuoka%20Museum%20of%20Art.jpg,35.6399444,139.7217222,Q11530056
2487,明治神宫,東京都,神宮,4.0,100,神宮,Tokyo Station,6.2,0.70,0.8000,1.0000,0.4479,0.8048,http://commons.wikimedia.org/wiki/Special:FilePath/Courtyard%20of%20Meiji%20Shrine%2020190717.jpg,35.6761111,139.6991667,Q287165
2082,名古屋市博物館,愛知縣,歷史博物館,4.0,100,歷史博物館,Nagoya Station,6.2,0.70,0.8000,1.0000,0.4469,0.8047,http://commons.wikimedia.org/wiki/Special:FilePath/Nagoya%20City%20Museum1.jpg,35.1363861,136.9348917,Q10990728
3919,螃蟹兒童博物館,鳥取縣,水族館,4.0,100,水族館,Tottori Station,6.2,0.70,0.8000,1.0000,0.4469,0.8047,http://commons.wikimedia.org/wiki/Special:FilePath/Kanikkokan%20Tottori%2020070818.jpg,35.5345000,134.1788889,Q11264065
2373,Museum of Imaginary Narrative Arts,東京都,博物館,4.0,100,博物館,Tokyo Station,6.2,0.70,0.8000,1.0000,0.4457,0.8046,,35.6578990,139.7045140,Q137994122
2450,東京海洋大学マリンサイエンスミュージアム,東京都,大學博物館,4.0,100,大學博物館,Tokyo Station,6.2,0.70,0.8000,1.0000,0.4461,0.8046,,35.6275140,139.7482050,Q133225949
2476,MEGAWEB,東京都,主題公園,4.0,100,主題公園,Tokyo Station,6.2,0.70,0.8000,1.0000,0.4462,0.8046,http://commons.wikimedia.org/wiki/Special:FilePath/MEGAWEB%2002.jpg,35.6268060,139.7825280,Q10854652
68,大谷大学博物館,京都府,大學博物館,4.0,100,大學博物館,Kyoto Station,6.2,0.70,0.8000,1.0000,0.4453,0.8045,http://commons.wikimedia.org/wiki/Special:FilePath/Otani-Univ-03.jpg,35.0418110,135.7588540,Q21190901
83,京都府立堂本印象美術館,京都府,美術館,4.0,100,美術館,Kyoto Station,6.2,0.70,0.8000,1.0000,0.4447,0.8045,http://commons.wikimedia.org/wiki/Special:FilePath/Insho-Domoto%20Museum%20of%20Fine%20Arts01s5.jpg,35.0351390,135.7260560,Q11375242
115,月桂冠大倉記念館,京都府,公司博物館,4.0,100,公司博物館,Kyoto Station,6.2,0.70,0.8000,1.0000,0.4446,0.8045,http://commons.wikimedia.org/wiki/Special:FilePath/Gekkeikan%20Okura%20Sake%20Museum01nt3200.jpg,34.9296940,135.7621670,Q11516157
2481,調色盤城大摩天輪,東京都,摩天輪,4.0,100,摩天輪,Tokyo Station,6.2,0.70,0.8000,1.0000,0.4446,0.8045,http://commons.wikimedia.org/wiki/Special:FilePath/Palette%20Town%20Giant%20Ferris%20Wheel.jpg,35.6263915,139.7822902,Q751175
2491,回憶橫丁,東京都,日本の商店街,4.0,100,日本の商店街,Tokyo Station,6.2,0.70,0.8000,1.0000,0.4446,0.8045,http://commons.wikimedia.org/wiki/Special:FilePath/Shinjuku-West%20Omoide-Yokocho.jpg,35.6930700,139.6995000,Q11501868
2433,天文博物館五島プラネタリウム,東京都,天象儀,4.0,100,天象儀,Tokyo Station,6.3,0.70,0.8000,1.0000,0.4436,0.8044,http://commons.wikimedia.org/wiki/Special:FilePath/Tokyu%20Bunka%20Kaikan%202006%20Tokyo.jpg,35.6588890,139.7033330,Q11442649
2448,森ビル デジタルアート ミュージアム：エプソン チームラボボーダレス,東京都,美術館,4.0,100,美術館,Tokyo Station,6.3,0.70,0.8000,1.0000,0.4436,0.8044,,35.6263060,139.7830000,Q104235671
2549,明治神宮宝物殿,東京都,宝物館,4.0,100,宝物館,Tokyo Station,6.3,0.70,0.8000,1.0000,0.4439,0.8044,http://commons.wikimedia.org/wiki/Special:FilePath/Meiji-jingu-houmotsuden.jpg,35.6799520,139.6977700,Q133288913
3195,福岡市博物館,福岡縣,市立博物館,4.0,100,市立博物館,Hakata Station,6.3,0.70,0.8000,1.0000,0.4439,0.8044,http://commons.wikimedia.org/wiki/Special:FilePath/FukuokaCity%20Museum%202018.jpg,33.5897500,130.3530833,Q11592224
156,仁和寺霊宝館,京都府,宝物館,4.0,100,宝物館,Kyoto Station,6.3,0.70,0.8000,1.0000,0.4423,0.8042,,35.0292870,135.7143700,Q133288972
2383,東京都立第五福龍丸展示館,東京都,博物館,4.0,100,博物館,Tokyo Station,6.3,0.70,0.8000,1.0000,0.4419,0.8042,http://commons.wikimedia.org/wiki/Special:FilePath/20070922%20100%201954%201600%20-%20panoramio.jpg,35.6509720,139.8262780,Q11525586
2512,電力館,東京都,公司博物館,4.0,100,公司博物館,Tokyo Station,6.3,0.70,0.8000,1.0000,0.4422,0.8042,http://commons.wikimedia.org/wiki/Special:FilePath/TEPCO%20Museum%201.jpg,35.6633330,139.7008330,Q11269420
2168,マンドリンの音の博物館,愛知縣,柏林乐器博物馆,4.0,100,柏林乐器博物馆,Nagoya Station,6.3,0.70,0.8000,1.0000,0.4414,0.8041,http://commons.wikimedia.org/wiki/Special:FilePath/Mandolin%20Museum%20Nagoya%2020140517.JPG,35.1497220,136.9461190,Q11341608
2729,栃木家庭樂園,栃木縣,主題樂園,4.0,100,主題樂園,Utsunomiya Station,6.3,0.70,0.8000,1.0000,0.4412,0.8041,http://commons.wikimedia.org/wiki/Special:FilePath/Entrance%20of%20Tochinoki%20Family%20Land.jpg,36.5123890,139.8585280,Q11273193
1785,いずもまがたまの里 伝承館,島根縣,博物館,4.0,100,博物館,Matsue Station,6.4,0.70,0.8000,1.0000,0.4398,0.8040,http://commons.wikimedia.org/wiki/Special:FilePath/Izumo%20Magatama-sato1.JPG,35.4318970,133.0053810,Q21583279
2578,イマーシブ・フォート東京,東京都,主題公園,4.0,100,主題公園,Tokyo Station,6.4,0.70,0.8000,1.0000,0.4403,0.8040,,35.6250050,139.7799461,Q130711537
3574,北野美術館,長野縣,美術館,4.0,100,美術館,Nagano Station,6.4,0.70,0.8000,1.0000,0.4400,0.8040,http://commons.wikimedia.org/wiki/Special:FilePath/Kitano%20Art%20Museum.jpg,36.6177220,138.2527780,Q63565237
2370,東京動畫中心,東京都,博物館,4.0,100,博物館,Tokyo Station,6.4,0.70,0.8000,1.0000,0.4388,0.8039,http://commons.wikimedia.org/wiki/Special:FilePath/Tokyo%20Anime%20Center%2020160211%282%29.JPG,35.6616278,139.7005194,Q6128676
2475,SHIBUYA SKY,東京都,觀景台,4.0,100,觀景台,Tokyo Station,6.4,0.70,0.8000,1.0000,0.4394,0.8039,http://commons.wikimedia.org/wiki/Special:FilePath/Shibuya%20Scramble%20Square%20-%20SHIBUYA%20SKY%2012.jpg,35.6584620,139.7022640,Q116281743
1189,七夕ミュージアム,宮城縣,博物館,4.0,100,博物館,Sendai Station,6.4,0.70,0.8000,1.0000,0.4375,0.8038,http://commons.wikimedia.org/wiki/Special:FilePath/Tanabata%20Museum%2C%20Miyagi%2001.jpg,38.2574720,140.9559360,Q21653531
1528,アクア・トトぎふ,岐阜縣,水族館,4.0,100,水族館,Gifu Station,6.4,0.70,0.8000,1.0000,0.4376,0.8038,http://commons.wikimedia.org/wiki/Special:FilePath/%E3%82%A2%E3%82%AF%E3%82%A2%E3%83%BB%E3%83%88%E3%83%88%E3%81%8E%E3%81%B5%20%E5%A4%96%E8%A6%B3.jpg,35.3717220,136.8104720,Q11282869
2616,田端文士村紀念館,東京都,文學館,4.0,100,文學館,Tokyo Station,6.4,0.70,0.8000,1.0000,0.4383,0.8038,http://commons.wikimedia.org/wiki/Special:FilePath/TabataBunshimuraKinenkan20120109.jpg,35.7384720,139.7592780,Q11577225
3218,福岡塔,福岡縣,觀景台,4.0,100,觀景台,Hakata Station,6.4,0.70,0.8000,1.0000,0.4379,0.8038,http://commons.wikimedia.org/wiki/Special:FilePath/Fukuoka%20Tower%20October%202011%2001.jpg,33.5933056,130.3515000,Q847033
2458,雲鷹丸,東京都,帆船,4.0,100,帆船,Tokyo Station,6.4,0.70,0.8000,1.0000,0.4370,0.8037,http://commons.wikimedia.org/wiki/Special:FilePath/Tokyo-UMST-Shinagawa-Un%27yo-Maru01.jpg,35.6251310,139.7491720,Q11660112
1999,ミウラート・ヴィレッジ（三浦美術館）,愛媛縣,美術館,4.0,100,美術館,Matsuyama Station,6.5,0.70,0.8000,1.0000,0.4357,0.8036,http://commons.wikimedia.org/wiki/Special:FilePath/Matsuyama-Miurart%20Village%283%29%20-%20panoramio.jpg,33.8985142,132.7538520,Q123532457
2498,澀谷路口,東京都,觀光景點,4.0,100,觀光景點,Tokyo Station,6.5,0.70,0.8000,1.0000,0.4356,0.8036,http://commons.wikimedia.org/wiki/Special:FilePath/Shibuya%20scramble%20crossing%20during%20Halloween%202023%2C%20actually%20less%20crowded%20than%20usual%2C%20high%20police%20presence%202.jpg,35.6595028,139.7005444,Q21083961
3213,奴國之丘歷史公園,福岡縣,考古学公園,4.0,100,考古学公園,Hakata Station,6.5,0.70,0.8000,1.0000,0.4359,0.8036,http://commons.wikimedia.org/wiki/Special:FilePath/%E5%B2%A1%E6%9C%AC%E9%81%BA%E8%B7%A1%E3%81%AE%E8%A6%86%E5%B1%8B%20Up200608032200.jpg,33.5380556,130.4516667,Q11446615
3886,瑞山記念館,高知縣,人物紀念館,4.0,100,人物紀念館,Kochi Station,6.5,0.70,0.8000,1.0000,0.4362,0.8036,http://commons.wikimedia.org/wiki/Special:FilePath/%E7%91%9E%E5%B1%B1%E8%A8%98%E5%BF%B5%E9%A4%A8%E5%A4%96%E8%A6%B3.jpg,33.5370833,133.6036944,Q79096397
960,ハルカス300,大阪府,觀景台,4.0,100,觀景台,Osaka Station,6.5,0.70,0.8000,1.0000,0.4352,0.8035,http://commons.wikimedia.org/wiki/Special:FilePath/Abeno%20Harukas%20SKY%20GARDEN%20300.jpg,34.6459798,135.5135227,Q118213997
2971,金沢大学資料館,石川縣,大學博物館,4.0,100,大學博物館,Kanazawa Station,6.5,0.70,0.8000,1.0000,0.4351,0.8035,,36.5487290,136.7108260,Q104709142
930,大分市歴史資料館,大分縣,歷史博物館,4.0,100,歷史博物館,Oita Station,6.5,0.70,0.8000,1.0000,0.4339,0.8034,http://commons.wikimedia.org/wiki/Special:FilePath/Oita%20city%20historical%20museum.jpg,33.1952680,131.5529140,Q11432695
1000,あべのハルカス美術館,大阪府,美術館,4.0,100,美術館,Osaka Station,6.5,0.70,0.8000,1.0000,0.4340,0.8034,http://commons.wikimedia.org/wiki/Special:FilePath/Abeno%20Harukas%20Osaka%20Japan01-r.jpg,34.6457980,135.5140700,Q59536065
2463,國立科學博物館附屬自然教育園,東京都,植物園,4.0,100,植物園,Tokyo Station,6.5,0.70,0.8000,1.0000,0.4344,0.8034,http://commons.wikimedia.org/wiki/Special:FilePath/Pond%20-%20Institute%20for%20Nature%20Study%2C%20Tokyo%20-%20DSC02096.JPG,35.6360070,139.7213120,Q5557026
530,札幌市手稲記念館,北海道,地方文化館,4.0,100,地方文化館,Sapporo Station,6.6,0.70,0.8000,1.0000,0.4329,0.8033,http://commons.wikimedia.org/wiki/Special:FilePath/Sapporo-City-Teine-Memorial-Museum.JPG,43.0857220,141.2735830,Q11521269
2315,畠山紀念館,東京都,美術館,4.0,100,美術館,Tokyo Station,6.5,0.70,0.8000,1.0000,0.4333,0.8033,http://commons.wikimedia.org/wiki/Special:FilePath/Hatakeyama%20Memorial%20Museum.JPG,35.6323060,139.7268900,Q3330210
2318,東京都庭園美術館,東京都,美術館,4.0,100,美術館,Tokyo Station,6.6,0.70,0.8000,1.0000,0.4327,0.8033,http://commons.wikimedia.org/wiki/Special:FilePath/Tokyo%20Metropolitan%20Teien%20Art%20Museum.jpg,35.6368620,139.7192690,Q743773
2363,損保日本興亞東鄉青兒美術館,東京都,美術館,4.0,100,美術館,Tokyo Station,6.5,0.70,0.8000,1.0000,0.4333,0.8033,http://commons.wikimedia.org/wiki/Special:FilePath/Sompo%20japan%20museum%20of%20arts%20shinjuku.jpg,35.6927778,139.6961111,Q1614504
2430,東京都寫真美術館,東京都,攝影博物館,4.0,100,攝影博物館,Tokyo Station,6.6,0.70,0.8000,1.0000,0.4326,0.8033,http://commons.wikimedia.org/wiki/Special:FilePath/Tokyo%20Metropolitan%20Museum%20of%20Photography%20entrance%202011%20January.jpg,35.6417000,139.7132000,Q862884
1820,島根県埋蔵文化財調査センター,島根縣,埋藏文化財中心,4.0,100,埋藏文化財中心,Matsue Station,6.6,0.70,0.8000,1.0000,0.4317,0.8032,,35.4758410,132.9923790,Q132398636
2571,Aqua Park 品川,東京都,水族館,4.0,100,水族館,Tokyo Station,6.6,0.70,0.8000,1.0000,0.4321,0.8032,http://commons.wikimedia.org/wiki/Special:FilePath/Avatar%20The%20Way%20of%20Water%20Tokyo%20Press%20Conference%20%2852562513647%29.jpg,35.6280556,139.7352778,Q3055859
277,掬星台,兵庫縣,觀景台,4.0,100,觀景台,Kobe Station,6.6,0.70,0.8000,1.0000,0.4308,0.8031,http://commons.wikimedia.org/wiki/Special:FilePath/Kikuseidai.jpg,34.7341670,135.2063890,Q6406436
2559,物流博物館,東京都,交通博物館,4.0,100,交通博物館,Tokyo Station,6.6,0.70,0.8000,1.0000,0.4312,0.8031,http://commons.wikimedia.org/wiki/Special:FilePath/Museum%20of%20Logistics.JPG,35.6290900,139.7322340,Q21654524
2289,雪梁舎美術館,新潟縣,美術館,4.0,100,美術館,Niigata Station,6.6,0.70,0.8000,1.0000,0.4296,0.8030,http://commons.wikimedia.org/wiki/Special:FilePath/%E9%9B%AA%E6%A2%81%E8%88%8E%E7%BE%8E%E8%A1%93%E9%A4%A8%E5%A4%96%E8%A6%B3.jpg,37.8635833,139.0176944,Q106307296
3417,横室の大カヤ,群馬縣,巨樹,4.0,100,巨樹,Maebashi Station,6.6,0.70,0.8000,1.0000,0.4299,0.8030,http://commons.wikimedia.org/wiki/Special:FilePath/Yokomuro%20no%20O-Kaya%20A.jpg,36.4414444,139.0556111,Q55534514
1112,奈良縣立民俗博物館,奈良縣,都道府县立博物馆,4.0,100,都道府县立博物馆,Nara Station,6.7,0.70,0.8000,1.0000,0.4290,0.8029,http://commons.wikimedia.org/wiki/Special:FilePath/150912%20Nara%20Prefectural%20Folk%20Museum%20Yamatokoriyama%20Nara%20pref%20Japan01s3.jpg,34.6528890,135.7542220,Q11445220
2541,霞会館記念学習院ミュージアム,東京都,大學博物館,4.0,100,大學博物館,Tokyo Station,6.7,0.70,0.8000,1.0000,0.4286,0.8029,,35.7189680,139.7097680,Q132576457
2607,吉村昭記念文学館,東京都,人物紀念館,4.0,100,人物紀念館,Tokyo Station,6.7,0.70,0.8000,1.0000,0.4287,0.8029,http://commons.wikimedia.org/wiki/Special:FilePath/Yuinomori%20Arakawa.jpg,35.7395000,139.7841944,Q38277897
1064,大阪音楽大学音楽博物館,大阪府,博物館,4.0,100,博物館,Osaka Station,6.7,0.70,0.8000,1.0000,0.4272,0.8027,,34.7564170,135.4630830,Q11441681
2595,東武博物館,東京都,公司博物館,4.0,100,公司博物館,Tokyo Station,6.7,0.70,0.8000,1.0000,0.4267,0.8027,http://commons.wikimedia.org/wiki/Special:FilePath/Tobu%20Museum.jpg,35.7243611,139.8191667,Q3915461
2608,古代東方博物館,東京都,考古博物館,4.0,100,考古博物館,Tokyo Station,6.7,0.70,0.8000,1.0000,0.4265,0.8027,http://commons.wikimedia.org/wiki/Special:FilePath/CleopatraVIICoin.jpg,35.7285340,139.7207850,Q1048740
3708,八甲田山雪中行軍遭難資料館,青森縣,軍事博物館,4.0,100,軍事博物館,Aomori Station,6.7,0.70,0.8000,1.0000,0.4270,0.8027,http://commons.wikimedia.org/wiki/Special:FilePath/%E9%9B%AA%E4%B8%AD%E8%A1%8C%E8%BB%8D%E9%81%AD%E9%9B%A3%E8%B3%87%E6%96%99%E9%A4%A8.jpg,40.7847780,140.7896390,Q17218957
146,醍醐寺霊宝館,京都府,宝物館,4.0,100,宝物館,Kyoto Station,6.7,0.70,0.8000,1.0000,0.4261,0.8026,,34.9510180,135.8192850,Q133289013
160,向日市文化資料館,京都府,文化機構,4.0,100,文化機構,Kyoto Station,6.7,0.70,0.8000,1.0000,0.4260,0.8026,,34.9495400,135.6995600,Q64143380
2521,学習院大学史料館,東京都,組織,4.0,100,組織,Tokyo Station,6.7,0.70,0.8000,1.0000,0.4262,0.8026,http://commons.wikimedia.org/wiki/Special:FilePath/Gakushuin%20University%20Museum%20of%20History%20-%20Jul%205%2C%202011%20%281%29.jpg,35.7195500,139.7094270,Q11448881
2553,荒川区立荒川ふるさと文化館,東京都,地方文化館,4.0,100,地方文化館,Tokyo Station,6.8,0.70,0.8000,1.0000,0.4250,0.8025,http://commons.wikimedia.org/wiki/Special:FilePath/Arakawa%20Furusato%20Bunkakan%2001.jpg,35.7375190,139.7954180,Q104698248
2587,J-WORLD TOKYO,東京都,主題公園,4.0,100,主題公園,Tokyo Station,6.8,0.70,0.8000,1.0000,0.4247,0.8025,,35.7286111,139.7200000,Q17211017
2592,ナンジャタウン,東京都,主題公園,4.0,100,主題公園,Tokyo Station,6.8,0.70,0.8000,1.0000,0.4247,0.8025,http://commons.wikimedia.org/wiki/Special:FilePath/Namco%20NamjaTown%20front.jpg,35.7286111,139.7200000,Q5364305
476,白い恋人パーク,北海道,主題公園,4.0,100,主題公園,Sapporo Station,6.8,0.70,0.8000,1.0000,0.4238,0.8024,,43.0886111,141.2716667,Q56963453
2086,ブラザーミュージアム,愛知縣,公司博物館,4.0,100,公司博物館,Nagoya Station,6.8,0.70,0.8000,1.0000,0.4239,0.8024,http://commons.wikimedia.org/wiki/Special:FilePath/Brother%20Communication%20Space%20Nagoya%2020110709-001.jpg,35.1189390,136.9208110,Q11334476
2593,陽光城水族館,東京都,水族館,4.0,100,水族館,Tokyo Station,6.8,0.70,0.8000,1.0000,0.4243,0.8024,http://commons.wikimedia.org/wiki/Special:FilePath/Breeding%20staff%2C%20Sunshine%20Aquarium.jpg,35.7285830,139.7197500,Q11250698
3177,福岡東洋陶磁美術館,福岡縣,陶瓷博物館,4.0,100,陶瓷博物館,Hakata Station,6.8,0.70,0.8000,1.0000,0.4241,0.8024,http://commons.wikimedia.org/wiki/Special:FilePath/Fukuoka%20Oriental%20Ceramics%20Museum%2020170720.jpg,33.5522310,130.3632970,Q11592423
2572,和平纪念展览博物馆,東京都,軍事博物館,4.0,100,軍事博物館,Tokyo Station,6.8,0.70,0.8000,1.0000,0.4230,0.8023,http://commons.wikimedia.org/wiki/Special:FilePath/Memorial%20Museum%20for%20Soldiers%2C%20Detainees%20in%20Siberia%2C%20and%20Postwar%20Repatriates%20%2813835%29.jpg,35.6913056,139.6926111,Q56025796
1236,民族薬物資料館,富山縣,大學博物館,4.0,100,大學博物館,Toyama Station,6.8,0.70,0.8000,1.0000,0.4221,0.8022,,36.6787630,137.1416690,Q133237578
2155,水の歴史資料館,愛知縣,水廠博物館,4.0,100,水廠博物館,Nagoya Station,6.9,0.70,0.8000,1.0000,0.4218,0.8022,http://commons.wikimedia.org/wiki/Special:FilePath/Nagoya%20City%20Water%20History%20Museum%2020150527.JPG,35.1756390,136.9566940,Q21654788
3080,横浜市八聖殿郷土資料館,神奈川縣,地方文化館,4.0,100,地方文化館,Yokohama Station,6.9,0.70,0.8000,1.0000,0.4219,0.8022,http://commons.wikimedia.org/wiki/Special:FilePath/Yokohama%20Hasseiden%20Local%20museum.jpg,35.4151111,139.6649722,Q30929285
1759,出雲玉作資料館,島根縣,博物館,4.0,100,博物館,Matsue Station,6.9,0.70,0.8000,1.0000,0.4207,0.8021,,35.4175650,133.0133450,Q132397185
2406,自転車文化センター,東京都,博物館,4.0,100,博物館,Tokyo Station,6.9,0.70,0.8000,1.0000,0.4212,0.8021,,35.6340425,139.7179531,Q104698204
2610,船之科學館,東京都,海事博物館,4.0,100,海事博物館,Tokyo Station,6.9,0.70,0.8000,1.0000,0.4207,0.8021,http://commons.wikimedia.org/wiki/Special:FilePath/Museum%20of%20Maritime%20Science%20north-west%20side.jpg,35.6194444,139.7727778,Q1048709
2787,DMM Kariyushi水族館,沖繩縣,水族館,4.0,100,水族館,Naha Bus Terminal,6.9,0.70,0.8000,1.0000,0.4210,0.8021,http://commons.wikimedia.org/wiki/Special:FilePath/DMM%20Kariyushi%20Aquarium%20202006.jpg,26.1563056,127.6504167,Q56347666
2899,熊本市水之科學館,熊本縣,水廠博物館,4.0,100,水廠博物館,Kumamoto Station,6.9,0.70,0.8000,1.0000,0.4205,0.8021,http://commons.wikimedia.org/wiki/Special:FilePath/Kumamoto-city%20museum%20of%20water%20science%201.jpg,32.8461111,130.7219444,Q11568018
1853,廣島Marina Hop,廣島縣,主題樂園,4.0,100,主題樂園,Hiroshima Station,6.9,0.70,0.8000,1.0000,0.4198,0.8020,http://commons.wikimedia.org/wiki/Special:FilePath/%E3%83%9E%E3%83%AA%E3%83%BC%E3%83%8A%E3%83%9B%E3%83%83%E3%83%97%E6%96%BD%E8%A8%AD%E5%86%85.jpg,34.3603890,132.4150000,Q11341148
2367,Bunkamura,東京都,藝廊,4.0,100,藝廊,Tokyo Station,6.9,0.70,0.8000,1.0000,0.4203,0.8020,http://commons.wikimedia.org/wiki/Special:FilePath/Bunkamura.JPG,35.6608330,139.6950000,Q583055
2485,建築倉庫ミュージアム,東京都,建築博物館,4.0,100,建築博物館,Tokyo Station,6.9,0.70,0.8000,1.0000,0.4199,0.8020,http://commons.wikimedia.org/wiki/Special:FilePath/ARCHI-DEPOT%20Museum%20191018e.jpg,35.6209142,139.7487092,Q38266999
2673,郵票博物館,東京都,切手博物館,4.0,100,切手博物館,Tokyo Station,6.9,0.70,0.8000,1.0000,0.4199,0.8020,http://commons.wikimedia.org/wiki/Special:FilePath/Kitte%20no%20Hakubutsukan.JPG,35.7183560,139.7057880,Q11396206
2044,昭和美術館,愛知縣,美術館,4.0,100,美術館,Nagoya Station,7.0,0.70,0.8000,1.0000,0.4178,0.8018,http://commons.wikimedia.org/wiki/Special:FilePath/Shouwa%20Museum%20ac%20%281%29.jpg,35.1403080,136.9483890,Q11514132
2565,日本科學未來館,東京都,國立博物館,4.0,100,國立博物館,Tokyo Station,7.0,0.70,0.8000,1.0000,0.4183,0.8018,http://commons.wikimedia.org/wiki/Special:FilePath/Miraikan.jpg,35.6191667,139.7766667,Q656957
118,京都府立京都学・歴彩館,京都府,都道府県立図書館,4.0,100,都道府県立図書館,Kyoto Station,7.0,0.70,0.8000,1.0000,0.4159,0.8016,http://commons.wikimedia.org/wiki/Special:FilePath/Kyoto%20Institute%2C%20Library%20and%20Archives%20ac%20%281%29.jpg,35.0486111,135.7666667,Q85875943
2045,桑山美術館,愛知縣,美術館,4.0,100,美術館,Nagoya Station,7.0,0.70,0.8000,1.0000,0.4164,0.8016,http://commons.wikimedia.org/wiki/Special:FilePath/Kuwayama%20Art%20Museum%20110118.jpg,35.1484000,136.9535000,Q47461613
2320,久米美術館,東京都,人物紀念館,4.0,100,人物紀念館,Tokyo Station,7.0,0.70,0.8000,1.0000,0.4159,0.8016,http://commons.wikimedia.org/wiki/Special:FilePath/Kume%20Bijutsukan.jpg,35.6345560,139.7146940,Q11369635
2375,木材、合板博物館,東京都,博物館,4.0,100,博物館,Tokyo Station,7.1,0.70,0.8000,1.0000,0.4148,0.8015,http://commons.wikimedia.org/wiki/Special:FilePath/Shinkiba%20Tower%2001.JPG,35.6457472,139.8318417,Q11518627
2427,梅澤濱夫記念館 目黒,東京都,纪念博物馆,4.0,100,纪念博物馆,Tokyo Station,7.1,0.70,0.8000,1.0000,0.4147,0.8015,,35.6302710,139.7205180,Q138028244
2675,戸栗美術館,東京都,陶瓷博物館,4.0,100,陶瓷博物館,Tokyo Station,7.1,0.70,0.8000,1.0000,0.4149,0.8015,http://commons.wikimedia.org/wiki/Special:FilePath/Toguri%20Museum%20of%20Art%202010.jpg,35.6614000,139.6929310,Q11496415
2337,TERRADA ART COMPLEX,東京都,美術館,4.0,100,美術館,Tokyo Station,7.1,0.70,0.8000,1.0000,0.4138,0.8014,http://commons.wikimedia.org/wiki/Special:FilePath/TAC.jpg,35.6197500,139.7464167,Q38255018
94,京都希臘羅馬美術館,京都府,美術館,4.0,100,美術館,Kyoto Station,7.1,0.70,0.8000,1.0000,0.4134,0.8013,,35.0487500,135.7715830,Q18336820
1021,马力欧赛车：酷霸王的挑战,大阪府,機動遊戲,4.0,100,機動遊戲,Osaka Station,7.1,0.70,0.8000,1.0000,0.4131,0.8013,http://commons.wikimedia.org/wiki/Special:FilePath/Mario%20Kart%20Koopa%27s%20Challenge%20%28Universal%20Studios%20Japan%29%201.jpg,34.6679417,135.4305455,Q104125924
1608,犬養木堂記念館,岡山縣,人物紀念館,4.0,100,人物紀念館,Okayama Station,7.1,0.70,0.8000,1.0000,0.4127,0.8013,http://commons.wikimedia.org/wiki/Special:FilePath/Inukai%20Tsuyoshi%27s%20parents%27%20home.JPG,34.6521330,133.8428060,Q11571293
3355,秋田市港灣塔,秋田縣,觀光塔,4.0,100,觀光塔,Akita Station,7.1,0.70,0.8000,1.0000,0.4129,0.8013,http://commons.wikimedia.org/wiki/Special:FilePath/Akita%20Port%20Tower%20SELION%2020170805-1.jpg,39.7527222,140.0610000,Q11314514
1026,日本環球影城,大阪府,主題公園,4.0,100,主題公園,Osaka Station,7.1,0.70,0.8000,1.0000,0.4124,0.8012,http://commons.wikimedia.org/wiki/Special:FilePath/Harry%20Potter%20and%20the%20Forbidden%20Journey%20USJ.JPG,34.6647000,135.4330000,Q1375103
1813,鹿島歷史民俗資料館,島根縣,地方文化館,4.0,100,地方文化館,Matsue Station,7.1,0.70,0.8000,1.0000,0.4118,0.8012,,35.5089530,133.0072430,Q132444106
2513,立花大正民家園 旧小山家住宅,東京都,民家園,4.0,100,民家園,Tokyo Station,7.2,0.70,0.8000,1.0000,0.4112,0.8011,http://commons.wikimedia.org/wiki/Special:FilePath/%E7%AB%8B%E8%8A%B1%E5%A4%A7%E6%AD%A3%E6%B0%91%E5%AE%B6%E5%9C%92%20%E6%97%A7%E5%B0%8F%E5%B1%B1%E5%AE%B6%E4%BD%8F%E5%AE%85.jpg,35.7098620,139.8380890,Q29570254
469,札幌市交通資料館,北海道,交通博物館,4.0,100,交通博物館,Sapporo Station,7.2,0.70,0.8000,1.0000,0.4097,0.8010,http://commons.wikimedia.org/wiki/Special:FilePath/Sapporo%20Transportation%20Museum.JPG,43.0046920,141.3644360,Q11521250
952,大分海洋宮殿水族館,大分縣,水族館,4.0,100,水族館,Oita Station,7.2,0.70,0.8000,1.0000,0.4098,0.8010,http://commons.wikimedia.org/wiki/Special:FilePath/Umitamago1.JPG,33.2587778,131.5355556,Q11432633
2346,NTTインターコミュニケーション・センター,東京都,美術館,4.0,100,美術館,Tokyo Station,7.2,0.70,0.8000,1.0000,0.4098,0.8010,http://commons.wikimedia.org/wiki/Special:FilePath/NTT%20ICC%20entrance.jpg,35.6829000,139.6874000,Q3788869
2362,季節美術館,東京都,美術館,4.0,100,美術館,Tokyo Station,7.2,0.70,0.8000,1.0000,0.4097,0.8010,http://commons.wikimedia.org/wiki/Special:FilePath/SEIBU%20DEPARTMENT%20STORES%20ILLUMS%20BUILDING.jpg,35.7277778,139.7116667,Q11314324
2588,中川船番所資料館,東京都,交通博物館,4.0,100,交通博物館,Tokyo Station,7.2,0.70,0.8000,1.0000,0.4103,0.8010,http://commons.wikimedia.org/wiki/Special:FilePath/NakagawaFunababbsho.JPG,35.6876667,139.8462778,Q11364944
109,京都府立綜合資料館,京都府,都道府县立博物馆,4.0,100,都道府县立博物馆,Kyoto Station,7.2,0.70,0.8000,1.0000,0.4087,0.8009,http://commons.wikimedia.org/wiki/Special:FilePath/Verbundarchiv%20Kyoto.jpg,35.0505560,135.7664170,Q11375271
2083,愛知学院大学歯学部歯科資料展示室,愛知縣,大學博物館,4.0,100,大學博物館,Nagoya Station,7.2,0.70,0.8000,1.0000,0.4088,0.8009,http://commons.wikimedia.org/wiki/Special:FilePath/Aichi%20Gakuin%20University%20Kusumoto%20Campus%2020151012.JPG,35.1679610,136.9609780,Q11494039
3854,イサム・ノグチ庭園美術館,香川縣,雕塑公园,4.0,100,雕塑公园,Takamatsu Station,7.2,0.70,0.8000,1.0000,0.4091,0.8009,http://commons.wikimedia.org/wiki/Special:FilePath/%E3%82%A4%E3%82%B5%E3%83%A0%E3%83%8E%E3%82%B0%E3%83%81%E5%BA%AD%E5%9C%92%E5%A4%96%E8%A6%B3.jpg,34.3549910,134.1250900,Q11286501
2339,東京オペラシティアートギャラリー,東京都,美術館,4.0,100,美術館,Tokyo Station,7.3,0.70,0.8000,1.0000,0.4080,0.8008,http://commons.wikimedia.org/wiki/Special:FilePath/3%20Chome-20%20Nishishinjuku%2C%20Shinjuku-ku%2C%20T%C5%8Dky%C5%8D-to%20160-0023%2C%20Japan%20-%20panoramio.jpg,35.6830000,139.6868056,Q11524090
2344,渋谷区立松濤美術館,東京都,美術館,4.0,100,美術館,Tokyo Station,7.3,0.70,0.8000,1.0000,0.4081,0.8008,http://commons.wikimedia.org/wiki/Special:FilePath/Shoto%20Museum%20of%20Art%202010.jpg,35.6586670,139.6917780,Q11561694
2366,原美術館,東京都,美術館,4.0,100,美術館,Tokyo Station,7.3,0.70,0.8000,1.0000,0.4080,0.8008,http://commons.wikimedia.org/wiki/Special:FilePath/Hara%20Museum%20of%20Contemporary%20Art%202010.jpg,35.6210278,139.7360556,Q3736155
62,京都府立陶板名画の庭,京都府,陶瓷博物館,4.0,100,陶瓷博物館,Kyoto Station,7.3,0.70,0.8000,1.0000,0.4070,0.8007,http://commons.wikimedia.org/wiki/Special:FilePath/LastSupper-GardenOfFineArtKyoto.jpg,35.0511111,135.7653056,Q11375286
983,いのちの塔,大阪府,觀光塔,4.0,100,觀光塔,Osaka Station,7.3,0.70,0.8000,1.0000,0.4074,0.8007,http://commons.wikimedia.org/wiki/Special:FilePath/Statue%20of%20Life.JPG,34.7101944,135.5749167,Q11259901
1095,松伯美術館,奈良縣,美術館,4.0,100,美術館,Nara Station,7.3,0.70,0.8000,1.0000,0.4057,0.8006,http://commons.wikimedia.org/wiki/Special:FilePath/Yang%20Guifei%20by%20Uemura%20Shoen%20%28Shohaku%20Art%20Museum%29.jpg,34.7100170,135.7471780,Q11529256
2411,翡翠原石館,東京都,博物館,4.0,100,博物館,Tokyo Station,7.3,0.70,0.8000,1.0000,0.4052,0.8005,,35.6204380,139.7353360,Q136707259
93,京都工芸繊維大学. 美術工芸資料館,京都府,大學博物館,4.0,100,大學博物館,Kyoto Station,7.4,0.70,0.8000,1.0000,0.4040,0.8004,,35.0495490,135.7811890,Q127503199
594,屯田郷土資料館,北海道,歷史博物館,4.0,100,歷史博物館,Sapporo Station,7.4,0.70,0.8000,1.0000,0.4037,0.8004,http://commons.wikimedia.org/wiki/Special:FilePath/Tonden%20Local%20Museum.JPG,43.1334070,141.3302610,Q132794285
1944,とくしまファミリーランド,德島縣,主題樂園,4.0,100,主題樂園,Tokushima Station,7.4,0.70,0.8000,1.0000,0.4037,0.8004,http://commons.wikimedia.org/wiki/Special:FilePath/Tokushima%20Family%20Land2.JPG,34.0133333,134.5188889,Q11273086
1024,ザ・フライング・ダイナソー,大阪府,スチール・ローラー・コースター,4.0,100,スチール・ローラー・コースター,Osaka Station,7.4,0.70,0.8000,1.0000,0.4034,0.8003,http://commons.wikimedia.org/wiki/Special:FilePath/Flyingdinosaur.png,34.6634000,135.4305000,Q25110043
2482,目黒区美術館,東京都,美術館,4.0,100,美術館,Tokyo Station,7.4,0.70,0.8000,1.0000,0.4020,0.8002,http://commons.wikimedia.org/wiki/Special:FilePath/Meguro%20Museum%20of%20Art%2C%20Tokyo.JPG,35.6349070,139.7076630,Q3815450
2650,目黑歷史資料館,東京都,歷史博物館,4.0,100,歷史博物館,Tokyo Station,7.5,0.70,0.8000,1.0000,0.4013,0.8001,http://commons.wikimedia.org/wiki/Special:FilePath/Meguro%20History%20Museum.JPG,35.6393330,139.7025830,Q11279688
3440,水戸市埋蔵文化財センター,茨城縣,埋藏文化財中心,4.0,100,埋藏文化財中心,Mito Station,7.5,0.70,0.8000,1.0000,0.4010,0.8001,,36.3337800,140.5456970,Q123274275
195,川上峡温泉,佐賀縣,温泉镇,4.0,100,温泉镇,Saga Station,7.5,0.70,0.8000,1.0000,0.4003,0.8000,,33.3272700,130.2696000,Q108604813
2714,栃木縣兒童綜合科學館,栃木縣,兒童博物館,4.0,100,兒童博物館,Utsunomiya Station,7.5,0.70,0.8000,1.0000,0.4000,0.8000,http://commons.wikimedia.org/wiki/Special:FilePath/Tochigi-Science-Museum.jpg,36.5136111,139.8369444,Q11535200
3966,桜島国際火山砂防センター,鹿兒島縣,地質学博物館,4.0,100,地質学博物館,Kagoshima-Chuo Station,7.5,0.70,0.8000,1.0000,0.4003,0.8000,http://commons.wikimedia.org/wiki/Special:FilePath/Sakurajima-International-Volcanic-Sabo-Center2020.jpg,31.5670000,130.6176110,Q11537997
460,札幌市豊平川さけ科学館,北海道,科學博物館,4.0,100,科學博物館,Sapporo Station,7.5,0.70,0.8000,1.0000,0.3987,0.7999,http://commons.wikimedia.org/wiki/Special:FilePath/ToyohiragawaSakeKakagukan2004-5.jpg,43.0011111,141.3433333,Q11521425
2062,渡辺健一トリックアート美術館,愛知縣,美術館,4.0,100,美術館,Nagoya Station,7.5,0.70,0.8000,1.0000,0.3994,0.7999,,35.1425361,136.9565722,Q28682124
2511,豊島区立郷土資料館,東京都,地方文化館,4.0,100,地方文化館,Tokyo Station,7.5,0.70,0.8000,1.0000,0.3994,0.7999,,35.7277730,139.7067280,Q104698258
1941,松茂町歴史民俗資料館・人形浄瑠璃芝居資料館,德島縣,博物館,4.0,100,博物館,Tokushima Station,7.6,0.70,0.8000,1.0000,0.3981,0.7998,http://commons.wikimedia.org/wiki/Special:FilePath/%E6%9D%BE%E8%8C%82%E7%94%BA%E6%AD%B4%E5%8F%B2%E6%B0%91%E4%BF%97%E8%B3%87%E6%96%99%E9%A4%A8%E3%83%BB%E4%BA%BA%E5%BD%A2%E6%B5%84%E7%91%A0%E7%92%83%E8%8A%9D%E5%B1%85%E8%B3%87%E6%96%99%E9%A4%A8%2020210504.jpg,34.1369170,134.5826940,Q11532225
2097,あま市七宝焼アートヴィレッジ,愛知縣,主題公園,4.0,100,主題公園,Nagoya Station,7.6,0.70,0.8000,1.0000,0.3965,0.7997,http://commons.wikimedia.org/wiki/Special:FilePath/Shippo%20Art%20Village-20150201.jpg,35.1836690,136.7992530,Q22117790
889,埼玉市立岩槻鄉土資料館,埼玉縣,地方文化館,4.0,100,地方文化館,Omiya Station,7.6,0.70,0.8000,1.0000,0.3965,0.7996,http://commons.wikimedia.org/wiki/Special:FilePath/Iwatsuki%20Local%20History%20Museum%2001.jpg,35.9454440,139.6935280,Q11267473
1067,大阪市立環境学習センター,大阪府,博物館,4.0,100,博物館,Osaka Station,7.6,0.70,0.8000,1.0000,0.3958,0.7996,http://commons.wikimedia.org/wiki/Special:FilePath/Ikiiki%20chikyukan1.jpg,34.7121110,135.5785830,Q11440634
2914,熊本國際民藝館,熊本縣,工藝博物館,4.0,100,工藝博物館,Kumamoto Station,7.6,0.70,0.8000,1.0000,0.3961,0.7996,http://commons.wikimedia.org/wiki/Special:FilePath/Kumamoto%20International%20Folk%20Craft%20Museum.jpg,32.8299720,130.7564170,Q11567967
69,高麗美術館,京都府,美術館,4.0,100,美術館,Kyoto Station,7.7,0.70,0.8000,1.0000,0.3952,0.7995,http://commons.wikimedia.org/wiki/Special:FilePath/Koryo%20Museum.jpg,35.0542920,135.7508070,Q21019672
1923,徳島市立考古資料館,德島縣,考古博物館,4.0,100,考古博物館,Tokushima Station,7.7,0.70,0.8000,1.0000,0.3939,0.7994,http://commons.wikimedia.org/wiki/Special:FilePath/Tokushima%20Koko%20Shiryokan.JPG,34.0608890,134.4690280,Q11489812
2217,南山大学人類学博物館,愛知縣,博物館,4.0,100,博物館,Nagoya Station,7.7,0.70,0.8000,1.0000,0.3926,0.7993,http://commons.wikimedia.org/wiki/Special:FilePath/Nanzanjinpaku.jpg,35.1498860,136.9626170,Q11407757
2841,比叡山国宝殿,滋賀縣,博物館,4.0,100,博物館,Otsu Station,7.7,0.70,0.8000,1.0000,0.3927,0.7993,http://commons.wikimedia.org/wiki/Special:FilePath/Enryakuji%20kokuhoden.jpg,35.0703890,135.8398770,Q123144783
3282,高子沼グリーンランド,福島縣,廢墟,4.0,100,廢墟,Fukushima Station,7.7,0.70,0.8000,1.0000,0.3934,0.7993,,37.8050000,140.5191667,Q11669123
1463,大垣市墨俣歴史資料館,岐阜縣,歷史博物館,4.0,100,歷史博物館,Gifu Station,7.8,0.70,0.8000,1.0000,0.3916,0.7992,http://commons.wikimedia.org/wiki/Special:FilePath/Sunomata%20Castle%20%E5%A2%A8%E4%BF%A3%E4%B8%80%E5%A4%9C%E5%9F%8E4%20-%20panoramio.jpg,35.3670833,136.6877500,Q115112030
1503,各務原市木曽川文化史料館,岐阜縣,歷史博物館,4.0,100,歷史博物館,Gifu Station,7.8,0.70,0.8000,1.0000,0.3921,0.7992,http://commons.wikimedia.org/wiki/Special:FilePath/Kiso%20River%20Cultural%20History%20Museum%2020210321%2001.jpg,35.3680278,136.8255000,Q110866962
2601,目黑寄生虫馆,東京都,醫學博物館,4.0,100,醫學博物館,Tokyo Station,7.8,0.70,0.8000,1.0000,0.3920,0.7992,http://commons.wikimedia.org/wiki/Special:FilePath/Meguro%20parasitological%20museum%20shimomeguro%20tokyo%202009.JPG,35.6316667,139.7066667,Q11581651
3141,福井縣兒童科學館,福井縣,科學博物館,4.0,100,科學博物館,Fukui Station,7.8,0.70,0.8000,1.0000,0.3917,0.7992,http://commons.wikimedia.org/wiki/Special:FilePath/Angelland-Fukui.jpg,36.1314722,136.2163611,Q11591435
3390,上毛野はにわの里公園,群馬縣,考古学公園,4.0,100,考古学公園,Maebashi Station,7.8,0.70,0.8000,1.0000,0.3919,0.7992,,36.3788889,138.9861111,Q21652793
3406,かみつけの里博物館,群馬縣,考古博物館,4.0,100,考古博物館,Maebashi Station,7.8,0.70,0.8000,1.0000,0.3917,0.7992,http://commons.wikimedia.org/wiki/Special:FilePath/Kamitsukeno-sato%20Museum%20of%20Archaeology.jpg,36.3788056,138.9860556,Q96695273
1412,山梨县立博物馆,山梨縣,都道府县立博物馆,4.0,100,都道府县立博物馆,Kofu Station,7.8,0.70,0.8000,1.0000,0.3895,0.7990,http://commons.wikimedia.org/wiki/Special:FilePath/Yamanashi%20Prefectural%20Museum.jpg,35.6403667,138.6485556,Q11469696
1914,藍の館,德島縣,博物館,4.0,100,博物館,Tokushima Station,7.8,0.70,0.8000,1.0000,0.3898,0.7990,http://commons.wikimedia.org/wiki/Special:FilePath/Aizumi%20Ai%20no%20Yakata.jpg,34.1156110,134.4822780,Q11622548
3371,群馬県立土屋文明記念文学館,群馬縣,文學館,4.0,100,文學館,Maebashi Station,7.8,0.70,0.8000,1.0000,0.3903,0.7990,http://commons.wikimedia.org/wiki/Special:FilePath/Tsuchiya%20Memorial%20Museum.JPG,36.3822780,138.9853610,Q11609637
986,天保山大摩天輪,大阪府,摩天輪,4.0,100,摩天輪,Osaka Station,7.9,0.70,0.8000,1.0000,0.3889,0.7989,http://commons.wikimedia.org/wiki/Special:FilePath/Tempozan%20giant%20wheel02s2048.jpg,34.6562000,135.4310000,Q548263
1478,各務原市埋蔵文化財調査センター,岐阜縣,埋藏文化財中心,4.0,100,埋藏文化財中心,Gifu Station,7.9,0.70,0.8000,1.0000,0.3881,0.7988,,35.4001389,136.8425833,Q113872045
1501,各務原市歴史民俗資料館,岐阜縣,民俗博物館,4.0,100,民俗博物館,Gifu Station,7.9,0.70,0.8000,1.0000,0.3878,0.7988,http://commons.wikimedia.org/wiki/Special:FilePath/Kakamigahara-City-Chuou-Library-1.jpg,35.4000500,136.8426811,Q11412319
3372,群馬県立日本絹の里,群馬縣,織物博物館,4.0,100,織物博物館,Maebashi Station,7.9,0.70,0.8000,1.0000,0.3882,0.7988,http://commons.wikimedia.org/wiki/Special:FilePath/%E6%97%A5%E6%9C%AC%E7%B5%B9%E3%81%AE%E9%87%8C.jpg,36.4072778,138.9897222,Q110496169
982,レゴランド・ディスカバリー・センター大阪,大阪府,乐高探索中心,4.0,100,乐高探索中心,Osaka Station,7.9,0.70,0.8000,1.0000,0.3863,0.7986,,34.6558056,135.4301667,Q30934192
2629,佐伯祐三アトリエ記念館,東京都,人物紀念館,4.0,100,人物紀念館,Tokyo Station,8.0,0.70,0.8000,1.0000,0.3856,0.7986,http://commons.wikimedia.org/wiki/Special:FilePath/Saeki%20Yuzo%20Atelier%20Memorial%20Hall%202023-03-12.jpg,35.7208610,139.6936390,Q11382880
2636,澀澤史料館,東京都,人物紀念館,4.0,100,人物紀念館,Tokyo Station,8.0,0.70,0.8000,1.0000,0.3857,0.7986,http://commons.wikimedia.org/wiki/Special:FilePath/%E6%B8%8B%E6%B2%A2%E5%8F%B2%E6%96%99%E9%A4%A8.jpg,35.7491390,139.7392220,Q11254595
1940,「人形のムラ」阿波木偶文化資料館,德島縣,博物館,4.0,100,博物館,Tokushima Station,8.0,0.70,0.8000,1.0000,0.3854,0.7985,,34.0903710,134.4666530,Q123562902
2825,滋賀県立美術館,滋賀縣,美術館,4.0,100,美術館,Otsu Station,8.0,0.70,0.8000,1.0000,0.3848,0.7985,http://commons.wikimedia.org/wiki/Special:FilePath/Shiga%20Museum%20of%20Art%20exterior.jpg,34.9704440,135.9421390,Q11564683
2942,石川県立自然史資料館,石川縣,都道府县立博物馆,4.0,100,都道府县立博物馆,Kanazawa Station,8.0,0.70,0.8000,1.0000,0.3847,0.7985,http://commons.wikimedia.org/wiki/Special:FilePath/Ishikawaken%20Shizenshi%20siryokan.JPG,36.5231110,136.7056940,Q11586008
1957,阿波史跡公園,德島縣,考古学公園,4.0,100,考古学公園,Tokushima Station,8.0,0.70,0.8000,1.0000,0.3836,0.7984,http://commons.wikimedia.org/wiki/Special:FilePath/Awa-siseki-koen.jpeg,34.0578056,134.4660556,Q11657512
2124,名古屋大學博物館,愛知縣,大學博物館,4.0,100,大學博物館,Nagoya Station,8.0,0.70,0.8000,1.0000,0.3840,0.7984,http://commons.wikimedia.org/wiki/Special:FilePath/Nagoya%20University%20Museum01.jpg,35.1531020,136.9669870,Q11414911
2408,北區飛鳥山博物館,東京都,博物館,4.0,100,博物館,Tokyo Station,8.0,0.70,0.8000,1.0000,0.3842,0.7984,http://commons.wikimedia.org/wiki/Special:FilePath/Kita%20Ward%20Asukayama%20Museum.jpg,35.7495833,139.7390278,Q11401205
2711,大谷資料館,栃木縣,歷史博物館,4.0,100,歷史博物館,Utsunomiya Station,8.0,0.70,0.8000,1.0000,0.3845,0.7984,http://commons.wikimedia.org/wiki/Special:FilePath/Oya%20History%20Museum%20entrance%202016-05-12.jpg,36.6000028,139.8247500,Q17989677
3308,福島市民家園,福島縣,民家園,4.0,100,民家園,Fukushima Station,8.0,0.70,0.8000,1.0000,0.3837,0.7984,http://commons.wikimedia.org/wiki/Special:FilePath/Fukushima%20City%20Minka-en%20entrance.jpg,37.7311944,140.3729722,Q11593090
3547,驥山館,長野縣,美術館,4.0,100,美術館,Nagano Station,8.0,0.70,0.8000,1.0000,0.3838,0.7984,,36.5795560,138.1459170,Q11668569
3828,石の民俗資料館,香川縣,民俗博物館,4.0,100,民俗博物館,Takamatsu Station,8.0,0.70,0.8000,1.0000,0.3835,0.7984,http://commons.wikimedia.org/wiki/Special:FilePath/I%E7%9F%B3%E3%81%AE%E6%B0%91%E6%97%8F%E8%B3%87%E6%96%99%E9%A4%A81007.jpg,34.3527440,134.1341080,Q11584737
121,立体模型·京都·日本,京都府,立體透視模型,4.0,100,立體透視模型,Kyoto Station,8.0,0.70,0.8000,1.0000,0.3834,0.7983,http://commons.wikimedia.org/wiki/Special:FilePath/Diorama%20Kyoto%2001.jpg,35.0186390,135.6801390,Q11309480
1042,松下博物馆：松下幸之助历史館,大阪府,歷史博物館,4.0,100,歷史博物館,Osaka Station,8.1,0.70,0.8000,1.0000,0.3828,0.7983,http://commons.wikimedia.org/wiki/Special:FilePath/PanasonicKonosukeMatsushitaMuseum.png,34.7381111,135.5727222,Q11329151
2472,紙的博物館,東京都,紙博物館,4.0,100,紙博物館,Tokyo Station,8.1,0.70,0.8000,1.0000,0.3830,0.7983,http://commons.wikimedia.org/wiki/Special:FilePath/Paper%20Museum.jpg,35.7498611,139.7386944,Q11605492
2600,日本近代文學館,東京都,文學館,4.0,100,文學館,Tokyo Station,8.0,0.70,0.8000,1.0000,0.3832,0.7983,http://commons.wikimedia.org/wiki/Special:FilePath/Nihon-kindai-bungakukan.jpg,35.6628080,139.6809290,Q1954709
981,三得利博物館,大阪府,美術館,4.0,100,美術館,Osaka Station,8.1,0.70,0.8000,1.0000,0.3816,0.7982,http://commons.wikimedia.org/wiki/Special:FilePath/DSC%200301%20Suntory%20Museum.jpg,34.6538000,135.4300000,Q11249107
2036,清須市はるひ美術館,愛知縣,美術館,4.0,100,美術館,Nagoya Station,8.1,0.70,0.8000,1.0000,0.3822,0.7982,http://commons.wikimedia.org/wiki/Special:FilePath/260125%20Kiyosu%20City%20Haruhi%20Art%20Museum%20Kiyosu%20Aichipref%20Japan01s3.jpg,35.2355080,136.8407580,Q11561458
2455,荒川遊園,東京都,主題樂園,4.0,100,主題樂園,Tokyo Station,8.1,0.70,0.8000,1.0000,0.3820,0.7982,http://commons.wikimedia.org/wiki/Special:FilePath/Arakawa%20yuen%20wheel.jpg,35.7536110,139.7586110,Q17191904
97,福田美術館,京都府,美術館,4.0,100,美術館,Kyoto Station,8.1,0.70,0.8000,1.0000,0.3809,0.7981,http://commons.wikimedia.org/wiki/Special:FilePath/Fukuda%20art%20museum.jpg,35.0139170,135.6764440,Q102045484
1013,海遊館,大阪府,水族館,4.0,100,水族館,Osaka Station,8.1,0.70,0.8000,1.0000,0.3809,0.7981,http://commons.wikimedia.org/wiki/Special:FilePath/Osaka%20Kaiyukan01s3872.jpg,34.6544722,135.4288889,Q1191885
3876,高知縣立歴史民俗資料館,高知縣,都道府县立博物馆,4.0,100,都道府县立博物馆,Kochi Station,8.1,0.70,0.8000,1.0000,0.3809,0.7981,http://commons.wikimedia.org/wiki/Special:FilePath/Kochi%20Prefectural%20Museum%20of%20History%2002.JPG,33.5960830,133.6235000,Q11672466
800,和歌山縣立自然博物館,和歌山縣,水族館,4.0,100,水族館,Wakayama Station,8.2,0.70,0.8000,1.0000,0.3800,0.7980,http://commons.wikimedia.org/wiki/Special:FilePath/Wakayama%20Prefectural%20Museum%20of%20Natural%20History.jpg,34.1586390,135.1920830,Q11417475
908,遷喬館,埼玉縣,博物館,4.0,100,博物館,Omiya Station,8.2,0.70,0.8000,1.0000,0.3797,0.7980,http://commons.wikimedia.org/wiki/Special:FilePath/Senkyokan%2002.jpg,35.9488889,139.6981111,Q11642535
976,関西大学博物館,大阪府,大學博物館,4.0,100,大學博物館,Osaka Station,8.2,0.70,0.8000,1.0000,0.3786,0.7979,http://commons.wikimedia.org/wiki/Special:FilePath/KANSAI%20UNIVERSITY%20MUSEUM.jpg,34.7753060,135.5105830,Q11656297
1426,山梨県埋蔵文化財センター,山梨縣,埋藏文化財中心,4.0,100,埋藏文化財中心,Kofu Station,8.2,0.70,0.8000,1.0000,0.3786,0.7979,,35.5942230,138.5827450,Q125253746
1435,山梨県立考古博物館,山梨縣,都道府县立博物馆,4.0,100,都道府县立博物馆,Kofu Station,8.2,0.70,0.8000,1.0000,0.3786,0.7979,,35.5942340,138.5827690,Q117218555
1590,みつばちの家,岐阜縣,博物館,4.0,100,博物館,Gifu Station,8.2,0.70,0.8000,1.0000,0.3785,0.7979,,35.4825833,136.7636111,Q111530222
3872,高知縣立坂本龍馬紀念館,高知縣,人物紀念館,4.0,100,人物紀念館,Kochi Station,8.2,0.70,0.8000,1.0000,0.3786,0.7979,http://commons.wikimedia.org/wiki/Special:FilePath/View%20from%20Sea%20Side%20of%20Sakamoto%20Ryoma%20Memorial%20Museum.jpg,33.4964167,133.5718333,Q5965394
3885,桂浜水族館,高知縣,水族館,4.0,100,水族館,Kochi Station,8.2,0.70,0.8000,1.0000,0.3787,0.7979,http://commons.wikimedia.org/wiki/Special:FilePath/Katsurahama%20Aquarium%2001.jpg,33.4969440,133.5735560,Q11536832
212,神戶市立小磯記念美術館,兵庫縣,人物紀念館,4.0,100,人物紀念館,Kobe Station,8.3,0.70,0.8000,1.0000,0.3765,0.7977,http://commons.wikimedia.org/wiki/Special:FilePath/Kobe%20city%20koiso%20memorial%20museum%20of%20art02s3200.jpg,34.6928060,135.2671940,Q11589991
2429,日本民藝館,東京都,美術館,4.0,100,美術館,Tokyo Station,8.3,0.70,0.8000,1.0000,0.3771,0.7977,http://commons.wikimedia.org/wiki/Special:FilePath/Nihon%20mingeikan%20meguro%202009.JPG,35.6608333,139.6791667,Q3789149
77,古田織部美術館,京都府,美術館,4.0,100,美術館,Kyoto Station,8.3,0.70,0.8000,1.0000,0.3748,0.7975,http://commons.wikimedia.org/wiki/Special:FilePath/%E5%8F%A4%E7%94%B0%E7%B9%94%E9%83%A8%E7%BE%8E%E8%A1%93%E9%A4%A8%E5%A4%96%E8%A6%B3.jpg,35.0576940,135.7327500,Q17230147
116,小倉百人一首殿堂時雨殿,京都府,文學館,4.0,100,文學館,Kyoto Station,8.3,0.70,0.8000,1.0000,0.3747,0.7975,http://commons.wikimedia.org/wiki/Special:FilePath/%E5%B0%8F%E5%80%89%E7%99%BE%E4%BA%BA%E4%B8%80%E9%A6%96%E3%81%AE%E6%AE%BF%E5%A0%82%E3%83%BB%E6%99%82%E9%9B%A8%E6%AE%BF%20-%20panoramio.jpg,35.0136960,135.6737660,Q7496444
119,嵯峨嵐山文華館,京都府,文學館,4.0,100,文學館,Kyoto Station,8.3,0.70,0.8000,1.0000,0.3751,0.7975,http://commons.wikimedia.org/wiki/Special:FilePath/Saga%20Arashiyama%20Museum%20of%20Arts%20and%20Culture.jpg,35.0136111,135.6738889,Q60987195
228,世良美術館,兵庫縣,美術館,4.0,100,美術館,Kobe Station,8.3,0.70,0.8000,1.0000,0.3746,0.7975,http://commons.wikimedia.org/wiki/Special:FilePath/Sera-museum01s2048.jpg,34.7231944,135.2523611,Q11362538
341,白鶴酒造資料館,兵庫縣,日本清酒博物館,4.0,100,日本清酒博物館,Kobe Station,8.4,0.70,0.8000,1.0000,0.3736,0.7974,http://commons.wikimedia.org/wiki/Special:FilePath/Hakuturu-sake-museum.jpg,34.7106111,135.2616389,Q11580624
1467,内藤記念くすり博物館,岐阜縣,公司博物館,4.0,100,公司博物館,Gifu Station,8.4,0.70,0.8000,1.0000,0.3744,0.7974,http://commons.wikimedia.org/wiki/Special:FilePath/Naito%20Museum%20of%20Pharmaceutical%20Science%20and%20Industry01.jpg,35.3630000,136.8291944,Q5926945
856,埼玉市立浦和生活博物館民家園,埼玉縣,民家園,4.0,100,民家園,Omiya Station,8.4,0.70,0.8000,1.0000,0.3733,0.7973,http://commons.wikimedia.org/wiki/Special:FilePath/Saitama%20Saitama%20Livelihood%20Museum%20House%20Garden%201.JPG,35.8783610,139.7106110,Q11267493
2195,日本独楽博物館,愛知縣,博物館,4.0,100,博物館,Nagoya Station,8.4,0.70,0.8000,1.0000,0.3731,0.7973,http://commons.wikimedia.org/wiki/Special:FilePath/Nihon%20Koma%20Hakubutsukan.jpg,35.0958330,136.8708810,Q15229358
2568,林芙美子紀念館,東京都,人物紀念館,4.0,100,人物紀念館,Tokyo Station,8.4,0.70,0.8000,1.0000,0.3727,0.7973,http://commons.wikimedia.org/wiki/Special:FilePath/Hayashi%20fumiko%20memorial%20hall%20shinjuku.JPG,35.7158610,139.6842500,Q11533289
3634,長野市茶臼山恐竜公園,長野縣,恐竜公園,4.0,100,恐竜公園,Nagano Station,8.4,0.70,0.8000,1.0000,0.3729,0.7973,http://commons.wikimedia.org/wiki/Special:FilePath/%E6%81%90%E7%AB%9C%E5%85%AC%E5%9C%92.jpg,36.5890280,138.1228060,Q11654199
859,岩槻人形博物館,埼玉縣,人形博物館,4.0,100,人形博物館,Omiya Station,8.4,0.70,0.8000,1.0000,0.3722,0.7972,http://commons.wikimedia.org/wiki/Special:FilePath/Saitama%20Iwatsuki%20Ningyo%20Museum%20201902.jpg,35.9508333,139.7000000,Q28684346
1444,曾根丘陵公園,山梨縣,風土記之丘,4.0,100,風土記之丘,Kofu Station,8.4,0.70,0.8000,1.0000,0.3725,0.7972,http://commons.wikimedia.org/wiki/Special:FilePath/%E7%94%B2%E6%96%90%E9%A2%A8%E5%9C%9F%E8%A8%98%E3%81%AE%E4%B8%98%E3%81%AE%E9%81%8A%E5%85%B7%20-%20panoramio.jpg,35.5922222,138.5825000,Q11515320
1650,招き猫美術館,岡山縣,美術館,4.0,100,美術館,Okayama Station,8.4,0.70,0.8000,1.0000,0.3725,0.7972,,34.7392010,133.9448930,Q133294748
3242,宇美八幡宮宝物殿,福岡縣,宝物館,4.0,100,宝物館,Hakata Station,8.5,0.70,0.8000,1.0000,0.3717,0.7972,http://commons.wikimedia.org/wiki/Special:FilePath/Warehouse%20and%20Treasure%20Hall%20of%20Umi%20Hachiman%20Shrine.JPG,33.5703500,130.5087600,Q133269306
2909,横井小楠紀念館,熊本縣,人物紀念館,4.0,100,人物紀念館,Kumamoto Station,8.5,0.70,0.8000,1.0000,0.3713,0.7971,http://commons.wikimedia.org/wiki/Special:FilePath/Yokoi%20Shonan%20Memorial%20Hall%206.jpg,32.7727778,130.7780278,Q28688020
3243,宇美町立歴史民俗資料館,福岡縣,歷史博物館,4.0,100,歷史博物館,Hakata Station,8.5,0.70,0.8000,1.0000,0.3707,0.7971,http://commons.wikimedia.org/wiki/Special:FilePath/Umi%20Town%20History%20and%20Folklore%20Museum%20ac.jpg,33.5696650,130.5089620,Q130357844
3978,湯之平展望所,鹿兒島縣,风景点,4.0,100,风景点,Kagoshima-Chuo Station,8.5,0.70,0.8000,1.0000,0.3713,0.7971,http://commons.wikimedia.org/wiki/Special:FilePath/Yunohira%20Observatory%20with%20Kagoshima%20City%20Central.jpg,31.5915000,130.6299000,Q110582222
222,神戶藝術博物館,兵庫縣,美術館,4.0,100,美術館,Kobe Station,8.5,0.70,0.8000,1.0000,0.3699,0.7970,http://commons.wikimedia.org/wiki/Special:FilePath/Kobe%20Yukari%20Art%20Museum02s3264.jpg,34.6883330,135.2706390,Q11589726
224,神戶時尚美術館,兵庫縣,美術館,4.0,100,美術館,Kobe Station,8.5,0.70,0.8000,1.0000,0.3699,0.7970,http://commons.wikimedia.org/wiki/Special:FilePath/Kobe%20fashion%20museum03bs3200.jpg,34.6883330,135.2706390,Q11589762
529,札幌羊丘瞭望台,北海道,觀光景點,4.0,100,觀光景點,Sapporo Station,8.5,0.70,0.8000,1.0000,0.3699,0.7970,http://commons.wikimedia.org/wiki/Special:FilePath/Hitsujigaoka-sheep.jpg,42.9991667,141.3947222,Q3348373
2440,紙幣與郵票博物館,東京都,印刷博物館,4.0,100,印刷博物館,Tokyo Station,8.5,0.70,0.8000,1.0000,0.3701,0.7970,http://commons.wikimedia.org/wiki/Special:FilePath/Museum-gaikan.jpg,35.7543330,139.7393060,Q11263157
1035,日本民家集落博物館,大阪府,民家園,4.0,100,民家園,Osaka Station,8.6,0.70,0.8000,1.0000,0.3689,0.7969,http://commons.wikimedia.org/wiki/Special:FilePath/Old%20Japanese%20Farm%20House%20Museum%20Miyazaki.JPG,34.7791670,135.4881940,Q11508426
3156,福井県立一乗谷朝倉氏遺跡博物館,福井縣,都道府县立博物馆,4.0,100,都道府县立博物馆,Fukui Station,8.5,0.70,0.8000,1.0000,0.3693,0.7969,http://commons.wikimedia.org/wiki/Special:FilePath/Ichijodani%20Asakura%20Family%20Site%20Museum%20%28new%29.jpg,36.0151389,136.2989444,Q15557985
2071,名古屋港シートレインランド,愛知縣,主題樂園,4.0,100,主題樂園,Nagoya Station,8.6,0.70,0.8000,1.0000,0.3676,0.7968,http://commons.wikimedia.org/wiki/Special:FilePath/Nagoya%20port%20Sea-Train%20Land%2001.JPG,35.0935780,136.8782060,Q11415200
3900,高知県立埋蔵文化財センター,高知縣,埋藏文化財中心,4.0,100,埋藏文化財中心,Kochi Station,8.6,0.70,0.8000,1.0000,0.3684,0.7968,http://commons.wikimedia.org/wiki/Special:FilePath/Kochi%20Prefecture%20Archaeological%20Center.jpg,33.5716944,133.6356944,Q117035824
1565,岐阜県文化財保護センター,岐阜縣,博物館,4.0,100,博物館,Gifu Station,8.6,0.70,0.8000,1.0000,0.3665,0.7967,,35.4780833,136.8000000,Q109357902
3222,西鐵香椎花園,福岡縣,主題樂園,4.0,100,主題樂園,Hakata Station,8.6,0.70,0.8000,1.0000,0.3669,0.7967,http://commons.wikimedia.org/wiki/Special:FilePath/Kashii-kaen.jpg,33.6668890,130.4348890,Q11629923
233,豐雲記念館,兵庫縣,人物紀念館,4.0,100,人物紀念館,Kobe Station,8.7,0.70,0.8000,1.0000,0.3663,0.7966,http://commons.wikimedia.org/wiki/Special:FilePath/Houn%20Memorial%20Museum12s3200.jpg,34.7271110,135.2529440,Q11634295
1184,仙台海之杜水族館,宮城縣,水族館,4.0,100,水族館,Sendai Station,8.7,0.70,0.8000,1.0000,0.3659,0.7966,http://commons.wikimedia.org/wiki/Special:FilePath/Sendai%20Umino-Mori%20Aquarium.JPG,38.2710833,140.9806667,Q17222417
2001,愛媛人物博物館,愛媛縣,博物館,4.0,100,博物館,Matsuyama Station,8.7,0.70,0.8000,1.0000,0.3662,0.7966,,33.7748190,132.8021480,Q123531539
254,香雪美术馆,兵庫縣,美術館,4.0,100,美術館,Kobe Station,8.7,0.70,0.8000,1.0000,0.3652,0.7965,http://commons.wikimedia.org/wiki/Special:FilePath/Kosetsu%20Museum%EF%BC%9A%E9%A6%99%E9%9B%AA%E7%BE%8E%E8%A1%93%E9%A4%A8%20-%20panoramio.jpg,34.7241670,135.2561110,Q11667775
1122,帝塚山大学附属博物館,奈良縣,大學博物館,4.0,100,大學博物館,Nara Station,8.7,0.70,0.8000,1.0000,0.3650,0.7965,,34.6861000,135.7239080,Q11481054
2782,沖縄県立埋蔵文化財センター,沖繩縣,埋藏文化財中心,4.0,100,埋藏文化財中心,Naha Bus Terminal,8.7,0.70,0.8000,1.0000,0.3646,0.7965,http://commons.wikimedia.org/wiki/Special:FilePath/Okinawa%20Prefecture%20Archaeological%20Center.JPG,26.2433300,127.7595180,Q123263237
820,ポルトヨーロッパ,和歌山縣,主題公園,4.0,100,主題公園,Wakayama Station,8.8,0.70,0.8000,1.0000,0.3636,0.7964,http://commons.wikimedia.org/wiki/Special:FilePath/%E3%83%9D%E3%83%AB%E3%83%88%E3%83%A8%E3%83%BC%E3%83%AD%E3%83%83%E3%83%91.jpg,34.1541670,135.1769170,Q11339346
851,丸沼芸術の森,埼玉縣,美術館,4.0,100,美術館,Omiya Station,8.7,0.70,0.8000,1.0000,0.3639,0.7964,,35.8292812,139.6053024,Q114873993
890,富士見市立水子貝塚資料館,埼玉縣,考古博物館,4.0,100,考古博物館,Omiya Station,8.7,0.70,0.8000,1.0000,0.3639,0.7964,http://commons.wikimedia.org/wiki/Special:FilePath/%E5%AF%8C%E5%A3%AB%E8%A6%8B%E5%B8%82%E7%AB%8B%E6%B0%B4%E5%AD%90%E8%B2%9D%E5%A1%9A%E8%B3%87%E6%96%99%E9%A4%A8%20-%20Mapillary%20%283589427237942297%29.jpg,35.8458000,139.5622930,Q104696830
2643,豐島區立常盤庄漫畫博物館,東京都,動漫博物館,4.0,100,動漫博物館,Tokyo Station,8.7,0.70,0.8000,1.0000,0.3637,0.7964,http://commons.wikimedia.org/wiki/Special:FilePath/Tokiwaso-Manga-Museum.jpg,35.7243056,139.6860556,Q96707302
2860,草津市立草津宿街道交流館,滋賀縣,交通博物館,4.0,100,交通博物館,Otsu Station,8.7,0.70,0.8000,1.0000,0.3643,0.7964,http://commons.wikimedia.org/wiki/Special:FilePath/Kaidoukoryukan-museum.jpg,35.0156944,135.9590833,Q88281532
3110,電気の史料館,神奈川縣,歷史博物館,4.0,100,歷史博物館,Yokohama Station,8.8,0.70,0.8000,1.0000,0.3626,0.7963,http://commons.wikimedia.org/wiki/Special:FilePath/%E9%9B%BB%E6%B0%97%E3%81%AE%E5%8F%B2%E6%96%99%E9%A4%A8.jpg,35.5338870,139.6728560,Q11660383
3530,池田滿壽夫美術館,長野縣,人物紀念館,4.0,100,人物紀念館,Nagano Station,8.8,0.70,0.8000,1.0000,0.3633,0.7963,http://commons.wikimedia.org/wiki/Special:FilePath/Ikeda%20Masuo%20Art%20Museum.jpg,36.5644440,138.1966670,Q11552021
342,菊正宗酒造記念館,兵庫縣,日本清酒博物館,4.0,100,日本清酒博物館,Kobe Station,8.8,0.70,0.8000,1.0000,0.3617,0.7962,http://commons.wikimedia.org/wiki/Special:FilePath/Kikumasamune%20Kobe%20Japan01-r.jpg,34.7086110,135.2678890,Q11619678
2105,平和公園アクアタワー,愛知縣,水塔,4.0,100,水塔,Nagoya Station,8.8,0.70,0.8000,1.0000,0.3623,0.7962,http://commons.wikimedia.org/wiki/Special:FilePath/Heiwa%20Park%20Aqua%20Tower%20s2.jpg,35.1781830,136.9779330,Q11482213
2151,アイ・ファイン,愛知縣,人物紀念館,4.0,100,人物紀念館,Nagoya Station,8.8,0.70,0.8000,1.0000,0.3621,0.7962,http://commons.wikimedia.org/wiki/Special:FilePath/I-fain%28Ichiro%20Museum%29%2020150412.JPG,35.2428420,136.9220560,Q11282560
2210,昭和日常博物馆,愛知縣,博物館,4.0,100,博物館,Nagoya Station,8.8,0.70,0.8000,1.0000,0.3622,0.7962,http://commons.wikimedia.org/wiki/Special:FilePath/Kitanagoya%20City%20East%20Library.jpg,35.2500000,136.8855560,Q11514080
3633,真田寶物館,長野縣,歷史博物館,4.0,100,歷史博物館,Nagano Station,8.8,0.70,0.8000,1.0000,0.3618,0.7962,http://commons.wikimedia.org/wiki/Special:FilePath/Sanada%20Tresures%20Museum.jpg,36.5640000,138.1974720,Q11583381
240,須磨浦山上遊園,兵庫縣,主題樂園,4.0,100,主題樂園,Kobe Station,8.9,0.70,0.8000,1.0000,0.3609,0.7961,http://commons.wikimedia.org/wiki/Special:FilePath/Sumaura%20sanjo%20amusement%20park02%201920.jpg,34.6418330,135.0928060,Q11664683
1243,世界一かわいい美術館,富山縣,美術館,4.0,100,美術館,Toyama Station,8.9,0.70,0.8000,1.0000,0.3609,0.7961,http://commons.wikimedia.org/wiki/Special:FilePath/Art%20Museum%20in%20Mizuhashi%2CToyama.jpg,36.7438320,137.2971243,Q30927870
2531,船堀塔,東京都,活動場地,4.0,100,活動場地,Tokyo Station,8.8,0.70,0.8000,1.0000,0.3614,0.7961,http://commons.wikimedia.org/wiki/Special:FilePath/Funabori1.jpg,35.6843890,139.8648610,Q85872174
2758,宜野湾市立博物館,沖繩縣,市立博物館,4.0,100,市立博物館,Naha Bus Terminal,8.8,0.70,0.8000,1.0000,0.3613,0.7961,http://commons.wikimedia.org/wiki/Special:FilePath/Ginowan%20City%20Museum03n3104.jpg,26.2698060,127.7406110,Q11452301
585,エドウィン・ダン記念館,北海道,人物紀念館,4.0,100,人物紀念館,Sapporo Station,8.9,0.70,0.8000,1.0000,0.3604,0.7960,http://commons.wikimedia.org/wiki/Special:FilePath/%E3%82%A8%E3%83%89%E3%82%A6%E3%82%A3%E3%83%B3%E3%83%BB%E3%83%80%E3%83%B3%E8%A8%98%E5%BF%B5%E9%A4%A8.jpg,42.9888889,141.3522222,Q11290335
1347,齋藤茂吉紀念館,山形縣,文學館,4.0,100,文學館,Yamagata Station,8.9,0.70,0.8000,1.0000,0.3600,0.7960,http://commons.wikimedia.org/wiki/Special:FilePath/Sait%C5%8D%20Mokichi%20photographed%20by%20Shigeru%20Tamura.jpg,38.1720700,140.2992710,Q11500667
2817,草津宿本陣,滋賀縣,本陣,4.0,100,本陣,Otsu Station,8.9,0.70,0.8000,1.0000,0.3603,0.7960,http://commons.wikimedia.org/wiki/Special:FilePath/Kusatsu-juku%20Honjin%20201905-1.jpg,35.0177400,135.9603600,Q77824459
414,莫埃來沼公園,北海道,総合公園 (日本),4.0,100,総合公園 (日本),Sapporo Station,8.9,0.70,0.8000,1.0000,0.3590,0.7959,http://commons.wikimedia.org/wiki/Special:FilePath/Moere02.jpg,43.1244722,141.4299139,Q1298335
2074,名古屋港水族館,愛知縣,水族館,4.0,100,水族館,Nagoya Station,8.9,0.70,0.8000,1.0000,0.3588,0.7959,http://commons.wikimedia.org/wiki/Special:FilePath/Port%20of%20Nagoya%20Public%20Aquarium%20Exterior%20%281%29%2C%20Minato-machi%20Minato%20Ward%20Nagoya%202022.jpg,35.0906000,136.8782000,Q7231211
3404,高崎市美術館,群馬縣,美術館,4.0,100,美術館,Maebashi Station,8.9,0.70,0.8000,1.0000,0.3594,0.7959,http://commons.wikimedia.org/wiki/Special:FilePath/Takasaki%20Museum%20of%20Art.jpg,36.3207220,139.0106110,Q11669765
736,カンドゥー幕張新都心,千葉縣,主題公園,4.0,100,主題公園,Chiba Station,9.0,0.70,0.8000,1.0000,0.3581,0.7958,,35.6558889,140.0289439,Q18701116
3293,旧花水館,福島縣,建成遗产,4.0,100,建成遗产,Fukushima Station,9.0,0.70,0.8000,1.0000,0.3581,0.7958,http://commons.wikimedia.org/wiki/Special:FilePath/Ky%C5%AB%20Kasuikan%2009.jpg,37.8345100,140.4524600,Q117827029
3849,庵治温泉,香川縣,温泉镇,4.0,100,温泉镇,Takamatsu Station,9.0,0.70,0.8000,1.0000,0.3582,0.7958,,34.3952130,134.1278040,Q108541303
3986,鹿児島市立ふるさと考古歴史館,鹿兒島縣,考古博物館,4.0,100,考古博物館,Kagoshima-Chuo Station,9.0,0.70,0.8000,1.0000,0.3580,0.7958,http://commons.wikimedia.org/wiki/Special:FilePath/Kagoshima%20City%20Museum%20of%20Archaeology%20Building.JPG,31.5110280,130.4999720,Q11676560
961,大阪商業大學商業史博物館,大阪府,大學博物館,4.0,100,大學博物館,Osaka Station,9.0,0.70,0.8000,1.0000,0.3574,0.7957,http://commons.wikimedia.org/wiki/Special:FilePath/Osaka-Univ-of-Commerce-Tanioka-Memorial-Hall01.jpg,34.6668330,135.5841390,Q11440106
2077,東山天空塔,愛知縣,觀光塔,4.0,100,觀光塔,Nagoya Station,9.0,0.70,0.8000,1.0000,0.3575,0.7957,http://commons.wikimedia.org/wiki/Special:FilePath/Higashiyama%20Sky%20Tower%20-%2001.JPG,35.1566860,136.9788140,Q5754149
2089,名古屋海洋博物館,愛知縣,海事博物館,4.0,100,海事博物館,Nagoya Station,9.0,0.70,0.8000,1.0000,0.3565,0.7957,,35.0897422,136.8809799,Q123281511
2100,名古屋港イタリア村,愛知縣,主題公園,4.0,100,主題公園,Nagoya Station,9.0,0.70,0.8000,1.0000,0.3572,0.7957,http://commons.wikimedia.org/wiki/Special:FilePath/Italia%20mura.jpg,35.0900000,136.8844444,Q3155850
2108,世界のメダカ館,愛知縣,水族館,4.0,100,水族館,Nagoya Station,9.0,0.70,0.8000,1.0000,0.3564,0.7956,http://commons.wikimedia.org/wiki/Special:FilePath/Medaka%20World%20of%20Higashiyama%20Zoo%20-%201.jpg,35.1579011,136.9795399,Q115283045
3686,縄文の学び舎・小牧野館,青森縣,考古博物館,4.0,100,考古博物館,Aomori Station,9.0,0.70,0.8000,1.0000,0.3565,0.7956,http://commons.wikimedia.org/wiki/Special:FilePath/Komakino%20site%20preservation%20museum%2002.jpg,40.7477820,140.7233680,Q132659035
2220,蟹江町歴史民俗資料館,愛知縣,博物館,4.0,100,博物館,Nagoya Station,9.1,0.70,0.8000,1.0000,0.3553,0.7955,http://commons.wikimedia.org/wiki/Special:FilePath/Kanie%20History%20and%20Folklore%20Museum%20exterior%20ac.jpg,35.1369444,136.7907778,Q48756612
2304,新潟仙貝王國,新潟縣,博物館,4.0,100,博物館,Niigata Station,9.1,0.70,0.8000,1.0000,0.3546,0.7955,,37.9295000,139.1631940,Q11535936
1416,根津記念館,山梨縣,历史房屋博物馆,4.0,100,历史房屋博物馆,Kofu Station,9.1,0.70,0.8000,1.0000,0.3539,0.7954,http://commons.wikimedia.org/wiki/Special:FilePath/Nezu%20Memorial%20Museum%20in%20Yamanashi%20City%20Yamanashi%20Pref.jpg,35.6788056,138.6683056,Q11536453
2483,鑽石與花摩天輪,東京都,摩天輪,4.0,100,摩天輪,Tokyo Station,9.1,0.70,0.8000,1.0000,0.3537,0.7954,http://commons.wikimedia.org/wiki/Special:FilePath/Ferris%20wheel%20at%20Kasai%20Rinkai%20Park.jpg,35.6439052,139.8572257,Q901219
3188,天空之夢福岡,福岡縣,摩天輪,4.0,100,摩天輪,Hakata Station,9.1,0.70,0.8000,1.0000,0.3543,0.7954,http://commons.wikimedia.org/wiki/Special:FilePath/SkyDreamFukuoka%20%26%20EvergreenMarinoa.jpg,33.5956845,130.3225279,Q907464
336,櫻正宗記念館櫻宴,兵庫縣,公司博物館,4.0,100,公司博物館,Kobe Station,9.2,0.70,0.8000,1.0000,0.3527,0.7953,,34.7098610,135.2714170,Q11544833
2537,昭和女子大学光葉博物館,東京都,大學博物館,4.0,100,大學博物館,Tokyo Station,9.2,0.70,0.8000,1.0000,0.3532,0.7953,,35.6435510,139.6769770,Q104708392
2928,白山市立松任中川一政記念美術館,石川縣,美術館,4.0,100,美術館,Kanazawa Station,9.2,0.70,0.8000,1.0000,0.3532,0.7953,,36.5267222,136.5678889,Q82594996
1883,廣島市交通科學館,廣島縣,科學博物館,4.0,100,科學博物館,Hiroshima Station,9.2,0.70,0.8000,1.0000,0.3521,0.7952,http://commons.wikimedia.org/wiki/Special:FilePath/Hiroshima%20City%20Transportation%20Museum%202.jpg,34.4708610,132.4286410,Q5358361
2523,東京家政大学博物館,東京都,時裝博物館,4.0,100,時裝博物館,Tokyo Station,9.2,0.70,0.8000,1.0000,0.3521,0.7952,http://commons.wikimedia.org/wiki/Special:FilePath/Kasei06.jpg,35.7551250,139.7213530,Q104708375
225,白鹤美术馆,兵庫縣,美術館,4.0,100,美術館,Kobe Station,9.3,0.70,0.8000,1.0000,0.3498,0.7950,http://commons.wikimedia.org/wiki/Special:FilePath/Hakutsuru%20museum01%201024.jpg,34.7308333,135.2583333,Q612608
345,濱福鶴吟醸工房,兵庫縣,公司博物館,4.0,100,公司博物館,Kobe Station,9.3,0.70,0.8000,1.0000,0.3498,0.7950,,34.7098611,135.2728056,Q11558039
873,ふじみ野市立上福岡歴史民俗資料館,埼玉縣,民俗博物館,4.0,100,民俗博物館,Omiya Station,9.3,0.70,0.8000,1.0000,0.3500,0.7950,http://commons.wikimedia.org/wiki/Special:FilePath/Kamifukuoka%20History%20and%20Folk%20Museum.JPG,35.8756670,139.5282500,Q11277076
3180,九州産業大学美術館,福岡縣,大学美术馆,4.0,100,大学美术馆,Hakata Station,9.3,0.70,0.8000,1.0000,0.3490,0.7949,http://commons.wikimedia.org/wiki/Special:FilePath/Kyushu%20Sangyo%20Univ%20Art%20Museum.JPG,33.6719440,130.4433060,Q11370311
1408,横溝正史館,山梨縣,人物紀念館,4.0,100,人物紀念館,Kofu Station,9.4,0.70,0.8000,1.0000,0.3475,0.7948,http://commons.wikimedia.org/wiki/Special:FilePath/Yokomizoseishi-kan.jpg,35.7044167,138.6615278,Q11543302
2417,江戸川区郷土資料室,東京都,博物館,4.0,100,博物館,Tokyo Station,9.4,0.70,0.8000,1.0000,0.3480,0.7948,,35.7057778,139.8663056,Q117424691
3602,象山紀念館,長野縣,人物紀念館,4.0,100,人物紀念館,Nagano Station,9.4,0.70,0.8000,1.0000,0.3479,0.7948,http://commons.wikimedia.org/wiki/Special:FilePath/Zozan%20Memorial%20Hall.jpg,36.5590280,138.1977500,Q11634350
835,ふじみ野市立福岡河岸記念館,埼玉縣,历史房屋博物馆,4.0,100,历史房屋博物馆,Omiya Station,9.4,0.70,0.8000,1.0000,0.3469,0.7947,http://commons.wikimedia.org/wiki/Special:FilePath/Fujinino%20Hukuokakasikinenkan%201.jpg,35.8852780,139.5229170,Q28686133
1741,滝沢市埋蔵文化財センター,岩手縣,埋藏文化財中心,4.0,100,埋藏文化財中心,Morioka Station,9.4,0.70,0.8000,1.0000,0.3474,0.7947,,39.7807610,141.0977400,Q104696348
1802,安部榮四郎記念館,島根縣,紙博物館,4.0,100,紙博物館,Matsue Station,9.4,0.70,0.8000,1.0000,0.3466,0.7947,,35.3915810,133.1176980,Q132444191
2147,愛知航空博物館,愛知縣,航空博物館,4.0,100,航空博物館,Nagoya Station,9.4,0.70,0.8000,1.0000,0.3475,0.7947,http://commons.wikimedia.org/wiki/Special:FilePath/Aichi%20Museum%20of%20Flight.jpg,35.2476111,136.9246944,Q30935176
2160,あま市美和歴史民俗資料館,愛知縣,民俗博物館,4.0,100,民俗博物館,Nagoya Station,9.4,0.70,0.8000,1.0000,0.3470,0.7947,http://commons.wikimedia.org/wiki/Special:FilePath/Miwa%20Historical%20Museum-01.jpg,35.2007694,136.7846222,Q11608844
964,司馬遼太郎紀念館,大阪府,文學館,4.0,100,文學館,Osaka Station,9.4,0.70,0.8000,1.0000,0.3462,0.7946,http://commons.wikimedia.org/wiki/Special:FilePath/ShibaRyotaroMemorialMuseum.jpg,34.6605000,135.5856670,Q11412294
1003,吹田市立博物館,大阪府,市立博物館,4.0,100,市立博物館,Osaka Station,9.5,0.70,0.8000,1.0000,0.3456,0.7946,http://commons.wikimedia.org/wiki/Special:FilePath/SuitaCityMuseum.JPG,34.7833610,135.5283890,Q11416534
3373,群馬県立近代美術館,群馬縣,美術館,4.0,100,美術館,Maebashi Station,9.4,0.70,0.8000,1.0000,0.3465,0.7946,http://commons.wikimedia.org/wiki/Special:FilePath/The%20Museum%20of%20Modern%20Art%2C%20Gunma.JPG,36.2987220,139.0786390,Q11609688
3377,群馬県立歴史博物館,群馬縣,都道府县立博物馆,4.0,100,都道府县立博物馆,Maebashi Station,9.5,0.70,0.8000,1.0000,0.3458,0.7946,http://commons.wikimedia.org/wiki/Special:FilePath/Gunma-pref-History-museum.jpg,36.2985000,139.0794722,Q20982941
1116,天理參考館,奈良縣,大學博物館,4.0,100,大學博物館,Nara Station,9.5,0.70,0.8000,1.0000,0.3452,0.7945,http://commons.wikimedia.org/wiki/Special:FilePath/Tenri%20sanko-kan01s3200.jpg,34.5975280,135.8427780,Q17229261
2794,琉球大学博物館（風樹館）,沖繩縣,大學博物館,4.0,100,大學博物館,Naha Bus Terminal,9.5,0.70,0.8000,1.0000,0.3448,0.7945,,26.2502630,127.7646630,Q22111842
3211,海之中道海洋世界,福岡縣,水族館,4.0,100,水族館,Hakata Station,9.5,0.70,0.8000,1.0000,0.3453,0.7945,http://commons.wikimedia.org/wiki/Special:FilePath/Grampus%20griseus%20by%20OpenCage.jpg,33.6608333,130.3633333,Q6764266
2569,尼康博物館,東京都,公司博物館,4.0,100,公司博物館,Tokyo Station,9.6,0.70,0.8000,1.0000,0.3435,0.7944,http://commons.wikimedia.org/wiki/Special:FilePath/Nikon%20Museum20151104a.jpg,35.6027000,139.7241000,Q21654020
178,村岡総本舗羊羹資料館,佐賀縣,食物博物館,4.0,100,食物博物館,Saga Station,9.6,0.70,0.8000,1.0000,0.3427,0.7943,http://commons.wikimedia.org/wiki/Special:FilePath/%E6%9D%91%E5%B2%A1%E7%B7%8F%E6%9C%AC%E8%88%97%E7%BE%8A%E7%BE%B9%E8%B3%87%E6%96%99%E9%A4%A8.jpg,33.3013400,130.2043100,Q128213520
2123,名古屋市見晴台考古資料館,愛知縣,考古博物館,4.0,100,考古博物館,Nagoya Station,9.6,0.70,0.8000,1.0000,0.3433,0.7943,http://commons.wikimedia.org/wiki/Special:FilePath/Nagoya%20City%20Miharashidai%20Archaeological%20Museum%20ac.jpg,35.0992900,136.9397400,Q62104096
456,札幌国際大学博物館,北海道,大學博物館,4.0,100,大學博物館,Sapporo Station,9.6,0.70,0.8000,1.0000,0.3418,0.7942,,43.0013230,141.4251930,Q123125643
1729,盛岡手作り村,岩手縣,主題公園,4.0,100,主題公園,Morioka Station,9.6,0.70,0.8000,1.0000,0.3417,0.7942,http://commons.wikimedia.org/wiki/Special:FilePath/Morioka%20Handi-Works%20Square%2020170715a.jpg,39.6930139,141.0243969,Q136379395
2146,道風紀念館,愛知縣,人物紀念館,4.0,100,人物紀念館,Nagoya Station,9.6,0.70,0.8000,1.0000,0.3424,0.7942,http://commons.wikimedia.org/wiki/Special:FilePath/Tofu%20Memorial%20Museum.jpg,35.2203640,136.9681060,Q11641867
2177,復古電車館,愛知縣,鐵路博物館,4.0,100,鐵路博物館,Nagoya Station,9.6,0.70,0.8000,1.0000,0.3420,0.7942,http://commons.wikimedia.org/wiki/Special:FilePath/Nagoya%20City%20Tram%20%26%20Subway%20Museum%2002.JPG,35.1866528,136.9855944,Q11349820
3259,四季の里,福島縣,農業テーマパーク,4.0,100,農業テーマパーク,Fukushima Station,9.6,0.70,0.8000,1.0000,0.3419,0.7942,,37.7126944,140.3634722,Q11419839
1966,えひめこどもの城,愛媛縣,主題公園,4.0,100,主題公園,Matsuyama Station,9.7,0.70,0.8000,1.0000,0.3401,0.7940,http://commons.wikimedia.org/wiki/Special:FilePath/Kodomonosiro20220815%203.jpg,33.7619170,132.7976110,Q11261002
3016,東芝未來科學館,神奈川縣,科學博物館,4.0,100,科學博物館,Yokohama Station,9.7,0.70,0.8000,1.0000,0.3404,0.7940,http://commons.wikimedia.org/wiki/Special:FilePath/Lazona%20Kawasaki%20Toshiba%20Building.jpg,35.5318583,139.6930556,Q7827637
3052,カワスイ 川崎水族館,神奈川縣,水族館,4.0,100,水族館,Yokohama Station,9.7,0.70,0.8000,1.0000,0.3401,0.7940,,35.5296111,139.6963056,Q97169050
74,京都精華大学ギャラリーTerra-S,京都府,美術館,4.0,100,美術館,Kyoto Station,9.7,0.70,0.8000,1.0000,0.3394,0.7939,,35.0728210,135.7703460,Q127598408
2589,葛西临海水族館,東京都,水族館,4.0,100,水族館,Tokyo Station,9.7,0.70,0.8000,1.0000,0.3394,0.7939,http://commons.wikimedia.org/wiki/Special:FilePath/Tokyo%20Sea%20Life%20Park%202.jpg,35.6400833,139.8621667,Q4925165
3395,玉村町歴史資料館,群馬縣,歷史博物館,4.0,100,歷史博物館,Maebashi Station,9.7,0.70,0.8000,1.0000,0.3390,0.7939,,36.3055660,139.1226640,Q104696828
257,兵庫県立六甲山ビジターセンター,兵庫縣,科學博物館,4.0,100,科學博物館,Kobe Station,9.8,0.70,0.8000,1.0000,0.3378,0.7938,http://commons.wikimedia.org/wiki/Special:FilePath/Mt%20rokko%20visitor%20center01%202816.jpg,34.7569444,135.2293056,Q11392946
1194,宮崎大学農学部附属農業博物館,宮崎縣,農業博物館,4.0,100,農業博物館,Miyazaki Station,9.8,0.70,0.8000,1.0000,0.3383,0.7938,,31.8291680,131.4127970,Q127451377
3902,海洋堂SpaceFactoryなんこく,高知縣,工廠,4.0,100,工廠,Kochi Station,9.8,0.70,0.8000,1.0000,0.3382,0.7938,,33.5738611,133.6486111,Q118586600
1545,岐阜各務原航空宇宙博物館,岐阜縣,宇宙工学博物館,4.0,100,宇宙工学博物館,Gifu Station,9.8,0.70,0.8000,1.0000,0.3374,0.7937,http://commons.wikimedia.org/wiki/Special:FilePath/180501%20Kakamigahara%20Aerospace%20Science%20Museum.jpg,35.3878060,136.8614720,Q11263583
2602,地下鐵博物館,東京都,建築結構,4.0,100,建築結構,Tokyo Station,9.8,0.70,0.8000,1.0000,0.3369,0.7937,http://commons.wikimedia.org/wiki/Special:FilePath/Metro%20Museum%2C%20entrance-1.jpg,35.6635000,139.8738610,Q11424081
904,彩湖自然学習センター,埼玉縣,教育組織,4.0,100,教育組織,Omiya Station,9.9,0.70,0.8000,1.0000,0.3359,0.7936,http://commons.wikimedia.org/wiki/Special:FilePath/Saiko%20Nature%20Study%20Center.JPG,35.8178889,139.6342778,Q21653084
3306,福島市飯野UFO交流館,福島縣,天文博物館,4.0,100,天文博物館,Fukushima Station,9.9,0.70,0.8000,1.0000,0.3362,0.7936,http://commons.wikimedia.org/wiki/Special:FilePath/UFO%20fureaikan.jpg,37.6877222,140.5341111,Q11593098
3861,ジョージナカシマ記念館,香川縣,人物紀念館,4.0,100,人物紀念館,Takamatsu Station,9.9,0.70,0.8000,1.0000,0.3354,0.7935,http://commons.wikimedia.org/wiki/Special:FilePath/%E3%82%B8%E3%83%A7%E3%83%BC%E3%82%B8%E3%83%8A%E3%82%AB%E3%82%B7%E3%83%9E%E8%A8%98%E5%BF%B5%E9%A4%A8%E5%85%A5%E3%82%8A%E5%8F%A3%EF%BC%92.jpg,34.3352670,134.1529030,Q11310850
2667,品川区立品川歴史館,東京都,歷史博物館,4.0,100,歷史博物館,Tokyo Station,10.0,0.70,0.8000,1.0000,0.3342,0.7934,http://commons.wikimedia.org/wiki/Special:FilePath/Shinagawa%20historical%20museum%202009.JPG,35.5968056,139.7301389,Q11418382
841,蓑虫美術館,埼玉縣,美術館,4.0,100,美術館,Omiya Station,10.0,0.70,0.8000,1.0000,0.3333,0.7933,http://commons.wikimedia.org/wiki/Special:FilePath/%E8%93%91%E8%99%AB%E7%BE%8E%E8%A1%93%E9%A4%A8%20MinomushiMuseum%20MNMSM.jpg,35.9888890,139.6683330,Q109364231
3454,涸沼水鳥・湿地センター,茨城縣,自然中心,4.0,100,自然中心,Mito Station,10.0,0.70,0.8000,1.0000,0.3330,0.7933,,36.2848930,140.5096030,Q132160361
1125,安堵町歴史民俗資料館,奈良縣,博物館,4.0,100,博物館,Nara Station,10.1,0.70,0.8000,1.0000,0.3318,0.7932,,34.6048660,135.7583020,Q11450499
2219,戦争と平和の資料館ピースあいち,愛知縣,博物館,4.0,100,博物館,Nagoya Station,10.1,0.70,0.8000,1.0000,0.3322,0.7932,http://commons.wikimedia.org/wiki/Special:FilePath/Peace%20Aichi%2020150921.JPG,35.1762750,136.9918890,Q11495950
3104,都筑民家園,神奈川縣,民家園,4.0,100,民家園,Yokohama Station,10.1,0.70,0.8000,1.0000,0.3320,0.7932,http://commons.wikimedia.org/wiki/Special:FilePath/Residence%20of%20Nagasawa%20Family%2001.jpg,35.5503056,139.5816944,Q111103855
2826,滋賀縣立琵琶湖博物館,滋賀縣,水族館,4.0,100,水族館,Otsu Station,10.1,0.70,0.8000,1.0000,0.3307,0.7931,http://commons.wikimedia.org/wiki/Special:FilePath/%E6%BB%8B%E8%B3%80%E7%9C%8C%E7%AB%8B%E7%90%B5%E7%90%B6%E6%B9%96%E5%8D%9A%E7%89%A9%E9%A4%A8%E5%A4%96%E8%A6%B3.jpg,35.0741390,135.9349170,Q11564667
53,松浦武四郎記念館,三重縣,人物紀念館,4.0,100,人物紀念館,Tsu Station,10.2,0.70,0.8000,1.0000,0.3297,0.7930,,34.6425680,136.5090830,Q97738204
203,東よか干潟ビジターセンター,佐賀縣,遊客中心,4.0,100,遊客中心,Saga Station,10.2,0.70,0.8000,1.0000,0.3288,0.7929,http://commons.wikimedia.org/wiki/Special:FilePath/Higasasu.jpg,33.1750714,130.2701348,Q137569482
1081,富本憲吉紀念館,奈良縣,美術館,4.0,100,美術館,Nara Station,10.2,0.70,0.8000,1.0000,0.3288,0.7929,http://commons.wikimedia.org/wiki/Special:FilePath/Kenkichi%20Tomimoto%20Memorial%20Hall03s3200.jpg,34.6041000,135.7570000,Q3788874
3020,橫濱兒童科學館,神奈川縣,兒童博物館,4.0,100,兒童博物館,Yokohama Station,10.2,0.70,0.8000,1.0000,0.3285,0.7929,http://commons.wikimedia.org/wiki/Special:FilePath/Yokohama%20Science%20Center.JPG,35.3771000,139.5950000,Q8054641
3108,橫濱市歷史博物館,神奈川縣,歷史博物館,4.0,100,歷史博物館,Yokohama Station,10.2,0.70,0.8000,1.0000,0.3294,0.7929,http://commons.wikimedia.org/wiki/Special:FilePath/Yokohama%20History%20Museum%2020150201.jpg,35.5502000,139.5780000,Q4902594
1144,アクアテラス錦ケ丘,宮城縣,水族館,4.0,100,水族館,Sendai Station,10.3,0.70,0.8000,1.0000,0.3278,0.7928,,38.2571111,140.7650556,Q21652335
2993,川崎・砂子の里資料館,神奈川縣,美術館,4.0,100,美術館,Yokohama Station,10.2,0.70,0.8000,1.0000,0.3280,0.7928,,35.5320280,139.7018330,Q11478345
834,戸田市立郷土博物館,埼玉縣,地方文化館,4.0,100,地方文化館,Omiya Station,10.3,0.70,0.8000,1.0000,0.3264,0.7926,http://commons.wikimedia.org/wiki/Special:FilePath/Toda%20Toda%20City%20Library%201.JPG,35.8191460,139.6630960,Q11496511
3109,東海道かわさき宿交流館,神奈川縣,社區中心,4.0,100,社區中心,Yokohama Station,10.3,0.70,0.8000,1.0000,0.3258,0.7926,http://commons.wikimedia.org/wiki/Special:FilePath/Tokaido%20Kawasaki%20Shuku%20Koryukan%20Building.jpg,35.5324720,139.7029440,Q17229268
3771,フェルケール博物館,靜岡縣,美術館,4.0,100,美術館,Shizuoka Station,10.3,0.70,0.8000,1.0000,0.3262,0.7926,http://commons.wikimedia.org/wiki/Special:FilePath/Verkehr%20Shimizu%20Port%20Terminal%20Museum%2002.jpg,35.0075833,138.4933611,Q102427225
1056,新幹線公園,大阪府,公園,4.0,100,公園,Osaka Station,10.4,0.70,0.8000,1.0000,0.3251,0.7925,http://commons.wikimedia.org/wiki/Special:FilePath/%E6%96%B0%E5%B9%B9%E7%B7%9A%E5%85%AC%E5%9C%92.JPG,34.7752778,135.5670278,Q11502154
2661,中野区立歴史民俗資料館,東京都,民俗博物館,4.0,100,民俗博物館,Tokyo Station,10.4,0.70,0.8000,1.0000,0.3249,0.7925,http://commons.wikimedia.org/wiki/Special:FilePath/Nakano%20Museum%20of%20History%20and%20Folklore%20%282%29%202022-12-25.jpg,35.7242460,139.6650080,Q104708387
3409,高崎市山田かまち美術館,群馬縣,美術館,4.0,100,美術館,Maebashi Station,10.4,0.70,0.8000,1.0000,0.3254,0.7925,http://commons.wikimedia.org/wiki/Special:FilePath/Yamada%20Kamachi%20Museum%20of%20Art%2C%20Takasaki.jpg,36.3178610,138.9903060,Q11470074
483,サンピアザ水族館,北海道,水族館,4.0,100,水族館,Sapporo Station,10.4,0.70,0.8000,1.0000,0.3239,0.7924,http://commons.wikimedia.org/wiki/Special:FilePath/Sanpiaza%20Suizokukan.jpg,43.0369444,141.4716667,Q11305917
1816,中村元記念館,島根縣,纪念博物馆,4.0,100,纪念博物馆,Matsue Station,10.4,0.70,0.8000,1.0000,0.3239,0.7924,http://commons.wikimedia.org/wiki/Special:FilePath/Nakamura%20Hajime%20Memorial%20Hall.jpg,35.4949170,133.1724440,Q11365325
3149,越前竹人形之里,福井縣,人形博物館,4.0,100,人形博物館,Fukui Station,10.4,0.70,0.8000,1.0000,0.3238,0.7924,http://commons.wikimedia.org/wiki/Special:FilePath/Echizentakeningyonosato.jpg,36.1081944,136.3246944,Q109358313
448,札幌市青少年科学館,北海道,科學博物館,4.0,100,科學博物館,Sapporo Station,10.5,0.70,0.8000,1.0000,0.3226,0.7923,http://commons.wikimedia.org/wiki/Special:FilePath/Seishounen%20Kagakukan%28Sapporo%29.jpg,43.0362290,141.4721270,Q11521430
1630,现代医学教育博物馆,岡山縣,大學博物館,4.0,100,大學博物館,Okayama Station,10.5,0.70,0.8000,1.0000,0.3230,0.7923,http://commons.wikimedia.org/wiki/Special:FilePath/Medical%20Museum%20of%20Kawasaki%20Medical%20School.jpg,34.6333330,133.8113890,Q11573398
247,山之小美術館,兵庫縣,美術館,4.0,100,美術館,Kobe Station,10.5,0.70,0.8000,1.0000,0.3217,0.7922,,34.7588889,135.2411111,Q11392465
956,大阪市立自然史博物館,大阪府,自然歷史博物館,4.0,100,自然歷史博物館,Osaka Station,10.5,0.70,0.8000,1.0000,0.3219,0.7922,http://commons.wikimedia.org/wiki/Special:FilePath/Osaka%20Museum%20of%20Natural%20History1.jpg,34.6103610,135.5226110,Q11440688
1018,商船三井ミュージアム「ふねしる」,大阪府,海事博物館,4.0,100,海事博物館,Osaka Station,10.5,0.70,0.8000,1.0000,0.3219,0.7922,,34.6378510,135.4117080,Q137773156
1073,法隆寺大宝蔵院,奈良縣,宝物館,4.0,100,宝物館,Nara Station,10.5,0.70,0.8000,1.0000,0.3218,0.7922,http://commons.wikimedia.org/wiki/Special:FilePath/Horyu-ji28s3200.jpg,34.6150848,135.7354395,Q123148254
1121,生駒ふるさとミュージアム,奈良縣,博物館,4.0,100,博物館,Nara Station,10.5,0.70,0.8000,1.0000,0.3222,0.7922,http://commons.wikimedia.org/wiki/Special:FilePath/Ikoma%20Furusato%20Museum%202021-11%20ac%20%281%29.jpg,34.6905556,135.7043889,Q109538610
2419,葛飾區鄉土與天文博物館,東京都,地方文化館,4.0,100,地方文化館,Tokyo Station,10.5,0.70,0.8000,1.0000,0.3217,0.7922,http://commons.wikimedia.org/wiki/Special:FilePath/Katsushika%20City%20Museum.JPG,35.7529170,139.8434470,Q11621071
129,任天堂博物館,京都府,公司博物館,4.0,100,公司博物館,Kyoto Station,10.6,0.70,0.8000,1.0000,0.3205,0.7921,http://commons.wikimedia.org/wiki/Special:FilePath/Nintendo%20Museum%20Entrance.jpg,34.8927780,135.7841670,Q123124346
172,吉野ヶ里遺跡展示室,佐賀縣,考古博物館,4.0,100,考古博物館,Saga Station,10.6,0.70,0.8000,1.0000,0.3207,0.7921,http://commons.wikimedia.org/wiki/Special:FilePath/%E5%90%89%E9%87%8E%E3%83%B6%E9%87%8C%E9%81%BA%E8%B7%A1%E5%B1%95%E7%A4%BA%E5%AE%A4.JPG,33.3243170,130.3855010,Q137656274
3837,高松市讃岐国分寺跡資料館,香川縣,考古博物館,4.0,100,考古博物館,Takamatsu Station,10.6,0.70,0.8000,1.0000,0.3208,0.7921,,34.3028680,133.9467690,Q104783885
1588,羽島市歷史民俗資料館·羽島市電影資料館,岐阜縣,博物館,4.0,100,博物館,Gifu Station,10.6,0.70,0.8000,1.0000,0.3197,0.7920,http://commons.wikimedia.org/wiki/Special:FilePath/Hashima%20Folk%20History%20Museum%202019-11%20ac%20%282%29.jpg,35.3241670,136.7020750,Q11610104
346,六甲音樂盒博物館,兵庫縣,音楽博物館,4.0,100,音楽博物館,Kobe Station,10.7,0.70,0.8000,1.0000,0.3191,0.7919,http://commons.wikimedia.org/wiki/Special:FilePath/Hall%20of%20halls%20rokko01s2816.jpg,34.7616667,135.2383333,Q11392443
877,朝霞市博物館,埼玉縣,市立博物館,4.0,100,市立博物館,Omiya Station,10.7,0.70,0.8000,1.0000,0.3186,0.7919,,35.8126920,139.5974680,Q104696837
1948,阿波大正浪漫 バルトの庭,德島縣,电影布景,4.0,100,电影布景,Tokushima Station,10.7,0.70,0.8000,1.0000,0.3189,0.7919,http://commons.wikimedia.org/wiki/Special:FilePath/140712%20Baruto-no-niwa%20in%20Bando%20Naruto%20Tokushima%20pref%20Japan19bs7.jpg,34.1590278,134.4965556,Q11657519
2167,ラムサール条約湿地藤前干潟藤前活動センター,愛知縣,自然中心,4.0,100,自然中心,Nagoya Station,10.7,0.70,0.8000,1.0000,0.3191,0.7919,http://commons.wikimedia.org/wiki/Special:FilePath/Fujimae-activity-center.jpg,35.0827167,136.8353278,Q56736668
2579,品川水族館,東京都,水族館,4.0,100,水族館,Tokyo Station,10.7,0.70,0.8000,1.0000,0.3194,0.7919,http://commons.wikimedia.org/wiki/Special:FilePath/Sinagawa%20Aquarium.jpg,35.5884720,139.7375000,Q11254393
742,川村紀念美術館,千葉縣,美術館,4.0,100,美術館,Chiba Station,10.7,0.70,0.8000,1.0000,0.3178,0.7918,http://commons.wikimedia.org/wiki/Special:FilePath/Kawamura%20kinen%20museam.jpg,35.6532500,140.2213700,Q6379617
903,朝霞市博物館,埼玉縣,博物館,4.0,100,博物館,Omiya Station,10.7,0.70,0.8000,1.0000,0.3184,0.7918,http://commons.wikimedia.org/wiki/Special:FilePath/Asaka%20City%20Museum.jpg,35.8126389,139.5972222,Q136162980
1168,東北歷史博物館,宮城縣,歷史博物館,4.0,100,歷史博物館,Sendai Station,10.7,0.70,0.8000,1.0000,0.3185,0.7918,http://commons.wikimedia.org/wiki/Special:FilePath/Tohoku%20Rekishi%20Hakubutsukan%202008-11.jpg,38.3000000,140.9940000,Q3246933
188,吉野ヶ里歴史公園センター,佐賀縣,遊客中心,4.0,100,遊客中心,Saga Station,10.8,0.70,0.8000,1.0000,0.3167,0.7917,http://commons.wikimedia.org/wiki/Special:FilePath/Yoshinogari%20Historical%20Park%20Center%2020230312%2002.jpg,33.3238000,130.3887000,Q131194323
1392,中山町立歴史民俗資料館,山形縣,博物館,4.0,100,博物館,Yamagata Station,10.8,0.70,0.8000,1.0000,0.3168,0.7917,,38.3370583,140.2758500,Q28693210
3031,旧ウィトリッヒ邸,神奈川縣,建成遗产,4.0,100,建成遗产,Yokohama Station,10.8,0.70,0.8000,1.0000,0.3173,0.7917,,35.4058333,139.5299167,Q123466798
943,別府塔,大分縣,觀光塔,4.0,100,觀光塔,Oita Station,10.8,0.70,0.8000,1.0000,0.3155,0.7916,http://commons.wikimedia.org/wiki/Special:FilePath/Beppu%20Tower%2020230212.jpg,33.2821089,131.5058111,Q818646
3449,大洗海洋塔,茨城縣,觀光塔,4.0,100,觀光塔,Mito Station,10.8,0.70,0.8000,1.0000,0.3164,0.7916,http://commons.wikimedia.org/wiki/Special:FilePath/Oarai%20Marine%20Tower.jpg,36.3104722,140.5706389,Q11437225
949,別府アートミュージアム,大分縣,美術館,4.0,100,美術館,Oita Station,10.9,0.70,0.8000,1.0000,0.3151,0.7915,,33.2762500,131.5017778,Q55525428
1020,大阪市立海洋博物館,大阪府,海事博物館,4.0,100,海事博物館,Osaka Station,10.9,0.70,0.8000,1.0000,0.3152,0.7915,http://commons.wikimedia.org/wiki/Special:FilePath/Osaka%20maritime%20museum01s3200.jpg,34.6400472,135.4045722,Q867148
1695,矢巾町歴史民俗資料館,岩手縣,民俗博物館,4.0,100,民俗博物館,Morioka Station,10.9,0.70,0.8000,1.0000,0.3149,0.7915,http://commons.wikimedia.org/wiki/Special:FilePath/Yahaba-cho%20Folk%20Historical%20Material%20Hall.jpg,39.6072222,141.1694444,Q104696299
1603,羽島市竹鼻まつり山車会館,岐阜縣,山車会館,4.0,100,山車会館,Gifu Station,11.0,0.70,0.8000,1.0000,0.3135,0.7913,http://commons.wikimedia.org/wiki/Special:FilePath/%E7%BE%BD%E5%B3%B6%E5%B8%82%E7%AB%B9%E9%BC%BB%E3%81%BE%E3%81%A4%E3%82%8A%E5%B1%B1%E8%BB%8A%E4%BC%9A%E9%A4%A8.jpg,35.3211111,136.7018056,Q109595978
2186,甲冑ミュージアム,愛知縣,博物館,4.0,100,博物館,Nagoya Station,11.0,0.70,0.8000,1.0000,0.3129,0.7913,http://commons.wikimedia.org/wiki/Special:FilePath/NGO%20Minami%20Tangotori%20Armor%20Museum%2020220514-05.jpg,35.0791097,136.9259397,Q112032623
2547,杉並區立鄉土博物館,東京都,地方文化館,4.0,100,地方文化館,Tokyo Station,11.0,0.70,0.8000,1.0000,0.3125,0.7913,http://commons.wikimedia.org/wiki/Special:FilePath/Suginami%20Historical%20Museum.JPG,35.6859170,139.6454470,Q20045092
2597,江戸川区角野栄子児童文学館,東京都,文學館,4.0,100,文學館,Tokyo Station,11.0,0.70,0.8000,1.0000,0.3126,0.7913,http://commons.wikimedia.org/wiki/Special:FilePath/Kiki%27s%20Museum%20of%20Literature.jpg,35.6492500,139.8822500,Q123309852
1902,筆の里工房,廣島縣,博物館,4.0,100,博物館,Hiroshima Station,11.0,0.70,0.8000,1.0000,0.3120,0.7912,http://commons.wikimedia.org/wiki/Special:FilePath/%E7%AD%86%E3%81%AE%E9%87%8C01.jpg,34.3427180,132.5753530,Q11602688
1939,鳴門市賀川豊彦記念館,德島縣,人物紀念館,4.0,100,人物紀念館,Tokushima Station,11.0,0.70,0.8000,1.0000,0.3123,0.7912,http://commons.wikimedia.org/wiki/Special:FilePath/140712%20Naruto%20City%20Kagawa%20Toyohiko%20Museum%20Naruto%20Tokushima%20pref%20Japan01s3.jpg,34.1632780,134.4987500,Q17209243
2446,BIG FUN平和島,東京都,アミューズメント施設,4.0,100,アミューズメント施設,Tokyo Station,11.0,0.70,0.8000,1.0000,0.3122,0.7912,,35.5844720,139.7407220,Q11330769
3847,瀬戸内海歴史民俗資料館,香川縣,都道府县立博物馆,4.0,100,都道府县立博物馆,Takamatsu Station,11.1,0.70,0.8000,1.0000,0.3115,0.7912,http://commons.wikimedia.org/wiki/Special:FilePath/Gosikidai31.jpg,34.3782170,133.9309830,Q11566553
288,神戸大学海事博物館,兵庫縣,海事博物館,4.0,100,海事博物館,Kobe Station,11.1,0.70,0.8000,1.0000,0.3110,0.7911,http://commons.wikimedia.org/wiki/Special:FilePath/Maritime%20Museum%20of%20Kobe%20University.jpg,34.7190900,135.2892860,Q107272178
2633,勝海舟記念館,東京都,人物紀念館,4.0,100,人物紀念館,Tokyo Station,11.1,0.70,0.8000,1.0000,0.3112,0.7911,http://commons.wikimedia.org/wiki/Special:FilePath/Katsu%20Kaishu%20Memorial%20Museum.jpg,35.6024020,139.6922484,Q97371284
3453,大洗町幕末和明治之博物館,茨城縣,歷史博物館,4.0,100,歷史博物館,Mito Station,11.1,0.70,0.8000,1.0000,0.3115,0.7911,http://commons.wikimedia.org/wiki/Special:FilePath/Oarai%20Museum%20of%20Bakumatsu-Meiji%20History.JPG,36.3213889,140.5831667,Q17217250
1142,仙台天文台,宮城縣,社会教育施設,4.0,100,社会教育施設,Sendai Station,11.1,0.70,0.8000,1.0000,0.3100,0.7910,http://commons.wikimedia.org/wiki/Special:FilePath/Sendaishi%20Tenmondai%202008-07-01a.jpg,38.2582389,140.7549667,Q4416112
1338,山口市小郡文化資料館,山口縣,博物館,4.0,100,博物館,Yamaguchi Station,11.1,0.70,0.8000,1.0000,0.3098,0.7910,,34.1024860,131.3936500,Q104783864
1936,鳴門市ドイツ館,德島縣,建築物,4.0,100,建築物,Tokushima Station,11.1,0.70,0.8000,1.0000,0.3097,0.7910,http://commons.wikimedia.org/wiki/Special:FilePath/140712%20Naruto%20German%20House%20Naruto%20Tokushima%20pref%20Japan02s3.jpg,34.1647220,134.4990830,Q3740674
2165,稲永ビジターセンター,愛知縣,自然中心,4.0,100,自然中心,Nagoya Station,11.1,0.70,0.8000,1.0000,0.3096,0.7910,http://commons.wikimedia.org/wiki/Special:FilePath/INAE%20Visitor%20Center.jpg,35.0742420,136.8489560,Q95573129
2543,東京科学大学博物館,東京都,科技博物館,4.0,100,科技博物館,Tokyo Station,11.1,0.70,0.8000,1.0000,0.3102,0.7910,http://commons.wikimedia.org/wiki/Special:FilePath/Tokyo%20Institute%20of%20Technology%20Centennial%20Hall%202009.jpg,35.6068333,139.6848056,Q24874167
1165,名取市震災復興伝承館,宮城縣,海嘯博物館,4.0,100,海嘯博物館,Sendai Station,11.2,0.70,0.8000,1.0000,0.3092,0.7909,http://commons.wikimedia.org/wiki/Special:FilePath/Natori%20City%20Earthquake%20Reconstruction%20Tradition%20Center%201.jpg,38.1768724,140.9538187,Q109265542
2352,春花園BONSAI美術館,東京都,美術館,4.0,100,美術館,Tokyo Station,11.2,0.70,0.8000,1.0000,0.3086,0.7909,http://commons.wikimedia.org/wiki/Special:FilePath/Shunkaen%20Bonsai%20Museum.JPG,35.7027000,139.8883000,Q29570077
2484,ギャラクシティ,東京都,科學博物館,4.0,100,科學博物館,Tokyo Station,11.2,0.70,0.8000,1.0000,0.3091,0.7909,http://commons.wikimedia.org/wiki/Special:FilePath/Gyarakusiti%20adachi%202009.JPG,35.7798890,139.7905000,Q11298177
3148,一筆啟上 日本最短書信館,福井縣,博物館,4.0,100,博物館,Fukui Station,11.2,0.70,0.8000,1.0000,0.3088,0.7909,http://commons.wikimedia.org/wiki/Special:FilePath/Japanese%20best%20is%20short%20201512.jpg,36.1536560,136.2748330,Q21654086
3296,種徳美術館,福島縣,美術館,4.0,100,美術館,Fukushima Station,11.2,0.70,0.8000,1.0000,0.3087,0.7909,,37.8434080,140.5184120,Q132201722
870,白子鳩水上公園,埼玉縣,城市公園,4.0,100,城市公園,Omiya Station,11.2,0.70,0.8000,1.0000,0.3080,0.7908,http://commons.wikimedia.org/wiki/Special:FilePath/Shirakobato%20Aquatic%20Park.JPG,35.9138890,139.7484720,Q11269194
3025,東芝科学館,神奈川縣,公司博物館,4.0,100,公司博物館,Yokohama Station,11.3,0.70,0.8000,1.0000,0.3070,0.7907,http://commons.wikimedia.org/wiki/Special:FilePath/TOSHIBA%20research%20and%20development%20center%20Komukaitoshiba.jpg,35.5500000,139.6930560,Q11528262
106,宇治・上林記念館,京都府,茶博物館,4.0,100,茶博物館,Kyoto Station,11.3,0.70,0.8000,1.0000,0.3064,0.7906,http://commons.wikimedia.org/wiki/Special:FilePath/%E5%AE%87%E6%B2%BB%20%E4%B8%8A%E6%9E%97%E8%A8%98%E5%BF%B5%E9%A4%A8%20%2814003018022%29.jpg,34.8910300,135.8041800,Q123516621
3239,太宰府市文化ふれあい館,福岡縣,歷史博物館,4.0,100,歷史博物館,Hakata Station,11.3,0.70,0.8000,1.0000,0.3065,0.7906,http://commons.wikimedia.org/wiki/Special:FilePath/Dazaifu%20City%20Fureai%20Cultural%20Hall.jpg,33.5202550,130.5093800,Q104783956
3459,大洗水族館,茨城縣,水族館,4.0,100,水族館,Mito Station,11.3,0.70,0.8000,1.0000,0.3061,0.7906,http://commons.wikimedia.org/wiki/Special:FilePath/Aqua%20World.jpg,36.3333470,140.5938220,Q4782624
3894,伊野町紙之博物館,高知縣,紙博物館,4.0,100,紙博物館,Kochi Station,11.3,0.70,0.8000,1.0000,0.3060,0.7906,http://commons.wikimedia.org/wiki/Special:FilePath/%E3%81%84%E3%81%AE%E7%94%BA%E7%B4%99%E3%81%AE%E5%8D%9A%E7%89%A9%E9%A4%A8.jpg,33.5477778,133.4230833,Q15228713
1185,多賀城市埋蔵文化財調査センター,宮城縣,埋藏文化財中心,4.0,100,埋藏文化財中心,Sendai Station,11.4,0.70,0.8000,1.0000,0.3040,0.7904,,38.2957350,141.0055040,Q123483175
838,朝霞テック,埼玉縣,主題樂園,4.0,100,主題樂園,Omiya Station,11.5,0.70,0.8000,1.0000,0.3028,0.7903,,35.8088361,139.5813833,Q11517752
868,さいたま文学館,埼玉縣,文學館,4.0,100,文學館,Omiya Station,11.5,0.70,0.8000,1.0000,0.3030,0.7903,http://commons.wikimedia.org/wiki/Special:FilePath/Hibikinomori.JPG,35.9961940,139.5606390,Q11267517
2546,大田区立郷土博物館,東京都,地方文化館,4.0,100,地方文化館,Tokyo Station,11.5,0.70,0.8000,1.0000,0.3030,0.7903,http://commons.wikimedia.org/wiki/Special:FilePath/Ota%20folk%20museum%20minamimagome%20ota%202015.jpg,35.5885290,139.7106210,Q104708388
3622,田中本家博物館,長野縣,历史房屋博物馆,4.0,100,历史房屋博物馆,Nagano Station,11.5,0.70,0.8000,1.0000,0.3028,0.7903,http://commons.wikimedia.org/wiki/Special:FilePath/Tanaka%20Honke%20Museum%20%285019443553%29.jpg,36.6484310,138.3176390,Q11575632
796,海南市歴史民俗資料館,和歌山縣,地方文化館,4.0,100,地方文化館,Wakayama Station,11.6,0.70,0.8000,1.0000,0.3020,0.7902,,34.1556062,135.2762570,Q121019069
1019,エキスポタワー,大阪府,觀光塔,4.0,100,觀光塔,Osaka Station,11.6,0.70,0.8000,1.0000,0.3007,0.7901,http://commons.wikimedia.org/wiki/Special:FilePath/EXPO%20TOWER.JPG,34.8025420,135.5330500,Q11289722
1509,ソーラーアーク,岐阜縣,科學博物館,4.0,100,科學博物館,Gifu Station,11.6,0.70,0.8000,1.0000,0.3009,0.7901,http://commons.wikimedia.org/wiki/Special:FilePath/Solar%20Ark.jpg,35.3309410,136.6711860,Q570166
1900,廣島市安佐動物公園,廣島縣,觀光景點,4.0,100,觀光景點,Hiroshima Station,11.6,0.70,0.8000,1.0000,0.3014,0.7901,http://commons.wikimedia.org/wiki/Special:FilePath/%E5%AE%89%E4%BD%90%E5%8B%95%E7%89%A9%E5%85%AC%E5%9C%9201.jpg,34.4978560,132.4406900,Q81821
159,平等院鳳翔館,京都府,博物館,4.0,100,博物館,Kyoto Station,11.7,0.70,0.8000,1.0000,0.2999,0.7900,http://commons.wikimedia.org/wiki/Special:FilePath/Byodoin%20Uji%20Kyoto19s3s4410.jpg,34.8887044,135.8073916,Q11483478
3856,ベネッセハウス,香川縣,飯店,4.0,100,飯店,Takamatsu Station,11.7,0.70,0.8000,1.0000,0.2997,0.7900,http://commons.wikimedia.org/wiki/Special:FilePath/Benesse%20Art%20House%20%286900628038%29.jpg,34.4450000,133.9908890,Q11337013
561,北海道立埋蔵文化財センター,北海道,埋藏文化財中心,4.0,100,埋藏文化財中心,Sapporo Station,11.7,0.70,0.8000,1.0000,0.2993,0.7899,http://commons.wikimedia.org/wiki/Special:FilePath/Hokkaido%20Archaeological%20Operations%20Center.JPG,43.0601810,141.4943970,Q11402962
1487,ハートピア安八,岐阜縣,科學博物館,4.0,100,科學博物館,Gifu Station,11.7,0.70,0.8000,1.0000,0.2995,0.7899,http://commons.wikimedia.org/wiki/Special:FilePath/%E3%83%8F%E3%83%BC%E3%83%88%E3%83%94%E3%82%A2%E5%AE%89%E5%85%AB.jpg,35.3356110,136.6638890,Q11327239
1779,モニュメント・ミュージアム 来待ストーン,島根縣,博物館,4.0,100,博物館,Matsue Station,11.7,0.70,0.8000,1.0000,0.2992,0.7899,,35.4143610,132.9496080,Q132444564
2538,世田谷区立郷土資料館,東京都,地方文化館,4.0,100,地方文化館,Tokyo Station,11.7,0.70,0.8000,1.0000,0.2993,0.7899,http://commons.wikimedia.org/wiki/Special:FilePath/Setagaya%20Museum%20of%20History.JPG,35.6412720,139.6472450,Q104708389
2702,玩具町萬代博物館,栃木縣,玩具博物館,4.0,100,玩具博物館,Utsunomiya Station,11.7,0.70,0.8000,1.0000,0.2985,0.7899,http://commons.wikimedia.org/wiki/Special:FilePath/Bandai-museum.jpg,36.4654540,139.8383180,Q3329081
3834,ベネッセハウス ミュージアム,香川縣,日本のホテル,4.0,100,日本のホテル,Takamatsu Station,11.7,0.70,0.8000,1.0000,0.2992,0.7899,http://commons.wikimedia.org/wiki/Special:FilePath/Benesse%20house12s5s3300.jpg,34.4452540,133.9908148,Q131630258
142,ウトロ平和祈念館,京都府,歷史博物館,4.0,100,歷史博物館,Kyoto Station,11.8,0.70,0.8000,1.0000,0.2980,0.7898,,34.8806115,135.7741665,Q123091932
2623,大森海苔のふるさと館,東京都,食物博物館,4.0,100,食物博物館,Tokyo Station,11.8,0.70,0.8000,1.0000,0.2980,0.7898,http://commons.wikimedia.org/wiki/Special:FilePath/Omori%20Nori%20Museum1.JPG,35.5771167,139.7427472,Q20748918
837,河鍋曉齋紀念美術館,埼玉縣,人物紀念館,4.0,100,人物紀念館,Omiya Station,11.9,0.70,0.8000,1.0000,0.2967,0.7897,http://commons.wikimedia.org/wiki/Special:FilePath/Kyosai%2020070210.jpg,35.8158222,139.6934250,Q11554289
1363,出羽桜美術館,山形縣,美術館,4.0,100,美術館,Yamagata Station,11.8,0.70,0.8000,1.0000,0.2971,0.7897,http://commons.wikimedia.org/wiki/Special:FilePath/Dewazakura%20shuzo.JPG,38.3496770,140.3708020,Q66560964
1391,山寺 後藤美術館,山形縣,美術館,4.0,100,美術館,Yamagata Station,11.8,0.70,0.8000,1.0000,0.2970,0.7897,http://commons.wikimedia.org/wiki/Special:FilePath/Yamadera%20Goto%20Museum%20of%20Art%20220718.jpg,38.3086667,140.4395000,Q11467765
1397,山寺芭蕉纪念馆,山形縣,人物紀念館,4.0,100,人物紀念館,Yamagata Station,11.9,0.70,0.8000,1.0000,0.2967,0.7897,http://commons.wikimedia.org/wiki/Special:FilePath/Yamadera%20Basho%20Museum%20220718.jpg,38.3095278,140.4389722,Q11467772
2015,砥部焼伝統産業会館,愛媛縣,陶瓷博物館,4.0,100,陶瓷博物館,Matsuyama Station,11.8,0.70,0.8000,1.0000,0.2970,0.7897,http://commons.wikimedia.org/wiki/Special:FilePath/Entrance%20of%20Tobe-Yaki%20Heritage%20Center%20-%20Jul%2015%2C%202014.jpg,33.7392780,132.7918890,Q11587568
2954,石川県立航空プラザ,石川縣,航空博物館,4.0,100,航空博物館,Kanazawa Station,11.8,0.70,0.8000,1.0000,0.2970,0.7897,http://commons.wikimedia.org/wiki/Special:FilePath/Ishikawa%20Aviation%20Plaza%202.jpg,36.6802500,136.6853060,Q11586011
3429,榛東村耳飾り館,群馬縣,博物館,4.0,100,博物館,Maebashi Station,11.8,0.70,0.8000,1.0000,0.2971,0.7897,http://commons.wikimedia.org/wiki/Special:FilePath/Museum%20Of%20Earrings.jpg,36.4503660,138.9698670,Q104696774
998,ダイダラザウルス,大阪府,スチール・ローラー・コースター,4.0,100,スチール・ローラー・コースター,Osaka Station,11.9,0.70,0.8000,1.0000,0.2958,0.7896,,34.8043840,135.5358610,Q917073
1345,蟹仙洞,山形縣,美術館,4.0,100,美術館,Yamagata Station,11.9,0.70,0.8000,1.0000,0.2964,0.7896,http://commons.wikimedia.org/wiki/Special:FilePath/%E8%9F%B9%E4%BB%99%E6%B4%9E%20%E5%A4%96%E8%A6%B3.jpg,38.1491944,140.2788889,Q18336739
2053,稻澤市荻須記念美術館,愛知縣,人物紀念館,4.0,100,人物紀念館,Nagoya Station,11.9,0.70,0.8000,1.0000,0.2965,0.7896,http://commons.wikimedia.org/wiki/Special:FilePath/Ogisu%20bijutsukan.jpg,35.2465390,136.7893860,Q11596708
2652,板橋波隆那兒童繪本館,東京都,繪本博物館,4.0,100,繪本博物館,Tokyo Station,11.9,0.70,0.8000,1.0000,0.2955,0.7896,http://commons.wikimedia.org/wiki/Special:FilePath/Bologna%20Children%20Picture%20Books%20Liblary.jpg,35.7629167,139.6816389,Q17193183
2745,八重瀬町立具志頭歴史民俗資料館,沖繩縣,地方文化館,4.0,100,地方文化館,Naha Bus Terminal,11.9,0.70,0.8000,1.0000,0.2958,0.7896,,26.1222510,127.7433940,Q132561386
3081,川崎市和平馆,神奈川縣,和平博物館,4.0,100,和平博物館,Yokohama Station,11.9,0.70,0.8000,1.0000,0.2964,0.7896,http://commons.wikimedia.org/wiki/Special:FilePath/Japanese%20Kawasaki%20Peace%20Museum.jpg,35.5687444,139.6590000,Q11478414
479,北海道博物館,北海道,都道府县立博物馆,4.0,100,都道府县立博物馆,Sapporo Station,12.0,0.70,0.8000,1.0000,0.2946,0.7895,http://commons.wikimedia.org/wiki/Special:FilePath/Hokkaido%20Museum.JPG,43.0530000,141.4966110,Q11403709
672,北海道開拓記念館,北海道,博物館,4.0,100,博物館,Sapporo Station,12.0,0.70,0.8000,1.0000,0.2945,0.7895,http://commons.wikimedia.org/wiki/Special:FilePath/Historical%20Museum%20of%20Hokkaido.JPG,43.0530556,141.4966667,Q106967662
1954,徳島県立埋蔵文化財総合センター,德島縣,埋藏文化財中心,4.0,100,埋藏文化財中心,Tokushima Station,11.9,0.70,0.8000,1.0000,0.2952,0.7895,http://commons.wikimedia.org/wiki/Special:FilePath/Rekishiru%20Tokushima.jpg,34.1428890,134.4513890,Q11489915
2007,坂村真民記念館,愛媛縣,纪念博物馆,4.0,100,纪念博物馆,Matsuyama Station,12.0,0.70,0.8000,1.0000,0.2945,0.7895,,33.7380970,132.7924030,Q123536533
2023,砥部むかしのくらし館,愛媛縣,博物館,4.0,100,博物館,Matsuyama Station,12.0,0.70,0.8000,1.0000,0.2946,0.7895,,33.7382970,132.7929720,Q123532295
2439,龍子記念館,東京都,美術館,4.0,100,美術館,Tokyo Station,11.9,0.70,0.8000,1.0000,0.2952,0.7895,http://commons.wikimedia.org/wiki/Special:FilePath/Ryushi%20Memorial%20Museum%20of%20Art.jpg,35.5823400,139.7156200,Q112192996
995,萬博樂園,大阪府,主題樂園,4.0,100,主題樂園,Osaka Station,12.0,0.70,0.8000,1.0000,0.2941,0.7894,http://commons.wikimedia.org/wiki/Special:FilePath/Expoland%20Ferris%20wheel%20wide%20shot.jpg,34.8055556,135.5350000,Q1384663
2766,佐喜眞美術館,沖繩縣,美術館,4.0,100,美術館,Naha Bus Terminal,12.0,0.70,0.8000,1.0000,0.2939,0.7894,http://commons.wikimedia.org/wiki/Special:FilePath/Sakima%20Art%20Museum03n3000.jpg,26.2780280,127.7749720,Q11383094
697,空挺館,千葉縣,軍事博物館,4.0,100,軍事博物館,Chiba Station,12.1,0.70,0.8000,1.0000,0.2927,0.7893,http://commons.wikimedia.org/wiki/Special:FilePath/Kuteikan%20in%20Ground%20Self-Defense%20Force%20Narashino%20Camp%2020230218%20093413.jpg,35.7107600,140.0538100,Q516326
862,ふじみ野市立大井郷土資料館,埼玉縣,地方文化館,4.0,100,地方文化館,Omiya Station,12.0,0.70,0.8000,1.0000,0.2933,0.7893,http://commons.wikimedia.org/wiki/Special:FilePath/Oi%20Library%20and%20Folk%20Museum.JPG,35.8574444,139.5047778,Q11277080
970,NIFREL,大阪府,博物館,4.0,100,博物館,Osaka Station,12.1,0.70,0.8000,1.0000,0.2931,0.7893,http://commons.wikimedia.org/wiki/Special:FilePath/NIFREL.jpg,34.8064167,135.5335833,Q21654084
1023,REDHORSE OSAKA WHEEL,大阪府,摩天輪,4.0,100,摩天輪,Osaka Station,12.1,0.70,0.8000,1.0000,0.2929,0.7893,http://commons.wikimedia.org/wiki/Special:FilePath/OSAKA%20WHEEL%201.jpg,34.8062500,135.5347500,Q28683749
2159,千代倉記念館,愛知縣,歷史博物館,4.0,100,歷史博物館,Nagoya Station,12.0,0.70,0.8000,1.0000,0.2933,0.7893,,35.0793611,136.9524167,Q130601359
2390,荒川知水資料館,東京都,博物館,4.0,100,博物館,Tokyo Station,12.1,0.70,0.8000,1.0000,0.2928,0.7893,http://commons.wikimedia.org/wiki/Special:FilePath/Arakawa%20Museum%20of%20Aqua.JPG,35.7855670,139.7301110,Q137374855
2474,板橋区立教育科学館,東京都,科學博物館,4.0,100,科學博物館,Tokyo Station,12.1,0.70,0.8000,1.0000,0.2927,0.7893,http://commons.wikimedia.org/wiki/Special:FilePath/Itabashi%20Science%20and%20Education%20Hall.JPG,35.7634056,139.6795722,Q11532661
441,北海道開拓村,北海道,戶外博物館,4.0,100,戶外博物館,Sapporo Station,12.1,0.70,0.8000,1.0000,0.2924,0.7892,http://commons.wikimedia.org/wiki/Special:FilePath/%E5%8C%97%E6%B5%B7%E9%81%93%E9%96%8B%E6%8B%93%E3%81%AE%E6%9D%91%28Historical%20Village%20of%20Hokkaido%29%20-%20panoramio%20%281%29.jpg,43.0482780,141.4970560,Q11403710
845,川越市立博物館,埼玉縣,市立博物館,4.0,100,市立博物館,Omiya Station,12.1,0.70,0.8000,1.0000,0.2916,0.7892,http://commons.wikimedia.org/wiki/Special:FilePath/Kawagoe%20City%20Museum.JPG,35.9259710,139.4914310,Q11479227
2250,北方文化博物館,新潟縣,历史房屋博物馆,4.0,100,历史房屋博物馆,Niigata Station,12.1,0.70,0.8000,1.0000,0.2920,0.7892,http://commons.wikimedia.org/wiki/Special:FilePath/Northern%20Culture%20Museum%20002.jpg,37.8296170,139.1521470,Q11246368
3326,伊達市保原歴史文化資料館,福島縣,博物館,4.0,100,博物館,Fukushima Station,12.1,0.70,0.8000,1.0000,0.2920,0.7892,http://commons.wikimedia.org/wiki/Special:FilePath/Kameoka%20House.jpg,37.8196960,140.5698160,Q132179184
3855,平賀源内記念館,香川縣,纪念博物馆,4.0,100,纪念博物馆,Takamatsu Station,12.1,0.70,0.8000,1.0000,0.2917,0.7892,http://commons.wikimedia.org/wiki/Special:FilePath/Hiraga%20Gennai%20Kinenkan.jpg,34.3234460,134.1747290,Q138313062
853,川越市立美術館,埼玉縣,美術館,4.0,100,美術館,Omiya Station,12.2,0.70,0.8000,1.0000,0.2908,0.7891,http://commons.wikimedia.org/wiki/Special:FilePath/Kawagoe%20City%20Art%20Museum.JPG,35.9258330,139.4908060,Q11479242
979,大阪大學綜合學術博物館,大阪府,大學博物館,4.0,100,大學博物館,Osaka Station,12.2,0.70,0.8000,1.0000,0.2910,0.7891,http://commons.wikimedia.org/wiki/Special:FilePath/Museum%20of%20Osaka%20University.JPG,34.8064440,135.4538330,Q11440161
1167,菅野美術館,宮城縣,彫刻美術館,4.0,100,彫刻美術館,Sendai Station,12.2,0.70,0.8000,1.0000,0.2913,0.7891,,38.3113889,141.0055556,Q11619469
2098,荒木集成館,愛知縣,考古博物館,4.0,100,考古博物館,Nagoya Station,12.2,0.70,0.8000,1.0000,0.2915,0.7891,http://commons.wikimedia.org/wiki/Special:FilePath/Araki%20Shuseikan%2020151107.jpg,35.1128890,136.9947780,Q11618756
2132,ガスエネルギー館,愛知縣,科學博物館,4.0,100,科學博物館,Nagoya Station,12.2,0.70,0.8000,1.0000,0.2913,0.7891,,35.0622860,136.8973420,Q11295940
3865,李禹煥美術館,香川縣,美術館,4.0,100,美術館,Takamatsu Station,12.2,0.70,0.8000,1.0000,0.2915,0.7891,http://commons.wikimedia.org/wiki/Special:FilePath/Lee%20U-Fan%20museum%20%E6%9D%8E%E7%A6%B9%E7%85%A5%E7%BE%8E%E8%A1%93%E9%A4%A8%20%E9%A6%99%E5%B7%9D%E7%9C%8C%E9%A6%99%E5%B7%9D%E9%83%A1%E7%9B%B4%E5%B3%B6%E7%94%BA%E5%AD%97%E5%80%89%E6%B5%A6%20PC192973.jpg,34.4488890,133.9888890,Q11522528
1350,天童市立旧東村山郡役所資料館,山形縣,历史建筑,4.0,100,历史建筑,Yamagata Station,12.2,0.70,0.8000,1.0000,0.2900,0.7890,http://commons.wikimedia.org/wiki/Special:FilePath/Yamagata%20Higashi-Murayama%20County%20Former%20Office.jpg,38.3531389,140.3724444,Q24860254
2019,東温市立歴史民俗資料館,愛媛縣,博物館,4.0,100,博物館,Matsuyama Station,12.3,0.70,0.8000,1.0000,0.2898,0.7890,,33.7929900,132.8713060,Q123555719
283,虚子記念文學館,兵庫縣,人物紀念館,4.0,100,人物紀念館,Kobe Station,12.3,0.70,0.8000,1.0000,0.2886,0.7889,http://commons.wikimedia.org/wiki/Special:FilePath/Takahama%20Kyoshi%20kinen%20bungakukan.JPG,34.7200000,135.3035830,Q11625331
679,谷津玫瑰園,千葉縣,已廢止組織,4.0,100,已廢止組織,Chiba Station,12.3,0.70,0.8000,1.0000,0.2893,0.7889,http://commons.wikimedia.org/wiki/Special:FilePath/Yatsuyuuen%2C1954.jpg,35.6808610,140.0055560,Q11633027
883,川口市立科學館,埼玉縣,公開天文台,4.0,100,公開天文台,Omiya Station,12.3,0.70,0.8000,1.0000,0.2886,0.7889,http://commons.wikimedia.org/wiki/Special:FilePath/Kawaguchi%20Science%20Museum.JPG,35.8273330,139.7199170,Q11477989
2085,春日井市立郷土館,愛知縣,地方文化館,4.0,100,地方文化館,Nagoya Station,12.3,0.70,0.8000,1.0000,0.2892,0.7889,http://commons.wikimedia.org/wiki/Special:FilePath/Kyoudokan%203.jpg,35.2481111,136.9783056,Q79397568
3221,大宰府展示館,福岡縣,考古博物館,4.0,100,考古博物館,Hakata Station,12.3,0.70,0.8000,1.0000,0.2889,0.7889,http://commons.wikimedia.org/wiki/Special:FilePath/Dazaifu%20Museum%2020170104.jpg,33.5133056,130.5161944,Q65258063
90,朝日啤酒大山崎山莊美術館,京都府,美術館,4.0,100,美術館,Kyoto Station,12.4,0.70,0.8000,1.0000,0.2880,0.7888,http://commons.wikimedia.org/wiki/Special:FilePath/250504%20Asahi%20beer%20Oyamazaki%20Villa%20Museum%20%C5%8Cyamazaki%20Kyoto%20pref%20Japan01s3.jpg,34.8955560,135.6796390,Q11283175
691,船橋市郷土資料館,千葉縣,地方文化館,4.0,100,地方文化館,Chiba Station,12.3,0.70,0.8000,1.0000,0.2885,0.7888,http://commons.wikimedia.org/wiki/Special:FilePath/Kyoudosiryoukan.jpg,35.7115280,140.0495830,Q11614233
900,NHK檔案館,埼玉縣,檔案館,4.0,100,檔案館,Omiya Station,12.4,0.70,0.8000,1.0000,0.2878,0.7888,http://commons.wikimedia.org/wiki/Special:FilePath/NHK%20Archives%20Building.JPG,35.8276944,139.7211944,Q11234989
948,大分市海部古墳資料館,大分縣,考古博物館,4.0,100,考古博物館,Oita Station,12.4,0.70,0.8000,1.0000,0.2876,0.7888,http://commons.wikimedia.org/wiki/Special:FilePath/Amabe%20kohun%20siryokan%2001.jpg,33.2335580,131.7397690,Q104784114
992,太陽之塔,大阪府,塔式建築,4.0,100,塔式建築,Osaka Station,12.4,0.70,0.8000,1.0000,0.2881,0.7888,,34.8096000,135.5320000,Q3275446
2905,合志マンガミュージアム,熊本縣,動漫博物館,4.0,100,動漫博物館,Kumamoto Station,12.3,0.70,0.8000,1.0000,0.2885,0.7888,http://commons.wikimedia.org/wiki/Special:FilePath/Koshi%20Manga%20Museum%20building%20at%20Miyoshi%20144.jpg,32.8910472,130.7450972,Q114245417
3822,地中美術館,香川縣,美術館,4.0,100,美術館,Takamatsu Station,12.4,0.70,0.8000,1.0000,0.2879,0.7888,http://commons.wikimedia.org/wiki/Special:FilePath/Chichu%20art%20museum01s2560.jpg,34.4497583,133.9858028,Q4556499
832,Yaoko川越美術館,埼玉縣,人物紀念館,4.0,100,人物紀念館,Omiya Station,12.4,0.70,0.8000,1.0000,0.2872,0.7887,http://commons.wikimedia.org/wiki/Special:FilePath/Yaoko%20Kawagoe%20Museum%20aka%20Yuji%20Misu%20Memorial%20Hall.jpg,35.9285560,139.4890560,Q11344966
1057,EXPO'70展館,大阪府,博物館,4.0,100,博物館,Osaka Station,12.4,0.70,0.8000,1.0000,0.2870,0.7887,http://commons.wikimedia.org/wiki/Special:FilePath/131116%20Expo%20Commemoration%20Park%20Suita%20Osaka%20pref%20Japan46s3.jpg,34.8092780,135.5357500,Q24866421
1430,笛吹市立青楓美術館,山梨縣,美術館,4.0,100,美術館,Kofu Station,12.4,0.70,0.8000,1.0000,0.2866,0.7887,http://commons.wikimedia.org/wiki/Special:FilePath/Seifu%20Art%20Museum.JPG,35.6605833,138.7058333,Q11599754
2934,トレインパーク白山,石川縣,鐵路博物館,4.0,100,鐵路博物館,Kanazawa Station,12.5,0.70,0.8000,1.0000,0.2865,0.7887,http://commons.wikimedia.org/wiki/Special:FilePath/%E3%83%88%E3%83%AC%E3%82%A4%E3%83%B3%E3%83%91%E3%83%BC%E3%82%AF%E7%99%BD%E5%B1%B1.jpg,36.5144440,136.5333330,Q126200035
3351,秋田縣立博物館,秋田縣,都道府县立博物馆,4.0,100,都道府县立博物馆,Akita Station,12.4,0.70,0.8000,1.0000,0.2869,0.7887,http://commons.wikimedia.org/wiki/Special:FilePath/Exterior%20of%20Akita%20Prefectural%20Museum%2020180818a.jpg,39.8172222,140.0661111,Q11595445
1533,日本国際ポスター美術館,岐阜縣,美術館,4.0,100,美術館,Gifu Station,12.5,0.70,0.8000,1.0000,0.2859,0.7886,http://commons.wikimedia.org/wiki/Special:FilePath/%E5%B2%90%E9%98%9C%E5%8D%94%E7%AB%8B%E5%A4%A7%E5%AD%A6%E6%A0%A1%E5%90%8D.jpg,35.3943890,136.6196670,Q111803091
3738,三保之松原,靜岡縣,松林,4.0,100,松林,Shizuoka Station,12.5,0.70,0.8000,1.0000,0.2861,0.7886,http://commons.wikimedia.org/wiki/Special:FilePath/Mount%20Fuji%20and%20Miho%20no%20Matsubara%2020170211-8.jpg,34.9950000,138.5227778,Q869275
922,樂天地,大分縣,動物園,4.0,100,動物園,Oita Station,12.6,0.70,0.8000,1.0000,0.2848,0.7885,http://commons.wikimedia.org/wiki/Special:FilePath/Beppu%20rakutenchi.jpg,33.2751670,131.4813330,Q11346676
1007,大阪府立国際児童文学館,大阪府,文學館,4.0,100,文學館,Osaka Station,12.6,0.70,0.8000,1.0000,0.2847,0.7885,http://commons.wikimedia.org/wiki/Special:FilePath/International%20Institute%20for%20Childrens%20Literature%20Osaka.jpg,34.8108060,135.5350560,Q1666643
2641,影向之松,東京都,巨樹,4.0,100,巨樹,Tokyo Station,12.5,0.70,0.8000,1.0000,0.2854,0.7885,http://commons.wikimedia.org/wiki/Special:FilePath/Flickr%20-%20Kabacchi%20-%20Pinus%20-%2020.jpg,35.7275000,139.8934720,Q11488086
776,市原歴史博物館,千葉縣,歷史博物館,4.0,100,歷史博物館,Chiba Station,12.6,0.70,0.8000,1.0000,0.2841,0.7884,http://commons.wikimedia.org/wiki/Special:FilePath/Ichihara%20Rekishi%20Hakubutsukan.jpg,35.5017778,140.1370556,Q115253922
2323,長谷川町子美術館,東京都,美術館,4.0,100,美術館,Tokyo Station,12.6,0.70,0.8000,1.0000,0.2836,0.7884,http://commons.wikimedia.org/wiki/Special:FilePath/Hasegawa%20Machiko%20Art%20Museum.JPG,35.6279900,139.6436200,Q3788646
3011,横浜市民ギャラリーあざみ野,神奈川縣,美術館,4.0,100,美術館,Yokohama Station,12.6,0.70,0.8000,1.0000,0.2838,0.7884,http://commons.wikimedia.org/wiki/Special:FilePath/Art%20Forum%20Azamino%202025.jpg,35.5649444,139.5539444,Q11543026
3250,観世音寺宝蔵,福岡縣,博物館,4.0,100,博物館,Hakata Station,12.6,0.70,0.8000,1.0000,0.2842,0.7884,http://commons.wikimedia.org/wiki/Special:FilePath/Museum%20of%20Kanzeonji%20Temple.jpg,33.5149190,130.5222420,Q104784023
3824,高松市香南歴史民俗郷土館,香川縣,地方文化館,4.0,100,地方文化館,Takamatsu Station,12.6,0.70,0.8000,1.0000,0.2844,0.7884,http://commons.wikimedia.org/wiki/Special:FilePath/Yusa%20Castle%2001.jpg,34.2392460,134.0217590,Q104783884
973,大阪日本民艺馆,大阪府,工藝博物館,4.0,100,工藝博物館,Osaka Station,12.7,0.70,0.8000,1.0000,0.2828,0.7883,http://commons.wikimedia.org/wiki/Special:FilePath/The%20Japan%20folk%20crafts%20museum%2C%20Osaka.jpg,34.8122778,135.5334389,Q55532678
1029,國立民族學博物館 (日本）,大阪府,國立博物館,4.0,100,國立博物館,Osaka Station,12.7,0.70,0.8000,1.0000,0.2832,0.7883,http://commons.wikimedia.org/wiki/Special:FilePath/National%20museum%20of%20ethnology%20Japan.jpg,34.8128611,135.5296833,Q147157
2335,小野忠重版画館,東京都,美術館,4.0,100,美術館,Tokyo Station,12.7,0.70,0.8000,1.0000,0.2829,0.7883,http://commons.wikimedia.org/wiki/Special:FilePath/Ono%20Tadashige%20Museum20101212-1.JPG,35.7060690,139.6301140,Q11464085
3559,日本のあかり博物館,長野縣,美術館,4.0,100,美術館,Nagano Station,12.7,0.70,0.8000,1.0000,0.2830,0.7883,,36.6951111,138.3151389,Q86743771
3813,焼津漁業資料館,靜岡縣,漁業博物館,4.0,100,漁業博物館,Shizuoka Station,12.7,0.70,0.8000,1.0000,0.2830,0.7883,http://commons.wikimedia.org/wiki/Special:FilePath/Yaizu%20Fishery%20Museum%202020-04%20ac%20%281%29.jpg,34.8709444,138.3239444,Q94742313
244,滴翠美術館,兵庫縣,美術館,4.0,100,美術館,Kobe Station,12.7,0.70,0.8000,1.0000,0.2824,0.7882,http://commons.wikimedia.org/wiki/Special:FilePath/Tekisui%20museum01s3200.jpg,34.7393330,135.2965280,Q11565343
1353,天童オルゴール博物館,山形縣,音楽博物館,4.0,100,音楽博物館,Yamagata Station,12.7,0.70,0.8000,1.0000,0.2818,0.7882,http://commons.wikimedia.org/wiki/Special:FilePath/ARSBEL%20Tendo.jpg,38.3540556,140.3854444,Q17218628
1554,岐阜県博物館,岐阜縣,都道府县立博物馆,4.0,100,都道府县立博物馆,Gifu Station,12.8,0.70,0.8000,1.0000,0.2815,0.7882,http://commons.wikimedia.org/wiki/Special:FilePath/Gifu%20Prefectural%20Museum%201.JPG,35.4782060,136.8686640,Q11471444
3827,直島新美術館,香川縣,美術館,4.0,100,美術館,Takamatsu Station,12.7,0.70,0.8000,1.0000,0.2818,0.7882,http://commons.wikimedia.org/wiki/Special:FilePath/Naoshima%20New%20Museum%20of%20Art%202025.jpg,34.4580880,133.9987420,Q131677558
207,俵美術館,兵庫縣,美術館,4.0,100,美術館,Kobe Station,12.8,0.70,0.8000,1.0000,0.2812,0.7881,,34.7349440,135.3005560,Q11386430
1253,射水市新湊博物館,富山縣,博物館,4.0,100,博物館,Toyama Station,12.8,0.70,0.8000,1.0000,0.2815,0.7881,http://commons.wikimedia.org/wiki/Special:FilePath/%E5%B0%84%E6%B0%B4%E5%B8%82%E6%96%B0%E6%B9%8A%E5%8D%9A%E7%89%A9%E9%A4%A8.jpg,36.7524722,137.0846667,Q30921640
2712,グリムの森,栃木縣,主題公園,4.0,100,主題公園,Utsunomiya Station,12.8,0.70,0.8000,1.0000,0.2813,0.7881,,36.4490278,139.8587222,Q112082511
3391,高崎市観音塚考古資料館,群馬縣,考古博物館,4.0,100,考古博物館,Maebashi Station,12.8,0.70,0.8000,1.0000,0.2810,0.7881,http://commons.wikimedia.org/wiki/Special:FilePath/Takasaki%20City%20Kannonduka%20Museum%20of%20Archaeololgy.JPG,36.3401670,138.9401610,Q104696800
3525,北齋館,長野縣,美術館,4.0,100,美術館,Nagano Station,12.8,0.70,0.8000,1.0000,0.2810,0.7881,http://commons.wikimedia.org/wiki/Special:FilePath/Hokusai%20Museum.jpg,36.6943611,138.3171667,Q61393839
840,大澤家住宅,埼玉縣,町屋,4.0,100,町屋,Omiya Station,12.8,0.70,0.8000,1.0000,0.2802,0.7880,http://commons.wikimedia.org/wiki/Special:FilePath/%E5%B7%9D%E8%B6%8A%E5%B8%82%E5%A4%A7%E6%B2%A2%E5%AE%B6%E4%BD%8F%E5%AE%852013-09.JPG,35.9244720,139.4832030,Q11436948
854,川越市藏造資料館,埼玉縣,历史房屋博物馆,4.0,100,历史房屋博物馆,Omiya Station,12.9,0.70,0.8000,1.0000,0.2798,0.7880,http://commons.wikimedia.org/wiki/Special:FilePath/Kawagoe%20Kuratsukuri%20Museum.JPG,35.9237222,139.4827778,Q11479246
2415,賀川豊彦記念松沢資料館,東京都,博物館,4.0,100,博物館,Tokyo Station,12.8,0.70,0.8000,1.0000,0.2802,0.7880,,35.6678240,139.6258570,Q104698211
2581,足立區生物園,東京都,動物園,4.0,100,動物園,Tokyo Station,12.9,0.70,0.8000,1.0000,0.2795,0.7880,http://commons.wikimedia.org/wiki/Special:FilePath/Onshitsu.JPG,35.7924440,139.8072220,Q11636941
3374,伊香保おもちゃと人形自動車博物館,群馬縣,汽車博物館,4.0,100,汽車博物館,Maebashi Station,12.9,0.70,0.8000,1.0000,0.2799,0.7880,http://commons.wikimedia.org/wiki/Special:FilePath/Ikaho%20Toy%2C%20Doll%20%26%20Car%20Museum.jpg,36.4637501,138.9691358,Q108152784
3383,相川考古館,群馬縣,考古博物館,4.0,100,考古博物館,Maebashi Station,12.9,0.70,0.8000,1.0000,0.2801,0.7880,http://commons.wikimedia.org/wiki/Special:FilePath/Aikawa%20Archaeological%20Museum.JPG,36.3186240,139.1914760,Q98815260
70,松花堂,京都府,日本庭園,4.0,100,日本庭園,Kyoto Station,12.9,0.70,0.8000,1.0000,0.2793,0.7879,,34.8795830,135.7017780,Q11532219
911,川越祭會館,埼玉縣,山車会館,4.0,100,山車会館,Omiya Station,12.9,0.70,0.8000,1.0000,0.2790,0.7879,http://commons.wikimedia.org/wiki/Special:FilePath/Kawagoe%20Festival%20Museum.JPG,35.9243060,139.4823610,Q11479196
1224,射水市大島絵本館,富山縣,繪本博物館,4.0,100,繪本博物館,Toyama Station,12.9,0.70,0.8000,1.0000,0.2791,0.7879,http://commons.wikimedia.org/wiki/Special:FilePath/%E5%A4%A7%E5%B3%B6%E7%B5%B5%E6%9C%AC%E9%A4%A8.jpg,36.7341670,137.0739720,Q11458551
3586,森將軍塚古墳館,長野縣,考古博物館,4.0,100,考古博物館,Nagano Station,12.9,0.70,0.8000,1.0000,0.2791,0.7879,http://commons.wikimedia.org/wiki/Special:FilePath/Mori-Syogun%20Kofun%20kan.JPG,36.5343444,138.1376333,Q11539448
3749,東海大學海洋科學博物館,靜岡縣,大學博物館,4.0,100,大學博物館,Shizuoka Station,12.9,0.70,0.8000,1.0000,0.2791,0.7879,http://commons.wikimedia.org/wiki/Special:FilePath/Tokai%20University%2C%20Marine%20Science%20Museum.jpg,35.0191111,138.5182222,Q24898471
3868,Ando Museum,香川縣,博物館,4.0,100,博物館,Takamatsu Station,12.9,0.70,0.8000,1.0000,0.2787,0.7879,,34.4594253,133.9970343,Q135903981
208,蘆屋市立美術博物館,兵庫縣,市立博物館,4.0,100,市立博物館,Kobe Station,13.0,0.70,0.8000,1.0000,0.2779,0.7878,http://commons.wikimedia.org/wiki/Special:FilePath/Ashiya%20City%20Museum%20of%20Art%20%26%20History01s3200.jpg,34.7218730,135.3105170,Q11614836
721,八千代市立郷土博物館,千葉縣,地方文化館,4.0,100,地方文化館,Chiba Station,13.0,0.70,0.8000,1.0000,0.2784,0.7878,,35.7298850,140.1178390,Q104696865
2681,川上澄生美術館,栃木縣,人物紀念館,4.0,100,人物紀念館,Utsunomiya Station,13.0,0.70,0.8000,1.0000,0.2776,0.7878,http://commons.wikimedia.org/wiki/Special:FilePath/Kanuma%20Municipal%20Art%20Museum%20of%20Kawakami%20Sumio.JPG,36.5697780,139.7535830,Q11477568
2756,姬百合和平祈念資料館,沖繩縣,和平博物館,4.0,100,和平博物館,Naha Bus Terminal,13.0,0.70,0.8000,1.0000,0.2784,0.7878,http://commons.wikimedia.org/wiki/Special:FilePath/Himeyuri%20Peace%20Museum02n3104.jpg,26.0963537,127.6903303,Q1619050
3248,菅公歴史館,福岡縣,博物館,4.0,100,博物館,Hakata Station,13.0,0.70,0.8000,1.0000,0.2777,0.7878,http://commons.wikimedia.org/wiki/Special:FilePath/Kanko%20Historical%20Museum%20in%20Dazaifu%20Temman%20Shrine%203.jpg,33.5218680,130.5345940,Q132952518
3964,鹿児島七ツ島ソーラー科学館,鹿兒島縣,科學博物館,4.0,100,科學博物館,Kagoshima-Chuo Station,13.0,0.70,0.8000,1.0000,0.2780,0.7878,http://commons.wikimedia.org/wiki/Special:FilePath/Kagoshima%20Nanatsujima%20Solar%20Science%20Museum.jpg,31.4683950,130.5191950,Q138314093
314,芦屋市谷崎润一郎纪念馆,兵庫縣,人物紀念館,4.0,100,人物紀念館,Kobe Station,13.1,0.70,0.8000,1.0000,0.2769,0.7877,http://commons.wikimedia.org/wiki/Special:FilePath/Ashiya%20Tanizaki%20Junichiro%20Memorial%20Museum01s3200.jpg,34.7222330,135.3111730,Q2392634
2740,さくら市ミュージアム－荒井寛方記念館－,栃木縣,博物館,4.0,100,博物館,Utsunomiya Station,13.0,0.70,0.8000,1.0000,0.2772,0.7877,,36.6671116,139.9560339,Q135977128
2969,金城学園白山美術館,石川縣,美術館,4.0,100,美術館,Kanazawa Station,13.0,0.70,0.8000,1.0000,0.2773,0.7877,,36.5084510,136.5307170,Q11579606
3235,太宰府神社のクス,福岡縣,巨樹,4.0,100,巨樹,Hakata Station,13.0,0.70,0.8000,1.0000,0.2775,0.7877,http://commons.wikimedia.org/wiki/Special:FilePath/Grand%20camphor%20tree%20in%20Dazaifu%20Temman%20Shrine%203.jpg,33.5212500,130.5342780,Q112167792
3583,長野縣立歷史館,長野縣,公共檔案館,4.0,100,公共檔案館,Nagano Station,13.0,0.70,0.8000,1.0000,0.2771,0.7877,http://commons.wikimedia.org/wiki/Special:FilePath/Nagano%20Prefectural%20Museum%20of%20History.JPG,36.5339167,138.1351389,Q21653908
811,岩出市民俗資料館,和歌山縣,民俗博物館,4.0,100,民俗博物館,Wakayama Station,13.1,0.70,0.8000,1.0000,0.2765,0.7876,http://commons.wikimedia.org/wiki/Special:FilePath/Iwade%20Municipal%20Museum%20of%20Folk%20Materials01s3.jpg,34.2858060,135.3177220,Q11474211
898,桶川市歴史民俗資料館,埼玉縣,市立博物館,4.0,100,市立博物館,Omiya Station,13.1,0.70,0.8000,1.0000,0.2764,0.7876,,35.9938430,139.5266900,Q123517248
1417,韮崎大村美術館,山梨縣,美術館,4.0,100,美術館,Kofu Station,13.1,0.70,0.8000,1.0000,0.2764,0.7876,http://commons.wikimedia.org/wiki/Special:FilePath/Nirasaki-Omura-Artmuseum%20A.JPG,35.7008333,138.4294444,Q22119906
1694,雫石町歴史民俗資料館,岩手縣,地方文化館,4.0,100,地方文化館,Morioka Station,13.1,0.70,0.8000,1.0000,0.2755,0.7876,,39.6733850,140.9872340,Q127869959
2072,展望デッキ,愛知縣,觀景台,4.0,100,觀景台,Nagoya Station,13.1,0.70,0.8000,1.0000,0.2764,0.7876,http://commons.wikimedia.org/wiki/Special:FilePath/Observation%20Deck%20in%20Hotoginosato%20Ryokuchi%20%281%29%2C%20Ichigahora%20Nagakute%202021.jpg,35.1602360,137.0248800,Q131597161
2432,豐島園,東京都,主題樂園,4.0,100,主題樂園,Tokyo Station,13.1,0.70,0.8000,1.0000,0.2764,0.7876,http://commons.wikimedia.org/wiki/Special:FilePath/Toshimaen%20entrance.jpg,35.7450000,139.6452778,Q423559
2490,ワーナー ブラザース スタジオツアー東京 - メイキング・オブ ハリー・ポッター,東京都,テーマパーク,4.0,100,テーマパーク,Tokyo Station,13.1,0.70,0.8000,1.0000,0.2761,0.7876,http://commons.wikimedia.org/wiki/Special:FilePath/Warner%20Bros.%20Studio%20Tour%20Tokyo%20entrance%20%282%29%202023-08-17.jpg,35.7450000,139.6450000,Q117148543
3753,三保文化ランド,靜岡縣,主題樂園,4.0,100,主題樂園,Shizuoka Station,13.1,0.70,0.8000,1.0000,0.2763,0.7876,,35.0161111,138.5219444,Q49526168
953,別府市美術館,大分縣,美術館,4.0,100,美術館,Oita Station,13.2,0.70,0.8000,1.0000,0.2745,0.7875,http://commons.wikimedia.org/wiki/Special:FilePath/Beppu%20City%20Art%20Museum.jpg,33.3128611,131.5013333,Q24874639
1164,仙台万華鏡美術館,宮城縣,美術館,4.0,100,美術館,Sendai Station,13.2,0.70,0.8000,1.0000,0.2754,0.7875,http://commons.wikimedia.org/wiki/Special:FilePath/Sendai%20Kaleidoscope%20Art%20Museum.jpg,38.2213889,140.7400833,Q38267005
2393,民主主義博物館,東京都,博物館,4.0,100,博物館,Tokyo Station,13.2,0.70,0.8000,1.0000,0.2755,0.7875,,35.5906489,139.6734791,Q135085261
3542,おぶせミュージアム,長野縣,美術館,4.0,100,美術館,Nagano Station,13.1,0.70,0.8000,1.0000,0.2755,0.7875,,36.6984944,138.3189889,Q105334745
1147,塩竈市杉村惇美術館,宮城縣,人物紀念館,4.0,100,人物紀念館,Sendai Station,13.3,0.70,0.8000,1.0000,0.2740,0.7874,http://commons.wikimedia.org/wiki/Special:FilePath/211030%20Shiogama%20Sugimura%20Jun%20Museum%20of%20Art%20Shiogama%20Miyagi%20pref%20Japan01s3.jpg,38.3158333,141.0166667,Q22118917
1470,大野町埋蔵文化財センター,岐阜縣,埋藏文化財中心,4.0,100,埋藏文化財中心,Gifu Station,13.2,0.70,0.8000,1.0000,0.2744,0.7874,http://commons.wikimedia.org/wiki/Special:FilePath/Ono%20akebono%20museum.jpg,35.4840556,136.6431111,Q113872242
1671,仓敷刀剑美术馆,岡山縣,美術館,4.0,100,美術館,Okayama Station,13.2,0.70,0.8000,1.0000,0.2740,0.7874,http://commons.wikimedia.org/wiki/Special:FilePath/Gaikan1.JPG,34.5775560,133.8223890,Q11386685
1922,鳴門ガレの森美術館,德島縣,美術館,4.0,100,美術館,Tokushima Station,13.2,0.70,0.8000,1.0000,0.2745,0.7874,,34.1782780,134.6203610,Q11675413
1955,ＮＦＴ鳴門美術館,德島縣,美術館,4.0,100,美術館,Tokushima Station,13.2,0.70,0.8000,1.0000,0.2745,0.7874,,34.1782920,134.6203010,Q123561299
2554,葛飾柴又寅次郎紀念館,東京都,電影博物館,4.0,100,電影博物館,Tokyo Station,13.3,0.70,0.8000,1.0000,0.2736,0.7874,http://commons.wikimedia.org/wiki/Special:FilePath/Tora-san%20Museum.JPG,35.7571389,139.8805278,Q21018928
2855,栗東歴史民俗博物館,滋賀縣,歷史博物館,4.0,100,歷史博物館,Otsu Station,13.3,0.70,0.8000,1.0000,0.2740,0.7874,http://commons.wikimedia.org/wiki/Special:FilePath/%E6%A0%97%E6%9D%B1%E6%AD%B4%E5%8F%B2%E6%B0%91%E4%BF%97%E5%8D%9A%E7%89%A9%E9%A4%A82020.jpg,35.0179722,136.0088611,Q104720767
3209,太宰府遊園地,福岡縣,主題樂園,4.0,100,主題樂園,Hakata Station,13.2,0.70,0.8000,1.0000,0.2744,0.7874,http://commons.wikimedia.org/wiki/Special:FilePath/Dazaifu%20Amuzement%20Park%2020150815.jpg,33.5211390,130.5368060,Q11271553
3683,青森県営浅虫水族館,青森縣,水族館,4.0,100,水族館,Aomori Station,13.2,0.70,0.8000,1.0000,0.2743,0.7874,http://commons.wikimedia.org/wiki/Special:FilePath/Asamushi%20Aquarium%20Aomori%20Japan03n.jpg,40.8975830,140.8627780,Q4803495
1097,旧柳生藩家老屋敷,奈良縣,武家地,4.0,100,武家地,Nara Station,13.3,0.70,0.8000,1.0000,0.2728,0.7873,http://commons.wikimedia.org/wiki/Special:FilePath/Kyu-Yagyuhan%20karoyashiki06n3200.jpg,34.7324440,135.9502220,Q11511073
1915,德島明日多夢樂園,德島縣,科學博物館,4.0,100,科學博物館,Tokushima Station,13.3,0.70,0.8000,1.0000,0.2727,0.7873,http://commons.wikimedia.org/wiki/Special:FilePath/ASUTAMULAND%20TOKUSHIMA.JPG,34.1522780,134.4410560,Q11257446
2514,足立區立鄉土博物館,東京都,地方文化館,4.0,100,地方文化館,Tokyo Station,13.3,0.70,0.8000,1.0000,0.2733,0.7873,http://commons.wikimedia.org/wiki/Special:FilePath/Adachi%20Museum.JPG,35.7844160,139.8414300,Q11636983
830,桶川飛行学校平和祈念館,埼玉縣,和平博物館,4.0,100,和平博物館,Omiya Station,13.4,0.70,0.8000,1.0000,0.2718,0.7872,http://commons.wikimedia.org/wiki/Special:FilePath/Okegawa%20Saitama%20Okegawa%20Flight%20School%20Peace%20Memorial%20Hall%20Entrance%201.jpg,35.9893889,139.5161944,Q108335102
1065,堺HAMONOミュージアム,大阪府,博物館,4.0,100,博物館,Osaka Station,13.4,0.70,0.8000,1.0000,0.2715,0.7872,http://commons.wikimedia.org/wiki/Special:FilePath/Sakai%20HAMONO%20Museum.jpg,34.5828330,135.4773890,Q11428089
1931,徳島木のおもちゃ美術館,德島縣,玩具博物館,4.0,100,玩具博物館,Tokushima Station,13.4,0.70,0.8000,1.0000,0.2722,0.7872,,34.1510590,134.4393230,Q123563377
2181,愛知県下水道科学館,愛知縣,下水道博物館,4.0,100,下水道博物館,Nagoya Station,13.4,0.70,0.8000,1.0000,0.2724,0.7872,http://commons.wikimedia.org/wiki/Special:FilePath/Aichi%20Prefecture%20Sewage%20Science%20Museum-01.jpg,35.2314860,136.7545560,Q11494095
2331,練馬區立美術館,東京都,美術館,4.0,100,美術館,Tokyo Station,13.4,0.70,0.8000,1.0000,0.2723,0.7872,http://commons.wikimedia.org/wiki/Special:FilePath/Nerima%20art%20museum.JPG,35.7371100,139.6361100,Q11608069
2915,御船町恐龍博物館,熊本縣,古生物博物馆,4.0,100,古生物博物馆,Kumamoto Station,13.4,0.70,0.8000,1.0000,0.2719,0.7872,http://commons.wikimedia.org/wiki/Special:FilePath/Mifune%20Dinosaur%20Museum%202.JPG,32.7145560,130.8011670,Q17214624
285,富田砕花舊居,兵庫縣,人物紀念館,4.0,100,人物紀念館,Kobe Station,13.5,0.70,0.8000,1.0000,0.2709,0.7871,http://commons.wikimedia.org/wiki/Special:FilePath/Old%20Saika%20Tomita%20House01s5s3200.jpg,34.7297500,135.3120560,Q11457245
1061,大東市立歴史民俗資料館,大阪府,博物館,4.0,100,博物館,Osaka Station,13.4,0.70,0.8000,1.0000,0.2712,0.7871,,34.7167800,135.6419000,Q21653416
3152,めがねミュージアム,福井縣,博物館,4.0,100,博物館,Fukui Station,13.4,0.70,0.8000,1.0000,0.2711,0.7871,,35.9426667,136.1988333,Q109604125
3990,有村溶岩展望所,鹿兒島縣,风景点,4.0,100,风景点,Kagoshima-Chuo Station,13.5,0.70,0.8000,1.0000,0.2706,0.7871,http://commons.wikimedia.org/wiki/Special:FilePath/Arimura%20Lava%20Observatory%20with%20Sakurajia.jpg,31.5542000,130.6790000,Q104309538
1453,釈迦堂遺跡博物館,山梨縣,考古博物館,4.0,100,考古博物館,Kofu Station,13.5,0.70,0.8000,1.0000,0.2698,0.7870,http://commons.wikimedia.org/wiki/Special:FilePath/Shakado%20relics%20museum.JPG,35.6445778,138.7154917,Q11644532
1507,シューニャ美術館,岐阜縣,美術館,4.0,100,美術館,Gifu Station,13.5,0.70,0.8000,1.0000,0.2700,0.7870,http://commons.wikimedia.org/wiki/Special:FilePath/Shunya%20Museum2008-1.jpg,35.3515330,136.6249310,Q11308090
1595,OKBギャラリー,岐阜縣,博物館,4.0,100,博物館,Gifu Station,13.5,0.70,0.8000,1.0000,0.2698,0.7870,,35.3651302,136.6170997,Q134405381
2668,東京ごみ戦争歴史みらい館,東京都,歷史博物館,4.0,100,歷史博物館,Tokyo Station,13.5,0.70,0.8000,1.0000,0.2704,0.7870,,35.6838889,139.6177778,Q48750957
2706,壬生町玩具博物館,栃木縣,玩具博物館,4.0,100,玩具博物館,Utsunomiya Station,13.5,0.70,0.8000,1.0000,0.2703,0.7870,http://commons.wikimedia.org/wiki/Special:FilePath/Mibu-toysmuseum.jpg,36.4621390,139.8082220,Q11429510
2790,沖縄平和祈念堂,沖繩縣,和平博物館,4.0,100,和平博物館,Naha Bus Terminal,13.5,0.70,0.8000,1.0000,0.2696,0.7870,http://commons.wikimedia.org/wiki/Special:FilePath/Okinawa%20Heiwakinen%20Memorial%20Hall01n3104.jpg,26.0974230,127.7237460,Q132156950
3233,九州國立博物館,福岡縣,國立博物館,4.0,100,國立博物館,Hakata Station,13.5,0.70,0.8000,1.0000,0.2701,0.7870,http://commons.wikimedia.org/wiki/Special:FilePath/Kyushu-national-museum01.jpg,33.5183556,130.5382972,Q148543
3782,静岡市埋蔵文化財センター,靜岡縣,埋藏文化財中心,4.0,100,埋藏文化財中心,Shizuoka Station,13.5,0.70,0.8000,1.0000,0.2699,0.7870,http://commons.wikimedia.org/wiki/Special:FilePath/Hatauchigawa%20010%20museum.jpg,35.0473500,138.5050500,Q123272589
1030,妙国寺のソテツ,大阪府,巨樹,4.0,100,巨樹,Osaka Station,13.6,0.70,0.8000,1.0000,0.2692,0.7869,,34.5810280,135.4813890,Q112113546
1099,天理市立黑塚古墳展示館,奈良縣,考古博物館,4.0,100,考古博物館,Nara Station,13.6,0.70,0.8000,1.0000,0.2690,0.7869,http://commons.wikimedia.org/wiki/Special:FilePath/Kuroduka%20kofun%20museum01s3200.jpg,34.5600830,135.8440280,Q17228378
1257,西田美術館,富山縣,美術館,4.0,100,美術館,Toyama Station,13.6,0.70,0.8000,1.0000,0.2695,0.7869,http://commons.wikimedia.org/wiki/Special:FilePath/%E8%A5%BF%E7%94%B0%E7%BE%8E%E8%A1%93%E9%A4%A8%E5%A4%96%E8%A6%B3.jpg,36.7186944,137.3635556,Q55537764
2059,美伊娜多美術館,愛知縣,美術館,4.0,100,美術館,Nagoya Station,13.6,0.70,0.8000,1.0000,0.2692,0.7869,http://commons.wikimedia.org/wiki/Special:FilePath/Menardartmuseum000.jpg,35.2888990,136.9197800,Q1920251
2603,大田区多摩川台公園古墳展示室,東京都,考古博物館,4.0,100,考古博物館,Tokyo Station,13.6,0.70,0.8000,1.0000,0.2690,0.7869,http://commons.wikimedia.org/wiki/Special:FilePath/Kamenokoyama%20kofun%2020220402%20010.jpg,35.5900090,139.6669790,Q133272975
2992,金澤文庫,神奈川縣,歷史博物館,4.0,100,歷史博物館,Yokohama Station,13.6,0.70,0.8000,1.0000,0.2687,0.7869,http://commons.wikimedia.org/wiki/Special:FilePath/%E7%A5%9E%E5%A5%88%E5%B7%9D%E7%9C%8C%E7%AB%8B%E9%87%91%E6%B2%A2%E6%96%87%E5%BA%AB%20-%20panoramio%20%281%29.jpg,35.3439100,139.6287500,Q3192586
850,陸上自衛隊広報センター,埼玉縣,軍事博物館,4.0,100,軍事博物館,Omiya Station,13.7,0.70,0.8000,1.0000,0.2676,0.7868,http://commons.wikimedia.org/wiki/Special:FilePath/JGSDF%20Public%20Information%20Center20080405-02.JPG,35.7849170,139.5996940,Q11658528
1471,大垣市守屋多々志美術館,岐阜縣,美術館,4.0,100,美術館,Gifu Station,13.7,0.70,0.8000,1.0000,0.2672,0.7867,http://commons.wikimedia.org/wiki/Special:FilePath/Moriya%20tadashi%20museum.jpg,35.3602667,136.6173639,Q48747109
1541,大垣城,岐阜縣,軍事博物館,4.0,100,軍事博物館,Gifu Station,13.7,0.70,0.8000,1.0000,0.2668,0.7867,http://commons.wikimedia.org/wiki/Special:FilePath/Ogaki%20Tenshu.JPG,35.3619444,136.6161111,Q1067359
2762,沖縄県平和祈念資料館,沖繩縣,都道府县立博物馆,4.0,100,都道府县立博物馆,Naha Bus Terminal,13.7,0.70,0.8000,1.0000,0.2673,0.7867,http://commons.wikimedia.org/wiki/Special:FilePath/Okinawa%20prefectural%20Peace%20memorial%20Museum-2007-06-27%201.jpg,26.0964470,127.7253910,Q4555530
2959,金沢湯涌江戸村,石川縣,历史房屋博物馆,4.0,100,历史房屋博物馆,Kanazawa Station,13.7,0.70,0.8000,1.0000,0.2675,0.7867,http://commons.wikimedia.org/wiki/Special:FilePath/131109%20Kanazawa%20Yuwaku%20Edomura%20Kanazawa%20Ishikawa%20pref%20Japan08bs9.jpg,36.4907500,136.7560280,Q11647504
313,有馬ます池,兵庫縣,主題公園,4.0,100,主題公園,Kobe Station,13.8,0.70,0.8000,1.0000,0.2659,0.7866,,34.7909677,135.2445937,Q117864006
1038,自行車博物館,大阪府,自転車博物館,4.0,100,自転車博物館,Osaka Station,13.8,0.70,0.8000,1.0000,0.2663,0.7866,http://commons.wikimedia.org/wiki/Special:FilePath/Shimano%20Bicycle%20Museum%20001.jpg,34.5789722,135.4846111,Q11613133
1086,唐古・鍵考古学ミュージアム,奈良縣,考古博物館,4.0,100,考古博物館,Nara Station,13.8,0.70,0.8000,1.0000,0.2663,0.7866,,34.5573637,135.8023821,Q22952132
2127,日本樂高樂園,愛知縣,樂高樂園,4.0,100,樂高樂園,Nagoya Station,13.8,0.70,0.8000,1.0000,0.2656,0.7866,http://commons.wikimedia.org/wiki/Special:FilePath/Legoland%20japan.jpg,35.0505000,136.8436110,Q29168099
2606,伊興遺跡公園展示館,東京都,考古博物館,4.0,100,考古博物館,Tokyo Station,13.8,0.70,0.8000,1.0000,0.2658,0.7866,http://commons.wikimedia.org/wiki/Special:FilePath/Iko%20Archeological%20Park%20Exhibition%20Hall.JPG,35.8044167,139.7863611,Q97706262
2609,伊興遺跡公園,東京都,考古学公園,4.0,100,考古学公園,Tokyo Station,13.8,0.70,0.8000,1.0000,0.2656,0.7866,http://commons.wikimedia.org/wiki/Special:FilePath/Ik%C5%8D%20Iseki%20Park%20%28Adachi%29%2002.jpg,35.8045200,139.7866100,Q42312899
2988,川崎市市民博物館,神奈川縣,市立博物館,4.0,100,市立博物館,Yokohama Station,13.8,0.70,0.8000,1.0000,0.2661,0.7866,http://commons.wikimedia.org/wiki/Special:FilePath/Kawasaki%20City%20Museum.jpg,35.5885830,139.6472500,Q11478412
3041,電車與巴士的博物館,神奈川縣,鐵路博物館,4.0,100,鐵路博物館,Yokohama Station,13.8,0.70,0.8000,1.0000,0.2659,0.7866,http://commons.wikimedia.org/wiki/Special:FilePath/Tokyu%20Train%20and%20Bus%20Museum.jpg,35.5878580,139.5923860,Q11660619
3427,渋川市美術館・桑原巨守彫刻美術館,群馬縣,彫刻美術館,4.0,100,彫刻美術館,Maebashi Station,13.8,0.70,0.8000,1.0000,0.2659,0.7866,http://commons.wikimedia.org/wiki/Special:FilePath/Shibukawa%20city%20office%20second%20building%202.jpg,36.4919869,138.9977598,Q11561571
3817,深層水ミュージアム,靜岡縣,博物館,4.0,100,博物館,Shizuoka Station,13.8,0.70,0.8000,1.0000,0.2658,0.7866,http://commons.wikimedia.org/wiki/Special:FilePath/Suruga%20Bay%20Deep%20Sea%20Water%20Museum%202020-04%20ac%20%282%29.jpg,34.8586944,138.3259444,Q97218196
1461,塚原遺跡公園展示館,岐阜縣,考古博物館,4.0,100,考古博物館,Gifu Station,13.8,0.70,0.8000,1.0000,0.2654,0.7865,http://commons.wikimedia.org/wiki/Special:FilePath/Tsukahara%20Ruins%20Museum%2001.JPG,35.4964250,136.8650250,Q11428424
1542,大垣市郷土館,岐阜縣,地方文化館,4.0,100,地方文化館,Gifu Station,13.9,0.70,0.8000,1.0000,0.2645,0.7865,http://commons.wikimedia.org/wiki/Special:FilePath/%E5%A4%A7%E5%9E%A3%E5%B8%82%E9%83%B7%E5%9C%9F%E9%A4%A8.jpg,35.3615889,136.6144222,Q48746685
2396,昭和生活博物館,東京都,博物館,4.0,100,博物館,Tokyo Station,13.9,0.70,0.8000,1.0000,0.2647,0.7865,http://commons.wikimedia.org/wiki/Special:FilePath/Showa%20no%20kurashi%20museum%20ota%202014.jpg,35.5752222,139.6858333,Q17228804
2759,美濱美國村,沖繩縣,主題公園,4.0,100,主題公園,Naha Bus Terminal,13.9,0.70,0.8000,1.0000,0.2649,0.7865,http://commons.wikimedia.org/wiki/Special:FilePath/Mihama%20AV%20D%20Japan.jpg,26.3161830,127.7566680,Q11609171
3098,埋蔵文化財センター (横浜市),神奈川縣,埋藏文化財中心,4.0,100,埋藏文化財中心,Yokohama Station,13.9,0.70,0.8000,1.0000,0.2646,0.7865,http://commons.wikimedia.org/wiki/Special:FilePath/Y-MaibunCenter.jpg,35.3464444,139.5789444,Q30929301
3845,坂出市塩業資料館,香川縣,塩博物館,4.0,100,塩博物館,Takamatsu Station,13.8,0.70,0.8000,1.0000,0.2653,0.7865,,34.3493889,133.8957778,Q108125035
316,神戶市立農業公園,兵庫縣,主題公園,4.0,100,主題公園,Kobe Station,13.9,0.70,0.8000,1.0000,0.2644,0.7864,http://commons.wikimedia.org/wiki/Special:FilePath/Kobecity%20Agricultural%20Park%20No%2C8.JPG,34.7325000,135.0402780,Q11590095
2468,杉並区立科学館,東京都,科學博物館,4.0,100,科學博物館,Tokyo Station,13.9,0.70,0.8000,1.0000,0.2643,0.7864,http://commons.wikimedia.org/wiki/Special:FilePath/Suginami%20science%20center%20shimizu%20suginami%20tokyo.JPG,35.7163889,139.6191667,Q11521694
2627,植村冒険館,東京都,人物紀念館,4.0,100,人物紀念館,Tokyo Station,13.9,0.70,0.8000,1.0000,0.2643,0.7864,http://commons.wikimedia.org/wiki/Special:FilePath/UEMURA%20MEMORIAL%20KAGA%20SPORTS%20CENTER%20%28OpenPhoto%29.jpg,35.7826390,139.6768330,Q11540553
2876,佐川美术馆,滋賀縣,美術館,4.0,100,美術館,Otsu Station,13.9,0.70,0.8000,1.0000,0.2645,0.7864,http://commons.wikimedia.org/wiki/Special:FilePath/Sagawa%20art%20museum01s3200.jpg,35.1094444,135.9461111,Q7399081
918,大分香りの博物館,大分縣,博物館,4.0,100,博物館,Oita Station,14.0,0.70,0.8000,1.0000,0.2626,0.7863,http://commons.wikimedia.org/wiki/Special:FilePath/Oita%20Fragrance%20Museum.jpg,33.3120000,131.4888056,Q97495956
1538,岐阜現代美術館,岐阜縣,人物紀念館,4.0,100,人物紀念館,Gifu Station,14.0,0.70,0.8000,1.0000,0.2628,0.7863,http://commons.wikimedia.org/wiki/Special:FilePath/Gifu%20Collection%20of%20Modern%20Arts%2020220507%2001.jpg,35.4531640,136.9012920,Q11471417
2158,磁浮·鐵道館,愛知縣,鐵路博物館,4.0,100,鐵路博物館,Nagoya Station,14.0,0.70,0.8000,1.0000,0.2625,0.7863,http://commons.wikimedia.org/wiki/Special:FilePath/Liniatetsudoukan.JPG,35.0473500,136.8493190,Q5362576
3775,焼津小泉八雲記念館,靜岡縣,人物紀念館,4.0,100,人物紀念館,Shizuoka Station,14.1,0.70,0.8000,1.0000,0.2620,0.7862,http://commons.wikimedia.org/wiki/Special:FilePath/Yaizu%20Koizumi%20Yakumo%20Kinenkan%202020-04%20ac.jpg,34.8644722,138.3065556,Q18054898
360,西宮市貝類館,兵庫縣,動物学博物館,4.0,100,動物学博物館,Kobe Station,14.2,0.70,0.8000,1.0000,0.2608,0.7861,http://commons.wikimedia.org/wiki/Special:FilePath/Nishinomiya-Shell-Museum-2015080801.jpg,34.7122780,135.3278890,Q11627655
2279,新潟市新津鐵道資料館,新潟縣,鐵路博物館,4.0,100,鐵路博物館,Niigata Station,14.1,0.70,0.8000,1.0000,0.2612,0.7861,http://commons.wikimedia.org/wiki/Special:FilePath/%E6%96%B0%E6%BD%9F%E5%B8%82%E6%96%B0%E6%B4%A5%E9%89%84%E9%81%93%E8%B3%87%E6%96%99%E9%A4%A8.JPG,37.8017220,139.1418060,Q11502893
2333,五島美術館,東京都,美術館,4.0,100,美術館,Tokyo Station,14.2,0.70,0.8000,1.0000,0.2609,0.7861,http://commons.wikimedia.org/wiki/Special:FilePath/Gotoh%20Museum.JPG,35.6121950,139.6352940,Q2374140
2938,金沢湯涌夢二館,石川縣,人物紀念館,4.0,100,人物紀念館,Kanazawa Station,14.2,0.70,0.8000,1.0000,0.2609,0.7861,http://commons.wikimedia.org/wiki/Special:FilePath/131109%20Kanazawa%20Yuwaku%20Yumeji-kan%20Museum%20Kanazawa%20Ishikawa%20pref%20Japan02s3.jpg,36.4859720,136.7574440,Q11647502
3797,焼津市歴史民俗資料館,靜岡縣,民俗博物館,4.0,100,民俗博物館,Shizuoka Station,14.1,0.70,0.8000,1.0000,0.2613,0.7861,http://commons.wikimedia.org/wiki/Special:FilePath/Yaizu%20Cultural%20Center%20ac%20%281%29.jpg,34.8645556,138.3053056,Q56871131
273,孫文紀念館,兵庫縣,Sun Yat-sen Memorial Hall,4.0,100,Sun Yat-sen Memorial Hall,Kobe Station,14.2,0.70,0.8000,1.0000,0.2598,0.7860,http://commons.wikimedia.org/wiki/Special:FilePath/Ijokaku01s2040.jpg,34.6301110,135.0343610,Q11448952
1254,螢火魷博物館,富山縣,博物館,4.0,100,博物館,Toyama Station,14.2,0.70,0.8000,1.0000,0.2598,0.7860,http://commons.wikimedia.org/wiki/Special:FilePath/Hotaruika%20Museum%2C%20Toyama%2C%20Japan.jpg,36.7744440,137.3444440,Q11277755
2075,碍子博物館,愛知縣,公司博物館,4.0,100,公司博物館,Nagoya Station,14.2,0.70,0.8000,1.0000,0.2601,0.7860,,35.2889111,136.9419306,Q6042227
2599,世田谷美術館,東京都,美術館,4.0,100,美術館,Tokyo Station,14.2,0.70,0.8000,1.0000,0.2601,0.7860,http://commons.wikimedia.org/wiki/Special:FilePath/Setagaya%20Art%20Museum.jpg,35.6316000,139.6220000,Q3892314
2620,安全推廣中心,東京都,航空博物館,4.0,100,航空博物館,Tokyo Station,14.2,0.70,0.8000,1.0000,0.2600,0.7860,http://commons.wikimedia.org/wiki/Special:FilePath/Japan%20Airlines%20JA8119.jpg,35.5536650,139.7536340,Q3891462
3905,香美市立美術館,高知縣,美術館,4.0,100,美術館,Kochi Station,14.2,0.70,0.8000,1.0000,0.2598,0.7860,,33.6104167,133.6878056,Q121368534
230,Emba中國近代美術館,兵庫縣,美術館,4.0,100,美術館,Kobe Station,14.3,0.70,0.8000,1.0000,0.2595,0.7859,http://commons.wikimedia.org/wiki/Special:FilePath/Emba12s5.jpg,34.7729167,135.2851389,Q11291442
308,橋之科學館,兵庫縣,科學博物館,4.0,100,科學博物館,Kobe Station,14.3,0.70,0.8000,1.0000,0.2587,0.7859,http://commons.wikimedia.org/wiki/Special:FilePath/Science%20Museum%20of%20Bridges%2020150920.JPG,34.6316240,135.0326720,Q11543726
535,江別市ガラス工芸館,北海道,历史房屋博物馆,4.0,100,历史房屋博物馆,Sapporo Station,14.3,0.70,0.8000,1.0000,0.2594,0.7859,http://commons.wikimedia.org/wiki/Special:FilePath/Ebetsu%20City%20Glass%20Crafts%20Museum.JPG,43.0962694,141.5225000,Q48748643
980,速食麵發明紀念館,大阪府,食物博物館,4.0,100,食物博物館,Osaka Station,14.3,0.70,0.8000,1.0000,0.2588,0.7859,http://commons.wikimedia.org/wiki/Special:FilePath/240810%20Cupnoodles%20Museum%20Osaka%20Ikeda%20Ikeda%20Osaka%20pref%20Japan01s3.jpg,34.8180380,135.4266750,Q899319
2049,名都美術館,愛知縣,美術館,4.0,100,美術館,Nagoya Station,14.3,0.70,0.8000,1.0000,0.2590,0.7859,http://commons.wikimedia.org/wiki/Special:FilePath/%E5%90%8D%E9%83%BD%E7%BE%8E%E8%A1%93%E9%A4%A8.jpg,35.1708330,137.0388890,Q11415659
2737,芳賀町総合情報館,栃木縣,圖書館,4.0,100,圖書館,Utsunomiya Station,14.3,0.70,0.8000,1.0000,0.2594,0.7859,,36.5474210,140.0578490,Q61886414
1571,奥の細道むすびの地記念館,岐阜縣,博物館,4.0,100,博物館,Gifu Station,14.4,0.70,0.8000,1.0000,0.2584,0.7858,http://commons.wikimedia.org/wiki/Special:FilePath/%C5%8Cgaki%20City%20Basho%27s%20Oku%20no%20Hosomichi%20Haiku%20Journey%20Museum.jpg,35.3562222,136.6118333,Q17224675
1574,山県市文化の里古田紹欽記念館,岐阜縣,博物館,4.0,100,博物館,Gifu Station,14.4,0.70,0.8000,1.0000,0.2578,0.7858,,35.5356580,136.7233320,Q114557030
2240,新潟市北區鄉土博物館,新潟縣,地方文化館,4.0,100,地方文化館,Niigata Station,14.4,0.70,0.8000,1.0000,0.2580,0.7858,http://commons.wikimedia.org/wiki/Special:FilePath/Toysaka%20Museum%20001%20April2020.jpg,37.9161111,139.2256389,Q11502885
2613,世田谷文學館,東京都,文學館,4.0,100,文學館,Tokyo Station,14.4,0.70,0.8000,1.0000,0.2582,0.7858,http://commons.wikimedia.org/wiki/Special:FilePath/Setagaya%20bungakukan.JPG,35.6671000,139.6090000,Q11362100
2639,善養寺榧木,東京都,古树,4.0,100,古树,Tokyo Station,14.4,0.70,0.8000,1.0000,0.2584,0.7858,http://commons.wikimedia.org/wiki/Special:FilePath/Japanese%20nutmeg%20in%20Zeny%C5%8Dmitsu-ji%20201504%2003.jpg,35.6015560,139.6421390,Q11419015
301,神戶市立太閣之湯殿館,兵庫縣,考古博物館,4.0,100,考古博物館,Kobe Station,14.4,0.70,0.8000,1.0000,0.2573,0.7857,http://commons.wikimedia.org/wiki/Special:FilePath/Taiko-no-yudonokan01s3872.jpg,34.7956667,135.2484722,Q11589987
436,札幌藝術之森美術館,北海道,美術館,4.0,100,美術館,Sapporo Station,14.4,0.70,0.8000,1.0000,0.2574,0.7857,http://commons.wikimedia.org/wiki/Special:FilePath/Sapporo%20art%20museum.jpg,42.9392222,141.3401389,Q11249478
3008,橫濱八景島海洋公園,神奈川縣,主題樂園,4.0,100,主題樂園,Yokohama Station,14.5,0.70,0.8000,1.0000,0.2565,0.7857,http://commons.wikimedia.org/wiki/Special:FilePath/Yokohama%20Hakkeijima%20Sea%20Paradise.jpg,35.3374417,139.6473333,Q863153
300,有馬玩具博物館,兵庫縣,玩具博物館,4.0,100,玩具博物館,Kobe Station,14.5,0.70,0.8000,1.0000,0.2559,0.7856,http://commons.wikimedia.org/wiki/Special:FilePath/Arima%20toys%20%26%20automata%20museum.jpg,34.7970340,135.2478790,Q11516809
2046,マスプロ美術館,愛知縣,美術館,4.0,100,美術館,Nagoya Station,14.5,0.70,0.8000,1.0000,0.2564,0.7856,http://commons.wikimedia.org/wiki/Special:FilePath/Maspro%20Art%20Museum%20%28Nissin%20city.%202016.02.21%29.JPG,35.1276750,137.0319330,Q11340324
2218,スカイワードあさひ,愛知縣,博物館,4.0,100,博物館,Nagoya Station,14.5,0.70,0.8000,1.0000,0.2563,0.7856,http://commons.wikimedia.org/wiki/Special:FilePath/Skyward-Asahi01.jpg,35.2207780,137.0290080,Q11311288
2615,ワタミ夢ストリート,東京都,公司博物館,4.0,100,公司博物館,Tokyo Station,14.6,0.70,0.8000,1.0000,0.2557,0.7856,,35.5520000,139.7410830,Q17217914
2976,白山市立鶴来博物館,石川縣,博物館,4.0,100,博物館,Kanazawa Station,14.6,0.70,0.8000,1.0000,0.2556,0.7856,,36.4477778,136.6322500,Q11579575
3884,龍馬歴史館,高知縣,蠟像博物館,4.0,100,蠟像博物館,Kochi Station,14.5,0.70,0.8000,1.0000,0.2562,0.7856,http://commons.wikimedia.org/wiki/Special:FilePath/Konan%20Kochi%20Ryoma%20Rekisikan%201.jpg,33.5684310,133.7000610,Q11679443
242,西宮市大谷記念美術館,兵庫縣,美術館,4.0,100,美術館,Kobe Station,14.6,0.70,0.8000,1.0000,0.2549,0.7855,http://commons.wikimedia.org/wiki/Special:FilePath/230825%20Otani%20Memorial%20Art%20Museum%20Nishinomiya%20City%20Hyogo%20pref%20Japan07s3.jpg,34.7321110,135.3245830,Q11627626
831,春日部市郷土資料館,埼玉縣,地方文化館,4.0,100,地方文化館,Omiya Station,14.6,0.70,0.8000,1.0000,0.2550,0.7855,http://commons.wikimedia.org/wiki/Special:FilePath/Kasukabe%20city%20Education%20Center.jpg,35.9794390,139.7589620,Q104696835
1005,石切温泉,大阪府,温泉镇,4.0,100,温泉镇,Osaka Station,14.6,0.70,0.8000,1.0000,0.2546,0.7855,,34.6803800,135.6537490,Q108585581
1423,旧田中銀行博物館,山梨縣,銀行博物館,4.0,100,銀行博物館,Kofu Station,14.6,0.70,0.8000,1.0000,0.2554,0.7855,http://commons.wikimedia.org/wiki/Special:FilePath/Museum%20Bank%20of%20Yamanashi%20Tanaka.JPG,35.6620000,138.7295280,Q11511095
2081,一宮市博物館,愛知縣,市立博物館,4.0,100,市立博物館,Nagoya Station,14.6,0.70,0.8000,1.0000,0.2553,0.7855,http://commons.wikimedia.org/wiki/Special:FilePath/Ichinomiya%20City%20Museum.jpg,35.2839670,136.8001330,Q11352540
2576,いぬたま・ねこたま,東京都,主題公園,4.0,100,主題公園,Tokyo Station,14.6,0.70,0.8000,1.0000,0.2548,0.7855,,35.6105556,139.6305556,Q11259876
3831,香川県埋蔵文化財センター,香川縣,埋藏文化財中心,4.0,100,埋藏文化財中心,Takamatsu Station,14.6,0.70,0.8000,1.0000,0.2547,0.7855,,34.3181870,133.8921460,Q30267680
3896,四国自動車博物館,高知縣,汽車博物館,4.0,100,汽車博物館,Kochi Station,14.6,0.70,0.8000,1.0000,0.2551,0.7855,http://commons.wikimedia.org/wiki/Special:FilePath/Shikokuhistoriccarmuseum.jpg,33.5690556,133.7009167,Q11419773
1211,宮崎市佐土原歴史資料館,宮崎縣,歷史博物館,4.0,100,歷史博物館,Miyazaki Station,14.7,0.70,0.8000,1.0000,0.2538,0.7854,http://commons.wikimedia.org/wiki/Special:FilePath/Sadowara%20Castle%202010.JPG,32.0478300,131.4258300,Q123517075
2017,高畠華宵大正ロマン館,愛媛縣,美術館,4.0,100,美術館,Matsuyama Station,14.7,0.70,0.8000,1.0000,0.2538,0.7854,http://commons.wikimedia.org/wiki/Special:FilePath/Takabatake%20Taisho%20roman.jpg,33.7690280,132.8854720,Q11672301
2139,一太郎翁とまと記念館,愛知縣,餐館,4.0,100,餐館,Nagoya Station,14.7,0.70,0.8000,1.0000,0.2543,0.7854,http://commons.wikimedia.org/wiki/Special:FilePath/TOMATO%20Memorial%20Hall%20in%20Aichi%2002.jpg,35.0409250,136.9086920,Q11352515
2798,北谷町立博物館,沖繩縣,博物館,4.0,100,博物館,Naha Bus Terminal,14.7,0.70,0.8000,1.0000,0.2539,0.7854,http://commons.wikimedia.org/wiki/Special:FilePath/Chatan%20Museum%2002.jpg,26.3235840,127.7590410,Q132151557
2956,太鼓の里資料館,石川縣,柏林乐器博物馆,4.0,100,柏林乐器博物馆,Kanazawa Station,14.7,0.70,0.8000,1.0000,0.2538,0.7854,,36.4910620,136.5241200,Q123517288
263,太閤之湯,兵庫縣,即日來回溫泉,4.0,100,即日來回溫泉,Kobe Station,14.8,0.70,0.8000,1.0000,0.2529,0.7853,http://commons.wikimedia.org/wiki/Special:FilePath/161112%20Taikou-no-yu%20spa%20Arima%20Onsen%20Kobe%20Japan01s3.jpg,34.7975970,135.2520420,Q28692452
365,堀江オルゴール博物館,兵庫縣,音楽博物館,4.0,100,音楽博物館,Kobe Station,14.8,0.70,0.8000,1.0000,0.2530,0.7853,http://commons.wikimedia.org/wiki/Special:FilePath/Horieorgelmuseum.jpg,34.7567500,135.3095000,Q11427507
2399,杉並動畫博物館,東京都,博物館,4.0,100,博物館,Tokyo Station,14.8,0.70,0.8000,1.0000,0.2532,0.7853,http://commons.wikimedia.org/wiki/Special:FilePath/Suginami%20kaikan%20suginami%20animation%20museum%202009.JPG,35.7104440,139.6077780,Q11095134
2477,梅澤濱夫記念館,東京都,纪念博物馆,4.0,100,纪念博物馆,Tokyo Station,14.8,0.70,0.8000,1.0000,0.2531,0.7853,,35.6088190,139.6302860,Q138028271
3424,多胡碑記念館,群馬縣,博物館,4.0,100,博物館,Maebashi Station,14.8,0.70,0.8000,1.0000,0.2528,0.7853,http://commons.wikimedia.org/wiki/Special:FilePath/%E5%A4%9A%E8%83%A1%E7%A2%91%E8%A8%98%E5%BF%B5%E9%A4%A8.JPG,36.2652850,138.9969000,Q104696827
348,有馬郵票文化博物館,兵庫縣,切手博物館,4.0,100,切手博物館,Kobe Station,14.8,0.70,0.8000,1.0000,0.2521,0.7852,http://commons.wikimedia.org/wiki/Special:FilePath/The%20Philatelic%20Culture%20Museum%20Arima%20Kobe02n3200.jpg,34.7987500,135.2509170,Q11516762
848,遠山記念館,埼玉縣,美術館,4.0,100,美術館,Omiya Station,14.8,0.70,0.8000,1.0000,0.2520,0.7852,http://commons.wikimedia.org/wiki/Special:FilePath/The%20Toyama%20Memorial%20Museum%202015-2.jpg,35.9877070,139.4933150,Q21653719
2761,中村家住宅,沖繩縣,古民家,4.0,100,古民家,Naha Bus Terminal,14.9,0.70,0.8000,1.0000,0.2517,0.7852,http://commons.wikimedia.org/wiki/Special:FilePath/Nakamura%20House%20Kitanakagusuku01n3104.jpg,26.2900000,127.8006778,Q11365521
3112,大和市下鶴間ふるさと館,神奈川縣,博物館,4.0,100,博物館,Yokohama Station,14.9,0.70,0.8000,1.0000,0.2517,0.7852,http://commons.wikimedia.org/wiki/Special:FilePath/%E6%97%A7%E5%B0%8F%E5%80%89%E5%AE%B6%E4%BD%8F%E5%AE%85%E6%AF%8D%E5%B1%8B%EF%BC%88%E4%B8%8B%E9%B6%B4%E9%96%93%E3%81%B5%E3%82%8B%E3%81%95%E3%81%A8%E9%A4%A8%EF%BC%89.jpg,35.5010361,139.4642222,Q58205524
990,東大阪市立郷土博物館,大阪府,地方文化館,4.0,100,地方文化館,Osaka Station,14.9,0.70,0.8000,1.0000,0.2512,0.7851,http://commons.wikimedia.org/wiki/Special:FilePath/Higashi-osaka%20City%20Hometown%20Museum01.JPG,34.6608611,135.6508611,Q21654285
991,八尾市立しおんじやま古墳学習館,大阪府,考古博物館,4.0,100,考古博物館,Osaka Station,14.9,0.70,0.8000,1.0000,0.2514,0.7851,,34.6397020,135.6396440,Q133272800
2981,石川縣親睦昆蟲館,石川縣,昆虫博物館,4.0,100,昆虫博物館,Kanazawa Station,15.0,0.70,0.8000,1.0000,0.2505,0.7851,http://commons.wikimedia.org/wiki/Special:FilePath/Ishikawa%20Insect%20Museum.jpg,36.4441670,136.6322220,Q11585931
3365,仁別森林博物館,秋田縣,林業博物館,4.0,100,林業博物館,Akita Station,14.9,0.70,0.8000,1.0000,0.2514,0.7851,http://commons.wikimedia.org/wiki/Special:FilePath/Nibetu%20sinrin%20hakubutukan.jpg,39.8032080,140.2626720,Q11376326
2,亀山市歴史博物館,三重縣,歷史博物館,4.0,100,歷史博物館,Tsu Station,15.0,0.70,0.8000,1.0000,0.2497,0.7850,http://commons.wikimedia.org/wiki/Special:FilePath/Kameyama%20City%20Historical%20Museum%20ac%20%281%29.jpg,34.8589390,136.4474480,Q104720738
494,札幌藝術之森,北海道,雕塑公园,4.0,100,雕塑公园,Sapporo Station,15.0,0.70,0.8000,1.0000,0.2496,0.7850,http://commons.wikimedia.org/wiki/Special:FilePath/Sapporo%20art%20museum.jpg,42.9338889,141.3372222,Q11249476
969,逸翁美术馆,大阪府,美術館,4.0,100,美術館,Osaka Station,15.0,0.70,0.8000,1.0000,0.2501,0.7850,http://commons.wikimedia.org/wiki/Special:FilePath/150214%20Itsuo%20Art%20Museum%20Ikeda%20Osaka%20pref%20Japan16n.jpg,34.8255560,135.4287780,Q11640228
1305,防府天満宮歴史館,山口縣,歷史博物館,4.0,100,歷史博物館,Yamaguchi Station,15.0,0.70,0.8000,1.0000,0.2504,0.7850,,34.0627040,131.5737570,Q104783677
1333,美祢市長登銅山文化交流館,山口縣,礦業博物館,4.0,100,礦業博物館,Yamaguchi Station,15.0,0.70,0.8000,1.0000,0.2498,0.7850,http://commons.wikimedia.org/wiki/Special:FilePath/Naganoboridouzan-bunkakouryukan.JPG,34.2437890,131.3411240,Q131329109
1677,総社市まちかど郷土館,岡山縣,博物館,4.0,100,博物館,Okayama Station,15.0,0.70,0.8000,1.0000,0.2495,0.7850,http://commons.wikimedia.org/wiki/Special:FilePath/%E3%81%BE%E3%81%A1%E3%81%8B%E3%81%A9%E9%83%B7%E5%9C%9F%E9%A4%A81.jpg,34.6755000,133.7545278,Q48763952
1830,安來市立歷史資料館,島根縣,歷史博物館,4.0,100,歷史博物館,Matsue Station,15.0,0.70,0.8000,1.0000,0.2498,0.7850,http://commons.wikimedia.org/wiki/Special:FilePath/Yasugi%20Municipal%20History%20Museum.jpg,35.3681400,133.1802960,Q104721878
139,貴船,京都府,門前町,4.0,100,門前町,Kyoto Station,15.1,0.70,0.8000,1.0000,0.2486,0.7849,http://commons.wikimedia.org/wiki/Special:FilePath/Kibune%20Kawadoko01s5s4272.jpg,35.1216667,135.7627778,Q3196329
231,辰馬考古資料館,兵庫縣,美術館,4.0,100,美術館,Kobe Station,15.1,0.70,0.8000,1.0000,0.2489,0.7849,http://commons.wikimedia.org/wiki/Special:FilePath/Tatsuuma%20collection%20of%20fine%20art01.jpg,34.7351940,135.3285830,Q11637914
826,東武スーパープール,埼玉縣,水上遊樂園,4.0,100,水上遊樂園,Omiya Station,15.1,0.70,0.8000,1.0000,0.2490,0.7849,http://commons.wikimedia.org/wiki/Special:FilePath/Tobu%20Super%20Pool%20Entrance.jpg,36.0255522,139.7041779,Q11527480
955,茨木市立川端康成文学馆,大阪府,文學館,4.0,100,文學館,Osaka Station,15.1,0.70,0.8000,1.0000,0.2492,0.7849,http://commons.wikimedia.org/wiki/Special:FilePath/Kawabata%20yasunari%20museum01s1760.jpg,34.8231940,135.5708330,Q11617881
1320,山頭火ふるさと館,山口縣,博物館,4.0,100,博物館,Yamaguchi Station,15.0,0.70,0.8000,1.0000,0.2494,0.7849,,34.0611690,131.5726010,Q132480639
1675,倉敷昆虫館,岡山縣,昆虫博物館,4.0,100,昆虫博物館,Okayama Station,15.1,0.70,0.8000,1.0000,0.2493,0.7849,,34.6035700,133.7729710,Q132643217
1789,足立美術館,島根縣,美術館,4.0,100,美術館,Matsue Station,15.1,0.70,0.8000,1.0000,0.2491,0.7849,http://commons.wikimedia.org/wiki/Special:FilePath/Adachi%20Museum%20of%20Art10st3200.jpg,35.3800100,133.1941700,Q3329561
3727,清見潟,靜岡縣,前实体,4.0,100,前实体,Shizuoka Station,15.1,0.70,0.8000,1.0000,0.2486,0.7849,http://commons.wikimedia.org/wiki/Special:FilePath/View%20of%20Fuji%20from%20the%20Coast%20of%20Kiyomigata%20LACMA%20M.71.100.60.jpg,35.0509730,138.5235940,Q101042850
3931,山陰海岸ジオパーク海と大地の自然館,鳥取縣,自然歷史博物館,4.0,100,自然歷史博物館,Tottori Station,15.1,0.70,0.8000,1.0000,0.2488,0.7849,http://commons.wikimedia.org/wiki/Special:FilePath/San%27in%20Kaigan%20Nature%20Museum.JPG,35.5933890,134.3394720,Q11471128
3984,重富民俗資料館,鹿兒島縣,民俗博物館,4.0,100,民俗博物館,Kagoshima-Chuo Station,15.0,0.70,0.8000,1.0000,0.2495,0.7849,http://commons.wikimedia.org/wiki/Special:FilePath/Aira%20Shigetomi%20forklore%20museum.JPG,31.7080140,130.6036610,Q138314040
245,黑川古文化研究所,兵庫縣,研究機構,4.0,100,研究機構,Kobe Station,15.1,0.70,0.8000,1.0000,0.2485,0.7848,,34.7625000,135.3091940,Q11678218
344,神戶市埋蔵文化財中心,兵庫縣,埋藏文化財中心,4.0,100,埋藏文化財中心,Kobe Station,15.2,0.70,0.8000,1.0000,0.2479,0.7848,http://commons.wikimedia.org/wiki/Special:FilePath/Kobe-maizo01.JPG,34.7149170,135.0178610,Q11589921
849,三芳今昔村,埼玉縣,主題公園,4.0,100,主題公園,Omiya Station,15.2,0.70,0.8000,1.0000,0.2479,0.7848,,35.8374200,139.4788600,Q21654898
1066,落語みゅーじあむ,大阪府,博物館,4.0,100,博物館,Osaka Station,15.2,0.70,0.8000,1.0000,0.2480,0.7848,http://commons.wikimedia.org/wiki/Special:FilePath/Rakugo%20museum%20%28Ikeda%2C%20Osaka%29.jpg,34.8258611,135.4251111,Q82736373
2126,長久手市郷土資料室,愛知縣,地方文化館,4.0,100,地方文化館,Nagoya Station,15.2,0.70,0.8000,1.0000,0.2478,0.7848,http://commons.wikimedia.org/wiki/Special:FilePath/Nagakute%20Historical%20Museum-01.jpg,35.1732830,137.0484220,Q11651430
1039,富士正晴記念館,大阪府,人物紀念館,4.0,100,人物紀念館,Osaka Station,15.3,0.70,0.8000,1.0000,0.2469,0.7847,http://commons.wikimedia.org/wiki/Special:FilePath/Fuji-masaharu-museum%2001.jpg,34.8270833,135.5657222,Q11456089
1456,ぶどうの丘,山梨縣,觀光景點,4.0,100,觀光景點,Kofu Station,15.2,0.70,0.8000,1.0000,0.2470,0.7847,http://commons.wikimedia.org/wiki/Special:FilePath/%E5%8B%9D%E6%B2%BC%E3%81%B6%E3%81%A9%E3%81%86%E9%83%B7%E9%A7%85%E3%81%8B%E3%82%89%E3%81%B6%E3%81%A9%E3%81%86%E3%81%AE%E4%B8%98%E3%82%92%E8%A6%8B%E3%82%8B%20-%20panoramio.jpg,35.6747500,138.7367500,Q11277442
2142,カゴメ記念館,愛知縣,公司博物館,4.0,100,公司博物館,Nagoya Station,15.2,0.70,0.8000,1.0000,0.2474,0.7847,http://commons.wikimedia.org/wiki/Special:FilePath/KAGOME%20Memorial%20Hall%20in%20Aichi%2001.jpg,35.0361500,136.9104739,Q20043929
2829,びわ湖わんわん王国,滋賀縣,主題樂園,4.0,100,主題樂園,Otsu Station,15.2,0.70,0.8000,1.0000,0.2472,0.7847,http://commons.wikimedia.org/wiki/Special:FilePath/%E3%81%B3%E3%82%8F%E3%81%93%E3%81%86.jpg,35.1233610,135.9458890,Q11276855
3311,東北サファリパーク,福島縣,野生动物园,4.0,100,野生动物园,Fukushima Station,15.2,0.70,0.8000,1.0000,0.2472,0.7847,http://commons.wikimedia.org/wiki/Special:FilePath/%E6%94%BE%E3%81%97%E9%A3%BC%E3%81%84%E3%82%A8%E3%83%AA%E3%82%A2.jpg,37.6386111,140.3666667,Q11526117
3850,豊島横尾館,香川縣,美術館,4.0,100,美術館,Takamatsu Station,15.2,0.70,0.8000,1.0000,0.2474,0.7847,http://commons.wikimedia.org/wiki/Special:FilePath/Setouchi%20Triennale%20-Teshima%20Yokoo%20House%20%EF%BC%88%E8%B1%8A%E5%B3%B6%E6%A8%AA%E5%B0%BE%E9%A4%A8%EF%BC%89%E6%A8%AA%E5%B0%BE%E5%BF%A0%E5%89%87-%E6%B0%B8%E5%B1%B1%E8%A3%95%E5%AD%90%20DSCF2301.JPG,34.4868610,134.0596110,Q17217541
855,东武动物园,埼玉縣,動物園,4.0,100,動物園,Omiya Station,15.3,0.70,0.8000,1.0000,0.2464,0.7846,http://commons.wikimedia.org/wiki/Special:FilePath/Ferris%20wheel%20in%20Tobu%20Zoo%20Park%20001.jpg,36.0200830,139.7197220,Q11527526
3037,大山街道ふるさと館,神奈川縣,交通博物館,4.0,100,交通博物館,Yokohama Station,15.3,0.70,0.8000,1.0000,0.2464,0.7846,http://commons.wikimedia.org/wiki/Special:FilePath/%E5%B7%9D%E5%B4%8E%E5%B8%82%E5%A4%A7%E5%B1%B1%E8%A1%97%E9%81%93%E3%81%B5%E3%82%8B%E3%81%95%E3%81%A8%E9%A4%A8.JPG,35.6034780,139.6127180,Q20043481
620,札幌市アイヌ文化交流センター,北海道,アイヌ博物館,4.0,100,アイヌ博物館,Sapporo Station,15.4,0.70,0.8000,1.0000,0.2454,0.7845,http://commons.wikimedia.org/wiki/Special:FilePath/Sapporo%20Ainu%20Culture%20Promotion%20Center%20201705.jpg,42.9689769,141.2198269,Q11521197
629,江別市セラミックアートセンター,北海道,博物館,4.0,100,博物館,Sapporo Station,15.4,0.70,0.8000,1.0000,0.2452,0.7845,,43.0708333,141.5402778,Q130638467
1990,十輪寺庄薬師堂,愛媛縣,博物館,4.0,100,博物館,Matsuyama Station,15.4,0.70,0.8000,1.0000,0.2452,0.7845,,33.9721920,132.8020350,Q123532643
1255,八尾おわら資料館,富山縣,博物館,4.0,100,博物館,Toyama Station,15.5,0.70,0.8000,1.0000,0.2444,0.7844,,36.5770278,137.1358333,Q99677105
1635,児島虎次郎記念館,岡山縣,倉庫,4.0,100,倉庫,Okayama Station,15.5,0.70,0.8000,1.0000,0.2437,0.7844,http://commons.wikimedia.org/wiki/Special:FilePath/Kurashiki%20Ivy%20Square24s5.jpg,34.5954407,133.7727285,Q97371282
1665,倉紡記念館,岡山縣,公司博物館,4.0,100,公司博物館,Okayama Station,15.5,0.70,0.8000,1.0000,0.2440,0.7844,http://commons.wikimedia.org/wiki/Special:FilePath/Kurashiki%20Ivy%20Square04nt3200.jpg,34.5953889,133.7730278,Q56640405
2284,新潟県立環境と人間のふれあい館,新潟縣,都道府县立博物馆,4.0,100,都道府县立博物馆,Niigata Station,15.5,0.70,0.8000,1.0000,0.2440,0.7844,http://commons.wikimedia.org/wiki/Special:FilePath/Niigata%20Learning%20Center%20For%20Humans%20%26%20The%20Environment%20April2020.jpg,37.9128889,139.2384167,Q11503113
2634,千尋美術館·東京,東京都,繪本博物館,4.0,100,繪本博物館,Tokyo Station,15.5,0.70,0.8000,1.0000,0.2436,0.7844,http://commons.wikimedia.org/wiki/Special:FilePath/Chihiro%20museum%20tokyo%20entrance%202009.JPG,35.7286500,139.6053500,Q11271822
338,白鹿記念酒造博物館,兵庫縣,公司博物館,4.0,100,公司博物館,Kobe Station,15.6,0.70,0.8000,1.0000,0.2430,0.7843,http://commons.wikimedia.org/wiki/Special:FilePath/Hakushika%20Memorial%20Museum02st3200.jpg,34.7279170,135.3380280,Q11580641
1031,箕面公園昆虫館,大阪府,昆虫館,4.0,100,昆虫館,Osaka Station,15.6,0.70,0.8000,1.0000,0.2431,0.7843,http://commons.wikimedia.org/wiki/Special:FilePath/Minoh-kontyukan.jpg,34.8410280,135.4715280,Q11603178
1610,加計美術館,岡山縣,藝廊,4.0,100,藝廊,Okayama Station,15.6,0.70,0.8000,1.0000,0.2427,0.7843,http://commons.wikimedia.org/wiki/Special:FilePath/080727%20Kake%20Museum%20of%20Art%20Kurashiki%20Okayama%20pref%20Japan01s3.jpg,34.5957220,133.7714440,Q18336747
1623,倉敷民藝館,岡山縣,民俗博物館,4.0,100,民俗博物館,Okayama Station,15.6,0.70,0.8000,1.0000,0.2427,0.7843,http://commons.wikimedia.org/wiki/Special:FilePath/211203%20Kurashiki%20Museum%20of%20Folkcraft%20Kurashiki%20Okayama%20pref%20Japan01s3.jpg,34.5955140,133.7715890,Q11386763
1639,倉敷蜷川美術館,岡山縣,Classical Antiquities collection,4.0,100,Classical Antiquities collection,Okayama Station,15.6,0.70,0.8000,1.0000,0.2427,0.7843,,34.5957080,133.7714790,Q1453270
1645,児島虎次郎記念館,岡山縣,银行建筑物,4.0,100,银行建筑物,Okayama Station,15.5,0.70,0.8000,1.0000,0.2434,0.7843,http://commons.wikimedia.org/wiki/Special:FilePath/Chugoku%20Bank%20Kurashiki%20Hommachi%20liaison%20office.JPG,34.5967667,133.7714116,Q131645971
1657,倉敷考古館,岡山縣,考古博物館,4.0,100,考古博物館,Okayama Station,15.5,0.70,0.8000,1.0000,0.2433,0.7843,http://commons.wikimedia.org/wiki/Special:FilePath/%E5%80%89%E6%95%B7%E7%BE%8E%E8%A6%B3%E5%9C%B0%E5%8C%BA%20by%20takeokahp%20-%20panoramio%20%281%29.jpg,34.5960610,133.7718890,Q30267450
1912,技の館,德島縣,博物館,4.0,100,博物館,Tokushima Station,15.5,0.70,0.8000,1.0000,0.2435,0.7843,http://commons.wikimedia.org/wiki/Special:FilePath/%E4%B8%8A%E6%9D%BF%E7%94%BA%20%E6%8A%80%E3%81%AE%E9%A4%A8.jpg,34.1320830,134.3974440,Q11497340
704,塚本美術館,千葉縣,美術館,4.0,100,美術館,Chiba Station,15.7,0.70,0.8000,1.0000,0.2419,0.7842,http://commons.wikimedia.org/wiki/Special:FilePath/Tsukamoto%20museum%2001.jpg,35.7187890,140.2283040,Q131150089
757,國立歷史民俗博物館,千葉縣,國立博物館,4.0,100,國立博物館,Chiba Station,15.6,0.70,0.8000,1.0000,0.2424,0.7842,http://commons.wikimedia.org/wiki/Special:FilePath/National%20Museum%20of%20Japanese%20History%202008.jpg,35.7244970,140.2190810,Q3330690
1263,防府市青少年科学館,山口縣,科學博物館,4.0,100,科學博物館,Yamaguchi Station,15.7,0.70,0.8000,1.0000,0.2421,0.7842,,34.0492720,131.5617200,Q131324777
1302,舊毛利家本邸,山口縣,历史房屋博物馆,4.0,100,历史房屋博物馆,Yamaguchi Station,15.7,0.70,0.8000,1.0000,0.2419,0.7842,http://commons.wikimedia.org/wiki/Special:FilePath/Hofu%20Mouri%20Residence%20and%20Museum.JPG,34.0633742,131.5874626,Q11547697
1640,大原美術館,岡山縣,美術館,4.0,100,美術館,Okayama Station,15.6,0.70,0.8000,1.0000,0.2423,0.7842,http://commons.wikimedia.org/wiki/Special:FilePath/Kurashiki%20Ohara%20Art%20Museum02nt3200.jpg,34.5961500,133.7706700,Q2977589
1925,上板町立歴史民俗資料館,德島縣,博物館,4.0,100,博物館,Tokushima Station,15.7,0.70,0.8000,1.0000,0.2421,0.7842,,34.1319320,134.3959640,Q123564185
1926,上板町歴史民俗資料館,德島縣,博物館,4.0,100,博物館,Tokushima Station,15.7,0.70,0.8000,1.0000,0.2420,0.7842,http://commons.wikimedia.org/wiki/Special:FilePath/%E4%B8%8A%E6%9D%BF%E7%94%BA%20%E6%AD%B4%E5%8F%B2%E6%B0%91%E4%BF%97%E8%B3%87%E6%96%99%E9%A4%A8.jpg,34.1319139,134.3958917,Q130335552
2301,ビュー福島潟,新潟縣,博物館,4.0,100,博物館,Niigata Station,15.7,0.70,0.8000,1.0000,0.2420,0.7842,http://commons.wikimedia.org/wiki/Special:FilePath/View%20fukushimagata.jpg,37.9135556,139.2402778,Q11330973
2968,石川縣西田幾多郎紀念哲學館,石川縣,人物紀念館,4.0,100,人物紀念館,Kanazawa Station,15.7,0.70,0.8000,1.0000,0.2418,0.7842,http://commons.wikimedia.org/wiki/Special:FilePath/Nishida%20Museum.jpg,36.7141670,136.6938890,Q11586041
332,白鷹綠水苑,兵庫縣,酒博物館,4.0,100,酒博物館,Kobe Station,15.7,0.70,0.8000,1.0000,0.2411,0.7841,http://commons.wikimedia.org/wiki/Special:FilePath/Hakutaka-ryokusuien01s5s3200.jpg,34.7305280,135.3387220,Q11580631
739,佐倉市立美術館,千葉縣,美術館,4.0,100,美術館,Chiba Station,15.8,0.70,0.8000,1.0000,0.2406,0.7841,http://commons.wikimedia.org/wiki/Special:FilePath/Sakura%20City%20Museum%20of%20Art%202010.jpg,35.7191944,140.2295833,Q11382975
1307,防府市文化財郷土資料館,山口縣,博物館,4.0,100,博物館,Yamaguchi Station,15.7,0.70,0.8000,1.0000,0.2413,0.7841,http://commons.wikimedia.org/wiki/Special:FilePath/Hofu%20City%20Cultural%20Property%20Folk%20Museum%202021-08%20ac%20%281%29.jpg,34.0490220,131.5627020,Q132479089
1418,山梨県立フラワーセンター ハイジの村,山梨縣,植物園,4.0,100,植物園,Kofu Station,15.7,0.70,0.8000,1.0000,0.2414,0.7841,http://commons.wikimedia.org/wiki/Special:FilePath/Yamanashi%20Prefectural%20Flower%20Center%20%22Heidi%27s%20Village%22%2003.jpg,35.7808056,138.4649444,Q11469688
1611,くらしき空飛ぶクルマ展示場,岡山縣,航空博物館,4.0,100,航空博物館,Okayama Station,15.8,0.70,0.8000,1.0000,0.2406,0.7841,http://commons.wikimedia.org/wiki/Special:FilePath/%E3%81%8F%E3%82%89%E3%81%97%E3%81%8D%E7%A9%BA%E9%A3%9B%E3%81%B6%E3%82%AF%E3%83%AB%E3%83%9E%E5%B1%95%E7%A4%BA%E5%A0%B4.jpg,34.5950620,133.7696660,Q132643175
1629,大橋家住宅,岡山縣,历史房屋博物馆,4.0,100,历史房屋博物馆,Okayama Station,15.8,0.70,0.8000,1.0000,0.2406,0.7841,http://commons.wikimedia.org/wiki/Special:FilePath/Kurashiki%20Ohashi%20House01n4592.jpg,34.5969170,133.7683890,Q11436586
1653,倉敷蒂沃利公園,岡山縣,主題公園,4.0,100,主題公園,Okayama Station,15.8,0.70,0.8000,1.0000,0.2408,0.7841,http://commons.wikimedia.org/wiki/Special:FilePath/Kurashiki%20Tivori%20Park01n4592.jpg,34.6033889,133.7643611,Q10855498
3615,一茶ゆかりの里 一茶館,長野縣,人物紀念館,4.0,100,人物紀念館,Nagano Station,15.8,0.70,0.8000,1.0000,0.2406,0.7841,http://commons.wikimedia.org/wiki/Special:FilePath/Issakanzenkei.jpg,36.6800560,138.3596110,Q11353169
1120,奈良おもちゃ美術館,奈良縣,玩具博物館,4.0,100,玩具博物館,Nara Station,15.8,0.70,0.8000,1.0000,0.2404,0.7840,,34.5954490,135.6804570,Q132643686
1655,倉敷市立美術館,岡山縣,美術館,4.0,100,美術館,Okayama Station,15.9,0.70,0.8000,1.0000,0.2397,0.7840,http://commons.wikimedia.org/wiki/Special:FilePath/Kurashiki%20City%20Art%20Museam.JPG,34.5946940,133.7689440,Q11386746
1656,倉敷市立自然史博物館,岡山縣,自然歷史博物館,4.0,100,自然歷史博物館,Okayama Station,15.8,0.70,0.8000,1.0000,0.2400,0.7840,http://commons.wikimedia.org/wiki/Special:FilePath/Library%20and%20Museum%20in%20Kurashiki.jpg,34.5955000,133.7686110,Q65248889
2149,東海市立平洲記念館・郷土資料館,愛知縣,人物紀念館,4.0,100,人物紀念館,Nagoya Station,15.9,0.70,0.8000,1.0000,0.2398,0.7840,http://commons.wikimedia.org/wiki/Special:FilePath/Heisyu%20Memorial%20Hall.jpg,35.0315030,136.9179580,Q11527877
2201,彌富市歴史民俗資料館,愛知縣,博物館,4.0,100,博物館,Nagoya Station,15.8,0.70,0.8000,1.0000,0.2400,0.7840,http://commons.wikimedia.org/wiki/Special:FilePath/Yatomi%20City%20History%20and%20Folklore%20Museum%202022-04%20ac%20%281%29.jpg,35.1094444,136.7244444,Q60580236
3118,玉縄歴史館,神奈川縣,歷史博物館,4.0,100,歷史博物館,Yokohama Station,15.8,0.70,0.8000,1.0000,0.2399,0.7840,,35.3511944,139.5194444,Q109826839
202,三瀬ルベール牧場 どんぐり村,佐賀縣,主題公園,4.0,100,主題公園,Saga Station,15.9,0.70,0.8000,1.0000,0.2392,0.7839,http://commons.wikimedia.org/wiki/Special:FilePath/Mitsuse%20Donguri%20Village%20front.jpg,33.4056333,130.2737972,Q11356637
920,血の池地獄,大分縣,池塘,4.0,100,池塘,Oita Station,15.9,0.70,0.8000,1.0000,0.2394,0.7839,http://commons.wikimedia.org/wiki/Special:FilePath/View%20of%20Blood%20Pond%20Hell%20Hot%20Spring%201.jpg,33.3272000,131.4781600,Q123378080
929,血の池地獄,大分縣,溫泉,4.0,100,溫泉,Oita Station,15.9,0.70,0.8000,1.0000,0.2394,0.7839,http://commons.wikimedia.org/wiki/Special:FilePath/Chinoike%20Jigoku.jpg,33.3272000,131.4781500,Q124459383
1369,旧西村山郡役所,山形縣,博物館,4.0,100,博物館,Yamagata Station,15.9,0.70,0.8000,1.0000,0.2389,0.7839,http://commons.wikimedia.org/wiki/Special:FilePath/Kyoudokan%20SAGAE1.JPG,38.3844444,140.2681667,Q24862125
2173,豊島記念資料館,愛知縣,織物博物館,4.0,100,織物博物館,Nagoya Station,15.9,0.70,0.8000,1.0000,0.2392,0.7839,http://commons.wikimedia.org/wiki/Special:FilePath/Toyoshima%20Memorial%20Museum%20ac%20%283%29.jpg,35.2981944,136.8016111,Q60580229
2324,板橋区立美術館,東京都,美術館,4.0,100,美術館,Tokyo Station,15.9,0.70,0.8000,1.0000,0.2389,0.7839,http://commons.wikimedia.org/wiki/Special:FilePath/Itabashi%20ku%20ritsu%20Bijutsukan%20Gaikan%2020200321.jpg,35.7842136,139.6444913,Q11532663
21,羅浮雕刻藝術館,三重縣,彫刻美術館,4.0,100,彫刻美術館,Tsu Station,16.0,0.70,0.8000,1.0000,0.2378,0.7838,http://commons.wikimedia.org/wiki/Special:FilePath/Louvre%20Sculpture%20Museum%2C%20Mie.jpg,34.6765310,136.3493000,Q11349249
866,牛島之藤,埼玉縣,巨樹,4.0,100,巨樹,Omiya Station,16.0,0.70,0.8000,1.0000,0.2379,0.7838,http://commons.wikimedia.org/wiki/Special:FilePath/Kasukabe%20Wisteria%20Of%20Ushijima%201.jpg,35.9850000,139.7731944,Q11570113
901,角川武蔵野ミュージアム,埼玉縣,圖書館,4.0,100,圖書館,Omiya Station,16.0,0.70,0.8000,1.0000,0.2380,0.7838,http://commons.wikimedia.org/wiki/Special:FilePath/Kadokawa%20Culture%20Museum%20at%20Tokorozawa%20Sakura%20Town%20%2850608208297%29.jpg,35.7976700,139.5077500,Q104661157
1002,堺市博物馆,大阪府,市立博物館,4.0,100,市立博物館,Osaka Station,16.0,0.70,0.8000,1.0000,0.2380,0.7838,http://commons.wikimedia.org/wiki/Special:FilePath/%E5%A0%BA%E5%B8%82%E5%8D%9A%E7%89%A9%E9%A4%A8%20%2848814571636%29.jpg,34.5588611,135.4842500,Q1448918
2090,豐田博物館,愛知縣,公司博物館,4.0,100,公司博物館,Nagoya Station,16.0,0.70,0.8000,1.0000,0.2376,0.7838,http://commons.wikimedia.org/wiki/Special:FilePath/Toyota%20Automobile%20Museum%20entrance%202013%20September.jpg,35.1727000,137.0580000,Q7830749
2677,井草民俗資料館,東京都,民俗博物館,4.0,100,民俗博物館,Tokyo Station,16.0,0.70,0.8000,1.0000,0.2379,0.7838,,35.7164780,139.5951190,Q104698236
3844,豊島美術館,香川縣,美術館,4.0,100,美術館,Takamatsu Station,16.0,0.70,0.8000,1.0000,0.2380,0.7838,http://commons.wikimedia.org/wiki/Special:FilePath/Teshima%20Museum%20Ryue%20Nishizawa%20Rei%20Naito%201.JPG,34.4897000,134.0910000,Q2379884
158,亀岡市文化資料館,京都府,博物館,4.0,100,博物館,Kyoto Station,16.1,0.70,0.8000,1.0000,0.2371,0.7837,http://commons.wikimedia.org/wiki/Special:FilePath/Kameoka%20City%20Cultural%20Museum.jpg,35.0135240,135.5854870,Q104721135
933,二階堂美術館,大分縣,美術館,4.0,100,美術館,Oita Station,16.1,0.70,0.8000,1.0000,0.2367,0.7837,,33.3677670,131.5424800,Q123366317
2518,板橋区立郷土資料館,東京都,地方文化館,4.0,100,地方文化館,Tokyo Station,16.1,0.70,0.8000,1.0000,0.2369,0.7837,http://commons.wikimedia.org/wiki/Special:FilePath/Itabashi%20historical%20museum%202009.JPG,35.7854710,139.6432570,Q104696866
2884,不知火美術館,熊本縣,美術館,4.0,100,美術館,Kumamoto Station,16.1,0.70,0.8000,1.0000,0.2374,0.7837,http://commons.wikimedia.org/wiki/Special:FilePath/Shiranui.gif,32.6468890,130.6690830,Q17228812
3105,つる舞の里歴史資料館,神奈川縣,博物館,4.0,100,博物館,Yokohama Station,16.1,0.70,0.8000,1.0000,0.2365,0.7837,http://commons.wikimedia.org/wiki/Special:FilePath/Tsurumai-no-sato-historic-museum.png,35.5136944,139.4542500,Q85869186
3787,藤枝市郷土博物館・文学館,靜岡縣,博物館,4.0,100,博物館,Shizuoka Station,16.1,0.70,0.8000,1.0000,0.2374,0.7837,http://commons.wikimedia.org/wiki/Special:FilePath/Fujieda%20City%20Provincial%20Museum%2C%20Literary%20Museum.JPG,34.8761944,138.2566944,Q60986211
1540,関市円空館,岐阜縣,彫刻美術館,4.0,100,彫刻美術館,Gifu Station,16.2,0.70,0.8000,1.0000,0.2356,0.7836,http://commons.wikimedia.org/wiki/Special:FilePath/Enku%20Museum%204.JPG,35.5058333,136.8902778,Q5017823
333,日本盛酒蔵通り煉瓦館,兵庫縣,公司博物館,4.0,100,公司博物館,Kobe Station,16.2,0.70,0.8000,1.0000,0.2354,0.7835,,34.7302220,135.3446940,Q11508663
1703,石川啄木記念館,岩手縣,人物紀念館,4.0,100,人物紀念館,Morioka Station,16.3,0.70,0.8000,1.0000,0.2345,0.7835,http://commons.wikimedia.org/wiki/Special:FilePath/Ishikawa%20Takuboku%20Memorial%20Museum%2020250516b.jpg,39.8460278,141.1711667,Q55527081
1342,阿弥陀寺宝物館,山口縣,宝物館,4.0,100,宝物館,Yamaguchi Station,16.4,0.70,0.8000,1.0000,0.2339,0.7834,,34.0768920,131.6150830,Q132479539
1589,中山道鵜沼宿町屋館,岐阜縣,博物館,4.0,100,博物館,Gifu Station,16.4,0.70,0.8000,1.0000,0.2335,0.7834,http://commons.wikimedia.org/wiki/Special:FilePath/Unumajuku%20machiyakan.JPG,35.4046667,136.9373056,Q11364293
2156,愛知県埋蔵文化財調査センター,愛知縣,埋藏文化財中心,4.0,100,埋藏文化財中心,Nagoya Station,16.3,0.70,0.8000,1.0000,0.2344,0.7834,http://commons.wikimedia.org/wiki/Special:FilePath/%E6%84%9B%E7%9F%A5%E7%9C%8C%E5%9F%8B%E8%94%B5%E6%96%87%E5%8C%96%E8%B2%A1%E8%AA%BF%E6%9F%BB%E3%82%BB%E3%83%B3%E3%82%BF%E3%83%BC%20ac.jpg,35.1053820,136.7207280,Q121774775
2510,練馬區立石神井公園故鄉文化館,東京都,地方文化館,4.0,100,地方文化館,Tokyo Station,16.4,0.70,0.8000,1.0000,0.2339,0.7834,http://commons.wikimedia.org/wiki/Special:FilePath/Nerima%20Shakujiikoen%20Furusato%20Museum.jpg,35.7375000,139.5994440,Q11608060
349,明石市立天文科學館,兵庫縣,天文博物館,4.0,100,天文博物館,Kobe Station,16.5,0.70,0.8000,1.0000,0.2326,0.7833,http://commons.wikimedia.org/wiki/Special:FilePath/Akashi%20Minicipal%20Planetarium.jpg,34.6493940,135.0014780,Q11512514
1152,原阿佐緒記念館,宮城縣,人物紀念館,4.0,100,人物紀念館,Sendai Station,16.4,0.70,0.8000,1.0000,0.2333,0.7833,http://commons.wikimedia.org/wiki/Special:FilePath/Hara%20Asao%20Memorial%20Hall.jpg,38.4053056,140.8468611,Q84590471
2833,守山市立埋蔵文化財センター,滋賀縣,埋藏文化財中心,4.0,100,埋藏文化財中心,Otsu Station,16.4,0.70,0.8000,1.0000,0.2332,0.7833,,35.1080230,135.9925450,Q123274450
2883,熊本県博物館ネットワークセンター,熊本縣,博物館,4.0,100,博物館,Kumamoto Station,16.4,0.70,0.8000,1.0000,0.2333,0.7833,,32.6427720,130.6991740,Q64143415
321,安妮玫瑰的教會,兵庫縣,人物紀念館,4.0,100,人物紀念館,Kobe Station,16.5,0.70,0.8000,1.0000,0.2320,0.7832,http://commons.wikimedia.org/wiki/Special:FilePath/%E3%82%A2%E3%83%B3%E3%83%8D%E3%81%AE%E3%83%90%E3%83%A9%E3%81%AE%E6%95%99%E4%BC%9A%E5%A4%96%E8%A6%B3.jpg,34.7630819,135.3279200,Q18700518
703,船橋市飛ノ台史跡公園博物館,千葉縣,考古博物館,4.0,100,考古博物館,Chiba Station,16.5,0.70,0.8000,1.0000,0.2320,0.7832,http://commons.wikimedia.org/wiki/Special:FilePath/Tobinodai%20Historic%20Site%20Park%20Museum%2020250209.jpg,35.7108889,139.9748056,Q132664704
1228,滑川市立博物館,富山縣,美術館,4.0,100,美術館,Toyama Station,16.5,0.70,0.8000,1.0000,0.2321,0.7832,,36.7419167,137.3916111,Q28684363
1261,吉久,富山縣,人類聚居地,4.0,100,人類聚居地,Toyama Station,16.6,0.70,0.8000,1.0000,0.2320,0.7832,http://commons.wikimedia.org/wiki/Special:FilePath/%E5%90%89%E4%B9%85%E3%81%AE%E8%A1%97%E4%B8%A6%E3%81%BF.jpg,36.7819444,137.0566667,Q124481497
1575,岐阜縣刃物會館,岐阜縣,博物館,4.0,100,博物館,Gifu Station,16.5,0.70,0.8000,1.0000,0.2324,0.7832,http://commons.wikimedia.org/wiki/Special:FilePath/Gifu%20Knife%20Hall%201.JPG,35.4827030,136.9146000,Q11471441
1787,古代鉄歌謡館,島根縣,博物館,4.0,100,博物館,Matsue Station,16.6,0.70,0.8000,1.0000,0.2319,0.7832,,35.3266320,132.9931230,Q132852237
2200,中部大學民族資料博物館,愛知縣,博物館,4.0,100,博物館,Nagoya Station,16.5,0.70,0.8000,1.0000,0.2323,0.7832,http://commons.wikimedia.org/wiki/Special:FilePath/Chubu%20University%20Miura%20Memorial%20Library%2020190202.jpg,35.2736389,137.0129167,Q17216693
2989,向丘遊園地,神奈川縣,主題樂園,4.0,100,主題樂園,Yokohama Station,16.5,0.70,0.8000,1.0000,0.2324,0.7832,http://commons.wikimedia.org/wiki/Special:FilePath/Mukogaokayuen%200208228as.jpg,35.6088890,139.5719440,Q11415860
3088,藤子·F·不二雄博物館,神奈川縣,人物紀念館,4.0,100,人物紀念館,Yokohama Station,16.6,0.70,0.8000,1.0000,0.2315,0.7832,http://commons.wikimedia.org/wiki/Special:FilePath/Fujiko%EF%BD%A5F%EF%BD%A5Fujio%20Museum%20-01.jpg,35.6100000,139.5736110,Q11623792
3396,群馬ガラス工芸美術館,群馬縣,美術館,4.0,100,美術館,Maebashi Station,16.6,0.70,0.8000,1.0000,0.2319,0.7832,http://commons.wikimedia.org/wiki/Special:FilePath/Gumma%20Glass%20Art%20Museum.jpg,36.4986944,138.9553889,Q11609528
1531,フェザーミュージアム,岐阜縣,公司博物館,4.0,100,公司博物館,Gifu Station,16.6,0.70,0.8000,1.0000,0.2314,0.7831,http://commons.wikimedia.org/wiki/Special:FilePath/Feather%20Museum%201.JPG,35.4835360,136.9151360,Q11294725
1580,關鍛冶傳承館,岐阜縣,博物館,4.0,100,博物館,Gifu Station,16.6,0.70,0.8000,1.0000,0.2314,0.7831,http://commons.wikimedia.org/wiki/Special:FilePath/Seki%20Sword%20Tradition%20Museum%201.JPG,35.4818140,136.9163920,Q11656463
1956,阿南市立阿波公方・民俗資料館,德島縣,博物館,4.0,100,博物館,Tokushima Station,16.6,0.70,0.8000,1.0000,0.2311,0.7831,http://commons.wikimedia.org/wiki/Special:FilePath/%E9%98%BF%E5%8D%97%E5%B8%82%E7%AB%8B%E9%98%BF%E6%B3%A2%E5%85%AC%E6%96%B9%20%E6%B0%91%E4%BF%97%E8%B3%87%E6%96%99%E9%A4%A8.jpg,33.9520278,134.6551389,Q65291911
501,江別市郷土資料館,北海道,地方文化館,4.0,100,地方文化館,Sapporo Station,16.8,0.70,0.8000,1.0000,0.2296,0.7830,http://commons.wikimedia.org/wiki/Special:FilePath/Ebetsu%20City%20Local%20Museum.JPG,43.1136111,141.5480556,Q85138042
1187,七濱國際村,宮城縣,音樂廳,4.0,100,音樂廳,Sendai Station,16.7,0.70,0.8000,1.0000,0.2303,0.7830,http://commons.wikimedia.org/wiki/Special:FilePath/Amphitheatre%20of%20Shichigahama%20Kokusai-mura%201.JPG,38.2983060,141.0675830,Q11353371
1587,輪中館・輪中生活館,岐阜縣,博物館,4.0,100,博物館,Gifu Station,16.7,0.70,0.8000,1.0000,0.2301,0.7830,,35.3293889,136.5997222,Q104840485
3005,酔鯨館,神奈川縣,美術館,4.0,100,美術館,Yokohama Station,16.7,0.70,0.8000,1.0000,0.2301,0.7830,http://commons.wikimedia.org/wiki/Special:FilePath/Suigeikan.jpg,35.3207778,139.5754167,Q11644400
3171,伊都團歷史博物館,福岡縣,考古博物館,4.0,100,考古博物館,Hakata Station,16.8,0.70,0.8000,1.0000,0.2298,0.7830,http://commons.wikimedia.org/wiki/Special:FilePath/Ito-koku-History-Museum.jpg,33.5362780,130.2517780,Q11380926
8,庄野宿資料館,三重縣,博物館,4.0,100,博物館,Tsu Station,16.8,0.70,0.8000,1.0000,0.2293,0.7829,,34.8845833,136.5256389,Q97178396
3003,川崎市冈本太郎美术馆,神奈川縣,人物紀念館,4.0,100,人物紀念館,Yokohama Station,16.8,0.70,0.8000,1.0000,0.2293,0.7829,http://commons.wikimedia.org/wiki/Special:FilePath/Taro%20Okamoto%20Museum5.jpg,35.6076000,139.5570000,Q7686506
3049,いすゞプラザ,神奈川縣,公司博物館,4.0,100,公司博物館,Yokohama Station,16.8,0.70,0.8000,1.0000,0.2293,0.7829,http://commons.wikimedia.org/wiki/Special:FilePath/Isuzu%20Plaza%202017%20March.jpg,35.3988889,139.4566667,Q30924159
3079,镰仓国宝馆,神奈川縣,市立博物館,4.0,100,市立博物館,Yokohama Station,16.8,0.70,0.8000,1.0000,0.2291,0.7829,http://commons.wikimedia.org/wiki/Special:FilePath/Kamakura%20Museum%20of%20National%20Treasures%20panoramic.jpg,35.3246670,139.5570360,Q3330314
47,大黒屋光太夫記念館,三重縣,人物紀念館,4.0,100,人物紀念館,Tsu Station,16.9,0.70,0.8000,1.0000,0.2282,0.7828,http://commons.wikimedia.org/wiki/Special:FilePath/Q97371578.jpg,34.8596235,136.6145457,Q97371578
696,船橋安徒生公園,千葉縣,公園,4.0,100,公園,Chiba Station,16.9,0.70,0.8000,1.0000,0.2281,0.7828,http://commons.wikimedia.org/wiki/Special:FilePath/Hunabashi%20Andersen%20Park%20Fusha.JPG,35.7599920,140.0629390,Q11277206
932,ジュピター,大分縣,木质过山车,4.0,100,木质过山车,Oita Station,16.9,0.70,0.8000,1.0000,0.2283,0.7828,http://commons.wikimedia.org/wiki/Special:FilePath/Jupiter%20roller%20coaster%20at%20Kijima%20Kogen.jpg,33.2616970,131.4280750,Q3190121
1009,生駒山上遊樂場,大阪府,主題樂園,4.0,100,主題樂園,Osaka Station,16.9,0.70,0.8000,1.0000,0.2281,0.7828,http://commons.wikimedia.org/wiki/Special:FilePath/Ikoma%20Hikoutou01.jpg,34.6795560,135.6788610,Q11574916
2116,体感！しだみ古墳群ミュージアム,愛知縣,考古博物館,4.0,100,考古博物館,Nagoya Station,16.9,0.70,0.8000,1.0000,0.2281,0.7828,http://commons.wikimedia.org/wiki/Special:FilePath/Shidami%20Kofungun%20Experience%20Museum%2C%20Kamishidami%20Moriyama%20Ward%20Nagoya%202019.jpg,35.2520500,137.0389900,Q62587911
2870,美秀美術館,滋賀縣,美術館,4.0,100,美術館,Otsu Station,16.9,0.70,0.8000,1.0000,0.2282,0.7828,http://commons.wikimedia.org/wiki/Special:FilePath/241119%20MIHO%20MUSEUM%20Koga%20Shiga%20pref%20Japan08s3.jpg,34.9159222,136.0158222,Q1268542
3084,神奈川縣立近代美術館,神奈川縣,都道府县立博物馆,4.0,100,都道府县立博物馆,Yokohama Station,16.9,0.70,0.8000,1.0000,0.2284,0.7828,http://commons.wikimedia.org/wiki/Special:FilePath/The%20Museum%20of%20Modern%20Art%2C%20Kamakura%202009.jpg,35.3246970,139.5547860,Q11589187
3117,日本民家園,神奈川縣,民家園,4.0,100,民家園,Yokohama Station,16.9,0.70,0.8000,1.0000,0.2283,0.7828,http://commons.wikimedia.org/wiki/Special:FilePath/Kawasaki%20Nihon%20Minkaen-3.jpg,35.6098989,139.5618904,Q1989934
3598,有島生馬記念館,長野縣,人物紀念館,4.0,100,人物紀念館,Nagano Station,16.9,0.70,0.8000,1.0000,0.2279,0.7828,http://commons.wikimedia.org/wiki/Special:FilePath/Arishima%20Ikuma%20Memorial%20Museum.jpg,36.5719444,138.0208889,Q85880990
3640,信州新町化石博物館,長野縣,古生物博物馆,4.0,100,古生物博物馆,Nagano Station,16.9,0.70,0.8000,1.0000,0.2281,0.7828,,36.5719910,138.0211950,Q137970363
3927,放流人偶館,鳥取縣,人形博物館,4.0,100,人形博物館,Tottori Station,16.9,0.70,0.8000,1.0000,0.2281,0.7828,http://commons.wikimedia.org/wiki/Special:FilePath/Nagashibinanoyakata-b.jpg,35.3431110,134.2018330,Q16900173
278,明石市立文化博物館,兵庫縣,文化博物館,4.0,100,文化博物館,Kobe Station,17.0,0.70,0.8000,1.0000,0.2272,0.7827,http://commons.wikimedia.org/wiki/Special:FilePath/Akashi%20City%20Museum%20of%20Culture%20Hyogo%20pref%20Japan01s3.jpg,34.6516667,134.9952778,Q11512517
459,ノースサファリサッポロ,北海道,違法建築物,4.0,100,違法建築物,Sapporo Station,17.1,0.70,0.8000,1.0000,0.2267,0.7827,http://commons.wikimedia.org/wiki/Special:FilePath/Enter%20front.JPG,42.9470280,141.2230280,Q11325868
2628,調布市武者小路実篤記念館,東京都,人物紀念館,4.0,100,人物紀念館,Tokyo Station,17.0,0.70,0.8000,1.0000,0.2272,0.7827,,35.6566890,139.5812970,Q104698117
3056,Kawakita Memorial Film Institute,神奈川縣,電影博物館,4.0,100,電影博物館,Yokohama Station,17.0,0.70,0.8000,1.0000,0.2271,0.7827,http://commons.wikimedia.org/wiki/Special:FilePath/Kawakita%20Filmmuseum%20in%20Kamakura.jpg,35.3242700,139.5525000,Q135456670
3160,越前和紙の里美術館,福井縣,美術館,4.0,100,美術館,Fukui Station,17.0,0.70,0.8000,1.0000,0.2272,0.7827,http://commons.wikimedia.org/wiki/Special:FilePath/%E8%B6%8A%E5%89%8D%E5%92%8C%E7%B4%99%E3%81%AE%E9%87%8C%E7%BE%8E%E8%A1%93%E9%A4%A8.jpg,35.9100680,136.2461390,Q122285338
935,城岛高原公园,大分縣,主題樂園,4.0,100,主題樂園,Oita Station,17.1,0.70,0.8000,1.0000,0.2263,0.7826,http://commons.wikimedia.org/wiki/Special:FilePath/Jupiter%20roller%20coaster%20at%20Kijima%20Kogen.jpg,33.2647220,131.4266940,Q3196520
1682,五流博物館,岡山縣,博物館,4.0,100,博物館,Okayama Station,17.1,0.70,0.8000,1.0000,0.2265,0.7826,,34.5368060,133.8188950,Q132603669
2033,愛知県立芸術大学芸術資料館,愛知縣,大學博物館,4.0,100,大學博物館,Nagoya Station,17.1,0.70,0.8000,1.0000,0.2260,0.7826,,35.1674750,137.0698030,Q11494298
2687,壬生町立歴史民俗資料館,栃木縣,地方文化館,4.0,100,地方文化館,Utsunomiya Station,17.1,0.70,0.8000,1.0000,0.2262,0.7826,,36.4284198,139.7980952,Q135975549
1215,高岡市伏木気象資料館,富山縣,氣象站,4.0,100,氣象站,Toyama Station,17.3,0.70,0.8000,1.0000,0.2245,0.7825,http://commons.wikimedia.org/wiki/Special:FilePath/%E9%AB%98%E5%B2%A1%E5%B8%82%E4%BC%8F%E6%9C%A8%E6%B0%97%E8%B1%A1%E8%B3%87%E6%96%99%E9%A4%A8%EF%BC%88%E6%97%A7%E4%BC%8F%E6%9C%A8%E6%B8%AC%E5%80%99%E6%89%80%EF%BC%8920240211-P1039017.jpg,36.7923608,137.0558113,Q30931030
2246,新潟市新津美術館,新潟縣,美術館,4.0,100,美術館,Niigata Station,17.2,0.70,0.8000,1.0000,0.2251,0.7825,http://commons.wikimedia.org/wiki/Special:FilePath/Niitsu%20Art%20Museum%20201905.jpg,37.7625280,139.1123610,Q17209769
2730,真岡市科学教育センター,栃木縣,科學博物館,4.0,100,科學博物館,Utsunomiya Station,17.2,0.70,0.8000,1.0000,0.2253,0.7825,http://commons.wikimedia.org/wiki/Special:FilePath/Moka%20City%20Science%20Education%20Center.jpg,36.4369556,140.0163944,Q111540683
3635,千曲市さらしなの里歴史資料館,長野縣,歷史博物館,4.0,100,歷史博物館,Nagano Station,17.2,0.70,0.8000,1.0000,0.2250,0.7825,,36.5003500,138.1136972,Q104710191
52,松阪市文化財センター,三重縣,博物館,4.0,100,博物館,Tsu Station,17.4,0.70,0.8000,1.0000,0.2237,0.7824,,34.5781610,136.5201920,Q132682299
758,印西市立印旛歴史民俗資料館,千葉縣,民俗博物館,4.0,100,民俗博物館,Chiba Station,17.3,0.70,0.8000,1.0000,0.2244,0.7824,,35.7625410,140.1669760,Q104696855
763,スポーツ資料館,千葉縣,博物館,4.0,100,博物館,Chiba Station,17.3,0.70,0.8000,1.0000,0.2242,0.7824,http://commons.wikimedia.org/wiki/Special:FilePath/Sports%20Museum%20%28Sakura%29%2001.jpg,35.7395580,140.2253940,Q131100659
1004,枚方公園,大阪府,動物園,4.0,100,動物園,Osaka Station,17.3,0.70,0.8000,1.0000,0.2238,0.7824,http://commons.wikimedia.org/wiki/Special:FilePath/Hirakata%20Park.jpg,34.8057778,135.6381306,Q302897
1343,美祢市立秋吉台科学博物館,山口縣,自然歷史博物館,4.0,100,自然歷史博物館,Yamaguchi Station,17.3,0.70,0.8000,1.0000,0.2240,0.7824,http://commons.wikimedia.org/wiki/Special:FilePath/Mine%20City%20Akiyoshidai%20Science%20Museum%20from%20Akiyoshidai%20Karst%20Observation%20Deck.jpg,34.2349970,131.3073450,Q131329041
3774,ディスカバリーパーク焼津天文科学館,靜岡縣,科學博物館,4.0,100,科學博物館,Shizuoka Station,17.4,0.70,0.8000,1.0000,0.2236,0.7824,http://commons.wikimedia.org/wiki/Special:FilePath/Discovery%20Park%20Yaizu.jpg,34.8228056,138.3315556,Q96965500
380,甲子園歷史館,兵庫縣,體育博物館,4.0,100,體育博物館,Kobe Station,17.4,0.70,0.8000,1.0000,0.2232,0.7823,http://commons.wikimedia.org/wiki/Special:FilePath/The%20Museum%20of%20Hanshin%20Koshien%20Stadium.jpg,34.7203944,135.3618056,Q10855326
2276,新潟県埋蔵文化財センター,新潟縣,埋藏文化財中心,4.0,100,埋藏文化財中心,Niigata Station,17.4,0.70,0.8000,1.0000,0.2229,0.7823,http://commons.wikimedia.org/wiki/Special:FilePath/Niigata%20Prefecture%20Archaeological%20Research%20Center%2C%20Japan%2C%20August%202022.jpg,37.7612500,139.1157500,Q85880606
2381,東映アニメーションミュージアム,東京都,博物館,4.0,100,博物館,Tokyo Station,17.4,0.70,0.8000,1.0000,0.2228,0.7823,http://commons.wikimedia.org/wiki/Special:FilePath/TOEI%20ANIMATION%20Oizumi%20Studio.JPG,35.7520278,139.5946667,Q18337440
3075,鎌倉歴史文化交流館,神奈川縣,地方文化館,4.0,100,地方文化館,Yokohama Station,17.4,0.70,0.8000,1.0000,0.2234,0.7823,http://commons.wikimedia.org/wiki/Special:FilePath/Kamakura%20Museum%20of%20History%20%26%20Culture%201.jpg,35.3223750,139.5476528,Q30932992
3646,鬼無里ふるさと資料館,長野縣,民俗博物館,4.0,100,民俗博物館,Nagano Station,17.4,0.70,0.8000,1.0000,0.2229,0.7823,http://commons.wikimedia.org/wiki/Special:FilePath/Kinasa%20Furusato%20Museum.jpg,36.6799620,137.9988790,Q138312306
9,松阪市立歴史民俗資料館,三重縣,地方文化館,4.0,100,地方文化館,Tsu Station,17.6,0.70,0.8000,1.0000,0.2216,0.7822,http://commons.wikimedia.org/wiki/Special:FilePath/Matsusaka%20City%20Museum%20of%20History%20and%20Folklore%202024-04%20ac%20%281%29.jpg,34.5766000,136.5258611,Q28068664
243,キッザニア甲子園,兵庫縣,主題公園,4.0,100,主題公園,Kobe Station,17.5,0.70,0.8000,1.0000,0.2224,0.7822,,34.7168611,135.3638611,Q5358677
370,JGA高爾夫球博物館,兵庫縣,體育博物館,4.0,100,體育博物館,Kobe Station,17.5,0.70,0.8000,1.0000,0.2223,0.7822,,34.7703889,135.0218611,Q11225764
1012,今城塚古墳公園,大阪府,考古学公園,4.0,100,考古学公園,Osaka Station,17.5,0.70,0.8000,1.0000,0.2222,0.7822,http://commons.wikimedia.org/wiki/Special:FilePath/Imashirozuka-kofun%20haniwa-1.JPG,34.8445000,135.5786000,Q61941295
1244,高岡市美術館,富山縣,美術館,4.0,100,美術館,Toyama Station,17.5,0.70,0.8000,1.0000,0.2221,0.7822,http://commons.wikimedia.org/wiki/Special:FilePath/Takaoka%20Art%20Museum%201-1.jpg,36.7512640,137.0265330,Q11669515
1458,関市立篠田桃紅美術空間,岐阜縣,美術館,4.0,100,美術館,Gifu Station,17.5,0.70,0.8000,1.0000,0.2219,0.7822,,35.4958030,136.9178940,Q11655772
1805,和鋼博物館,島根縣,博物館,4.0,100,博物館,Matsue Station,17.5,0.70,0.8000,1.0000,0.2222,0.7822,http://commons.wikimedia.org/wiki/Special:FilePath/Wak%C5%8D%20Museum.jpg,35.4352778,133.2536111,Q11418233
1844,海上保安資料館,廣島縣,海事博物館,4.0,100,海事博物館,Hiroshima Station,17.5,0.70,0.8000,1.0000,0.2223,0.7822,,34.2462250,132.5270970,Q15229355
3120,明治大学平和教育登戸研究所資料館,神奈川縣,博物館,4.0,100,博物館,Yokohama Station,17.5,0.70,0.8000,1.0000,0.2219,0.7822,,35.6113590,139.5470400,Q104708749
3411,原美術館ARC,群馬縣,博物馆建筑,4.0,100,博物馆建筑,Maebashi Station,17.5,0.70,0.8000,1.0000,0.2223,0.7822,http://commons.wikimedia.org/wiki/Special:FilePath/Haramuseumarc.JPG,36.5027700,138.9452800,Q60400398
57,サイトウミュージアム,三重縣,美術館,4.0,100,美術館,Tsu Station,17.6,0.70,0.8000,1.0000,0.2213,0.7821,,34.5767000,136.5303400,Q135284751
1113,喜多美術館,奈良縣,现代美术馆,4.0,100,现代美术馆,Nara Station,17.6,0.70,0.8000,1.0000,0.2210,0.7821,,34.5246100,135.8537720,Q123147258
1357,山形縣埋藏文化財中心,山形縣,埋藏文化財中心,4.0,100,埋藏文化財中心,Yamagata Station,17.7,0.70,0.8000,1.0000,0.2206,0.7821,,38.1179444,140.2128056,Q11468479
2767,沖縄市立郷土博物館,沖繩縣,市立博物館,4.0,100,市立博物館,Naha Bus Terminal,17.6,0.70,0.8000,1.0000,0.2214,0.7821,,26.3316140,127.7951660,Q127420567
7,本居宣長記念館,三重縣,人物紀念館,4.0,100,人物紀念館,Tsu Station,17.7,0.70,0.8000,1.0000,0.2201,0.7820,http://commons.wikimedia.org/wiki/Special:FilePath/Motoori%20Norinaga%20Kinenkan.jpg,34.5751420,136.5254960,Q122658429
975,アイセルシュラホール,大阪府,社區中心,4.0,100,社區中心,Osaka Station,17.8,0.70,0.8000,1.0000,0.2195,0.7820,http://commons.wikimedia.org/wiki/Special:FilePath/Aicelshurahall01%201024.jpg,34.5661194,135.5972306,Q11282212
2183,大口町歴史民俗資料館,愛知縣,博物館,4.0,100,博物館,Nagoya Station,17.7,0.70,0.8000,1.0000,0.2202,0.7820,http://commons.wikimedia.org/wiki/Special:FilePath/Oguchi%20town%20Health%20Culture%20Center%20ac%20%281%29.jpg,35.3283889,136.9100833,Q51742086
1216,高岡市立博物館,富山縣,市立博物館,4.0,100,市立博物館,Toyama Station,17.8,0.70,0.8000,1.0000,0.2191,0.7819,http://commons.wikimedia.org/wiki/Special:FilePath/%E9%AB%98%E5%B2%A1%E5%B8%82%E7%AB%8B%E5%8D%9A%E7%89%A9%E9%A4%A8.jpg,36.7464720,137.0210280,Q11669507
1852,ひろしまドッグぱーく,廣島縣,主題公園,4.0,100,主題公園,Hiroshima Station,17.9,0.70,0.8000,1.0000,0.2185,0.7819,,34.4136111,132.2813889,Q11276750
2359,三鷹之森吉卜力美術館,東京都,美術館,4.0,100,美術館,Tokyo Station,17.8,0.70,0.8000,1.0000,0.2189,0.7819,http://commons.wikimedia.org/wiki/Special:FilePath/Ghibli-museum-mitaka.jpg,35.6962330,139.5704310,Q947907
2539,成蹊学園史料館,東京都,教育博物館,4.0,100,教育博物館,Tokyo Station,17.8,0.70,0.8000,1.0000,0.2193,0.7819,,35.7104240,139.5732510,Q104698221
2746,沖縄こどもの国,沖繩縣,兒童國,4.0,100,兒童國,Naha Bus Terminal,17.8,0.70,0.8000,1.0000,0.2190,0.7819,http://commons.wikimedia.org/wiki/Special:FilePath/%E6%B2%96%E7%B8%84%E5%AD%90%E4%BE%9B%E3%81%AE%E5%9B%BD%20-%20panoramio.jpg,26.3278330,127.8034170,Q11552583
3256,安達ヶ原ふるさと村,福島縣,主題公園,4.0,100,主題公園,Fukushima Station,17.9,0.70,0.8000,1.0000,0.2188,0.7819,,37.5935833,140.4638056,Q65261124
3062,池子遺跡群資料館,神奈川縣,考古博物館,4.0,100,考古博物館,Yokohama Station,18.1,0.70,0.8000,1.0000,0.2167,0.7817,http://commons.wikimedia.org/wiki/Special:FilePath/Ikego%20Artifacts%20Museum%EF%BC%88%E6%B1%A0%E5%AD%90%E9%81%BA%E8%B7%A1%E7%BE%A4%E8%B3%87%E6%96%99%E9%A4%A8%EF%BC%89.jpg,35.3062778,139.5871944,Q108581210
693,八街市郷土資料館,千葉縣,地方文化館,4.0,100,地方文化館,Chiba Station,18.2,0.70,0.8000,1.0000,0.2159,0.7816,,35.6569444,140.3068056,Q110985523
694,保木美術館,千葉縣,美術館,4.0,100,美術館,Chiba Station,18.2,0.70,0.8000,1.0000,0.2157,0.7816,http://commons.wikimedia.org/wiki/Special:FilePath/Hoki%20museum%20outside%20front%20001.jpg,35.5220833,140.2798611,Q5878014
833,所泽航空发祥纪念馆,埼玉縣,航空博物館,4.0,100,航空博物館,Omiya Station,18.2,0.70,0.8000,1.0000,0.2156,0.7816,http://commons.wikimedia.org/wiki/Special:FilePath/Tokorozawa%20Aviation%20Museum%20in%20Koku-koen%20park%20060910.jpg,35.7989000,139.4720000,Q1041232
1032,堺市立みはら歴史博物館,大阪府,歷史博物館,4.0,100,歷史博物館,Osaka Station,18.2,0.70,0.8000,1.0000,0.2159,0.7816,,34.5479320,135.5599310,Q133261062
1221,高岡市万葉歴史館,富山縣,文學館,4.0,100,文學館,Toyama Station,18.2,0.70,0.8000,1.0000,0.2157,0.7816,,36.7955940,137.0461030,Q104708926
1772,宍道湖自然館Gobius,島根縣,水族館,4.0,100,水族館,Matsue Station,18.1,0.70,0.8000,1.0000,0.2161,0.7816,http://commons.wikimedia.org/wiki/Special:FilePath/Gobius%2C%20Izumo.jpg,35.4472222,132.8644444,Q47164008
2556,三鷹市山本有三紀念館,東京都,人物紀念館,4.0,100,人物紀念館,Tokyo Station,18.1,0.70,0.8000,1.0000,0.2162,0.7816,http://commons.wikimedia.org/wiki/Special:FilePath/Yuzo%20Yamamoto2.JPG,35.6995722,139.5676667,Q21019634
2789,エイサー会館,沖繩縣,博物館,4.0,100,博物館,Naha Bus Terminal,18.2,0.70,0.8000,1.0000,0.2160,0.7816,http://commons.wikimedia.org/wiki/Special:FilePath/%E3%82%A8%E3%82%A4%E3%82%B5%E3%83%BC%E4%BC%9A%E9%A4%A8%E5%85%A5%E5%8F%A3.jpg,26.3350970,127.7994290,Q132154132
2856,野洲市歴史民俗博物館,滋賀縣,歷史博物館,4.0,100,歷史博物館,Otsu Station,18.1,0.70,0.8000,1.0000,0.2162,0.7816,http://commons.wikimedia.org/wiki/Special:FilePath/Yasu%20City%20History%20and%20Folklore%20Museum%20ac%20%281%29.jpg,35.0726210,136.0448660,Q104720809
2955,ウルトラマンスタジアム,石川縣,主題公園,4.0,100,主題公園,Kanazawa Station,18.1,0.70,0.8000,1.0000,0.2161,0.7816,http://commons.wikimedia.org/wiki/Special:FilePath/Tedori%20Fish%20Land.jpg,36.4590830,136.5092500,Q11289253
2972,手取魚樂園,石川縣,主題樂園,4.0,100,主題樂園,Kanazawa Station,18.1,0.70,0.8000,1.0000,0.2161,0.7816,http://commons.wikimedia.org/wiki/Special:FilePath/Tedori%20Fish%20Land.jpg,36.4590830,136.5092500,Q11496930
3026,日産ヘリテージコレクション,神奈川縣,汽車博物館,4.0,100,汽車博物館,Yokohama Station,18.2,0.70,0.8000,1.0000,0.2158,0.7816,,35.4941790,139.4250340,Q39048210
3076,ふじさわ宿交流館,神奈川縣,游客中心,4.0,100,游客中心,Yokohama Station,18.1,0.70,0.8000,1.0000,0.2165,0.7816,http://commons.wikimedia.org/wiki/Special:FilePath/%E3%81%B5%E3%81%98%E3%81%95%E3%82%8F%E5%AE%BF%E4%BA%A4%E6%B5%81%E9%A4%A8.jpg,35.3465500,139.4873000,Q124956468
3594,中野市立博物館,長野縣,市立博物館,4.0,100,市立博物館,Nagano Station,18.2,0.70,0.8000,1.0000,0.2159,0.7816,,36.7500833,138.3425278,Q81383363
357,仁川百合野町地すべり資料館,兵庫縣,地質学博物館,4.0,100,地質学博物館,Kobe Station,18.3,0.70,0.8000,1.0000,0.2146,0.7815,http://commons.wikimedia.org/wiki/Special:FilePath/Nigawayurino-cho%20Jisuberi%20Shiryokan1.JPG,34.7731940,135.3426940,Q11376363
1689,備前長船刀劍博物館,岡山縣,博物館,4.0,100,博物館,Okayama Station,18.3,0.70,0.8000,1.0000,0.2148,0.7815,http://commons.wikimedia.org/wiki/Special:FilePath/Bizen-Osafune-Sword-Museum.jpg,34.7216670,134.1069440,Q11387350
3511,远藤周作文学馆,長崎縣,人物紀念館,4.0,100,人物紀念館,Nagasaki Station,18.3,0.70,0.8000,1.0000,0.2150,0.7815,http://commons.wikimedia.org/wiki/Special:FilePath/Shusaku%20Endo%20Literary%20Museum.jpg,32.8358650,129.7026930,Q93429
1268,秋吉台サファリランド,山口縣,野生动物园,4.0,100,野生动物园,Yamaguchi Station,18.4,0.70,0.8000,1.0000,0.2141,0.7814,http://commons.wikimedia.org/wiki/Special:FilePath/Baison%20%E3%82%A2%E3%83%A1%E3%83%AA%E3%82%AB%E3%83%90%E3%82%A4%E3%82%BD%E3%83%B3%E3%81%A8%E3%83%96%E3%83%A9%E3%83%83%E3%82%AF%E3%83%90%E3%83%83%E3%82%AF%E3%81%AE%E7%BE%A4%E3%82%8C.jpg,34.2843056,131.3328889,Q11594892
1888,厳島神社宝物館,廣島縣,宝物館,4.0,100,宝物館,Hiroshima Station,18.4,0.70,0.8000,1.0000,0.2140,0.7814,http://commons.wikimedia.org/wiki/Special:FilePath/Miyajima%2020170125-2.jpg,34.2948670,132.3187410,Q133290175
2454,中近東文化センター,東京都,研究機構,4.0,100,研究機構,Tokyo Station,18.4,0.70,0.8000,1.0000,0.2137,0.7814,http://commons.wikimedia.org/wiki/Special:FilePath/The%20Middle%20Eastern%20Culture%20Center%20in%20Japan.JPG,35.6897790,139.5637320,Q30266382
3038,镰仓文学馆,神奈川縣,历史房屋博物馆,4.0,100,历史房屋博物馆,Yokohama Station,18.4,0.70,0.8000,1.0000,0.2138,0.7814,http://commons.wikimedia.org/wiki/Special:FilePath/Literature%20Museum%20kamakura.jpg,35.3156000,139.5389444,Q5214583
3042,理科HOUSE,神奈川縣,科學博物館,4.0,100,科學博物館,Yokohama Station,18.4,0.70,0.8000,1.0000,0.2137,0.7814,,35.3027222,139.5918056,Q11573589
3375,竹久夢二伊香保記念館,群馬縣,人物紀念館,4.0,100,人物紀念館,Maebashi Station,18.4,0.70,0.8000,1.0000,0.2140,0.7814,http://commons.wikimedia.org/wiki/Special:FilePath/Takehisa%20Yumeji%20Ikaho%20Art%20Museum.JPG,36.4997222,138.9269444,Q30933837
3618,中山晋平紀念館,長野縣,人物紀念館,4.0,100,人物紀念館,Nagano Station,18.4,0.70,0.8000,1.0000,0.2138,0.7814,http://commons.wikimedia.org/wiki/Special:FilePath/Nakayama%20Shinpei%20Memorial%20Hall.jpg,36.7210050,138.3705310,Q84221487
3853,鎌田共済会郷土博物館,香川縣,地方文化館,4.0,100,地方文化館,Takamatsu Station,18.3,0.70,0.8000,1.0000,0.2142,0.7814,http://commons.wikimedia.org/wiki/Special:FilePath/Kamada%20Foundation%20Museum%202021-08%20ac%20%281%29.jpg,34.3133060,133.8520170,Q11651034
296,神戶市立水果花園,兵庫縣,主題公園,4.0,100,主題公園,Kobe Station,18.5,0.70,0.8000,1.0000,0.2125,0.7813,http://commons.wikimedia.org/wiki/Special:FilePath/Fruit%20Flower%20Park.jpg,34.8457222,135.1917500,Q11589937
1098,茶房長谷路,奈良縣,餐館,4.0,100,餐館,Nara Station,18.4,0.70,0.8000,1.0000,0.2135,0.7813,http://commons.wikimedia.org/wiki/Special:FilePath/Haseji%20Sakurai%20Nara%20pref%20Japan01s3.jpg,34.5312778,135.9063056,Q11617979
1226,早月川河川敷の水溜り,富山縣,河跡湖,4.0,100,河跡湖,Toyama Station,18.5,0.70,0.8000,1.0000,0.2127,0.7813,,36.7993028,137.3811250,Q79462052
1348,大江町歷史民俗資料館,山形縣,博物館,4.0,100,博物館,Yamagata Station,18.5,0.70,0.8000,1.0000,0.2131,0.7813,,38.3794917,140.1966667,Q28690500
1898,宮島歴史民俗資料館,廣島縣,博物館,4.0,100,博物館,Hiroshima Station,18.4,0.70,0.8000,1.0000,0.2135,0.7813,,34.2954410,132.3173230,Q116764321
1929,阿南市科学センター,德島縣,科學博物館,4.0,100,科學博物館,Tokushima Station,18.4,0.70,0.8000,1.0000,0.2135,0.7813,,33.9488610,134.6816940,Q11657295
2509,むいから民家園,東京都,民家園,4.0,100,民家園,Tokyo Station,18.5,0.70,0.8000,1.0000,0.2126,0.7813,,35.6327900,139.5709700,Q17216772
2768,ヒストリート,沖繩縣,歷史博物館,4.0,100,歷史博物館,Naha Bus Terminal,18.5,0.70,0.8000,1.0000,0.2131,0.7813,http://commons.wikimedia.org/wiki/Special:FilePath/Histreet2018.jpg,26.3376110,127.8009720,Q17989733
3947,姶良市歴史民俗資料館,鹿兒島縣,歷史博物館,4.0,100,歷史博物館,Kagoshima-Chuo Station,18.5,0.70,0.8000,1.0000,0.2128,0.7813,http://commons.wikimedia.org/wiki/Special:FilePath/Aira%20City%20History%20Folklore%20Museum%202025.jpg,31.7310930,130.6315340,Q138314022
1841,宫岛水族馆,廣島縣,水族館,4.0,100,水族館,Hiroshima Station,18.6,0.70,0.8000,1.0000,0.2121,0.7812,http://commons.wikimedia.org/wiki/Special:FilePath/Miyajima%20Public%20Aquarium%2020170310.jpg,34.2953920,132.3153560,Q6764196
2235,中野邸記念館,新潟縣,历史房屋博物馆,4.0,100,历史房屋博物馆,Niigata Station,18.6,0.70,0.8000,1.0000,0.2121,0.7812,,37.7502500,139.1142220,Q17227042
293,NESTA RESORT KOBE,兵庫縣,主題公園,4.0,100,主題公園,Kobe Station,18.7,0.70,0.8000,1.0000,0.2111,0.7811,,34.8165278,135.0596389,Q27824205
1483,大垣市歴史民俗資料館,岐阜縣,民俗博物館,4.0,100,民俗博物館,Gifu Station,18.7,0.70,0.8000,1.0000,0.2110,0.7811,http://commons.wikimedia.org/wiki/Special:FilePath/%E5%A4%A7%E5%9E%A3%E5%B8%82%E6%AD%B4%E5%8F%B2%E6%B0%91%E4%BF%97%E8%B3%87%E6%96%99%E9%A4%A8.jpg,35.3859722,136.5520139,Q48746221
2118,菓子之城,愛知縣,主題公園,4.0,100,主題公園,Nagoya Station,18.7,0.70,0.8000,1.0000,0.2106,0.7811,http://commons.wikimedia.org/wiki/Special:FilePath/The%20Sweet%20Castle%20in%20Aichi.JPG,35.3332330,136.9372440,Q11263435
2163,JR東海 超伝導リニア館,愛知縣,パビリオン,4.0,100,パビリオン,Nagoya Station,18.6,0.70,0.8000,1.0000,0.2115,0.7811,http://commons.wikimedia.org/wiki/Special:FilePath/JR%20Central%20Pavilion.jpg,35.1762833,137.0864806,Q56702311
3144,坂井市龍翔博物館,福井縣,地方文化館,4.0,100,地方文化館,Fukui Station,18.7,0.70,0.8000,1.0000,0.2107,0.7811,http://commons.wikimedia.org/wiki/Special:FilePath/Mikuni-ryushokan05b4592.jpg,36.2199530,136.1512940,Q11278809
1088,香芝市二上山博物館,奈良縣,博物館,4.0,100,博物館,Nara Station,18.8,0.70,0.8000,1.0000,0.2097,0.7810,,34.5425630,135.6991780,Q104721841
1889,海上自衛隊吳史料館,廣島縣,博物館,4.0,100,博物館,Hiroshima Station,18.8,0.70,0.8000,1.0000,0.2103,0.7810,http://commons.wikimedia.org/wiki/Special:FilePath/JMSDF-KureMuseum.jpg,34.2422222,132.5553889,Q3805303
2573,NTT技術史料館,東京都,科技博物館,4.0,100,科技博物館,Tokyo Station,18.8,0.70,0.8000,1.0000,0.2105,0.7810,http://commons.wikimedia.org/wiki/Special:FilePath/NTT%20History%20Center%20of%20Technologies.JPG,35.7194278,139.5647667,Q20043894
1217,蜃景樂園,富山縣,主題樂園,4.0,100,主題樂園,Toyama Station,18.9,0.70,0.8000,1.0000,0.2092,0.7809,http://commons.wikimedia.org/wiki/Special:FilePath/Mirage%20Land.jpg,36.8000000,137.3858333,Q11342840
1234,魚津水族館,富山縣,水族館,4.0,100,水族館,Toyama Station,19.0,0.70,0.8000,1.0000,0.2087,0.7809,http://commons.wikimedia.org/wiki/Special:FilePath/UOZU%20AQUARIUM.jpg,36.7983890,137.3881500,Q11674044
1849,吳市海事歷史科學館,廣島縣,歷史博物館,4.0,100,歷史博物館,Hiroshima Station,18.9,0.70,0.8000,1.0000,0.2092,0.7809,http://commons.wikimedia.org/wiki/Special:FilePath/Yamato%20Museum%20in%20October%202008.JPG,34.2411361,132.5558056,Q1063071
2079,青春の丘,愛知縣,主題公園,4.0,100,主題公園,Nagoya Station,18.9,0.70,0.8000,1.0000,0.2093,0.7809,http://commons.wikimedia.org/wiki/Special:FilePath/%E3%82%B8%E3%83%96%E3%83%AA%E3%83%91%E3%83%BC%E3%82%AF%E9%9D%92%E6%98%A5%E3%81%AE%E4%B8%98.jpg,35.1755346,137.0892795,Q114981551
2094,吉卜力公園,愛知縣,主題公園,4.0,100,主題公園,Nagoya Station,18.9,0.70,0.8000,1.0000,0.2090,0.7809,http://commons.wikimedia.org/wiki/Special:FilePath/Satsuki%20and%20Mei%E2%80%99s%20House%20from%20observation%20platform%20-%201.jpg,35.1727778,137.0897222,Q97125735
3421,みどり市大間々博物館,群馬縣,博物館,4.0,100,博物館,Maebashi Station,19.0,0.70,0.8000,1.0000,0.2085,0.7809,http://commons.wikimedia.org/wiki/Special:FilePath/Conodont%20Museum%201.jpg,36.4352780,139.2746390,Q122817314
3426,安中市学習の森　ふるさと学習館,群馬縣,博物館,4.0,100,博物館,Maebashi Station,18.9,0.70,0.8000,1.0000,0.2088,0.7809,,36.2917990,138.8943030,Q104696776
3489,ドロ神父記念館,長崎縣,纪念博物馆,4.0,100,纪念博物馆,Nagasaki Station,18.9,0.70,0.8000,1.0000,0.2095,0.7809,,32.8439444,129.7009167,Q107323093
3516,外海歴史民俗資料館,長崎縣,博物館,4.0,100,博物館,Nagasaki Station,18.9,0.70,0.8000,1.0000,0.2092,0.7809,http://commons.wikimedia.org/wiki/Special:FilePath/%E5%A4%96%E6%B5%B7%E6%AD%B4%E5%8F%B2%E6%B0%91%E4%BF%97%E8%B3%87%E6%96%99%E9%A4%A8%2001.jpg,32.8427280,129.6996600,Q123517238
205,頴川美術館,兵庫縣,美術館,4.0,100,美術館,Kobe Station,19.0,0.70,0.8000,1.0000,0.2079,0.7808,http://commons.wikimedia.org/wiki/Special:FilePath/Egawa%20Art%20Museum.jpg,34.7668890,135.3573610,Q11664968
1040,高槻市立今城塚古代歴史館,大阪府,博物館,4.0,100,博物館,Osaka Station,19.0,0.70,0.8000,1.0000,0.2082,0.7808,http://commons.wikimedia.org/wiki/Special:FilePath/Imasirotuka-museum%2001.jpg,34.8524350,135.5960140,Q11376793
2099,魔女の谷,愛知縣,主題公園,4.0,100,主題公園,Nagoya Station,19.1,0.70,0.8000,1.0000,0.2079,0.7808,http://commons.wikimedia.org/wiki/Special:FilePath/Valley%20of%20Witches%20under%20construction%20-%203.jpg,35.1738889,137.0911111,Q124344329
2281,佐潟水鳥・湿地センター,新潟縣,自然中心,4.0,100,自然中心,Niigata Station,19.0,0.70,0.8000,1.0000,0.2081,0.7808,,37.8190180,138.8799150,Q132160355
3142,金津創作の森,福井縣,美術館,4.0,100,美術館,Fukui Station,19.1,0.70,0.8000,1.0000,0.2077,0.7808,http://commons.wikimedia.org/wiki/Special:FilePath/Kanaz%20Forest%20of%20Creation.JPG,36.2306667,136.2612222,Q11647566
3434,茨城県陶芸美術館,茨城縣,陶瓷博物館,4.0,100,陶瓷博物館,Mito Station,19.1,0.70,0.8000,1.0000,0.2078,0.7808,http://commons.wikimedia.org/wiki/Special:FilePath/Ibaraki%20Ceramic%20Art%20Museum.JPG,36.3723130,140.2631650,Q132183583
1806,出雲松鼠之丘,島根縣,主題公園,4.0,100,主題公園,Matsue Station,19.1,0.70,0.8000,1.0000,0.2072,0.7807,,35.3866390,132.8749720,Q11395835
2175,知多市歴史民俗博物館,愛知縣,民俗博物館,4.0,100,民俗博物館,Nagoya Station,19.1,0.70,0.8000,1.0000,0.2071,0.7807,http://commons.wikimedia.org/wiki/Special:FilePath/Chita%20Museum%20of%20History%20and%20Folklore.jpg,34.9991440,136.8680190,Q11584546
3393,岩宿博物館,群馬縣,考古博物館,4.0,100,考古博物館,Maebashi Station,19.1,0.70,0.8000,1.0000,0.2073,0.7807,http://commons.wikimedia.org/wiki/Special:FilePath/Iwajuku%20Museum%202.jpg,36.3988780,139.2853150,Q120754528
3869,天使之路,香川縣,沙洲,4.0,100,沙洲,Takamatsu Station,19.2,0.70,0.8000,1.0000,0.2067,0.7807,http://commons.wikimedia.org/wiki/Special:FilePath/Angel%20Road%20Shodo%20Island%20Japan01s3.jpg,34.4772220,134.1885560,Q11291322
3878,龍河洞博物館,高知縣,考古博物館,4.0,100,考古博物館,Kochi Station,19.1,0.70,0.8000,1.0000,0.2071,0.7807,http://commons.wikimedia.org/wiki/Special:FilePath/Kami%20Kochi%20Ryugado%20Museum%201.JPG,33.6038060,133.7451180,Q123527573
1790,加納美術館,島根縣,美術館,4.0,100,美術館,Matsue Station,19.3,0.70,0.8000,1.0000,0.2061,0.7806,,35.3062782,133.1513062,Q11398790
1800,メテオプラザ,島根縣,入浴施設,4.0,100,入浴施設,Matsue Station,19.2,0.70,0.8000,1.0000,0.2063,0.7806,http://commons.wikimedia.org/wiki/Special:FilePath/Meteo%20Plaza%20ac.jpg,35.5713720,133.2303210,Q132444909
1865,呉市立美術館,廣島縣,美術館,4.0,100,美術館,Hiroshima Station,19.3,0.70,0.8000,1.0000,0.2057,0.7806,http://commons.wikimedia.org/wiki/Special:FilePath/Kure%20Municipal%20Museum%20of%20Art%20Annex.JPG,34.2400000,132.5636111,Q11416750
1896,入船山記念館,廣島縣,博物館,4.0,100,博物館,Hiroshima Station,19.3,0.70,0.8000,1.0000,0.2058,0.7806,http://commons.wikimedia.org/wiki/Special:FilePath/%E5%85%A5%E8%88%B9%E5%B1%B1%E7%B4%80%E5%BF%B5%E9%A4%A8%20%2848118220931%29.jpg,34.2402780,132.5638890,Q11389025
1935,大塚國際美術館,德島縣,美術館,4.0,100,美術館,Tokushima Station,19.3,0.70,0.8000,1.0000,0.2055,0.7806,http://commons.wikimedia.org/wiki/Special:FilePath/The%20Otsuka%20Museum%20of%20Art01s3200.jpg,34.2324000,134.6380000,Q3329659
2117,どんどこ森,愛知縣,主題公園,4.0,100,主題公園,Nagoya Station,19.3,0.70,0.8000,1.0000,0.2060,0.7806,http://commons.wikimedia.org/wiki/Special:FilePath/Satsuki%20and%20Mei%E2%80%99s%20House%20from%20observation%20platform%20-%201.jpg,35.1698260,137.0935250,Q114981552
2133,もののけの里,愛知縣,主題公園,4.0,100,主題公園,Nagoya Station,19.3,0.70,0.8000,1.0000,0.2061,0.7806,http://commons.wikimedia.org/wiki/Special:FilePath/Entrance%20of%20Mononoke%20Village%20-%201.jpg,35.1763889,137.0933333,Q134425023
3223,五郎山古墳館,福岡縣,考古博物館,4.0,100,考古博物館,Hakata Station,19.2,0.70,0.8000,1.0000,0.2065,0.7806,http://commons.wikimedia.org/wiki/Special:FilePath/Gorouyama-kohun-kan.JPG,33.4515320,130.5444300,Q118334339
199,多久市郷土資料館,佐賀縣,地方文化館,4.0,100,地方文化館,Saga Station,19.4,0.70,0.8000,1.0000,0.2045,0.7805,,33.2572800,130.0882900,Q123516469
1016,高槻市立歴史民俗資料館,大阪府,历史房屋博物馆,4.0,100,历史房屋博物馆,Osaka Station,19.4,0.70,0.8000,1.0000,0.2049,0.7805,http://commons.wikimedia.org/wiki/Special:FilePath/Takatsuki-archives-museum%200.jpg,34.8425340,135.6225730,Q11670799
1049,柏原市立歴史資料館,大阪府,歷史博物館,4.0,100,歷史博物館,Osaka Station,19.4,0.70,0.8000,1.0000,0.2047,0.7805,http://commons.wikimedia.org/wiki/Special:FilePath/Kshiwara%20shiritsu%20rekishi%20siryokan.jpg,34.5733650,135.6389680,Q117686603
1239,砺波市埋蔵文化財センター,富山縣,埋藏文化財中心,4.0,100,埋藏文化財中心,Toyama Station,19.4,0.70,0.8000,1.0000,0.2048,0.7805,,36.6359722,137.0111944,Q126116503
1429,精進の大スギ,山梨縣,神木,4.0,100,神木,Kofu Station,19.3,0.70,0.8000,1.0000,0.2054,0.7805,http://commons.wikimedia.org/wiki/Special:FilePath/Shoji%27s%20Big%20Cedar%20A.jpg,35.4963333,138.6090556,Q65278116
3136,かこさとし ふるさと絵本館「砳」,福井縣,繪本博物館,4.0,100,繪本博物館,Fukui Station,19.4,0.70,0.8000,1.0000,0.2049,0.7805,http://commons.wikimedia.org/wiki/Special:FilePath/Kako%20Satoshi%20Furusato%20Ehonkan%20exterior%20ac%20%281%29.jpg,35.8959167,136.1569444,Q55869477
3858,小豆島尾崎放哉記念館,香川縣,人物紀念館,4.0,100,人物紀念館,Takamatsu Station,19.4,0.70,0.8000,1.0000,0.2047,0.7805,http://commons.wikimedia.org/wiki/Special:FilePath/Shodoshima%20Hosai%20Ozaki%20Memorial%20Museum02s3.jpg,34.4815000,134.1867500,Q11463798
951,三麗鷗和諧樂園,大分縣,主題公園,4.0,100,主題公園,Oita Station,19.6,0.70,0.8000,1.0000,0.2036,0.7804,http://commons.wikimedia.org/wiki/Special:FilePath/Harmony%20Land%2001.jpg,33.4016190,131.5465690,Q11327370
1178,マリンピア松島水族館,宮城縣,水族館,4.0,100,水族館,Sendai Station,19.5,0.70,0.8000,1.0000,0.2037,0.7804,http://commons.wikimedia.org/wiki/Special:FilePath/Matsushima%20Suizokukan%202008-07.jpg,38.3675560,141.0598330,Q11341120
1851,海の見える杜美術館,廣島縣,美術館,4.0,100,美術館,Hiroshima Station,19.6,0.70,0.8000,1.0000,0.2036,0.7804,http://commons.wikimedia.org/wiki/Special:FilePath/Uminomierumori-bijutsukan.jpg,34.3267780,132.2802780,Q11558629
3432,笠間日動美術館,茨城縣,美術館,4.0,100,美術館,Mito Station,19.5,0.70,0.8000,1.0000,0.2037,0.7804,http://commons.wikimedia.org/wiki/Special:FilePath/Kasama%20Nichido%20Museum%20Main%20Building.jpg,36.3844600,140.2584400,Q11599987
1036,高槻市立しろあと歴史館,大阪府,歷史博物館,4.0,100,歷史博物館,Osaka Station,19.6,0.70,0.8000,1.0000,0.2032,0.7803,http://commons.wikimedia.org/wiki/Special:FilePath/Takatsuki-siroato-museum.jpg,34.8447090,135.6228870,Q11670762
1044,高槻市立埋蔵文化財調査センター,大阪府,埋藏文化財中心,4.0,100,埋藏文化財中心,Osaka Station,19.7,0.70,0.8000,1.0000,0.2026,0.7803,http://commons.wikimedia.org/wiki/Special:FilePath/150118Archaeological%20Research%20Center%20of%20Takatsuki%20City%20Osaka%20pref%20Japan01n.jpg,34.8623700,135.5882460,Q11670779
1436,芦安温泉,山梨縣,温泉镇,4.0,100,温泉镇,Kofu Station,19.7,0.70,0.8000,1.0000,0.2028,0.7803,,35.6245290,138.3572360,Q108661147
1911,德島縣立大鳴門橋架橋紀念館,德島縣,觀景台,4.0,100,觀景台,Tokushima Station,19.7,0.70,0.8000,1.0000,0.2027,0.7803,http://commons.wikimedia.org/wiki/Special:FilePath/EDDY02s3872.jpg,34.2349170,134.6401390,Q11489920
2065,三岸節子紀念美術館,愛知縣,美術館,4.0,100,美術館,Nagoya Station,19.6,0.70,0.8000,1.0000,0.2031,0.7803,http://commons.wikimedia.org/wiki/Special:FilePath/MIGISHI%20Setsuko%20Memorial%20Museum%2020161009.jpg,35.3081580,136.7458470,Q11355204
3832,妖怪美術館,香川縣,美術館,4.0,100,美術館,Takamatsu Station,19.6,0.70,0.8000,1.0000,0.2029,0.7803,http://commons.wikimedia.org/wiki/Special:FilePath/Yokaiartmuseum%2001.jpg,34.4846300,134.1860400,Q124963564
520,いしかり砂丘の風資料館,北海道,地方文化館,4.0,100,地方文化館,Sapporo Station,19.8,0.70,0.8000,1.0000,0.2020,0.7802,http://commons.wikimedia.org/wiki/Special:FilePath/Ishikari%20Sakyu-no-Kaze%20Museum.jpg,43.2463610,141.3502500,Q64143355
734,浦安市鄉土博物館,千葉縣,地方文化館,4.0,100,地方文化館,Chiba Station,19.7,0.70,0.8000,1.0000,0.2022,0.7802,http://commons.wikimedia.org/wiki/Special:FilePath/Urayasu-kyodo-museum.JPG,35.6552222,139.9010833,Q11558212
1053,生命誌研究館,大阪府,研究機構,4.0,100,研究機構,Osaka Station,19.8,0.70,0.8000,1.0000,0.2015,0.7802,http://commons.wikimedia.org/wiki/Special:FilePath/Biohistory-Museums.jpg,34.8534660,135.6110860,Q1451498
1609,倉敷市真備ふるさと歴史館,岡山縣,地方文化館,4.0,100,地方文化館,Okayama Station,19.8,0.70,0.8000,1.0000,0.2019,0.7802,http://commons.wikimedia.org/wiki/Special:FilePath/Kurashiki%20City%20Mabi%20hometown%20History%20Museum.jpg,34.6460000,133.7039720,Q117360434
1909,エスカヒル鳴門,德島縣,電扶梯,4.0,100,電扶梯,Tokushima Station,19.7,0.70,0.8000,1.0000,0.2021,0.7802,http://commons.wikimedia.org/wiki/Special:FilePath/Eskahill%20Naruto01s3200.jpg,34.2358056,134.6399167,Q56034443
2145,愛知縣立陶瓷博物館,愛知縣,都道府县立博物馆,4.0,100,都道府县立博物馆,Nagoya Station,19.8,0.70,0.8000,1.0000,0.2020,0.7802,http://commons.wikimedia.org/wiki/Special:FilePath/Aichi%20Prefectural%20Ceramic%20Museum-01.jpg,35.1858333,137.0980556,Q4696582
2208,みよし市立歴史民俗資料館,愛知縣,博物館,4.0,100,博物館,Nagoya Station,19.8,0.70,0.8000,1.0000,0.2016,0.7802,http://commons.wikimedia.org/wiki/Special:FilePath/Miyoshi%20City%20History%20and%20Folklore%20Museum%20ac%20%281%29.jpg,35.0877500,137.0740278,Q83401281
3786,千貫堤・瀬戸染飯伝承館,靜岡縣,地方文化館,4.0,100,地方文化館,Shizuoka Station,19.8,0.70,0.8000,1.0000,0.2020,0.7802,http://commons.wikimedia.org/wiki/Special:FilePath/%E5%8D%83%E8%B2%AB%E5%A0%A4%E3%83%BB%E7%80%AC%E6%88%B8%E6%9F%93%E9%A3%AF%E4%BC%9D%E6%89%BF%E9%A4%A8.jpg,34.8451944,138.2366944,Q106729157
4,鈴鹿市考古博物館,三重縣,考古博物館,4.0,100,考古博物館,Tsu Station,19.9,0.70,0.8000,1.0000,0.2010,0.7801,http://commons.wikimedia.org/wiki/Special:FilePath/Suzuka%20Municipal%20Museum%20of%20Archaeology%20gaikan.JPG,34.9070730,136.5645640,Q104720761
204,ニジゲンノモリ,兵庫縣,主題樂園,4.0,100,主題樂園,Kobe Station,19.9,0.70,0.8000,1.0000,0.2011,0.7801,,34.5749029,135.0020789,Q130563661
709,千葉縣立現代產業科學館,千葉縣,科技博物館,4.0,100,科技博物館,Chiba Station,19.8,0.70,0.8000,1.0000,0.2014,0.7801,http://commons.wikimedia.org/wiki/Special:FilePath/Chiba%20Museum%20of%20Science%20and%20Industry.jpg,35.7150000,139.9327778,Q5095308
875,八潮市立資料館,埼玉縣,市立博物館,4.0,100,市立博物館,Omiya Station,19.8,0.70,0.8000,1.0000,0.2014,0.7801,,35.8268056,139.8209167,Q101456044
1421,西湖的療癒之里根場,山梨縣,民家園,4.0,100,民家園,Kofu Station,19.9,0.70,0.8000,1.0000,0.2008,0.7801,http://commons.wikimedia.org/wiki/Special:FilePath/Iyashinosato%20village%2004.jpg,35.5050000,138.6615000,Q11629111
1673,倉敷埋蔵文化財センター,岡山縣,埋藏文化財中心,4.0,100,埋藏文化財中心,Okayama Station,19.9,0.70,0.8000,1.0000,0.2008,0.7801,,34.5366770,133.7691350,Q132912547
2995,山内龍雄芸術館,神奈川縣,人物紀念館,4.0,100,人物紀念館,Yokohama Station,19.8,0.70,0.8000,1.0000,0.2012,0.7801,http://commons.wikimedia.org/wiki/Special:FilePath/%E5%B1%B1%E5%86%85%E9%BE%8D%E9%9B%84%E8%8A%B8%E8%A1%93%E9%A4%A8%E3%81%AE%E5%A4%96%E8%A6%B3.jpg,35.3420278,139.4653889,Q24876689
3549,袋屋美術館,長野縣,人物紀念館,4.0,100,人物紀念館,Nagano Station,19.8,0.70,0.8000,1.0000,0.2014,0.7801,http://commons.wikimedia.org/wiki/Special:FilePath/%E8%A2%8B%E5%B1%8B%E7%BE%8E%E8%A1%93%E9%A4%A8%EF%BC%882020-2-21%EF%BC%89.jpg,36.7454722,138.3708056,Q86743350
3582,黒姫童話館,長野縣,文學館,4.0,100,文學館,Nagano Station,19.9,0.70,0.8000,1.0000,0.2005,0.7801,http://commons.wikimedia.org/wiki/Special:FilePath/230807%20Kurohime%20Fairy%20Tale%20Museum%20Shinano%20Nagano%20pref%20Japan05s3.jpg,36.8215000,138.1678333,Q11678081
3665,中野陣屋·縣廳紀念館,長野縣,博物館,4.0,100,博物館,Nagano Station,19.9,0.70,0.8000,1.0000,0.2007,0.7801,http://commons.wikimedia.org/wiki/Special:FilePath/Nakano%20Jin%27ya.jpg,36.7446389,138.3726667,Q85875606
361,名塩和紙学習館,兵庫縣,紙博物館,4.0,100,紙博物館,Kobe Station,20.1,0.70,0.8000,1.0000,0.1995,0.7800,http://commons.wikimedia.org/wiki/Special:FilePath/Najio%20Japanese%20Paper%20Making%20Learning%20Center.jpg,34.8304167,135.2983333,Q30932672
917,坂戸市立歴史民俗資料館,埼玉縣,博物館,4.0,100,博物館,Omiya Station,20.0,0.70,0.8000,1.0000,0.1999,0.7800,,35.9766190,139.4194060,Q104696838
994,あくあぴあ芥川,大阪府,水族館,4.0,100,水族館,Osaka Station,20.0,0.70,0.8000,1.0000,0.2000,0.7800,http://commons.wikimedia.org/wiki/Special:FilePath/Aquapia%20Akutagawa01s3s4500.jpg,34.8641110,135.5921110,Q11257046
1652,倉敷科学センター,岡山縣,科學博物館,4.0,100,科學博物館,Okayama Station,20.0,0.70,0.8000,1.0000,0.2002,0.7800,,34.5356450,133.7691420,Q132642666
1916,阿波市立土成歴史館,德島縣,歷史博物館,4.0,100,歷史博物館,Tokushima Station,19.9,0.70,0.8000,1.0000,0.2005,0.7800,,34.1149444,134.3400833,Q48759843
2192,一宮市尾西歴史民俗資料館,愛知縣,博物館,4.0,100,博物館,Nagoya Station,20.0,0.70,0.8000,1.0000,0.2003,0.7800,http://commons.wikimedia.org/wiki/Special:FilePath/Bisai%20Museum%20of%20History%20and%20Folklore%2003.JPG,35.3057750,136.7364750,Q41530475
3009,中村正義の美術館,神奈川縣,美術館,4.0,100,美術館,Yokohama Station,20.0,0.70,0.8000,1.0000,0.2000,0.7800,,35.6225000,139.5133333,Q127432181
3059,ポケパーク カントー,神奈川縣,主題公園,4.0,100,主題公園,Yokohama Station,20.0,0.70,0.8000,1.0000,0.1999,0.7800,,35.6257458,139.5204260,Q132181320
3588,高野辰之記念館,長野縣,人物紀念館,4.0,100,人物紀念館,Nagano Station,20.0,0.70,0.8000,1.0000,0.1998,0.7800,http://commons.wikimedia.org/wiki/Special:FilePath/Takano%20Tatsuyuki%20Memorial%20Hall%202.jpg,36.7957500,138.3077778,Q84454736
3648,坂城町鉄の展示館,長野縣,博物館,4.0,100,博物館,Nagano Station,20.0,0.70,0.8000,1.0000,0.2001,0.7800,,36.4633611,138.1829722,Q113950785
1092,橿原市立こども科学館,奈良縣,兒童博物館,4.0,100,兒童博物館,Nara Station,20.1,0.70,0.8000,1.0000,0.1990,0.7799,http://commons.wikimedia.org/wiki/Special:FilePath/Kashihara%20childHallofScience.jpg,34.5004860,135.7963860,Q70718713
1778,加茂岩倉遺跡ガイダンス,島根縣,考古博物館,4.0,100,考古博物館,Matsue Station,20.1,0.70,0.8000,1.0000,0.1991,0.7799,,35.3591910,132.8827980,Q104721892
2970,能美市九谷焼美術館,石川縣,陶瓷博物館,4.0,100,陶瓷博物館,Kanazawa Station,20.2,0.70,0.8000,1.0000,0.1986,0.7799,,36.4280970,136.5209700,Q123516881
3091,有馬のハルニレ,神奈川縣,巨樹,4.0,100,巨樹,Yokohama Station,20.2,0.70,0.8000,1.0000,0.1987,0.7799,http://commons.wikimedia.org/wiki/Special:FilePath/Arima-Harunire1.JPG,35.4185556,139.4079444,Q120703507
179,下合瀬の大カツラ,佐賀縣,巨樹,4.0,100,巨樹,Saga Station,20.3,0.70,0.8000,1.0000,0.1979,0.7798,http://commons.wikimedia.org/wiki/Special:FilePath/Shimo-Ose%20no%20Okatsura%20in%20Fuji%2C%20Saga%20full%20view.jpg,33.4436200,130.2602500,Q134777085
1107,藤原宮跡資料室,奈良縣,博物館,4.0,100,博物館,Nara Station,20.3,0.70,0.8000,1.0000,0.1976,0.7798,,34.4979320,135.8148890,Q132299258
1158,みちのく伊達政宗歴史館,宮城縣,歷史博物館,4.0,100,歷史博物館,Sendai Station,20.2,0.70,0.8000,1.0000,0.1982,0.7798,http://commons.wikimedia.org/wiki/Special:FilePath/%E3%81%BF%E3%81%A1%E3%81%AE%E3%81%8F%E4%BC%8A%E9%81%94%E6%94%BF%E5%AE%97%E6%AD%B4%E5%8F%B2%E9%A4%A8.jpg,38.3716389,141.0655556,Q81950736
1930,渦之道,德島縣,觀景台,4.0,100,觀景台,Tokushima Station,20.3,0.70,0.8000,1.0000,0.1979,0.7798,http://commons.wikimedia.org/wiki/Special:FilePath/The%20air%20corridor%20of%20the%20Uzunomichi.jpg,34.2378333,134.6478889,Q11562883
3191,伊都郷土美術館,福岡縣,美術館,4.0,100,美術館,Hakata Station,20.3,0.70,0.8000,1.0000,0.1977,0.7798,http://commons.wikimedia.org/wiki/Special:FilePath/Ito%20Art%20Museum.jpg,33.5605320,130.2046570,Q132173864
3653,聖博物館,長野縣,博物館,4.0,100,博物館,Nagano Station,20.3,0.70,0.8000,1.0000,0.1980,0.7798,http://commons.wikimedia.org/wiki/Special:FilePath/Hijiri%20Museum%2C%20entrance%20and%20main%20building%20exterior%2C%20in%202010-10-16.jpg,36.4877830,138.0701670,Q11610945
3830,瀨戶大橋紀念館,香川縣,科技博物館,4.0,100,科技博物館,Takamatsu Station,20.2,0.70,0.8000,1.0000,0.1981,0.7798,http://commons.wikimedia.org/wiki/Special:FilePath/Great%20Seto%20Bridge%20Memorial%20Hall%2002.jpg,34.3526940,133.8262060,Q11566602
710,東京迪士尼海洋,千葉縣,主題公園,4.0,100,主題公園,Chiba Station,20.4,0.70,0.8000,1.0000,0.1968,0.7797,http://commons.wikimedia.org/wiki/Special:FilePath/Tokyo%20Disney%20Sea%20Mountain.jpg,35.6266670,139.8880560,Q1202341
1301,阿武川歴史民族資料館,山口縣,博物館,4.0,100,博物館,Yamaguchi Station,20.4,0.70,0.8000,1.0000,0.1970,0.7797,,34.3558430,131.4880700,Q132473256
2638,チマッティ資料館,東京都,人物紀念館,4.0,100,人物紀念館,Tokyo Station,20.4,0.70,0.8000,1.0000,0.1970,0.7797,,35.6609511,139.5429331,Q1092057
3482,长崎市恐龙博物馆,長崎縣,古生物博物馆,4.0,100,古生物博物馆,Nagasaki Station,20.3,0.70,0.8000,1.0000,0.1973,0.7797,http://commons.wikimedia.org/wiki/Special:FilePath/Nagasaki%20City%20Dinosaur%20Museum%2020221024.jpg,32.5937778,129.7617500,Q117052982
3587,日本土人形資料館,長野縣,人形博物館,4.0,100,人形博物館,Nagano Station,20.4,0.70,0.8000,1.0000,0.1966,0.7797,http://commons.wikimedia.org/wiki/Special:FilePath/%E6%97%A5%E6%9C%AC%E5%9C%9F%E4%BA%BA%E5%BD%A2%E8%B3%87%E6%96%99%E9%A4%A8%E5%85%A8%E6%99%AF%EF%BC%882020-2-6%EF%BC%89.jpg,36.7418333,138.3819722,Q85880711
3852,香川縣立東山魁夷瀨戶內美術館,香川縣,人物紀念館,4.0,100,人物紀念館,Takamatsu Station,20.4,0.70,0.8000,1.0000,0.1967,0.7797,http://commons.wikimedia.org/wiki/Special:FilePath/Kphsam01s3872.jpg,34.3493830,133.8241890,Q11667379
2047,瀬戸市美術館,愛知縣,美術館,4.0,100,美術館,Nagoya Station,20.5,0.70,0.8000,1.0000,0.1959,0.7796,http://commons.wikimedia.org/wiki/Special:FilePath/Seto%20City%20Art%20Museum.JPG,35.2183030,137.0997860,Q11566635
3068,海老名市温故館,神奈川縣,地方政府大樓,4.0,100,地方政府大樓,Yokohama Station,20.5,0.70,0.8000,1.0000,0.1964,0.7796,http://commons.wikimedia.org/wiki/Special:FilePath/Ebinashi%20onkokan.JPG,35.4540833,139.3973611,Q21652572
3111,神崎遺跡資料館,神奈川縣,博物館,4.0,100,博物館,Yokohama Station,20.6,0.70,0.8000,1.0000,0.1956,0.7796,http://commons.wikimedia.org/wiki/Special:FilePath/Kanzaki-Iseki6.JPG,35.4098148,139.4065852,Q116688571
3933,鳥取市あおや郷土館,鳥取縣,地方文化館,4.0,100,地方文化館,Tottori Station,20.5,0.70,0.8000,1.0000,0.1959,0.7796,http://commons.wikimedia.org/wiki/Special:FilePath/Aoya%20Local%20museum%20ac.jpg,35.5207100,134.0014790,Q104721865
747,海底2万マイル,千葉縣,機動遊戲,4.0,100,機動遊戲,Chiba Station,20.7,0.70,0.8000,1.0000,0.1945,0.7795,http://commons.wikimedia.org/wiki/Special:FilePath/Maihama%2C%20Urayasu%2C%20Chiba%20Prefecture%20279-0031%2C%20Japan%20-%20panoramio%20-%20jetsun%20%2811%29.jpg,35.6263889,139.8847222,Q54087317
1181,にしぴりかの美術館,宮城縣,美術館,4.0,100,美術館,Sendai Station,20.7,0.70,0.8000,1.0000,0.1945,0.7795,http://commons.wikimedia.org/wiki/Special:FilePath/NishipirikanoArt.jpg,38.4463890,140.8836110,Q28692054
1570,中山道ミニ博物館,岐阜縣,博物館,4.0,100,博物館,Gifu Station,20.7,0.70,0.8000,1.0000,0.1945,0.7795,,35.3729602,136.5322474,Q124775808
3023,三笠號戰艦,神奈川縣,前無畏艦,4.0,100,前無畏艦,Yokohama Station,20.7,0.70,0.8000,1.0000,0.1947,0.7795,http://commons.wikimedia.org/wiki/Special:FilePath/Yokosuka-mikasa-08-2010.png,35.2850000,139.6741667,Q696891
213,淡路大磯藝術山、大石可久也美術館,兵庫縣,人物紀念館,4.0,100,人物紀念館,Kobe Station,20.8,0.70,0.8000,1.0000,0.1937,0.7794,http://commons.wikimedia.org/wiki/Special:FilePath/Ohiso%20art-yama%20museum02s3200.jpg,34.5571940,135.0058890,Q11559811
702,地心探險之旅,千葉縣,機動遊戲,4.0,100,機動遊戲,Chiba Station,20.7,0.70,0.8000,1.0000,0.1944,0.7794,http://commons.wikimedia.org/wiki/Special:FilePath/Journey%20to%20the%20Center%20of%20the%20Earth%20vehicule%20TDS.JPG,35.6261111,139.8844444,Q3186999
1220,富山縣立山博物館,富山縣,博物館,4.0,100,博物館,Toyama Station,20.8,0.70,0.8000,1.0000,0.1936,0.7794,http://commons.wikimedia.org/wiki/Special:FilePath/Tateyama-museum%20toyama-pref.jpg,36.5827110,137.3934890,Q11456516
2176,瀬戸蔵ミュージアム,愛知縣,陶瓷博物館,4.0,100,陶瓷博物館,Nagoya Station,20.8,0.70,0.8000,1.0000,0.1937,0.7794,http://commons.wikimedia.org/wiki/Special:FilePath/Setoguramuseum1.JPG,35.2253860,137.1006640,Q11566675
2461,國立天文台三鷹園區,東京都,天文博物館,4.0,100,天文博物館,Tokyo Station,20.7,0.70,0.8000,1.0000,0.1943,0.7794,http://commons.wikimedia.org/wiki/Special:FilePath/First%20dome%20and%20solar%208-inch%20refractor%20NAOJ%202010.jpg,35.6754560,139.5376890,Q11421255
2724,しもつけ風土記の丘資料館,栃木縣,風土記之丘,4.0,100,風土記之丘,Utsunomiya Station,20.8,0.70,0.8000,1.0000,0.1935,0.7794,,36.3858130,139.8106770,Q133297057
3664,信州中野銅石版画ミュージアム,長野縣,博物館,4.0,100,博物館,Nagano Station,20.7,0.70,0.8000,1.0000,0.1942,0.7794,http://commons.wikimedia.org/wiki/Special:FilePath/%E4%BF%A1%E5%B7%9E%E4%B8%AD%E9%87%8E%E9%8A%85%E7%9F%B3%E7%89%88%E7%94%BB%E3%83%9F%E3%83%A5%E3%83%BC%E3%82%B8%E3%82%A2%E3%83%A0.jpg,36.7537500,138.3760000,Q86744314
682,東京迪士尼度假區,千葉縣,主題樂園,4.0,100,主題樂園,Chiba Station,20.9,0.70,0.8000,1.0000,0.1930,0.7793,http://commons.wikimedia.org/wiki/Special:FilePath/A8%20Tokyo%20Disneyland.jpg,35.6297222,139.8827778,Q605492
1132,藤田喬平ガラス美術館,宮城縣,美術館,4.0,100,美術館,Sendai Station,20.9,0.70,0.8000,1.0000,0.1927,0.7793,,38.3759444,141.0717500,Q11624739
1474,美濃和紙あかりアート館,岐阜縣,美術館,4.0,100,美術館,Gifu Station,20.9,0.70,0.8000,1.0000,0.1932,0.7793,http://commons.wikimedia.org/wiki/Special:FilePath/Mino%20Washi%20Akari%20Art%20Hall%20ac%20%281%29.jpg,35.5471667,136.9125000,Q11609219
2052,瀨戶市新世紀工藝館,愛知縣,美術館,4.0,100,美術館,Nagoya Station,20.9,0.70,0.8000,1.0000,0.1929,0.7793,http://commons.wikimedia.org/wiki/Special:FilePath/Seto%20CGAC02.jpg,35.2247940,137.1021420,Q11566627
323,寶塚市立手塚治虫紀念館,兵庫縣,動漫博物館,4.0,100,動漫博物館,Kobe Station,21.1,0.70,0.8000,1.0000,0.1919,0.7792,http://commons.wikimedia.org/wiki/Special:FilePath/Osamu%20Tezuka%20Manga%20Museum%20ac%20%282%29.jpg,34.8072000,135.3483000,Q11452396
686,西部沿河鐵路,千葉縣,观光铁路,4.0,100,观光铁路,Chiba Station,21.0,0.70,0.8000,1.0000,0.1924,0.7792,http://commons.wikimedia.org/wiki/Special:FilePath/Western%20River%20Railroad%20Missouri%20a.jpg,35.6337170,139.8824250,Q3567503
689,シンデレラ城ミステリーツアー,千葉縣,機動遊戲,4.0,100,機動遊戲,Chiba Station,21.1,0.70,0.8000,1.0000,0.1916,0.7792,,35.6320000,139.8810000,Q2972719
926,狹霧台,大分縣,风景点,4.0,100,风景点,Oita Station,21.1,0.70,0.8000,1.0000,0.1919,0.7792,http://commons.wikimedia.org/wiki/Special:FilePath/%E7%8B%AD%E9%9C%A7%E5%8F%B0%E9%A7%90%E8%BB%8A%E5%A0%B4.jpg,33.2600000,131.3825000,Q11571767
1027,茨木市立吉利支丹遺物史料館,大阪府,歷史博物館,4.0,100,歷史博物館,Osaka Station,21.0,0.70,0.8000,1.0000,0.1922,0.7792,http://commons.wikimedia.org/wiki/Special:FilePath/KIRISHITAN-SHIRYOKAN.JPG,34.8888610,135.5343890,Q11617860
1076,橿原市昆蟲館,奈良縣,昆虫館,4.0,100,昆虫館,Nara Station,21.0,0.70,0.8000,1.0000,0.1920,0.7792,http://commons.wikimedia.org/wiki/Special:FilePath/Kashihara-City%20Insectarium.JPG,34.4913890,135.8269440,Q11544564
1111,奈良県立橿原考古学研究所附属博物館,奈良縣,考古博物館,4.0,100,考古博物館,Nara Station,21.1,0.70,0.8000,1.0000,0.1917,0.7792,http://commons.wikimedia.org/wiki/Special:FilePath/The%20Museum%2CArchaeological%20Institute%20of%20Kashihara%2CNara%20Prefecture.jpg,34.4922257,135.7913271,Q112961122
1213,魚津埋没林博物館,富山縣,博物館,4.0,100,博物館,Toyama Station,21.1,0.70,0.8000,1.0000,0.1918,0.7792,http://commons.wikimedia.org/wiki/Special:FilePath/Uozu%20Buried%20Forest%20Museum%20ac%20%281%29.jpg,36.8225000,137.3950000,Q11674014
2212,招財貓博物館,愛知縣,博物館,4.0,100,博物館,Nagoya Station,21.1,0.70,0.8000,1.0000,0.1917,0.7792,http://commons.wikimedia.org/wiki/Special:FilePath/Seto%20Maneki-Neko%20Museum.jpg,35.2263750,137.1033780,Q11497803
3232,九州历史资料馆,福岡縣,建築物,4.0,100,建築物,Hakata Station,21.1,0.70,0.8000,1.0000,0.1919,0.7792,http://commons.wikimedia.org/wiki/Special:FilePath/Kyushu%20Historical%20Museum02.jpg,33.4393000,130.5580000,Q4141386
3367,阿左美沼,群馬縣,人工池塘,4.0,100,人工池塘,Maebashi Station,21.0,0.70,0.8000,1.0000,0.1923,0.7792,,36.3960990,139.3066830,Q11657406
3632,野尻湖ナウマンゾウ博物館,長野縣,古生物博物馆,4.0,100,古生物博物馆,Nagano Station,21.1,0.70,0.8000,1.0000,0.1915,0.7792,http://commons.wikimedia.org/wiki/Special:FilePath/230807%20Nojiriko%20Naumann%20Elephant%20Museum%20Shinano%20Nagano%20pref%20Japan01s3.jpg,36.8322790,138.2062090,Q18338769
226,宝塚市立文化芸術センター,兵庫縣,美術館,4.0,100,美術館,Kobe Station,21.1,0.70,0.8000,1.0000,0.1914,0.7791,http://commons.wikimedia.org/wiki/Special:FilePath/Takarazuka%20Arts%20Center%20ac%20%281%29.jpg,34.8075000,135.3488889,Q109362761
692,大慶園,千葉縣,主題樂園,4.0,100,主題樂園,Chiba Station,21.1,0.70,0.8000,1.0000,0.1914,0.7791,http://commons.wikimedia.org/wiki/Special:FilePath/Daikeien%202018-05-10.jpg,35.7630000,139.9690000,Q17995979
713,東京迪士尼樂園,千葉縣,觀光景點,4.0,100,觀光景點,Chiba Station,21.1,0.70,0.8000,1.0000,0.1913,0.7791,http://commons.wikimedia.org/wiki/Special:FilePath/Tokyo%20Disneyland%20Cinderella%20Castle%202023-07-02.jpg,35.6327778,139.8805556,Q843997
1105,葛城市相撲館,奈良縣,博物館,4.0,100,博物館,Nara Station,21.2,0.70,0.8000,1.0000,0.1911,0.7791,http://commons.wikimedia.org/wiki/Special:FilePath/Katsuragishi%20sumokan.jpg,34.5155560,135.7033330,Q11620899
1346,紅花資料館,山形縣,博物館,4.0,100,博物館,Yamagata Station,21.2,0.70,0.8000,1.0000,0.1908,0.7791,,38.4383333,140.2997222,Q11605256
2555,調布市郷土博物館,東京都,地方文化館,4.0,100,地方文化館,Tokyo Station,21.2,0.70,0.8000,1.0000,0.1908,0.7791,,35.6468980,139.5361910,Q104698232
2682,益子参考館,栃木縣,历史房屋博物馆,4.0,100,历史房屋博物馆,Utsunomiya Station,21.2,0.70,0.8000,1.0000,0.1911,0.7791,http://commons.wikimedia.org/wiki/Special:FilePath/%E7%9B%8A%E5%AD%90%E5%8F%82%E8%80%83%E9%A4%A8%EF%BC%92%E5%8F%B7%E9%A4%A8%E3%81%A8%EF%BC%93%E5%8F%B7%E9%A4%A8.jpg,36.4707361,140.1084028,Q11581175
3012,藤泽市藤泽浮世绘馆,神奈川縣,美術館,4.0,100,美術館,Yokohama Station,21.1,0.70,0.8000,1.0000,0.1914,0.7791,,35.3406111,139.4477778,Q48763537
3051,浪漫特快博物館,神奈川縣,建築物,4.0,100,建築物,Yokohama Station,21.1,0.70,0.8000,1.0000,0.1915,0.7791,http://commons.wikimedia.org/wiki/Special:FilePath/ROMANCECAR%20MUSEUM%2020210423.jpg,35.4530556,139.3901667,Q104103957
3154,東尋坊タワー,福井縣,塔式建築,4.0,100,塔式建築,Fukui Station,21.2,0.70,0.8000,1.0000,0.1910,0.7791,http://commons.wikimedia.org/wiki/Special:FilePath/Japan%20Tojinbo21nt3200.jpg,36.2360278,136.1281944,Q114000072
743,The Happy Ride with Baymax,千葉縣,機動遊戲,4.0,100,機動遊戲,Chiba Station,21.3,0.70,0.8000,1.0000,0.1900,0.7790,,35.6318118,139.8784077,Q100740653
1258,尾崎かまぼこ館,富山縣,食物博物館,4.0,100,食物博物館,Toyama Station,21.3,0.70,0.8000,1.0000,0.1901,0.7790,,36.8121389,137.4081667,Q11465160
2162,瀨戶染付工藝館,愛知縣,陶瓷博物館,4.0,100,陶瓷博物館,Nagoya Station,21.4,0.70,0.8000,1.0000,0.1895,0.7790,http://commons.wikimedia.org/wiki/Special:FilePath/Seto-MCMTC01.jpg,35.2246750,137.1074000,Q11566626
2227,阿賀野市立吉田東伍記念博物館,新潟縣,纪念博物馆,4.0,100,纪念博物馆,Niigata Station,21.3,0.70,0.8000,1.0000,0.1902,0.7790,http://commons.wikimedia.org/wiki/Special:FilePath/Yoshida%20Togo%20Memorial%20Museum%2C%20Agano%2C%20Niigata%2C%20Japan%2C%20August%202023.jpg,37.7759830,139.2323530,Q104708785
2540,湯淺八郎紀念館,東京都,大學博物館,4.0,100,大學博物館,Tokyo Station,21.3,0.70,0.8000,1.0000,0.1899,0.7790,,35.6887200,139.5310620,Q11563685
735,市川自然博物館,千葉縣,自然歷史博物館,4.0,100,自然歷史博物館,Chiba Station,21.4,0.70,0.8000,1.0000,0.1894,0.7789,,35.7642500,139.9660000,Q85880033
945,臼杵市歴史資料館,大分縣,歷史博物館,4.0,100,歷史博物館,Oita Station,21.5,0.70,0.8000,1.0000,0.1888,0.7789,http://commons.wikimedia.org/wiki/Special:FilePath/Usuki%20City%20History%20Museum%20ac.jpg,33.1194730,131.7933040,Q137995481
1624,永瀬清子展示室,岡山縣,文學館,4.0,100,文學館,Okayama Station,21.4,0.70,0.8000,1.0000,0.1895,0.7789,,34.7906540,134.0974350,Q132616015
1662,瀬戸内市立美術館,岡山縣,美術館,4.0,100,美術館,Okayama Station,21.5,0.70,0.8000,1.0000,0.1887,0.7789,http://commons.wikimedia.org/wiki/Special:FilePath/Ushimado%20Setouchi%20city%20hall%20Ushimado%20branch.JPG,34.6206800,134.1468700,Q121362441
2113,明治村博物館,愛知縣,戶外博物館,4.0,100,戶外博物館,Nagoya Station,21.4,0.70,0.8000,1.0000,0.1895,0.7789,http://commons.wikimedia.org/wiki/Special:FilePath/Imperial%20Hotel%2C%20Tokyo%20%281923-1968%29.jpg,35.3419100,136.9892710,Q985290
2224,一宮市木曾川資料館,愛知縣,博物館,4.0,100,博物館,Nagoya Station,21.5,0.70,0.8000,1.0000,0.1890,0.7789,http://commons.wikimedia.org/wiki/Special:FilePath/Ichinomiya%20City%20Kisogawa%20Museum%20ac.jpg,35.3444306,136.7782083,Q48747997
3155,芝政世界,福井縣,主題公園,4.0,100,主題公園,Fukui Station,21.4,0.70,0.8000,1.0000,0.1892,0.7789,,36.2507560,136.1761560,Q11614659
3241,二見ヶ浦,福岡縣,觀光景點,4.0,100,觀光景點,Hakata Station,21.5,0.70,0.8000,1.0000,0.1888,0.7789,http://commons.wikimedia.org/wiki/Special:FilePath/Futamigaura%20Beach%20from%20observation%20deck%20of%20Futamigaura%20Cemetery%201.JPG,33.6404722,130.1966389,Q21654514
3938,青谷かみじち史跡公園,鳥取縣,考古学公園,4.0,100,考古学公園,Tottori Station,21.5,0.70,0.8000,1.0000,0.1888,0.7789,,35.5129520,133.9896020,Q138263879
885,SATOE紀念21世紀美術館,埼玉縣,美術館,4.0,100,美術館,Omiya Station,21.6,0.70,0.8000,1.0000,0.1881,0.7788,,36.0999694,139.6407028,Q11304884
1104,當麻寺奥院宝物館,奈良縣,宝物館,4.0,100,宝物館,Nara Station,21.5,0.70,0.8000,1.0000,0.1884,0.7788,http://commons.wikimedia.org/wiki/Special:FilePath/Taimadera%20Okunoin%20homotuden.jpg,34.5162960,135.6938900,Q133268573
1774,荒神谷博物館,島根縣,考古博物館,4.0,100,考古博物館,Matsue Station,21.6,0.70,0.8000,1.0000,0.1877,0.7788,,35.3766620,132.8502580,Q104721883
1879,広島大学総合博物館,廣島縣,大學博物館,4.0,100,大學博物館,Hiroshima Station,21.6,0.70,0.8000,1.0000,0.1880,0.7788,http://commons.wikimedia.org/wiki/Special:FilePath/Hiroshima%20university%20museum.jpg,34.4030000,132.7105278,Q11484500
844,狭山市立博物館,埼玉縣,市立博物館,4.0,100,市立博物館,Omiya Station,21.7,0.70,0.8000,1.0000,0.1873,0.7787,http://commons.wikimedia.org/wiki/Special:FilePath/Sayama-City-Museum.JPG,35.8453000,139.3954000,Q116212967
871,久喜市鄉土資料館,埼玉縣,地方文化館,4.0,100,地方文化館,Omiya Station,21.8,0.70,0.8000,1.0000,0.1869,0.7787,,36.0991670,139.6654720,Q11369233
925,野上弥生子文学記念館,大分縣,文學館,4.0,100,文學館,Oita Station,21.7,0.70,0.8000,1.0000,0.1872,0.7787,http://commons.wikimedia.org/wiki/Special:FilePath/Nogami%20Yaeko%20Literary%20Memorial%20Museum%20ac.jpg,33.1204167,131.7971389,Q84580248
1079,飛鳥資料館,奈良縣,附属機関,4.0,100,附属機関,Nara Station,21.8,0.70,0.8000,1.0000,0.1866,0.7787,http://commons.wikimedia.org/wiki/Special:FilePath/Nabunken-asuka.jpg,34.4845040,135.8249620,Q4811853
2104,ツインアーチ138,愛知縣,觀光塔,4.0,100,觀光塔,Nagoya Station,21.8,0.70,0.8000,1.0000,0.1867,0.7787,http://commons.wikimedia.org/wiki/Special:FilePath/TwinArch138.jpg,35.3576920,136.8090670,Q11318660
3055,新江之島水族館,神奈川縣,水族館,4.0,100,水族館,Yokohama Station,21.7,0.70,0.8000,1.0000,0.1873,0.7787,http://commons.wikimedia.org/wiki/Special:FilePath/New%20Enoshima%20Aquarium.JPG,35.3096670,139.4798890,Q11502657
3122,橫須賀市自然人文博物館,神奈川縣,博物館,4.0,100,博物館,Yokohama Station,21.8,0.70,0.8000,1.0000,0.1865,0.7787,http://commons.wikimedia.org/wiki/Special:FilePath/Yokosuka%20City%20Museum.JPG,35.2745310,139.6736130,Q11543534
248,三木市立堀光美術館,兵庫縣,美術館,4.0,100,美術館,Kobe Station,21.9,0.70,0.8000,1.0000,0.1859,0.7786,http://commons.wikimedia.org/wiki/Special:FilePath/Horimitsu%20museum01n3200.jpg,34.7985000,134.9871111,Q11355634
335,尼信博物館,兵庫縣,公司博物館,4.0,100,公司博物館,Kobe Station,21.9,0.70,0.8000,1.0000,0.1859,0.7786,http://commons.wikimedia.org/wiki/Special:FilePath/%E5%B0%BC%E4%BF%A1%E5%8D%9A%E7%89%A9%E9%A4%A8.JPG,34.7166390,135.4133890,Q11464905
393,三木市立金物資料館,兵庫縣,博物館,4.0,100,博物館,Kobe Station,21.9,0.70,0.8000,1.0000,0.1860,0.7786,http://commons.wikimedia.org/wiki/Special:FilePath/Miki%20City%20Hardware%20Museum02s3872.jpg,34.7992500,134.9880280,Q11355653
400,世界扑满博物館,兵庫縣,博物館,4.0,100,博物館,Kobe Station,21.9,0.70,0.8000,1.0000,0.1858,0.7786,http://commons.wikimedia.org/wiki/Special:FilePath/Amashin-Piggy%20bank.jpg,34.7166940,135.4134170,Q11362202
1953,恐竜の里,德島縣,主題公園,4.0,100,主題公園,Tokushima Station,21.8,0.70,0.8000,1.0000,0.1863,0.7786,,33.8930000,134.4596940,Q65268183
2939,加賀国府ものがたり館,石川縣,考古博物館,4.0,100,考古博物館,Kanazawa Station,21.9,0.70,0.8000,1.0000,0.1860,0.7786,,36.4119460,136.5169440,Q133273176
3376,浅原体験村,群馬縣,景点,4.0,100,景点,Maebashi Station,21.8,0.70,0.8000,1.0000,0.1864,0.7786,,36.4699720,139.2915560,Q135140080
3379,富岡製絲廠,群馬縣,工业博物馆,4.0,100,工业博物馆,Maebashi Station,21.8,0.70,0.8000,1.0000,0.1862,0.7786,http://commons.wikimedia.org/wiki/Special:FilePath/Tomioka%20Silk%20Mill%20East%20Cocoon%20Warehouse05.jpg,36.2553330,138.8876670,Q7818931
787,みさと天文台,和歌山縣,天文博物館,4.0,100,天文博物館,Wakayama Station,22.0,0.70,0.8000,1.0000,0.1849,0.7785,http://commons.wikimedia.org/wiki/Special:FilePath/%E3%81%BF%E3%81%95%E3%81%A8%E5%A4%A9%E6%96%87%E5%8F%B0.jpg,34.1445280,135.4061390,Q11278847
2215,刈谷市歴史博物館,愛知縣,博物館,4.0,100,博物館,Nagoya Station,22.0,0.70,0.8000,1.0000,0.1851,0.7785,http://commons.wikimedia.org/wiki/Special:FilePath/Kariya%20city%20Museum%20of%20History%20exterior%20ac%20%282%29.jpg,34.9921278,136.9852222,Q63435512
2813,滋賀縣立陶藝之森,滋賀縣,陶瓷博物館,4.0,100,陶瓷博物館,Otsu Station,22.0,0.70,0.8000,1.0000,0.1852,0.7785,http://commons.wikimedia.org/wiki/Special:FilePath/Shigaraki%20Ceramic%20Cultural%20Park15s3872.jpg,34.8862220,136.0585830,Q11564689
2844,滋賀県立陶芸の森陶芸館,滋賀縣,陶瓷博物館,4.0,100,陶瓷博物館,Otsu Station,22.1,0.70,0.8000,1.0000,0.1848,0.7785,http://commons.wikimedia.org/wiki/Special:FilePath/Shigaraki%20Ceramic%20Cultural%20Park15s3872.jpg,34.8843990,136.0577100,Q132731490
2878,甲賀市立信楽産業展示館,滋賀縣,陶瓷博物館,4.0,100,陶瓷博物館,Otsu Station,22.0,0.70,0.8000,1.0000,0.1853,0.7785,http://commons.wikimedia.org/wiki/Special:FilePath/Shigaraki%20industry%20exhibition%20pavilion.jpg,34.8863260,136.0584720,Q132731830
1106,明日香村埋蔵文化財展示室,奈良縣,埋藏文化財中心,4.0,100,埋藏文化財中心,Nara Station,22.2,0.70,0.8000,1.0000,0.1841,0.7784,http://commons.wikimedia.org/wiki/Special:FilePath/ASUKA%20Village%20Cultural%20Assete%20Depository%20201611.jpg,34.4812620,135.8180030,Q132233932
1475,美濃和紙の里会館,岐阜縣,紙博物館,4.0,100,紙博物館,Gifu Station,22.2,0.70,0.8000,1.0000,0.1836,0.7784,http://commons.wikimedia.org/wiki/Special:FilePath/MINO-WASHI%20Museum.jpg,35.5834390,136.8764280,Q11609221
2815,信楽古陶館,滋賀縣,陶瓷博物館,4.0,100,陶瓷博物館,Otsu Station,22.2,0.70,0.8000,1.0000,0.1838,0.7784,http://commons.wikimedia.org/wiki/Special:FilePath/071020%20Shigaraki%20Kotokan%20Koka%20Shiga%20pref%20Japan01s5.jpg,34.8860833,136.0612500,Q17211447
3069,茅ヶ崎市博物館,神奈川縣,市立博物館,4.0,100,市立博物館,Yokohama Station,22.2,0.70,0.8000,1.0000,0.1837,0.7784,http://commons.wikimedia.org/wiki/Special:FilePath/Chigasaki%20City%20Museum%20-%202024%20May%203%20various%2022%2010%2041%20339000.jpg,35.3633333,139.4125000,Q113415666
3103,女子美術大学美術館,神奈川縣,大学美术馆,4.0,100,大学美术馆,Yokohama Station,22.2,0.70,0.8000,1.0000,0.1841,0.7784,http://commons.wikimedia.org/wiki/Special:FilePath/Joshibi%20UNIV%2002.jpg,35.5281160,139.3899600,Q17216274
3747,静岡市東海道広重美術館,靜岡縣,美術館,4.0,100,美術館,Shizuoka Station,22.2,0.70,0.8000,1.0000,0.1838,0.7784,http://commons.wikimedia.org/wiki/Special:FilePath/Nakagawa-machi%20Bato%20Hiroshige%20Museum%20of%20Art%2C%20main%20building.JPG,35.1080000,138.5671111,Q109357780
1062,大阪府立狹山池博物館,大阪府,博物館,4.0,100,博物館,Osaka Station,22.3,0.70,0.8000,1.0000,0.1832,0.7783,http://commons.wikimedia.org/wiki/Special:FilePath/Sayamaike-Museum01.JPG,34.5074170,135.5518610,Q11441131
2867,滋賀サファリ博物館,滋賀縣,自然歷史博物館,4.0,100,自然歷史博物館,Otsu Station,22.4,0.70,0.8000,1.0000,0.1826,0.7783,http://commons.wikimedia.org/wiki/Special:FilePath/Safari%20museum.jpg,34.9190139,136.0870778,Q104082588
3035,茅ヶ崎市民俗資料館,神奈川縣,民俗博物館,4.0,100,民俗博物館,Yokohama Station,22.3,0.70,0.8000,1.0000,0.1833,0.7783,,35.3624167,139.4124722,Q113547154
3143,越前松島水族館,福井縣,水族館,4.0,100,水族館,Fukui Station,22.3,0.70,0.8000,1.0000,0.1829,0.7783,http://commons.wikimedia.org/wiki/Special:FilePath/Matsushima%20Aquarium2.JPG,36.2530550,136.1471920,Q11636428
3392,群馬県立自然史博物館,群馬縣,自然歷史博物館,4.0,100,自然歷史博物館,Maebashi Station,22.3,0.70,0.8000,1.0000,0.1829,0.7783,http://commons.wikimedia.org/wiki/Special:FilePath/Gunma%20Museum%20Of%20Natural%20History%20and%20Tomioka%20Kabura%20Bunka%20Hall.jpg,36.2695333,138.8671333,Q11609680
3829,四国水族館,香川縣,水族館,4.0,100,水族館,Takamatsu Station,22.3,0.70,0.8000,1.0000,0.1831,0.7783,http://commons.wikimedia.org/wiki/Special:FilePath/Shikoku%20Aquarium2.jpg,34.3127778,133.8080556,Q66432954
3862,ゴールドタワー,香川縣,觀光塔,4.0,100,觀光塔,Takamatsu Station,22.3,0.70,0.8000,1.0000,0.1831,0.7783,http://commons.wikimedia.org/wiki/Special:FilePath/Goldtower01.jpg,34.3114030,133.8083830,Q11303940
363,尼崎市立歴史博物馆,兵庫縣,歷史博物館,4.0,100,歷史博物館,Kobe Station,22.5,0.70,0.8000,1.0000,0.1815,0.7782,http://commons.wikimedia.org/wiki/Special:FilePath/Amagasaki%20City%20Museum%20of%20History%20ac%20%281%29.jpg,34.7148889,135.4209444,Q11464987
880,西武園遊園地,埼玉縣,主題樂園,4.0,100,主題樂園,Omiya Station,22.5,0.70,0.8000,1.0000,0.1821,0.7782,http://commons.wikimedia.org/wiki/Special:FilePath/5D3K0201%20%2811152952796%29.jpg,35.7683060,139.4421940,Q11628910
1583,富加町郷土資料館,岐阜縣,博物館,4.0,100,博物館,Gifu Station,22.5,0.70,0.8000,1.0000,0.1815,0.7782,http://commons.wikimedia.org/wiki/Special:FilePath/Tomika%20Town%20Local%20Museum%20ac%20%281%29.jpg,35.4854580,136.9867780,Q11455806
1758,出雲キルト美術館,島根縣,織物博物館,4.0,100,織物博物館,Matsue Station,22.5,0.70,0.8000,1.0000,0.1817,0.7782,,35.4031040,132.8265960,Q132398115
2191,刈谷市鄉土資料館,愛知縣,博物館,4.0,100,博物館,Nagoya Station,22.5,0.70,0.8000,1.0000,0.1819,0.7782,http://commons.wikimedia.org/wiki/Special:FilePath/Kariya%20city%20museum%20of%20local%20history-c.JPG,34.9878330,136.9863890,Q17226430
2447,東京農工大学科学博物館,東京都,大學博物館,4.0,100,大學博物館,Tokyo Station,22.5,0.70,0.8000,1.0000,0.1818,0.7782,http://commons.wikimedia.org/wiki/Special:FilePath/TUAT-Nature-and-Science-Museum-2012111001.jpg,35.6980870,139.5188517,Q133224751
2771,世界遺産座喜味城跡ユンタンザミュージアム,沖繩縣,歷史博物館,4.0,100,歷史博物館,Naha Bus Terminal,22.5,0.70,0.8000,1.0000,0.1816,0.7782,,26.4069300,127.7426720,Q127420256
3398,太田市立藪塚本町歴史民俗資料館,群馬縣,民俗博物館,4.0,100,民俗博物館,Maebashi Station,22.4,0.70,0.8000,1.0000,0.1824,0.7782,http://commons.wikimedia.org/wiki/Special:FilePath/Yabuzukahonmachi%20Historical%20and%20Folklore%20Museum.JPG,36.3633333,139.3216667,Q106388197
215,鐵齋美術館,兵庫縣,美術館,4.0,100,美術館,Kobe Station,22.6,0.70,0.8000,1.0000,0.1813,0.7781,http://commons.wikimedia.org/wiki/Special:FilePath/Tessai%20museum01s2040.jpg,34.8227220,135.3532220,Q11649561
219,尼崎市綜合文化中心,兵庫縣,美術館,4.0,100,美術館,Kobe Station,22.6,0.70,0.8000,1.0000,0.1810,0.7781,http://commons.wikimedia.org/wiki/Special:FilePath/Amashin-alkaic.jpg,34.7211111,135.4202778,Q11464999
919,九州自然動物公園非洲野生,大分縣,野生动物园,4.0,100,野生动物园,Oita Station,22.6,0.70,0.8000,1.0000,0.1813,0.7781,http://commons.wikimedia.org/wiki/Special:FilePath/%E4%B9%9D%E5%B7%9E%E8%87%AA%E7%84%B6%E5%8B%95%E7%89%A9%E5%85%AC%E5%9C%92%E3%82%A2%E3%83%95%E3%83%AA%E3%82%AB%E3%83%B3%E3%82%B5%E3%83%95%E3%82%A1%E3%83%AA1.jpg,33.3540000,131.4115278,Q11370332
941,わたくし美術館,大分縣,美術館,4.0,100,美術館,Oita Station,22.6,0.70,0.8000,1.0000,0.1811,0.7781,,33.2756667,131.3688056,Q28519675
1091,奈良縣立萬葉文化館,奈良縣,美術館,4.0,100,美術館,Nara Station,22.6,0.70,0.8000,1.0000,0.1811,0.7781,http://commons.wikimedia.org/wiki/Special:FilePath/Man%27y%C5%8D-%20Museum%20Entrance.jpg,34.4772222,135.8222222,Q11445177
2137,アイシンコムセンター,愛知縣,公司博物館,4.0,100,公司博物館,Nagoya Station,22.6,0.70,0.8000,1.0000,0.1812,0.7781,http://commons.wikimedia.org/wiki/Special:FilePath/%E5%88%88%E8%B0%B7%E5%B8%82%E3%82%A2%E3%82%A4%E3%82%B7%E3%83%B3%E3%82%B3%E3%83%A0%E3%82%BB%E3%83%B3%E3%82%BF%E3%83%BC.jpg,35.0005250,137.0166670,Q11282150
2486,小金井桜,東京都,觀光景點,4.0,100,觀光景點,Tokyo Station,22.7,0.70,0.8000,1.0000,0.1805,0.7781,http://commons.wikimedia.org/wiki/Special:FilePath/%E7%AC%AC59%E5%9B%9E%E5%B0%8F%E9%87%91%E4%BA%95%E6%A1%9C%E3%81%BE%E3%81%A4%E3%82%8A%202013.04.07%2011-01%20-%20panoramio%20%281%29.jpg,35.7126400,139.5187510,Q104398537
2908,熊本縣立裝飾古墳館,熊本縣,都道府县立博物馆,4.0,100,都道府县立博物馆,Kumamoto Station,22.7,0.70,0.8000,1.0000,0.1806,0.7781,http://commons.wikimedia.org/wiki/Special:FilePath/Kumamoto%20Prefectural%20Ancient%20Burial%20Mound%20Museum%2002.jpg,32.9936667,130.6696944,Q4557656
3039,江之岛展望灯台,神奈川縣,觀光塔,4.0,100,觀光塔,Yokohama Station,22.7,0.70,0.8000,1.0000,0.1807,0.7781,http://commons.wikimedia.org/wiki/Special:FilePath/Enoshima%20Sea%20Candle%201.jpg,35.2997220,139.4783330,Q11550565
3125,山口蓬春記念館,神奈川縣,博物館,4.0,100,博物館,Yokohama Station,22.6,0.70,0.8000,1.0000,0.1811,0.7781,http://commons.wikimedia.org/wiki/Special:FilePath/Research%20survey%20Hoshun%20Yamaguchi%20Memorial%20Hall%201953%201.jpg,35.2664647,139.5757545,Q125763321
3388,富岡市立美術博物館・福沢一郎記念美術館,群馬縣,人物紀念館,4.0,100,人物紀念館,Maebashi Station,22.6,0.70,0.8000,1.0000,0.1812,0.7781,http://commons.wikimedia.org/wiki/Special:FilePath/Tomioka%20Art%20Museum.jpg,36.2682111,138.8648806,Q28689358
3402,太田市立新田莊歷史資料館,群馬縣,歷史博物館,4.0,100,歷史博物館,Maebashi Station,22.7,0.70,0.8000,1.0000,0.1807,0.7781,http://commons.wikimedia.org/wiki/Special:FilePath/Ota%20Gunma%20Ota%20City%20Nittanosho%20History%20Museum%201.JPG,36.2608330,139.2747780,Q11444234
927,九州自動車歴史館,大分縣,汽車博物館,4.0,100,汽車博物館,Oita Station,22.7,0.70,0.8000,1.0000,0.1803,0.7780,,33.2669444,131.3654667,Q48747201
939,湯布院フローラルビレッジ,大分縣,主題公園,4.0,100,主題公園,Oita Station,22.7,0.70,0.8000,1.0000,0.1802,0.7780,http://commons.wikimedia.org/wiki/Special:FilePath/Yufuin%20Floral%20Village.jpg,33.2674250,131.3655139,Q127691503
1082,歴史に憩う橿原市博物館,奈良縣,市立博物館,4.0,100,市立博物館,Nara Station,22.8,0.70,0.8000,1.0000,0.1801,0.7780,http://commons.wikimedia.org/wiki/Special:FilePath/Kashihara%20city%20museum.jpg,34.4795400,135.7716120,Q123147199
1498,山崎馬扎克工作機械博物館,岐阜縣,公司博物館,4.0,100,公司博物館,Gifu Station,22.8,0.70,0.8000,1.0000,0.1799,0.7780,http://commons.wikimedia.org/wiki/Special:FilePath/The%20Yamazaki%20Mazak%20Museum%20of%20Machine%20Tools%2020210325%2002.jpg,35.4560278,137.0011944,Q97310632
2457,多摩六都科學館,東京都,科學博物館,4.0,100,科學博物館,Tokyo Station,22.8,0.70,0.8000,1.0000,0.1796,0.7780,http://commons.wikimedia.org/wiki/Special:FilePath/%E5%A4%9A%E6%91%A9%E5%85%AD%E9%83%BD%E7%A7%91%E5%AD%A6%E9%A4%A8.JPG,35.7348060,139.5228610,Q11430721
3836,丸亀平井美術館,香川縣,美術館,4.0,100,美術館,Takamatsu Station,22.8,0.70,0.8000,1.0000,0.1797,0.7780,http://commons.wikimedia.org/wiki/Special:FilePath/Marugame%20NewsPaper%20and%20Broadcasting%20hall%20motoriz%201.jpg,34.3013580,133.8051940,Q11368010
807,稻垛之火館,和歌山縣,海嘯博物館,4.0,100,海嘯博物館,Wakayama Station,23.0,0.70,0.8000,1.0000,0.1787,0.7779,http://commons.wikimedia.org/wiki/Special:FilePath/Inamura%20no%20hi%20no%20yakata.jpg,34.0258333,135.1730556,Q23017542
1668,ジーンズミュージアム,岡山縣,織物博物館,4.0,100,織物博物館,Okayama Station,22.9,0.70,0.8000,1.0000,0.1794,0.7779,http://commons.wikimedia.org/wiki/Special:FilePath/Betty%20Smith%20Jeans%20Museum%20%E3%83%99%E3%83%86%E3%82%A3%E3%82%B9%E3%83%9F%E3%82%B9%E3%83%BB%E3%82%B8%E3%83%BC%E3%83%B3%E3%82%BA%E3%83%9F%E3%83%A5%E3%83%BC%E3%82%B8%E3%82%A2%E3%83%A0%20-%20panoramio.jpg,34.4765230,133.8232510,Q132613443
1764,平田本陣記念館,島根縣,纪念博物馆,4.0,100,纪念博物馆,Matsue Station,22.9,0.70,0.8000,1.0000,0.1792,0.7779,,35.4384990,132.8127340,Q132408418
2835,甲賀家庭樂園,滋賀縣,主題樂園,4.0,100,主題樂園,Otsu Station,22.9,0.70,0.8000,1.0000,0.1789,0.7779,,34.9530000,136.1085278,Q11577981
3057,相模原Campus (JAXA),神奈川縣,科學博物館,4.0,100,科學博物館,Yokohama Station,23.0,0.70,0.8000,1.0000,0.1786,0.7779,http://commons.wikimedia.org/wiki/Special:FilePath/Front%20Entrance%20to%20ISAS.jpeg,35.5583333,139.3952778,Q7398960
13,齋宮歴史博物館,三重縣,都道府县立博物馆,4.0,100,都道府县立博物馆,Tsu Station,23.1,0.70,0.8000,1.0000,0.1778,0.7778,http://commons.wikimedia.org/wiki/Special:FilePath/Saik%C3%BB%20Historical%20Museum2.jpg,34.5427780,136.6094440,Q11500404
246,淡路市立中浜稔猫美術館,兵庫縣,美術館,4.0,100,美術館,Kobe Station,23.1,0.70,0.8000,1.0000,0.1778,0.7778,http://commons.wikimedia.org/wiki/Special:FilePath/Awaji%20City%20Nakahama%20Minoru%20Cat%20Art%20Museum%20ac%20%281%29.jpg,34.5377780,134.9933330,Q121356866
250,淡路市立陶芸館,兵庫縣,美術館,4.0,100,美術館,Kobe Station,23.1,0.70,0.8000,1.0000,0.1781,0.7778,,34.5380556,134.9936111,Q121536247
1006,堺市立ビッグバン,大阪府,科學博物館,4.0,100,科學博物館,Osaka Station,23.1,0.70,0.8000,1.0000,0.1776,0.7778,http://commons.wikimedia.org/wiki/Special:FilePath/Big-Bang-of-Osaka-Pref002.JPG,34.4948610,135.5137220,Q11441052
1415,富士河口湖溫泉鄉,山梨縣,温泉郷,4.0,100,温泉郷,Kofu Station,23.1,0.70,0.8000,1.0000,0.1776,0.7778,http://commons.wikimedia.org/wiki/Special:FilePath/Yatenburo%20Tensui.jpg,35.5280560,138.7588330,Q17211390
2316,崖之森美術館,東京都,人物紀念館,4.0,100,人物紀念館,Tokyo Station,23.0,0.70,0.8000,1.0000,0.1784,0.7778,http://commons.wikimedia.org/wiki/Special:FilePath/Hakenomori%20Art%20Museum.JPG,35.6950830,139.5127500,Q11275386
3425,小平の里,群馬縣,觀光景點,4.0,100,觀光景點,Maebashi Station,23.0,0.70,0.8000,1.0000,0.1783,0.7778,,36.4665280,139.3085830,Q134440358
3924,若桜郷土文化の里,鳥取縣,博物館,4.0,100,博物館,Tottori Station,23.1,0.70,0.8000,1.0000,0.1783,0.7778,http://commons.wikimedia.org/wiki/Special:FilePath/Wakasa%20kyodobunka-no-sato02s4592.jpg,35.3458810,134.4037610,Q11616556
1060,小谷城郷土館,大阪府,博物館,4.0,100,博物館,Osaka Station,23.3,0.70,0.8000,1.0000,0.1769,0.7777,http://commons.wikimedia.org/wiki/Special:FilePath/Kotanijyo%20kyodokan.jpg,34.4932220,135.4983890,Q11463731
1154,大衡村ふるさと美術館,宮城縣,美術館,4.0,100,美術館,Sendai Station,23.2,0.70,0.8000,1.0000,0.1771,0.7777,http://commons.wikimedia.org/wiki/Special:FilePath/Ohira%20Furusato1.JPG,38.4691667,140.8819444,Q22118153
1420,久保田一竹美術館,山梨縣,織物博物館,4.0,100,織物博物館,Kofu Station,23.3,0.70,0.8000,1.0000,0.1769,0.7777,http://commons.wikimedia.org/wiki/Special:FilePath/Itchiku%20Kubota%20Art%20Museum%202018c.jpg,35.5273256,138.7597662,Q130601177
2445,讀賣樂園,東京都,主題樂園,4.0,100,主題樂園,Tokyo Station,23.2,0.70,0.8000,1.0000,0.1770,0.7777,http://commons.wikimedia.org/wiki/Special:FilePath/Yomiuriland-20100411.jpg,35.6258000,139.5190000,Q1046970
2452,江戶東京建物園,東京都,戶外博物館,4.0,100,戶外博物館,Tokyo Station,23.3,0.70,0.8000,1.0000,0.1767,0.7777,http://commons.wikimedia.org/wiki/Special:FilePath/Entrance%20of%20the%20Edo-Tokyo%20Open%20Air%20Architectural%20Museum.jpg,35.7158222,139.5126139,Q1051229
2557,Momonga Standing and Loop Coaster,東京都,スチール・ローラー・コースター,4.0,100,スチール・ローラー・コースター,Tokyo Station,23.3,0.70,0.8000,1.0000,0.1769,0.7777,,35.6245110,139.5193310,Q108822228
3065,相模原市立博物館,神奈川縣,市立博物館,4.0,100,市立博物館,Yokohama Station,23.2,0.70,0.8000,1.0000,0.1772,0.7777,http://commons.wikimedia.org/wiki/Special:FilePath/Hayabusa-5.jpg,35.5592694,139.3930611,Q11582112
399,伊丹市昆蟲館,兵庫縣,昆虫館,4.0,100,昆虫館,Kobe Station,23.4,0.70,0.8000,1.0000,0.1762,0.7776,http://commons.wikimedia.org/wiki/Special:FilePath/Itami%20City%20Museum%20of%20Insects1.jpg,34.7913060,135.3948330,Q17238979
829,吉見町埋蔵文化財センター,埼玉縣,埋藏文化財中心,4.0,100,埋藏文化財中心,Omiya Station,23.5,0.70,0.8000,1.0000,0.1757,0.7776,,36.0389580,139.4213730,Q104696834
978,堺市立泉北すえむら資料館,大阪府,廃止された博物館,4.0,100,廃止された博物館,Osaka Station,23.4,0.70,0.8000,1.0000,0.1758,0.7776,http://commons.wikimedia.org/wiki/Special:FilePath/%E5%A4%A7%E9%98%AA%E5%BA%9C%E7%AB%8B%E6%B3%89%E5%8C%97%E8%80%83%E5%8F%A4%E8%B3%87%E6%96%99%E9%A4%A8.jpg,34.4920830,135.5109440,Q11428215
1010,大阪府立彌生文化博物館,大阪府,都道府县立博物馆,4.0,100,都道府县立博物馆,Osaka Station,23.5,0.70,0.8000,1.0000,0.1757,0.7776,http://commons.wikimedia.org/wiki/Special:FilePath/Osaka%20Prefectural%20Museum%20of%20Yayoi%20Culture01s3200.jpg,34.4992220,135.4271670,Q11441080
1089,犬養万葉記念館,奈良縣,纪念博物馆,4.0,100,纪念博物馆,Nara Station,23.4,0.70,0.8000,1.0000,0.1763,0.7776,http://commons.wikimedia.org/wiki/Special:FilePath/%E7%8A%AC%E9%A4%8A%E4%B8%87%E8%91%89%E8%A8%98%E5%BF%B5%E9%A4%A8%2001.jpg,34.4704840,135.8225710,Q132234293
1591,太田宿中山道会館,岐阜縣,博物館,4.0,100,博物館,Gifu Station,23.5,0.70,0.8000,1.0000,0.1756,0.7776,http://commons.wikimedia.org/wiki/Special:FilePath/Ota-juku%20Nakasendo%20Museum%20ac%20%282%29.jpg,35.4375000,137.0130000,Q8081723
2249,白壁兵舎,新潟縣,軍事博物館,4.0,100,軍事博物館,Niigata Station,23.3,0.70,0.8000,1.0000,0.1764,0.7776,http://commons.wikimedia.org/wiki/Special:FilePath/160717%20White%20wall%20barracks%20archives%20museum%20of%20public%20relations%20Shibata%20Niigata%20pref%20Japan01s3.jpg,37.9543458,139.3224425,Q11579494
2251,サントピアワールド,新潟縣,主題樂園,4.0,100,主題樂園,Niigata Station,23.4,0.70,0.8000,1.0000,0.1758,0.7776,http://commons.wikimedia.org/wiki/Special:FilePath/SUNTOPIA%20WORLD.JPG,37.7649167,139.2528333,Q11305817
3032,厚木市兒童科學館,神奈川縣,科學博物館,4.0,100,科學博物館,Yokohama Station,23.4,0.70,0.8000,1.0000,0.1762,0.7776,http://commons.wikimedia.org/wiki/Special:FilePath/Atsugi%20city%20plaza%2020161002.jpg,35.4410810,139.3664100,Q11409250
312,伊丹市立博物館,兵庫縣,市立博物館,4.0,100,市立博物館,Kobe Station,23.5,0.70,0.8000,1.0000,0.1751,0.7775,http://commons.wikimedia.org/wiki/Special:FilePath/Itami%20City%20Museum.jpg,34.7850000,135.4015560,Q11378765
684,東京德國村,千葉縣,主題公園,4.0,100,主題公園,Chiba Station,23.6,0.70,0.8000,1.0000,0.1747,0.7775,http://commons.wikimedia.org/wiki/Special:FilePath/%E3%83%89%E3%82%A4%E3%83%84%E6%9D%91%E3%82%A4%E3%83%AB%E3%83%9F.jpg,35.4055560,140.0594440,Q11235188
784,青洲之里,和歌山縣,主題公園,4.0,100,主題公園,Wakayama Station,23.6,0.70,0.8000,1.0000,0.1747,0.7775,http://commons.wikimedia.org/wiki/Special:FilePath/Roadside%20station%20Seishu%20no%20sato.jpg,34.2811944,135.4411389,Q11662592
1249,礪波鄉土資料館,富山縣,博物館,4.0,100,博物館,Toyama Station,23.5,0.70,0.8000,1.0000,0.1754,0.7775,http://commons.wikimedia.org/wiki/Special:FilePath/Tonami%20provincial%20museum%2001.jpg,36.6387222,136.9613056,Q28684384
1620,備前焼ミュージアム,岡山縣,廃止された博物館,4.0,100,廃止された博物館,Okayama Station,23.6,0.70,0.8000,1.0000,0.1748,0.7775,http://commons.wikimedia.org/wiki/Special:FilePath/Bizen%20Pottery%20Traditional%20and%20Contemporary%20Art%20Museum%20Bizen%20Okayama%20pref%20Japan02n.jpg,34.7390680,134.1612550,Q132578373
1628,備前市美術館,岡山縣,美術館,4.0,100,美術館,Okayama Station,23.6,0.70,0.8000,1.0000,0.1748,0.7775,,34.7390680,134.1612410,Q132577340
1660,玉野市立玉野海洋博物館,岡山縣,水族館,4.0,100,水族館,Okayama Station,23.6,0.70,0.8000,1.0000,0.1750,0.7775,http://commons.wikimedia.org/wiki/Special:FilePath/Shibukawa%20Marine%20Aquarium.jpg,34.4548750,133.9054780,Q11572836
2034,刈谷市美術館,愛知縣,美術館,4.0,100,美術館,Nagoya Station,23.5,0.70,0.8000,1.0000,0.1754,0.7775,http://commons.wikimedia.org/wiki/Special:FilePath/140112%20Kariya%20City%20Art%20Museum%20Kariya%20Aich%20pref%20Japan01s3.jpg,34.9855560,137.0055560,Q11396288
2189,夢と学びの科学体験館,愛知縣,博物館,4.0,100,博物館,Nagoya Station,23.6,0.70,0.8000,1.0000,0.1749,0.7775,http://commons.wikimedia.org/wiki/Special:FilePath/Hands-On%20Science%20Museum%202020%20ac%20%281%29.jpg,34.9881361,137.0129667,Q21655090
3423,絹撚記念館,群馬縣,历史建筑,4.0,100,历史建筑,Maebashi Station,23.6,0.70,0.8000,1.0000,0.1751,0.7775,http://commons.wikimedia.org/wiki/Special:FilePath/Kennen%20Kinenkan%202.jpg,36.4097330,139.3336920,Q11606987
724,和洋女子大学文化資料館,千葉縣,大學博物館,4.0,100,大學博物館,Chiba Station,23.7,0.70,0.8000,1.0000,0.1742,0.7774,,35.7425600,139.9044970,Q104696842
793,花山博物館,和歌山縣,人物紀念館,4.0,100,人物紀念館,Wakayama Station,23.7,0.70,0.8000,1.0000,0.1744,0.7774,http://commons.wikimedia.org/wiki/Special:FilePath/FHM05s3200.jpg,34.2807220,135.4417500,Q11333600
1197,宮崎縣立西都原考古博物館,宮崎縣,都道府县立博物馆,4.0,100,都道府县立博物馆,Miyazaki Station,23.8,0.70,0.8000,1.0000,0.1738,0.7774,http://commons.wikimedia.org/wiki/Special:FilePath/Saitobaru%20Archaeology%20Museum.jpg,32.1253611,131.3823889,Q68478310
1204,高鍋町美術館,宮崎縣,美術館,4.0,100,美術館,Miyazaki Station,23.8,0.70,0.8000,1.0000,0.1735,0.7774,http://commons.wikimedia.org/wiki/Special:FilePath/Takanabe%20museum%20of%20art.jpg,32.1208333,131.5038889,Q11673182
1212,礪波散居村博物館,富山縣,博物館,4.0,100,博物館,Toyama Station,23.8,0.70,0.8000,1.0000,0.1738,0.7774,http://commons.wikimedia.org/wiki/Special:FilePath/Tonami%20Sankyoson%20Museum%20johokan.jpg,36.6258889,136.9638333,Q28684385
2207,知立市歴史民俗資料館,愛知縣,博物館,4.0,100,博物館,Nagoya Station,23.7,0.70,0.8000,1.0000,0.1744,0.7774,http://commons.wikimedia.org/wiki/Special:FilePath/Chiryu%20City%20Library%202016-c.JPG,35.0013611,137.0388056,Q48756110
2291,蕗谷虹児記念館,新潟縣,人物紀念館,4.0,100,人物紀念館,Niigata Station,23.7,0.70,0.8000,1.0000,0.1745,0.7774,http://commons.wikimedia.org/wiki/Special:FilePath/160717%20Koji%20Fukiya%20Memorial%20Museum%20of%20Art%20Shibata%20Niigata%20pref%20Japan01n.jpg,37.9519170,139.3268060,Q11621988
3401,大川美術館,群馬縣,美術館,4.0,100,美術館,Maebashi Station,23.7,0.70,0.8000,1.0000,0.1743,0.7774,http://commons.wikimedia.org/wiki/Special:FilePath/Okawa%20Museum%20of%20Art.JPG,36.4168333,139.3340000,Q5157831
681,袖ケ浦市郷土博物館,千葉縣,地方文化館,4.0,100,地方文化館,Chiba Station,23.9,0.70,0.8000,1.0000,0.1728,0.7773,,35.4209480,139.9946970,Q104696854
741,旧齋藤邸,千葉縣,建成遗产,4.0,100,建成遗产,Chiba Station,23.8,0.70,0.8000,1.0000,0.1733,0.7773,http://commons.wikimedia.org/wiki/Special:FilePath/%E6%97%A7%E9%BD%8B%E8%97%A4%E9%82%B8%EF%BC%88%E6%9D%BE%E6%88%B8%E5%B8%82%EF%BC%89%E4%B8%BB%E5%B1%8B.jpg,35.7736300,139.9376600,Q138750333
1074,国営飛鳥歴史公園館,奈良縣,遊客中心,4.0,100,遊客中心,Nara Station,24.0,0.70,0.8000,1.0000,0.1727,0.7773,,34.4654190,135.8036070,Q132298022
1200,高鍋町歷史綜合資料館,宮崎縣,博物館,4.0,100,博物館,Miyazaki Station,23.9,0.70,0.8000,1.0000,0.1728,0.7773,,32.1223056,131.5024444,Q11673179
1561,海津市歷史民俗資料館,岐阜縣,博物館,4.0,100,博物館,Gifu Station,23.9,0.70,0.8000,1.0000,0.1733,0.7773,http://commons.wikimedia.org/wiki/Special:FilePath/Kaizu%20City%20Museum%20of%20History%20and%20Folklore%20ac%20%281%29.jpg,35.2163390,136.6407220,Q11559022
1607,おかやまフォレストパーク ドイツの森,岡山縣,主題公園,4.0,100,主題公園,Okayama Station,23.9,0.70,0.8000,1.0000,0.1731,0.7773,http://commons.wikimedia.org/wiki/Special:FilePath/Okayama%20Agriculture%20Park%20German%20Forest%20Kronenberg%2001.jpg,34.8667222,134.0134722,Q11261717
2179,どんでん館,愛知縣,山車会館,4.0,100,山車会館,Nagoya Station,24.0,0.70,0.8000,1.0000,0.1726,0.7773,http://commons.wikimedia.org/wiki/Special:FilePath/%E3%81%A9%E3%82%93%E3%81%A7%E3%82%93%E9%A4%A8%20%E5%A4%96%E8%A6%B3.JPG,35.3811389,136.9396944,Q11273937
3420,太田市立緣切寺滿德寺資料館,群馬縣,博物館,4.0,100,博物館,Maebashi Station,24.0,0.70,0.8000,1.0000,0.1725,0.7773,http://commons.wikimedia.org/wiki/Special:FilePath/Ota%20Gunma%20Mantokuji%20Museum%201.JPG,36.2533890,139.2861110,Q17222445
3864,丸亀市立資料館,香川縣,歷史博物館,4.0,100,歷史博物館,Takamatsu Station,23.9,0.70,0.8000,1.0000,0.1730,0.7773,http://commons.wikimedia.org/wiki/Special:FilePath/Marugame%20Municipal%20Archives%20Museum01s3872.jpg,34.2857530,133.7983470,Q11368005
1123,葛城市历史博物馆,奈良縣,博物館,4.0,100,博物館,Nara Station,24.0,0.70,0.8000,1.0000,0.1725,0.7772,http://commons.wikimedia.org/wiki/Special:FilePath/Katsuragishi%20rekishi%20hakubutsukan.jpg,34.4772220,135.7309720,Q11620897
3842,うちわの港ミュージアム,香川縣,廃止された博物館,4.0,100,廃止された博物館,Takamatsu Station,24.0,0.70,0.8000,1.0000,0.1725,0.7772,http://commons.wikimedia.org/wiki/Special:FilePath/Uchiwa%20Museum01.jpg,34.2970830,133.7934720,Q11367989
3883,香美市立柳瀨嵩紀念館,高知縣,人物紀念館,4.0,100,人物紀念館,Kochi Station,24.0,0.70,0.8000,1.0000,0.1722,0.7772,http://commons.wikimedia.org/wiki/Special:FilePath/Kami%20Kochi%20Yanase%20Takashi%20Memorial%20Hall.jpg,33.6476944,133.7837500,Q2496737
761,昭和の社,千葉縣,博物館,4.0,100,博物館,Chiba Station,24.2,0.70,0.8000,1.0000,0.1714,0.7771,http://commons.wikimedia.org/wiki/Special:FilePath/Showa-no-Mori%20Museum%20entrance%2020160610.jpg,35.7717100,139.9297900,Q24686952
899,ワク井ミュージアム,埼玉縣,汽車博物館,4.0,100,汽車博物館,Omiya Station,24.2,0.70,0.8000,1.0000,0.1713,0.7771,,36.1237611,139.6363194,Q22120897
1085,高松塚古墳壁画館,奈良縣,考古博物館,4.0,100,考古博物館,Nara Station,24.3,0.70,0.8000,1.0000,0.1706,0.7771,http://commons.wikimedia.org/wiki/Special:FilePath/Takamatsuzuka%20Hekigagan.jpg,34.4621400,135.8063300,Q123150030
1119,大亀和尚民芸館,奈良縣,民俗博物館,4.0,100,民俗博物館,Nara Station,24.2,0.70,0.8000,1.0000,0.1711,0.7771,,34.4804580,135.9233320,Q123148109
1260,松村外次郎記念庄川美術館,富山縣,美術館,4.0,100,美術館,Toyama Station,24.2,0.70,0.8000,1.0000,0.1713,0.7771,http://commons.wikimedia.org/wiki/Special:FilePath/Shogawa%20Memorial%20Museum%20of%20Sotojiro%20Matsumura.jpg,36.5723889,136.9948056,Q30925818
1431,河口湖音樂盒之森,山梨縣,美術館,4.0,100,美術館,Kofu Station,24.2,0.70,0.8000,1.0000,0.1710,0.7771,http://commons.wikimedia.org/wiki/Special:FilePath/Fountain%20show%20on%20the%20hour%20every%20hour%2C%20Kawaguchi-ko%20Music%20Forest%20Museum%20%28%E6%B2%B3%E5%8F%A3%E6%B9%96%E3%82%AA%E3%83%AB%E3%82%B4%E3%83%BC%E3%83%AB%E3%81%AE%E6%A3%AE%E3%81%A7%E6%AF%8E%E6%AD%A3%E6%99%82%E3%81%AB%E8%A1%8C%E3%82%8F%E3%82%8C%E3%82%8B%E5%99%B4%E6%B0%B4%E3%82%B7%E3%83%A7%E3%83%BC%29.jpg,35.5222222,138.7686111,Q11553670
2719,岡田記念館,栃木縣,历史房屋博物馆,4.0,100,历史房屋博物馆,Utsunomiya Station,24.3,0.70,0.8000,1.0000,0.1709,0.7771,http://commons.wikimedia.org/wiki/Special:FilePath/Okada%20Memorial%20Hall.JPG,36.3862020,139.7334780,Q107121021
3389,群馬サファリパーク,群馬縣,野生动物园,4.0,100,野生动物园,Maebashi Station,24.3,0.70,0.8000,1.0000,0.1708,0.7771,http://commons.wikimedia.org/wiki/Special:FilePath/White%20tiger2.jpg,36.2257500,138.8851940,Q11609531
3835,壺井栄文学館,香川縣,人物紀念館,4.0,100,人物紀念館,Takamatsu Station,24.3,0.70,0.8000,1.0000,0.1706,0.7771,http://commons.wikimedia.org/wiki/Special:FilePath/201211%20Twenty-four%20eyes27s3.jpg,34.4454170,134.2851810,Q11429680
3838,丸亀市猪熊弦一郎現代美術館,香川縣,美術館,4.0,100,美術館,Takamatsu Station,24.3,0.70,0.8000,1.0000,0.1707,0.7771,http://commons.wikimedia.org/wiki/Special:FilePath/Marugame%20Genichiro-Inokuma%20Museum%20of%20Contemporary%20Art%20exterior%20ac.jpg,34.2912250,133.7921030,Q11367991
3841,二十四の瞳映画村,香川縣,電影製片廠,4.0,100,電影製片廠,Takamatsu Station,24.3,0.70,0.8000,1.0000,0.1706,0.7771,http://commons.wikimedia.org/wiki/Special:FilePath/201211%20Twenty-four%20eyes22s3.jpg,34.4454167,134.2851806,Q11371381
732,市立市川考古博物館,千葉縣,考古博物館,4.0,100,考古博物館,Chiba Station,24.3,0.70,0.8000,1.0000,0.1704,0.7770,http://commons.wikimedia.org/wiki/Special:FilePath/Municipal%20Museum%20of%20Archaeology%20in%20Ichikawa.jpg,35.7590930,139.9119850,Q104696857
774,市立市川歴史博物館,千葉縣,歷史博物館,4.0,100,歷史博物館,Chiba Station,24.4,0.70,0.8000,1.0000,0.1700,0.7770,http://commons.wikimedia.org/wiki/Special:FilePath/Ichikawa%20City%20History%20Museum.jpg,35.7597740,139.9116250,Q104696858
892,ほくさい美術館,埼玉縣,美術館,4.0,100,美術館,Omiya Station,24.5,0.70,0.8000,1.0000,0.1698,0.7770,,36.1261900,139.6160700,Q123516739
971,大阪芸術大学博物館,大阪府,大學博物館,4.0,100,大學博物館,Osaka Station,24.4,0.70,0.8000,1.0000,0.1700,0.7770,,34.5123240,135.6292180,Q123508358
1572,美濃和紙用具ミュージアム ふくべ,岐阜縣,博物館,4.0,100,博物館,Gifu Station,24.3,0.70,0.8000,1.0000,0.1704,0.7770,,35.5889444,136.9095833,Q116505582
1686,児島市民交流センター,岡山縣,博物館,4.0,100,博物館,Okayama Station,24.4,0.70,0.8000,1.0000,0.1699,0.7770,http://commons.wikimedia.org/wiki/Special:FilePath/Kojima%20Civic%20Center%202021-08%20ac.jpg,34.4683330,133.8036110,Q11388659
1992,久万高原町立久万美術館,愛媛縣,美術館,4.0,100,美術館,Matsuyama Station,24.5,0.70,0.8000,1.0000,0.1697,0.7770,http://commons.wikimedia.org/wiki/Special:FilePath/%E4%B9%85%E4%B8%87%E7%BE%8E%E8%A1%93%E9%A4%A8.JPG,33.6620500,132.9067390,Q11368866
2197,犬山市文化史料館,愛知縣,博物館,4.0,100,博物館,Nagoya Station,24.4,0.70,0.8000,1.0000,0.1698,0.7770,http://commons.wikimedia.org/wiki/Special:FilePath/Inuyama%20Artifacts%20Museum%20ac.jpg,35.3856310,136.9391890,Q11571205
3094,神奈川縣水道記念館,神奈川縣,水廠博物館,4.0,100,水廠博物館,Yokohama Station,24.4,0.70,0.8000,1.0000,0.1700,0.7770,http://commons.wikimedia.org/wiki/Special:FilePath/Kanagawa%20Water%20Memorial%20Park%2001.jpg,35.3715000,139.3796390,Q11588985
3385,桐生が岡公園,群馬縣,公園,4.0,100,公園,Maebashi Station,24.4,0.70,0.8000,1.0000,0.1699,0.7770,http://commons.wikimedia.org/wiki/Special:FilePath/%E6%A1%90%E7%94%9F%E3%81%8C%E5%B2%A1%E5%85%AC%E5%9C%92%20%E9%81%8A%E5%9C%92%E5%9C%B0%E5%85%A8%E6%99%AF.JPG,36.4237222,139.3410000,Q11537258
3826,塩飽勤番所,香川縣,地方政府大樓,4.0,100,地方政府大樓,Takamatsu Station,24.5,0.70,0.8000,1.0000,0.1697,0.7770,http://commons.wikimedia.org/wiki/Special:FilePath/Shiwaku-kinbansho03s3200.jpg,34.3878390,133.7838420,Q11428975
206,柿衛文庫,兵庫縣,文庫,4.0,100,文庫,Kobe Station,24.7,0.70,0.8000,1.0000,0.1685,0.7769,http://commons.wikimedia.org/wiki/Special:FilePath/Itami%20City%20Museum%20of%20Art%20and%20Kakimori-bunko01s3.jpg,34.7825560,135.4171940,Q11535060
210,伊丹市立美術館,兵庫縣,美術館,4.0,100,美術館,Kobe Station,24.7,0.70,0.8000,1.0000,0.1685,0.7769,http://commons.wikimedia.org/wiki/Special:FilePath/Itami%20City%20Museum%20of%20Art%20and%20Kakimori-bunko02s3.jpg,34.7825560,135.4171940,Q11378773
384,白雪ブルワリービレッジ長寿蔵ミュージアム,兵庫縣,酒博物館,4.0,100,酒博物館,Kobe Station,24.6,0.70,0.8000,1.0000,0.1689,0.7769,http://commons.wikimedia.org/wiki/Special:FilePath/Brewery%20museum01%202048.jpg,34.7811110,135.4171670,Q11334871
1235,立川破火山口水土流失预防博物馆,富山縣,博物館,4.0,100,博物館,Toyama Station,24.6,0.70,0.8000,1.0000,0.1687,0.7769,http://commons.wikimedia.org/wiki/Special:FilePath/080503%20Tateyama%20Caldera%20Sabo%20Museum%20Tatetana%20Japan10s.jpg,36.5822780,137.4458610,Q30112754
1442,河口湖美術館,山梨縣,美術館,4.0,100,美術館,Kofu Station,24.6,0.70,0.8000,1.0000,0.1689,0.7769,http://commons.wikimedia.org/wiki/Special:FilePath/170504%20Kawaguchiko%20Museum%20of%20Art%20Fujikawaguchiko%20Yamanashi%20pref%20Japan02s3.jpg,35.5191667,138.7705556,Q3329567
1462,美濃加茂市民ミュージアム,岐阜縣,博物館,4.0,100,博物館,Gifu Station,24.6,0.70,0.8000,1.0000,0.1687,0.7769,http://commons.wikimedia.org/wiki/Special:FilePath/Minokamo%20culture%20forest.jpg,35.4570556,137.0217778,Q48749054
1934,阿波市立市場歴史民俗資料館,德島縣,博物館,4.0,100,博物館,Tokushima Station,24.6,0.70,0.8000,1.0000,0.1689,0.7769,,34.0942100,134.2849800,Q109595796
3378,桐生織物参考館“紫”,群馬縣,工业博物馆,4.0,100,工业博物馆,Maebashi Station,24.5,0.70,0.8000,1.0000,0.1693,0.7769,http://commons.wikimedia.org/wiki/Special:FilePath/Textile%20Museum%20YUKARI.JPG,36.4103370,139.3447200,Q11537351
3512,音浴博物館,長崎縣,音楽博物館,4.0,100,音楽博物館,Nagasaki Station,24.6,0.70,0.8000,1.0000,0.1690,0.7769,http://commons.wikimedia.org/wiki/Special:FilePath/MG%200121%20%E9%9F%B3%E6%B5%B4%E5%8D%9A%E7%89%A9%E9%A4%A8.JPG,32.9262780,129.7086390,Q11664299
3531,山ノ内町立志賀高原ロマン美術館,長野縣,美術館,4.0,100,美術館,Nagano Station,24.7,0.70,0.8000,1.0000,0.1686,0.7769,,36.7279030,138.4442070,Q133288742
3680,立佞武多の館,青森縣,山車会館,4.0,100,山車会館,Aomori Station,24.6,0.70,0.8000,1.0000,0.1689,0.7769,http://commons.wikimedia.org/wiki/Special:FilePath/Tachineputa%20Hall.jpg,40.8109310,140.4432860,Q11597769
196,中富記念藥物博物館,佐賀縣,歷史博物館,4.0,100,歷史博物館,Saga Station,24.8,0.70,0.8000,1.0000,0.1678,0.7768,http://commons.wikimedia.org/wiki/Special:FilePath/Nakatomi%20Memorial%20Medicine%20Museum.jpg,33.3978000,130.5109528,Q11363052
891,碧雅翠絲·波特資料館,埼玉縣,人物紀念館,4.0,100,人物紀念館,Omiya Station,24.7,0.70,0.8000,1.0000,0.1683,0.7768,http://commons.wikimedia.org/wiki/Special:FilePath/Beatrix%20Potter%20Reference%20Library%2C%20Daito%20Bunka%20University%20-%20Apr%2029%2C%202023.jpg,35.9989720,139.3745560,Q11436141
1162,奥松島縄文村歴史資料館,宮城縣,歷史博物館,4.0,100,歷史博物館,Sendai Station,24.7,0.70,0.8000,1.0000,0.1684,0.7768,http://commons.wikimedia.org/wiki/Special:FilePath/Mt.%20Ootakamori%2002.JPG,38.3380250,141.1474880,Q64143388
1843,東広島市立美術館,廣島縣,美術館,4.0,100,美術館,Hiroshima Station,24.7,0.70,0.8000,1.0000,0.1682,0.7768,http://commons.wikimedia.org/wiki/Special:FilePath/Higashihiroshima%20City%20Museum%20of%20Art%202024.jpg,34.4271600,132.7425300,Q17223767
2365,府中市美術館,東京都,美術館,4.0,100,美術館,Tokyo Station,24.8,0.70,0.8000,1.0000,0.1676,0.7768,http://commons.wikimedia.org/wiki/Special:FilePath/Fuchu.no.mori.kouen%2002.jpg,35.6788890,139.4922220,Q11486046
2674,清瀬市郷土博物館,東京都,民俗博物館,4.0,100,民俗博物館,Tokyo Station,24.8,0.70,0.8000,1.0000,0.1679,0.7768,,35.7797610,139.5209480,Q30644211
2685,とちぎ山車会館,栃木縣,山車会館,4.0,100,山車会館,Utsunomiya Station,24.8,0.70,0.8000,1.0000,0.1679,0.7768,http://commons.wikimedia.org/wiki/Special:FilePath/Tochigi%20Float%20Museum.jpg,36.3805278,139.7331667,Q100549885
2688,とちぎ蔵の街美術館,栃木縣,美術館,4.0,100,美術館,Utsunomiya Station,24.7,0.70,0.8000,1.0000,0.1682,0.7768,http://commons.wikimedia.org/wiki/Special:FilePath/Tochigi%20Kuranomachi%20Museum%20of%20Art.jpg,36.3809440,139.7333980,Q11273192
2707,栃木市立文学館,栃木縣,former town hall,4.0,100,former town hall,Utsunomiya Station,24.8,0.70,0.8000,1.0000,0.1677,0.7768,http://commons.wikimedia.org/wiki/Special:FilePath/Tochigi%20City%20Literature%20Museum%20November%202021.jpg,36.3814540,139.7311390,Q110191753
3127,大野城,福井縣,博物館,4.0,100,博物館,Fukui Station,24.8,0.70,0.8000,1.0000,0.1678,0.7768,http://commons.wikimedia.org/wiki/Special:FilePath/EchizenOnoCastle-01.JPG,35.9865880,136.4830420,Q1072530
3903,青山文庫,高知縣,博物館,4.0,100,博物館,Kochi Station,24.8,0.70,0.8000,1.0000,0.1678,0.7768,http://commons.wikimedia.org/wiki/Special:FilePath/Aoyama%20bunko.jpg,33.4978361,133.2887417,Q20044497
154,ききょうの里,京都府,觀光景點,4.0,100,觀光景點,Kyoto Station,24.9,0.70,0.8000,1.0000,0.1673,0.7767,,35.0320833,135.4913889,Q17210134
968,正木美術館,大阪府,美術館,4.0,100,美術館,Osaka Station,25.0,0.70,0.8000,1.0000,0.1667,0.7767,http://commons.wikimedia.org/wiki/Special:FilePath/Landscape%20by%20Sesso%20%28Masaki%20Art%20Museum%29.jpeg,34.4946390,135.3921110,Q11545519
2505,GAS MUSEUM 瓦斯資料館,東京都,公司博物館,4.0,100,公司博物館,Tokyo Station,25.0,0.70,0.8000,1.0000,0.1668,0.7767,http://commons.wikimedia.org/wiki/Special:FilePath/GAS%20MUSEUM%20%28Kodaira%29%2002.jpg,35.7419720,139.5007500,Q11200876
2693,岩下の新生姜ミュージアム,栃木縣,公司博物館,4.0,100,公司博物館,Utsunomiya Station,25.0,0.70,0.8000,1.0000,0.1669,0.7767,http://commons.wikimedia.org/wiki/Special:FilePath/New%20Ginger%20Museum.jpg,36.3745278,139.7403611,Q99529173
2921,松井秀喜棒球博物館,石川縣,人物紀念館,4.0,100,人物紀念館,Kanazawa Station,25.0,0.70,0.8000,1.0000,0.1667,0.7767,http://commons.wikimedia.org/wiki/Special:FilePath/Matsui%20Hideki%20Baseball%20Museum%201.jpg,36.4309722,136.4365278,Q11529176
3077,あつぎ郷土博物館,神奈川縣,地方文化館,4.0,100,地方文化館,Yokohama Station,24.9,0.70,0.8000,1.0000,0.1669,0.7767,,35.4953611,139.3495000,Q100269008
3368,桐生自動車博物館,群馬縣,汽車博物館,4.0,100,汽車博物館,Maebashi Station,24.9,0.70,0.8000,1.0000,0.1671,0.7767,http://commons.wikimedia.org/wiki/Special:FilePath/Maehara%2020th%20Museum.JPG,36.3719444,139.3506944,Q11537352
3702,太宰治紀念館 「斜陽館」,青森縣,历史房屋博物馆,4.0,100,历史房屋博物馆,Aomori Station,24.9,0.70,0.8000,1.0000,0.1673,0.7767,http://commons.wikimedia.org/wiki/Special:FilePath/Shay%C5%8Dkan%20the%20birthhouse%20of%20Osamu%20Dazai.jpg,40.9027030,140.4554900,Q1179272
1080,水平社博物館,奈良縣,博物館,4.0,100,博物館,Nara Station,25.0,0.70,0.8000,1.0000,0.1665,0.7766,http://commons.wikimedia.org/wiki/Special:FilePath/%E6%B0%B4%E5%B9%B3%E7%A4%BE%E5%8D%9A%E7%89%A9%E9%A4%A8%202012.6.14%20-%20panoramio.jpg,34.4603840,135.7612200,Q104721805
1231,魚津歴史民俗博物館,富山縣,民俗博物館,4.0,100,民俗博物館,Toyama Station,25.2,0.70,0.8000,1.0000,0.1657,0.7766,,36.8261111,137.4490278,Q11674043
1306,美祢市歴史民俗資料館,山口縣,博物館,4.0,100,博物館,Yamaguchi Station,25.1,0.70,0.8000,1.0000,0.1662,0.7766,,34.1659730,131.2074600,Q132493371
1327,美祢市化石館,山口縣,古生物博物馆,4.0,100,古生物博物馆,Yamaguchi Station,25.1,0.70,0.8000,1.0000,0.1663,0.7766,,34.1673360,131.2075570,Q132493850
3010,茅崎市美術館,神奈川縣,美術館,4.0,100,美術館,Yokohama Station,25.0,0.70,0.8000,1.0000,0.1664,0.7766,http://commons.wikimedia.org/wiki/Special:FilePath/Chigasaki%20City%20Art%20museum.jpg,35.3261944,139.4062778,Q104967760
3021,史跡田名向原遺跡旧石器時代学習館,神奈川縣,考古博物館,4.0,100,考古博物館,Yokohama Station,25.1,0.70,0.8000,1.0000,0.1659,0.7766,,35.5290556,139.3559444,Q110937150
3705,津軽こけし館,青森縣,人形博物館,4.0,100,人形博物館,Aomori Station,25.2,0.70,0.8000,1.0000,0.1656,0.7766,http://commons.wikimedia.org/wiki/Special:FilePath/Tsugaru%20kokeshi-kan01.jpg,40.6063280,140.6765220,Q11556382
719,木更津坎蘭沙公園KISARAPIA,千葉縣,主題樂園,4.0,100,主題樂園,Chiba Station,25.3,0.70,0.8000,1.0000,0.1648,0.7765,http://commons.wikimedia.org/wiki/Special:FilePath/Kisarapia%20kannrannsya.jpg,35.4389722,139.9328611,Q65270961
1043,太子町立竹内街道歴史資料館,大阪府,歷史博物館,4.0,100,歷史博物館,Osaka Station,25.3,0.70,0.8000,1.0000,0.1648,0.7765,http://commons.wikimedia.org/wiki/Special:FilePath/%E7%AB%B9%E5%86%85%E8%A1%97%E9%81%93%E6%AD%B4%E5%8F%B2%E8%B3%87%E6%96%99%E9%A4%A8.jpg,34.5170556,135.6568333,Q114174315
1237,ミュゼふくおかカメラ館,富山縣,攝影博物館,4.0,100,攝影博物館,Toyama Station,25.3,0.70,0.8000,1.0000,0.1652,0.7765,http://commons.wikimedia.org/wiki/Special:FilePath/Fukuoka%20Camera%20Museum.jpg,36.7114722,136.9298056,Q116972269
2070,日本猴子公園,愛知縣,主題樂園,4.0,100,主題樂園,Nagoya Station,25.4,0.70,0.8000,1.0000,0.1645,0.7765,http://commons.wikimedia.org/wiki/Special:FilePath/Nihonmonkeypark.JPG,35.3914470,136.9539080,Q11506991
2651,JRA競馬博物館,東京都,體育博物館,4.0,100,體育博物館,Tokyo Station,25.3,0.70,0.8000,1.0000,0.1653,0.7765,http://commons.wikimedia.org/wiki/Special:FilePath/JRA-RACING%20MUSEUM.jpg,35.6663610,139.4881390,Q17210727
2861,近江八幡市立資料館,滋賀縣,市立博物館,4.0,100,市立博物館,Otsu Station,25.3,0.70,0.8000,1.0000,0.1648,0.7765,,35.1381050,136.0892280,Q104720798
2987,橫須賀美術館,神奈川縣,美術館,4.0,100,美術館,Yokohama Station,25.3,0.70,0.8000,1.0000,0.1653,0.7765,http://commons.wikimedia.org/wiki/Special:FilePath/Yokosuka%20Museum%20of%20Art%202009.jpg,35.2594420,139.7379360,Q11543551
3690,津軽伝承工芸館,青森縣,工藝博物館,4.0,100,工藝博物館,Aomori Station,25.3,0.70,0.8000,1.0000,0.1652,0.7765,http://commons.wikimedia.org/wiki/Special:FilePath/Tsugaru%20Traditional%20Crafts%20Center07.jpg,40.6056111,140.6758889,Q30922740
860,埼玉綠之森博物館,埼玉縣,戶外博物館,4.0,100,戶外博物館,Omiya Station,25.4,0.70,0.8000,1.0000,0.1643,0.7764,,35.7862780,139.3840560,Q11267531
876,埼玉縣和平資料館,埼玉縣,和平博物館,4.0,100,和平博物館,Omiya Station,25.4,0.70,0.8000,1.0000,0.1643,0.7764,http://commons.wikimedia.org/wiki/Special:FilePath/Higashimatsuyama%20Peace%20Museum%20Of%20Saitama%201.JPG,35.9986110,139.3656340,Q11426567
879,醤遊王国,埼玉縣,食品店,4.0,100,食品店,Omiya Station,25.4,0.70,0.8000,1.0000,0.1643,0.7764,http://commons.wikimedia.org/wiki/Special:FilePath/Hidaka%20Saitama%20Shoyu%20kingdom%201.JPG,35.9206670,139.3422500,Q11644497
909,長島記念館,埼玉縣,纪念博物馆,4.0,100,纪念博物馆,Omiya Station,25.6,0.70,0.8000,1.0000,0.1635,0.7764,,36.0794900,139.4368700,Q123516594
2029,下灘站,愛媛縣,觀光景點,4.0,100,觀光景點,Matsuyama Station,25.5,0.70,0.8000,1.0000,0.1640,0.7764,http://commons.wikimedia.org/wiki/Special:FilePath/Shimonada%20Station%20201507%281%29.JPG,33.6551000,132.5892000,Q899167
3138,福井縣立恐龍博物館,福井縣,古生物博物馆,4.0,100,古生物博物馆,Fukui Station,25.5,0.70,0.8000,1.0000,0.1637,0.7764,http://commons.wikimedia.org/wiki/Special:FilePath/Fukui%20Prefectural%20Dinosaur%20Museum%2020231217.jpg,36.0829090,136.5066660,Q3247157
3712,田舎館村埋蔵文化財センター,青森縣,埋藏文化財中心,4.0,100,埋藏文化財中心,Aomori Station,25.4,0.70,0.8000,1.0000,0.1643,0.7764,,40.6331548,140.5775650,Q132356046
858,城西大学水田美術館,埼玉縣,美術館,4.0,100,美術館,Omiya Station,25.7,0.70,0.8000,1.0000,0.1631,0.7763,,35.9328083,139.3409889,Q97754517
1406,アフリカンアートミュージアム,山梨縣,美術館,4.0,100,美術館,Kofu Station,25.6,0.70,0.8000,1.0000,0.1632,0.7763,,35.8240000,138.3601667,Q109361733
2831,かわらミュージアム,滋賀縣,博物館,4.0,100,博物館,Otsu Station,25.7,0.70,0.8000,1.0000,0.1629,0.7763,http://commons.wikimedia.org/wiki/Special:FilePath/Kawara%20museum01s2000.jpg,35.1405556,136.0919444,Q6379677
2877,ボーダレス・アートミュージアム NO-MA,滋賀縣,美術館,4.0,100,美術館,Otsu Station,25.7,0.70,0.8000,1.0000,0.1629,0.7763,http://commons.wikimedia.org/wiki/Special:FilePath/Borderless%20Art%20Museum%20NO-MA%201.jpg,35.1376389,136.0944722,Q11338923
3129,勝山恐龍之森,福井縣,城市公園,4.0,100,城市公園,Fukui Station,25.8,0.70,0.8000,1.0000,0.1626,0.7763,http://commons.wikimedia.org/wiki/Special:FilePath/Katsuyama%20Dinosaur%20Forest%20Park.jpg,36.0833060,136.5089720,Q65234430
3166,越前がにミュージアム,福井縣,博物館,4.0,100,博物館,Fukui Station,25.7,0.70,0.8000,1.0000,0.1630,0.7763,http://commons.wikimedia.org/wiki/Special:FilePath/Echizengani%20museum.JPG,35.9200170,135.9983330,Q11636403
869,入間市博物館,埼玉縣,市立博物館,4.0,100,市立博物館,Omiya Station,26.0,0.70,0.8000,1.0000,0.1615,0.7762,http://commons.wikimedia.org/wiki/Special:FilePath/Iruma%20Irumasi-hakubutukan%201.jpg,35.8015000,139.3668060,Q11389080
1068,大阪大谷大学博物館,大阪府,博物館,4.0,100,博物館,Osaka Station,25.8,0.70,0.8000,1.0000,0.1624,0.7762,,34.4812500,135.5804440,Q11440165
2542,稲城市郷土資料室,東京都,地方文化館,4.0,100,地方文化館,Tokyo Station,25.9,0.70,0.8000,1.0000,0.1616,0.7762,,35.6138056,139.4923056,Q85882958
2765,琉球村,沖繩縣,主題公園,4.0,100,主題公園,Naha Bus Terminal,26.0,0.70,0.8000,1.0000,0.1615,0.7762,http://commons.wikimedia.org/wiki/Special:FilePath/Ryukyu%20Mura%20entrance.jpg,26.4294679,127.7752581,Q25112734
2822,ヴォーリズ記念館,滋賀縣,美術館,4.0,100,美術館,Otsu Station,25.9,0.70,0.8000,1.0000,0.1621,0.7762,http://commons.wikimedia.org/wiki/Special:FilePath/Old%20vories%20house01s3200.jpg,35.1398610,136.0947220,Q11352217
2839,ハイド記念館・教育会館,滋賀縣,人物紀念館,4.0,100,人物紀念館,Otsu Station,25.9,0.70,0.8000,1.0000,0.1617,0.7762,http://commons.wikimedia.org/wiki/Special:FilePath/Hyde%20memorial%20Hall01s3200.jpg,35.1400280,136.0954280,Q11326078
2960,小松市立博物館,石川縣,市立博物館,4.0,100,市立博物館,Kanazawa Station,25.9,0.70,0.8000,1.0000,0.1616,0.7762,http://commons.wikimedia.org/wiki/Special:FilePath/Komatsu%20Municipal%20Museum.jpg,36.4088889,136.4483056,Q11461143
3006,光と緑の美術館,神奈川縣,美術館,4.0,100,美術館,Yokohama Station,25.9,0.70,0.8000,1.0000,0.1620,0.7762,,35.5642860,139.3636830,Q11388213
191,佐賀県立宇宙科学館,佐賀縣,科學博物館,4.0,100,科學博物館,Saga Station,26.1,0.70,0.8000,1.0000,0.1606,0.7761,,33.1791667,130.0352778,Q11384745
281,伊丹市立こども文化科学館,兵庫縣,科學博物館,4.0,100,科學博物館,Kobe Station,26.0,0.70,0.8000,1.0000,0.1612,0.7761,,34.7829722,135.4333611,Q116432719
759,松戶市立博物館,千葉縣,博物館,4.0,100,博物館,Chiba Station,26.1,0.70,0.8000,1.0000,0.1608,0.7761,http://commons.wikimedia.org/wiki/Special:FilePath/MatsudoMuseum01.jpg,35.8009440,139.9395000,Q11530691
1017,大阪府立近飛鳥博物館,大阪府,都道府县立博物馆,4.0,100,都道府县立博物馆,Osaka Station,26.0,0.70,0.8000,1.0000,0.1614,0.7761,http://commons.wikimedia.org/wiki/Special:FilePath/Chikatsu%20asuka%20museum01s3592.jpg,34.5030556,135.6436111,Q4557237
1050,大阪府立近つ飛鳥風土記の丘,大阪府,風土記之丘,4.0,100,風土記之丘,Osaka Station,26.0,0.70,0.8000,1.0000,0.1614,0.7761,http://commons.wikimedia.org/wiki/Special:FilePath/%E8%BF%91%E3%81%A4%E9%A3%9B%E9%B3%A5%E9%A2%A8%E5%9C%9F%E8%A8%98%E3%81%AE%E4%B8%98%20%E7%B7%91%E3%81%AE%E5%BA%83%E5%A0%B4%202013.3.30%20-%20panoramio.jpg,34.5031110,135.6437780,Q17239440
1428,清春白樺美術館,山梨縣,美術館,4.0,100,美術館,Kofu Station,26.0,0.70,0.8000,1.0000,0.1613,0.7761,http://commons.wikimedia.org/wiki/Special:FilePath/Mus%C3%A9e%20Kiyoharu%20Shirakaba%20December%20%C2%B421%20%EF%BC%8D04.jpg,35.8225833,138.3532778,Q11560662
1455,ローソン 河口湖駅前,山梨縣,觀光景點,4.0,100,觀光景點,Kofu Station,26.0,0.70,0.8000,1.0000,0.1614,0.7761,,35.4986100,138.7671600,Q135801024
1547,地震斷層觀察館·體驗館,岐阜縣,地質学博物館,4.0,100,地質学博物館,Gifu Station,26.1,0.70,0.8000,1.0000,0.1609,0.7761,http://commons.wikimedia.org/wiki/Special:FilePath/Seismic%20Faults%20Observation%20and%20Experience%20House.jpg,35.6159170,136.6208610,Q11424732
2119,小世界,愛知縣,戶外博物館,4.0,100,戶外博物館,Nagoya Station,26.0,0.70,0.8000,1.0000,0.1612,0.7761,http://commons.wikimedia.org/wiki/Special:FilePath/Little%20world%2C%20Aichi%20prefecture%20-%20Entrance.jpg,35.3744444,137.0230556,Q6652601
2612,國立痲瘋病資料館,東京都,醫學博物館,4.0,100,醫學博物館,Tokyo Station,26.1,0.70,0.8000,1.0000,0.1610,0.7761,http://commons.wikimedia.org/wiki/Special:FilePath/National%20Hansen%27s%20Disease%20Museum%20%28Japan%29%202.jpg,35.7661944,139.4981111,Q5307955
2967,小松科學之丘科學館,石川縣,科學博物館,4.0,100,科學博物館,Kanazawa Station,26.1,0.70,0.8000,1.0000,0.1607,0.7761,http://commons.wikimedia.org/wiki/Special:FilePath/Science%20hills%20komatsu%20entrance.jpg,36.4013889,136.4555556,Q20044418
730,安蒜家長屋門,千葉縣,古蹟,4.0,100,古蹟,Chiba Station,26.2,0.70,0.8000,1.0000,0.1604,0.7760,http://commons.wikimedia.org/wiki/Special:FilePath/Anbiru-ke%20nagayamon%20%28Sendabori%2C%20Matsudo%29%2001.jpg,35.8001600,139.9366300,Q111588444
1218,氷見市立博物館,富山縣,市立博物館,4.0,100,市立博物館,Toyama Station,26.3,0.70,0.8000,1.0000,0.1600,0.7760,http://commons.wikimedia.org/wiki/Special:FilePath/Himi%20City%20Museum.jpg,36.8528889,136.9868056,Q30925155
1484,ぎふ清流里山公園,岐阜縣,主題公園,4.0,100,主題公園,Gifu Station,26.2,0.70,0.8000,1.0000,0.1602,0.7760,http://commons.wikimedia.org/wiki/Special:FilePath/Seiryu%20satoyama%20park%20ginza.jpg,35.4764444,137.0334722,Q11508260
2892,山鹿市立博物館,熊本縣,市立博物館,4.0,100,市立博物館,Kumamoto Station,26.2,0.70,0.8000,1.0000,0.1602,0.7760,,33.0251389,130.6662778,Q105728795
3030,観音崎自然博物館,神奈川縣,自然歷史博物館,4.0,100,自然歷史博物館,Yokohama Station,26.2,0.70,0.8000,1.0000,0.1604,0.7760,http://commons.wikimedia.org/wiki/Special:FilePath/Kannonzaki%20Park%2003.jpg,35.2520000,139.7424444,Q116205305
3408,旧花輪小学校記念館,群馬縣,纪念博物馆,4.0,100,纪念博物馆,Maebashi Station,26.2,0.70,0.8000,1.0000,0.1604,0.7760,http://commons.wikimedia.org/wiki/Special:FilePath/Former%20Hanawa%20elementary%20school%201.jpg,36.5222222,139.3088889,Q121118437
3762,海野光弘版画記念館,靜岡縣,美術館,4.0,100,美術館,Shizuoka Station,26.2,0.70,0.8000,1.0000,0.1600,0.7760,http://commons.wikimedia.org/wiki/Special:FilePath/%E6%B5%B7%E9%87%8E%E5%85%89%E5%BC%98%E7%89%88%E7%94%BB%E8%A8%98%E5%BF%B5%E9%A4%A8.jpg,34.8323060,138.1565560,Q71821967
695,土屋家長屋門,千葉縣,古蹟,4.0,100,古蹟,Chiba Station,26.4,0.70,0.8000,1.0000,0.1590,0.7759,http://commons.wikimedia.org/wiki/Special:FilePath/Tsuchiya-ke%20nagayamon%20%28Sendabori%2C%20Matsudo%29%2007.jpg,35.7997700,139.9312600,Q56192282
706,元禄まつど村,千葉縣,博物館,4.0,100,博物館,Chiba Station,26.4,0.70,0.8000,1.0000,0.1591,0.7759,http://commons.wikimedia.org/wiki/Special:FilePath/Genroku%20matsudomura01.jpg,35.8008263,139.9332193,Q56184170
886,武藏野村,埼玉縣,主題樂園,4.0,100,主題樂園,Omiya Station,26.5,0.70,0.8000,1.0000,0.1586,0.7759,http://commons.wikimedia.org/wiki/Special:FilePath/Musashino-mura.JPG,36.1374170,139.5504440,Q11279549
1360,最上徳内記念館,山形縣,博物館,4.0,100,博物館,Yamagata Station,26.5,0.70,0.8000,1.0000,0.1589,0.7759,,38.4829194,140.3821389,Q28475660
1389,南陽市立結城豊太郎記念館,山形縣,人物紀念館,4.0,100,人物紀念館,Yamagata Station,26.4,0.70,0.8000,1.0000,0.1591,0.7759,,38.0484167,140.1650278,Q30923955
1799,雲南市永井隆記念館,島根縣,纪念博物馆,4.0,100,纪念博物馆,Matsue Station,26.4,0.70,0.8000,1.0000,0.1592,0.7759,,35.2876660,132.8685240,Q132442017
2066,豐田市博物館,愛知縣,博物館,4.0,100,博物館,Nagoya Station,26.5,0.70,0.8000,1.0000,0.1587,0.7759,http://commons.wikimedia.org/wiki/Special:FilePath/Toyohaku1.jpg,35.0815833,137.1516667,Q125906525
3044,赤星直忠博士文化財資料館,神奈川縣,人物紀念館,4.0,100,人物紀念館,Yokohama Station,26.5,0.70,0.8000,1.0000,0.1589,0.7759,,35.2282778,139.6204722,Q102045964
3770,島田市博物館,靜岡縣,市立博物館,4.0,100,市立博物館,Shizuoka Station,26.5,0.70,0.8000,1.0000,0.1589,0.7759,http://commons.wikimedia.org/wiki/Special:FilePath/Shimada%20City%20Museum%20Feb.2018.jpg,34.8313056,138.1544444,Q60986600
3962,知覽特功和平會館,鹿兒島縣,和平博物館,4.0,100,和平博物館,Kagoshima-Chuo Station,26.5,0.70,0.8000,1.0000,0.1587,0.7759,http://commons.wikimedia.org/wiki/Special:FilePath/TokkouHeiwaKaikan.jpg,31.3633333,130.4344444,Q4458048
781,戸定歴史館,千葉縣,歷史博物館,4.0,100,歷史博物館,Chiba Station,26.6,0.70,0.8000,1.0000,0.1583,0.7758,http://commons.wikimedia.org/wiki/Special:FilePath/TojoRekishikan.jpg,35.7779100,139.8994400,Q60059496
1219,冰見市潮風畫廊,富山縣,美術館,4.0,100,美術館,Toyama Station,26.7,0.70,0.8000,1.0000,0.1579,0.7758,,36.8591390,136.9873330,Q48763471
1434,身延町歴史民俗資料館,山梨縣,博物館,4.0,100,博物館,Kofu Station,26.6,0.70,0.8000,1.0000,0.1582,0.7758,http://commons.wikimedia.org/wiki/Special:FilePath/%E5%A4%A7%E8%81%96%E5%AF%BA%E3%83%BB%E8%BA%AB%E5%BB%B6%E7%94%BA%E7%AB%8B%E6%AD%B4%E5%8F%B2%E6%B0%91%E6%97%8F%E8%B3%87%E6%96%99%E9%A4%A8%20-%20panoramio.jpg,35.4507650,138.4428230,Q104709458
1489,岐阜關原古戰場紀念館,岐阜縣,歷史博物館,4.0,100,歷史博物館,Gifu Station,26.7,0.70,0.8000,1.0000,0.1576,0.7758,http://commons.wikimedia.org/wiki/Special:FilePath/Sekigahara%20Battlefield%20Memorial%20Hall.jpg,35.3656760,136.4662530,Q105266062
1596,関ケ原町歴史民俗学習館,岐阜縣,博物館,4.0,100,博物館,Gifu Station,26.7,0.70,0.8000,1.0000,0.1576,0.7758,,35.3662778,136.4662778,Q117195470
1651,備前市歴史民俗資料館,岡山縣,民俗博物館,4.0,100,民俗博物館,Okayama Station,26.7,0.70,0.8000,1.0000,0.1578,0.7758,http://commons.wikimedia.org/wiki/Special:FilePath/Bizen%20City%20History%20and%20Folklore%20Museum%202021-03%20ac.jpg,34.7469440,134.1937500,Q11387334
1770,奧出雲多根自然博物館,島根縣,自然歷史博物館,4.0,100,自然歷史博物館,Matsue Station,26.6,0.70,0.8000,1.0000,0.1581,0.7758,,35.2327090,132.9876160,Q132412446
2064,豐田市美術館,愛知縣,美術館,4.0,100,美術館,Nagoya Station,26.6,0.70,0.8000,1.0000,0.1583,0.7758,http://commons.wikimedia.org/wiki/Special:FilePath/Toyota%20Municipal%20Museum%20of%20Art%2C%20Kozakahon-machi%20Toyota%202012.JPG,35.0802000,137.1520000,Q4461630
2223,豐田市鄉土資料館,愛知縣,博物館,4.0,100,博物館,Nagoya Station,26.7,0.70,0.8000,1.0000,0.1576,0.7758,http://commons.wikimedia.org/wiki/Special:FilePath/Toyota%20City%20Local%20History%20Museum%20ac%20%286%29.jpg,35.0940780,137.1600330,Q21653837
2442,府中市鄉土之森博物館,東京都,地方文化館,4.0,100,地方文化館,Tokyo Station,26.7,0.70,0.8000,1.0000,0.1579,0.7758,http://commons.wikimedia.org/wiki/Special:FilePath/Kyodo%20no%20Mori%20Historic%20Buildings.jpg,35.6561111,139.4736111,Q3788904
2465,小平市平櫛田中雕刻美術館,東京都,人物紀念館,4.0,100,人物紀念館,Tokyo Station,26.6,0.70,0.8000,1.0000,0.1580,0.7758,http://commons.wikimedia.org/wiki/Special:FilePath/Kodaira%20Hirakushi%20Denchu%20Art%20Museum%20front.jpg,35.7179722,139.4755556,Q11460717
2617,武蔵国分寺跡資料館,東京都,考古博物館,4.0,100,考古博物館,Tokyo Station,26.6,0.70,0.8000,1.0000,0.1581,0.7758,,35.6938600,139.4727850,Q104696868
124,京都府立山城郷土資料館,京都府,地方文化館,4.0,100,地方文化館,Kyoto Station,26.9,0.70,0.8000,1.0000,0.1569,0.7757,http://commons.wikimedia.org/wiki/Special:FilePath/Kyoto%20Prefectural%20Yamashiro%20Regional%20Museum%20exterior%20view.jpg,34.7522222,135.8338889,Q56062380
182,武雄市圖書館,佐賀縣,地方文化館,4.0,100,地方文化館,Saga Station,26.8,0.70,0.8000,1.0000,0.1573,0.7757,http://commons.wikimedia.org/wiki/Special:FilePath/Takeo%20cl%2000.JPG,33.1891190,130.0236530,Q11546631
395,平和観音寺,兵庫縣,巨像,4.0,100,巨像,Kobe Station,26.9,0.70,0.8000,1.0000,0.1566,0.7757,http://commons.wikimedia.org/wiki/Special:FilePath/Heiwakannonji%2C%E5%B9%B3%E5%92%8C%E8%A6%B3%E9%9F%B3%E5%AF%BA%2C%E4%B8%96%E7%95%8C%E5%B9%B3%E5%92%8C%E5%A4%A7%E8%A6%B3%E9%9F%B3%E5%83%8F%20DSCF3854.JPG,34.5029440,134.9767780,Q11482263
522,恵庭市郷土資料館,北海道,地方文化館,4.0,100,地方文化館,Sapporo Station,26.9,0.70,0.8000,1.0000,0.1566,0.7757,http://commons.wikimedia.org/wiki/Special:FilePath/EniwaMuseumCropped.jpg,42.9091670,141.5997500,Q17219401
887,メッツァ,埼玉縣,主題公園,4.0,100,主題公園,Omiya Station,26.8,0.70,0.8000,1.0000,0.1571,0.7757,http://commons.wikimedia.org/wiki/Special:FilePath/Moominvalley%20Park%202019e.jpg,35.8725000,139.3293333,Q21654949
1352,夕鶴之里資料館,山形縣,博物館,4.0,100,博物館,Yamagata Station,26.8,0.70,0.8000,1.0000,0.1573,0.7757,http://commons.wikimedia.org/wiki/Special:FilePath/Yuudzuru%20no%20sato%2C%20Nanyo.jpg,38.0708889,140.1209167,Q65257150
1449,北杜市考古資料館,山梨縣,考古博物館,4.0,100,考古博物館,Kofu Station,26.9,0.70,0.8000,1.0000,0.1568,0.7757,http://commons.wikimedia.org/wiki/Special:FilePath/%E5%8C%97%E6%9D%9C%E5%B8%82%E8%80%83%E5%8F%A4%E8%B3%87%E6%96%99%E9%A4%A8.jpg,35.8581111,138.3854444,Q85877328
1569,名鐵資料館,岐阜縣,博物館,4.0,100,博物館,Gifu Station,26.9,0.70,0.8000,1.0000,0.1567,0.7757,http://commons.wikimedia.org/wiki/Special:FilePath/Meitetsu%20Shiryokan2008-1.jpg,35.4419670,137.0504810,Q11415800
1659,巴西公园鹫羽山游乐场,岡山縣,主題樂園,4.0,100,主題樂園,Okayama Station,26.9,0.70,0.8000,1.0000,0.1568,0.7757,http://commons.wikimedia.org/wiki/Special:FilePath/%E9%B7%B2%E7%BE%BD%E5%B1%B1%E3%83%8F%E3%82%A4%E3%83%A9%E3%83%B3%E3%83%89%20-%20panoramio.jpg,34.4461110,133.7979170,Q10345405
1679,Washuzan Highland Sky Cycle,岡山縣,觀光景點,4.0,100,觀光景點,Okayama Station,26.8,0.70,0.8000,1.0000,0.1571,0.7757,,34.4458432,133.8003244,Q124618084
1988,今治市玉川近代美術館,愛媛縣,现代美术馆,4.0,100,现代美术馆,Matsuyama Station,26.9,0.70,0.8000,1.0000,0.1566,0.7757,http://commons.wikimedia.org/wiki/Special:FilePath/Tamagawa%20art%20museum.jpg,34.0219170,132.9445560,Q11377199
2736,日光市歴史民俗資料館・二宮尊徳記念館,栃木縣,博物館,4.0,100,博物館,Utsunomiya Station,26.8,0.70,0.8000,1.0000,0.1574,0.7757,http://commons.wikimedia.org/wiki/Special:FilePath/Ninomiya%20Sontoku%20Memorial%20in%20Nikko%20Imaichi.jpg,36.7247040,139.6806360,Q104696762
3145,勝山城博物館,福井縣,博物館,4.0,100,博物館,Fukui Station,26.8,0.70,0.8000,1.0000,0.1572,0.7757,http://commons.wikimedia.org/wiki/Special:FilePath/Katsuyama%20Castle%20Museum%202002-06-10.jpg,36.0427780,136.5208330,Q11400239
264,兵庫縣立人與自然博物館,兵庫縣,都道府县立博物馆,4.0,100,都道府县立博物馆,Kobe Station,27.1,0.70,0.8000,1.0000,0.1556,0.7756,http://commons.wikimedia.org/wiki/Special:FilePath/Hitohaku%20vew.JPG,34.9224300,135.2063790,Q11392929
525,えこりん村,北海道,主題公園,4.0,100,主題公園,Sapporo Station,27.1,0.70,0.8000,1.0000,0.1559,0.7756,http://commons.wikimedia.org/wiki/Special:FilePath/Ecorin-mura2.jpg,42.8722222,141.5472222,Q11260956
601,花の拠点「はなふる」,北海道,庭園,4.0,100,庭園,Sapporo Station,27.0,0.70,0.8000,1.0000,0.1564,0.7756,,42.8980556,141.5863889,Q104142410
762,成田山霊光館,千葉縣,博物館,4.0,100,博物館,Chiba Station,27.0,0.70,0.8000,1.0000,0.1563,0.7756,,35.7882090,140.3205080,Q104696843
771,成田山書道美術館,千葉縣,書法美術館,4.0,100,書法美術館,Chiba Station,27.0,0.70,0.8000,1.0000,0.1561,0.7756,http://commons.wikimedia.org/wiki/Special:FilePath/NaritasanShodoBijutsukan20131012.jpg,35.7875330,140.3221560,Q132718850
1452,清里フォトアートミュージアム,山梨縣,美術館,4.0,100,美術館,Kofu Station,27.0,0.70,0.8000,1.0000,0.1564,0.7756,,35.8830440,138.4321000,Q5421529
1647,FAN美術館,岡山縣,美術館,4.0,100,美術館,Okayama Station,26.9,0.70,0.8000,1.0000,0.1565,0.7756,http://commons.wikimedia.org/wiki/Special:FilePath/Fujiwara-Kei-Museum.jpg,34.7331667,134.2020556,Q48750098
2032,神谷美術館,愛知縣,美術館,4.0,100,美術館,Nagoya Station,27.0,0.70,0.8000,1.0000,0.1561,0.7756,http://commons.wikimedia.org/wiki/Special:FilePath/Kamiya%20art%20museum.jpg,34.9350390,136.9538280,Q17226489
2067,紫峰人形美術館,愛知縣,美術館,4.0,100,美術館,Nagoya Station,27.0,0.70,0.8000,1.0000,0.1564,0.7756,,34.9447530,136.9887750,Q11605716
2194,豐田市近代產業與生活發現館,愛知縣,博物館,4.0,100,博物館,Nagoya Station,27.0,0.70,0.8000,1.0000,0.1560,0.7756,http://commons.wikimedia.org/wiki/Special:FilePath/Toyota%20City%20Hakken-kan%20exterior%20ac%20%281%29.jpg,35.0875278,137.1609167,Q30935963
3185,織田廣喜美術館,福岡縣,美術館,4.0,100,美術館,Hakata Station,27.1,0.70,0.8000,1.0000,0.1557,0.7756,http://commons.wikimedia.org/wiki/Special:FilePath/Hiroki%20Oda%20Art%20Museum%2001.jpg,33.5633250,130.7116470,Q116767986
3198,筑前町立大刀洗平和紀念館,福岡縣,和平博物館,4.0,100,和平博物館,Hakata Station,27.0,0.70,0.8000,1.0000,0.1561,0.7756,http://commons.wikimedia.org/wiki/Special:FilePath/Chikuzen%20municipal%20Tachiarai%20peace%20memorial%20hall.JPG,33.4123330,130.6195280,Q11602784
3626,上田市立博物館,長野縣,市立博物館,4.0,100,市立博物館,Nagano Station,27.1,0.70,0.8000,1.0000,0.1558,0.7756,http://commons.wikimedia.org/wiki/Special:FilePath/Ueda%20City%20Museum.JPG,36.4037360,138.2465000,Q11359772
3954,輝北天球館,鹿兒島縣,天文台,4.0,100,天文台,Kagoshima-Chuo Station,27.1,0.70,0.8000,1.0000,0.1560,0.7756,http://commons.wikimedia.org/wiki/Special:FilePath/Kihoku%20Tenkyukan%202009.JPG,31.5946389,130.8263056,Q11637674
190,武雄温泉新館,佐賀縣,博物館,4.0,100,博物館,Saga Station,27.4,0.70,0.8000,1.0000,0.1545,0.7755,http://commons.wikimedia.org/wiki/Special:FilePath/New%20Hall%20of%20Takeo%20Hot%20Spring.jpg,33.1966000,130.0143800,Q96323719
753,千葉県立房総のむら風土記の丘資料館,千葉縣,歷史博物館,4.0,100,歷史博物館,Chiba Station,27.3,0.70,0.8000,1.0000,0.1549,0.7755,http://commons.wikimedia.org/wiki/Special:FilePath/Fudoki-no-Oka%20Museum%2001.JPG,35.8231290,140.2698650,Q133297666
912,ハイパーミュージアム飯能,埼玉縣,現代美術館,4.0,100,現代美術館,Omiya Station,27.3,0.70,0.8000,1.0000,0.1547,0.7755,,35.8711070,139.3238560,Q132574952
1238,高岡市福岡歴史民俗資料館,富山縣,博物館,4.0,100,博物館,Toyama Station,27.4,0.70,0.8000,1.0000,0.1545,0.7755,,36.7147778,136.9065556,Q117043485
1276,吉田松陰歴史館,山口縣,歷史博物館,4.0,100,歷史博物館,Yamaguchi Station,27.3,0.70,0.8000,1.0000,0.1549,0.7755,http://commons.wikimedia.org/wiki/Special:FilePath/Yoshida%20Shoin%20History%20Museum%20in%20Shoin%20Shrine%202.jpg,34.4123210,131.4167590,Q132473187
1312,松陰神社宝物殿至誠館,山口縣,人物紀念館,4.0,100,人物紀念館,Yamaguchi Station,27.2,0.70,0.8000,1.0000,0.1552,0.7755,http://commons.wikimedia.org/wiki/Special:FilePath/Shiseikan%20Hall%20in%20Shoin%20Shrine%203.jpg,34.4118490,131.4174110,Q104783799
1411,山梨県立富士ビジターセンター,山梨縣,遊客中心,4.0,100,遊客中心,Kofu Station,27.2,0.70,0.8000,1.0000,0.1552,0.7755,http://commons.wikimedia.org/wiki/Special:FilePath/Fuji%20Visitor%20Center.JPG,35.4858333,138.7705556,Q11469703
1447,山梨縣立富士山世界遺產中心,山梨縣,遊客中心,4.0,100,遊客中心,Kofu Station,27.2,0.70,0.8000,1.0000,0.1552,0.7755,http://commons.wikimedia.org/wiki/Special:FilePath/Fujisan%20World%20heritage%20Center%2C%20Yamanashi%201.jpg,35.4858333,138.7705556,Q24873848
1521,川合考古資料館,岐阜縣,考古博物館,4.0,100,考古博物館,Gifu Station,27.2,0.70,0.8000,1.0000,0.1553,0.7755,http://commons.wikimedia.org/wiki/Special:FilePath/Kawai%20Archaeology%20Museum-2.JPG,35.4415610,137.0537750,Q11478114
1913,美郷ほたる館,德島縣,自然歷史博物館,4.0,100,自然歷史博物館,Tokushima Station,27.2,0.70,0.8000,1.0000,0.1553,0.7755,,34.0222667,134.2624556,Q28691992
2769,恩納村博物館,沖繩縣,博物館,4.0,100,博物館,Naha Bus Terminal,27.4,0.70,0.8000,1.0000,0.1545,0.7755,http://commons.wikimedia.org/wiki/Special:FilePath/Onna%20Village%20Culture%20And%20Information%20Center%202019-09-13%20%2813%29%20sa.jpg,26.4362350,127.7933730,Q67991212
3227,宮若市石炭記念館,福岡縣,礦業博物館,4.0,100,礦業博物館,Hakata Station,27.2,0.70,0.8000,1.0000,0.1554,0.7755,http://commons.wikimedia.org/wiki/Special:FilePath/Miyawaka%20Coal%20Museum%2001.jpg,33.7139444,130.6739444,Q116795957
3659,池波正太郎真田太平記館,長野縣,博物館,4.0,100,博物館,Nagano Station,27.3,0.70,0.8000,1.0000,0.1548,0.7755,http://commons.wikimedia.org/wiki/Special:FilePath/Ikenami%20Shotaro%20Sanada%20Taiheiki%20Kan.JPG,36.4031111,138.2535278,Q84418600
3961,スターランドAIRA,鹿兒島縣,科學博物館,4.0,100,科學博物館,Kagoshima-Chuo Station,27.2,0.70,0.8000,1.0000,0.1551,0.7755,http://commons.wikimedia.org/wiki/Special:FilePath/Starland%20aira%20building.jpg,31.8233861,130.6000444,Q11312115
29,澄懐堂美術館,三重縣,美術館,4.0,100,美術館,Tsu Station,27.5,0.70,0.8000,1.0000,0.1536,0.7754,http://commons.wikimedia.org/wiki/Special:FilePath/Chokaido%20Museum.JPG,34.9653140,136.6180440,Q24868589
192,祐徳博物館,佐賀縣,博物館,4.0,100,博物館,Saga Station,27.4,0.70,0.8000,1.0000,0.1543,0.7754,http://commons.wikimedia.org/wiki/Special:FilePath/%E7%A5%90%E5%BE%B3%E7%A8%B2%E8%8D%B7%E7%A5%9E%E7%A4%BE%E5%A4%96%E8%8B%91%20%E7%A5%90%E5%BE%B3%E5%8D%9A%E7%89%A9%E9%A4%A8.JPG,33.0739075,130.1097653,Q107322654
738,千葉縣立房總之村,千葉縣,都道府县立博物馆,4.0,100,都道府县立博物馆,Chiba Station,27.4,0.70,0.8000,1.0000,0.1543,0.7754,http://commons.wikimedia.org/wiki/Special:FilePath/Winkels%20en%20woningen%20in%20Boso%20no%20mura%2C%20-21%20maart%202014%20a.jpg,35.8228610,140.2731670,Q11406280
1286,山口県立萩美術館・浦上記念館,山口縣,美術館,4.0,100,美術館,Yamaguchi Station,27.5,0.70,0.8000,1.0000,0.1540,0.7754,http://commons.wikimedia.org/wiki/Special:FilePath/Hagi%20Uragami%20Mus.JPG,34.4094440,131.3943610,Q11467091
1323,宇部市学びの森くすのき,山口縣,公共圖書館,4.0,100,公共圖書館,Yamaguchi Station,27.5,0.70,0.8000,1.0000,0.1537,0.7754,,34.0451670,131.2237220,Q17217516
51,四日市市立博物館,三重縣,博物館,4.0,100,博物館,Tsu Station,27.7,0.70,0.8000,1.0000,0.1527,0.7753,http://commons.wikimedia.org/wiki/Special:FilePath/Museum%20Yokkaichi.jpg,34.9680000,136.6155556,Q24865208
825,埼玉縣立SAKITAMA史跡博物館,埼玉縣,考古博物館,4.0,100,考古博物館,Omiya Station,27.7,0.70,0.8000,1.0000,0.1528,0.7753,http://commons.wikimedia.org/wiki/Special:FilePath/Saitamaprefecturalmusuemofsakitamaancientburialmound-outside-may2011.jpg,36.1249280,139.4755900,Q5017775
1329,石井茶碗美術館,山口縣,陶瓷博物館,4.0,100,陶瓷博物館,Yamaguchi Station,27.6,0.70,0.8000,1.0000,0.1532,0.7753,,34.4106050,131.3932060,Q132473356
1404,富士山 (雲霄飛車),山梨縣,機動遊戲,4.0,100,機動遊戲,Kofu Station,27.6,0.70,0.8000,1.0000,0.1533,0.7753,http://commons.wikimedia.org/wiki/Special:FilePath/Fujiyama%20rollercoaster%202005-05.JPG,35.4858560,138.7770060,Q788077
1414,富士急高原樂園,山梨縣,主題樂園,4.0,100,主題樂園,Kofu Station,27.7,0.70,0.8000,1.0000,0.1530,0.7753,http://commons.wikimedia.org/wiki/Special:FilePath/170505%20Views%20of%20Fujikyu%20Highland%20from%20Tenjoyama%20Park%20Fujikawaguchiko%20Yamanashi%20pref%20Japan01s3.jpg,35.4874900,138.7801900,Q1192174
1419,Giant Coaster (Fuji-Q Highland),山梨縣,スチール・ローラー・コースター,4.0,100,スチール・ローラー・コースター,Kofu Station,27.7,0.70,0.8000,1.0000,0.1529,0.7753,,35.4870000,138.7800000,Q74403368
1422,ええじゃないか,山梨縣,スチール・ローラー・コースター,4.0,100,スチール・ローラー・コースター,Kofu Station,27.6,0.70,0.8000,1.0000,0.1532,0.7753,http://commons.wikimedia.org/wiki/Special:FilePath/Eejanaika%20coaster%20FujiQ%201024.jpg,35.4884200,138.7808420,Q1295262
1450,高飛車,山梨縣,launched roller coaster,4.0,100,launched roller coaster,Kofu Station,27.8,0.70,0.8000,1.0000,0.1525,0.7753,http://commons.wikimedia.org/wiki/Special:FilePath/Takabisha%20under%20construction%203.jpg,35.4857880,138.7796160,Q508159
1597,モネの池,岐阜縣,水庫,4.0,100,水庫,Gifu Station,27.6,0.70,0.8000,1.0000,0.1533,0.7753,http://commons.wikimedia.org/wiki/Special:FilePath/Monet%20water%20lily02.JPG,35.6516667,136.8213889,Q24873809
1893,阿多田島灯台資料館,廣島縣,灯台記念館,4.0,100,灯台記念館,Hiroshima Station,27.6,0.70,0.8000,1.0000,0.1533,0.7753,,34.1870556,132.3158889,Q24867592
3668,志賀高原,長野縣,高原,4.0,100,高原,Nagano Station,27.7,0.70,0.8000,1.0000,0.1527,0.7753,http://commons.wikimedia.org/wiki/Special:FilePath/Shiga%20Kogen%20%2830610822195%29.jpg,36.7000000,138.4916667,Q1532916
3840,金毘羅溫泉鄉,香川縣,鹽化物泉,4.0,100,鹽化物泉,Takamatsu Station,27.6,0.70,0.8000,1.0000,0.1533,0.7753,,34.1888611,133.8185833,Q11267088
3848,金陵の郷,香川縣,日本清酒博物館,4.0,100,日本清酒博物館,Takamatsu Station,27.7,0.70,0.8000,1.0000,0.1530,0.7753,http://commons.wikimedia.org/wiki/Special:FilePath/Kotohira%20Nishino-Kinryo%202021-08%20ac.jpg,34.1875580,133.8187960,Q123523221
3946,南薩鉄道記念館,鹿兒島縣,鐵路博物館,4.0,100,鐵路博物館,Kagoshima-Chuo Station,27.7,0.70,0.8000,1.0000,0.1529,0.7753,http://commons.wikimedia.org/wiki/Special:FilePath/Nansatsu%20railway%20museum%20car%20storage.jpg,31.4207220,130.3200560,Q11408402
847,原爆圖丸木美術館,埼玉縣,美術館,4.0,100,美術館,Omiya Station,28.0,0.70,0.8000,1.0000,0.1516,0.7752,http://commons.wikimedia.org/wiki/Special:FilePath/Maruki%20museum.jpg,36.0282500,139.3521389,Q7739750
865,埼玉古墳公園,埼玉縣,考古学公園,4.0,100,考古学公園,Omiya Station,27.9,0.70,0.8000,1.0000,0.1520,0.7752,http://commons.wikimedia.org/wiki/Special:FilePath/Inariyama%20Kofun%20and%20Shogun-yama%20Kofun%20%28Gyoda%29.JPG,36.1283330,139.4794440,Q17224997
1279,萩博物館,山口縣,博物館,4.0,100,博物館,Yamaguchi Station,28.0,0.70,0.8000,1.0000,0.1516,0.7752,http://commons.wikimedia.org/wiki/Special:FilePath/Hagi%20museum%20main%20building.JPG,34.4132500,131.3904720,Q11620299
1317,菊屋家住宅,山口縣,历史房屋博物馆,4.0,100,历史房屋博物馆,Yamaguchi Station,27.8,0.70,0.8000,1.0000,0.1522,0.7752,http://commons.wikimedia.org/wiki/Special:FilePath/Residence%20of%20Kikuya%20Family%2020170504.jpg,34.4127820,131.3937840,Q104783681
1438,ド・ドドンパ,山梨縣,スチール・ローラー・コースター,4.0,100,スチール・ローラー・コースター,Kofu Station,27.8,0.70,0.8000,1.0000,0.1525,0.7752,http://commons.wikimedia.org/wiki/Special:FilePath/%E3%83%89%E3%83%BB%E3%83%89%E3%83%89%E3%83%B3%E3%83%91%E3%81%AE%E5%9E%82%E7%9B%B4%E3%83%AB%E3%83%BC%E3%83%97.jpg,35.4877000,138.7822583,Q30930493
1490,関ヶ原ウォーランド,岐阜縣,軍事博物館,4.0,100,軍事博物館,Gifu Station,27.9,0.70,0.8000,1.0000,0.1520,0.7752,http://commons.wikimedia.org/wiki/Special:FilePath/Sekigahara%20war%20land1.jpg,35.3689080,136.4526000,Q11655529
1585,関ケ原ウォーランド,岐阜縣,博物館,4.0,100,博物館,Gifu Station,27.9,0.70,0.8000,1.0000,0.1521,0.7752,,35.3686750,136.4528800,Q104710275
3851,琴平海洋博物館（海の科学館）,香川縣,海事博物館,4.0,100,海事博物館,Takamatsu Station,27.8,0.70,0.8000,1.0000,0.1522,0.7752,http://commons.wikimedia.org/wiki/Special:FilePath/Uminokagakukan%2020191125%2001.jpg,34.1862590,133.8178450,Q123523249
353,播磨町鄉土資料館,兵庫縣,歷史博物館,4.0,100,歷史博物館,Kobe Station,28.1,0.70,0.8000,1.0000,0.1511,0.7751,http://commons.wikimedia.org/wiki/Special:FilePath/Harima%20Museum.jpg,34.7269440,134.8762500,Q38278131
1229,南砺市埋蔵文化財センター,富山縣,埋藏文化財中心,4.0,100,埋藏文化財中心,Toyama Station,28.0,0.70,0.8000,1.0000,0.1514,0.7751,,36.5652780,136.9486080,Q104708822
1232,富山県北方領土史料室,富山縣,遊客中心,4.0,100,遊客中心,Toyama Station,28.0,0.70,0.8000,1.0000,0.1515,0.7751,,36.8918550,137.4189730,Q132196956
1537,関市洞戸円空記念館,岐阜縣,彫刻美術館,4.0,100,彫刻美術館,Gifu Station,28.2,0.70,0.8000,1.0000,0.1505,0.7751,http://commons.wikimedia.org/wiki/Special:FilePath/Enku%20Kinenkan.JPG,35.6499670,136.8540360,Q11655767
2376,舊多摩聖蹟紀念館,東京都,历史建筑,4.0,100,历史建筑,Tokyo Station,28.1,0.70,0.8000,1.0000,0.1511,0.7751,http://commons.wikimedia.org/wiki/Special:FilePath/Former%20Tama%20Seiseki%20Memorial%20Hall.jpg,35.6380401,139.4606365,Q11511019
2462,兒童國 (橫濱市),東京都,主題樂園,4.0,100,主題樂園,Tokyo Station,28.2,0.70,0.8000,1.0000,0.1506,0.7751,http://commons.wikimedia.org/wiki/Special:FilePath/Colorful%20boats%20kodomonokuni.jpg,35.5623250,139.4914240,Q3363841
2821,みなくち子どもの森自然館,滋賀縣,自然歷史博物館,4.0,100,自然歷史博物館,Otsu Station,28.1,0.70,0.8000,1.0000,0.1512,0.7751,,34.9586690,136.1675290,Q132731973
3060,相模川ふれあい科学館,神奈川縣,科學博物館,4.0,100,科學博物館,Yokohama Station,28.1,0.70,0.8000,1.0000,0.1511,0.7751,http://commons.wikimedia.org/wiki/Special:FilePath/%E5%A4%96%E8%A6%B3%EF%BC%88%E6%96%9C%EF%BC%89.jpg,35.5474170,139.3288890,Q11582155
3874,横倉山自然の森博物館,高知縣,博物館,4.0,100,博物館,Kochi Station,28.2,0.70,0.8000,1.0000,0.1508,0.7751,http://commons.wikimedia.org/wiki/Special:FilePath/%E6%A8%AA%E5%80%89%E5%B1%B1%E8%87%AA%E7%84%B6%E3%81%AE%E6%A3%AE%E5%8D%9A%E7%89%A9%E9%A4%A8%20-%20panoramio.jpg,33.5353680,133.2418140,Q123527622
3981,松下美術館,鹿兒島縣,美術館,4.0,100,美術館,Kagoshima-Chuo Station,28.1,0.70,0.8000,1.0000,0.1512,0.7751,http://commons.wikimedia.org/wiki/Special:FilePath/Waterloo%20Bridge%20by%20Monet%20%28Matsushita%20Museum%20of%20Art%29.jpg,31.6545530,130.8254840,Q25045355
180,川古のクス,佐賀縣,巨樹,4.0,100,巨樹,Saga Station,28.3,0.70,0.8000,1.0000,0.1502,0.7750,http://commons.wikimedia.org/wiki/Special:FilePath/Kawako%20camphor%20tree.jpg,33.2518330,129.9933330,Q112167804
1267,熊谷美術館,山口縣,美術館,4.0,100,美術館,Yamaguchi Station,28.2,0.70,0.8000,1.0000,0.1505,0.7750,http://commons.wikimedia.org/wiki/Special:FilePath/Im%20Kumaya%20Museum.jpg,34.4168420,131.3959900,Q28003784
1441,甲斐黃金村·湯之奧金山博物館,山梨縣,博物館,4.0,100,博物館,Kofu Station,28.4,0.70,0.8000,1.0000,0.1496,0.7750,http://commons.wikimedia.org/wiki/Special:FilePath/The%20Yu-no-oku%20Museum%20of%20Gold%20Mining%20History.jpg,35.4238700,138.4718900,Q60988980
1546,さくら資料館,岐阜縣,植物博物館,4.0,100,植物博物館,Gifu Station,28.3,0.70,0.8000,1.0000,0.1504,0.7750,http://commons.wikimedia.org/wiki/Special:FilePath/Usuzumizakura%20sakura%20museum.JPG,35.6330080,136.6089420,Q11267851
2806,海の文化資料館,沖繩縣,海事博物館,4.0,100,海事博物館,Naha Bus Terminal,28.2,0.70,0.8000,1.0000,0.1504,0.7750,http://commons.wikimedia.org/wiki/Special:FilePath/Marine%20History%20Museum%2C%20Uruma.JPG,26.3325280,127.9288330,Q17217588
3823,高橋由一館,香川縣,人物紀念館,4.0,100,人物紀念館,Takamatsu Station,28.4,0.70,0.8000,1.0000,0.1497,0.7750,http://commons.wikimedia.org/wiki/Special:FilePath/Takahashi%20Yuichi-kan%20Kotohira%20Gu01n4592.jpg,34.1841100,133.8122640,Q123521212
3860,陸上自衛隊善通寺駐屯地資料館,香川縣,軍事博物館,4.0,100,軍事博物館,Takamatsu Station,28.3,0.70,0.8000,1.0000,0.1502,0.7750,http://commons.wikimedia.org/wiki/Special:FilePath/Nogi-kan%20Zentsuji%20Kagawa%20Pref01s5.jpg,34.2200560,133.7821940,Q11658521
3867,金刀比羅宮宝物館,香川縣,博物館,4.0,100,博物館,Takamatsu Station,28.3,0.70,0.8000,1.0000,0.1502,0.7750,http://commons.wikimedia.org/wiki/Special:FilePath/Homotsukan%20Kotohira-gu01n4592.jpg,34.1845100,133.8131550,Q123521217
3912,智頭町歴史資料館,鳥取縣,歷史博物館,4.0,100,歷史博物館,Tottori Station,28.2,0.70,0.8000,1.0000,0.1504,0.7750,,35.2400430,134.2299510,Q132753321
3915,智頭町埋蔵文化財センター,鳥取縣,埋藏文化財中心,4.0,100,埋藏文化財中心,Tottori Station,28.3,0.70,0.8000,1.0000,0.1503,0.7750,http://commons.wikimedia.org/wiki/Special:FilePath/Chizu%20town%20former%20Haji%20elementary%20school.jpg,35.2398470,134.2301356,Q132753249
3926,鳥取県立氷ノ山自然ふれあい館響の森,鳥取縣,遊客中心,4.0,100,遊客中心,Tottori Station,28.4,0.70,0.8000,1.0000,0.1497,0.7750,http://commons.wikimedia.org/wiki/Special:FilePath/Wakasa%20Hyonosen%20Hibikinomori02n4592.jpg,35.3576111,134.4909167,Q11674579
665,おたるみなと資料館,北海道,博物館,4.0,100,博物館,Sapporo Station,28.6,0.70,0.8000,1.0000,0.1486,0.7749,,43.1827770,141.0344350,Q133054588
764,我孫子市鳥博物館,千葉縣,動物学博物館,4.0,100,動物学博物館,Chiba Station,28.6,0.70,0.8000,1.0000,0.1490,0.7749,http://commons.wikimedia.org/wiki/Special:FilePath/Abiko%20City%20Museum%20of%20Birds.JPG,35.8613333,140.0307500,Q11495876
1284,萩史料館,山口縣,博物館,4.0,100,博物館,Yamaguchi Station,28.5,0.70,0.8000,1.0000,0.1493,0.7749,http://commons.wikimedia.org/wiki/Special:FilePath/Hagi%20Historical%20Museum%2020170504.jpg,34.4156190,131.3817460,Q132473396
1331,萩陶芸美術館「吉賀大眉記念館」,山口縣,陶瓷博物館,4.0,100,陶瓷博物館,Yamaguchi Station,28.7,0.70,0.8000,1.0000,0.1486,0.7749,,34.4248770,131.4157000,Q132472767
1399,山形県立うきたむ風土記の丘考古資料館,山形縣,考古博物館,4.0,100,考古博物館,Yamagata Station,28.6,0.70,0.8000,1.0000,0.1490,0.7749,http://commons.wikimedia.org/wiki/Special:FilePath/Ukitamu%20Fudoki.jpg,38.0078333,140.2145278,Q28682522
1410,河口湖自動車博物館・飛行舘,山梨縣,航空博物館,4.0,100,航空博物館,Kofu Station,28.5,0.70,0.8000,1.0000,0.1494,0.7749,http://commons.wikimedia.org/wiki/Special:FilePath/Lockheed%20F-104DJ%20Starfighter%20%2826-5007%29%20at%20Kawaguchiko%20Motor%20Museum%2C%20Yamanashi%20Prefecture%2C%20Japan.jpg,35.4532000,138.7414000,Q27628135
2096,豐田會館,愛知縣,汽車博物館,4.0,100,汽車博物館,Nagoya Station,28.6,0.70,0.8000,1.0000,0.1488,0.7749,http://commons.wikimedia.org/wiki/Special:FilePath/Toyota%20Kaikan1.jpg,35.0517420,137.1601690,Q11321661
2107,豊田市民藝館,愛知縣,工藝博物館,4.0,100,工藝博物館,Nagoya Station,28.6,0.70,0.8000,1.0000,0.1488,0.7749,http://commons.wikimedia.org/wiki/Special:FilePath/Toyotamingei1.jpg,35.1226860,137.1904000,Q11634043
3382,大理石村鎖心城堡,群馬縣,城堡,4.0,100,城堡,Maebashi Station,28.5,0.70,0.8000,1.0000,0.1491,0.7749,http://commons.wikimedia.org/wiki/Special:FilePath/Marble%20Village%20Lockheart%20Castle%2C%20Lockheart%20Castle%20front%20exterior.jpg,36.6308330,138.9880560,Q11437813
3952,万世特攻平和祈念館,鹿兒島縣,和平博物館,4.0,100,和平博物館,Kagoshima-Chuo Station,28.4,0.70,0.8000,1.0000,0.1495,0.7749,http://commons.wikimedia.org/wiki/Special:FilePath/72nd%20Shinbu%201945%20Kamikaze.jpg,31.4372000,130.2950000,Q16208613
3994,鹿児島県上野原縄文の森,鹿兒島縣,考古学公園,4.0,100,考古学公園,Kagoshima-Chuo Station,28.5,0.70,0.8000,1.0000,0.1493,0.7749,http://commons.wikimedia.org/wiki/Special:FilePath/Uenohara%20Jomon%20No%20Mori.jpg,31.7124722,130.8011389,Q113296969
374,小野市立好古館,兵庫縣,歷史博物館,4.0,100,歷史博物館,Kobe Station,28.9,0.70,0.8000,1.0000,0.1477,0.7748,http://commons.wikimedia.org/wiki/Special:FilePath/City%20Museum%20Ono%20Hyogo01s5s3200.jpg,34.8428330,134.9325830,Q11464066
914,飯能市立博物館,埼玉縣,博物館,4.0,100,博物館,Omiya Station,28.8,0.70,0.8000,1.0000,0.1481,0.7748,http://commons.wikimedia.org/wiki/Special:FilePath/Hanno%20Museum%2020191102a.jpg,35.8572860,139.3107330,Q104696836
1022,和泉市久保惣紀念美術館,大阪府,美術館,4.0,100,美術館,Osaka Station,28.9,0.70,0.8000,1.0000,0.1475,0.7748,http://commons.wikimedia.org/wiki/Special:FilePath/Izumi-Kubosou001NEW.JPG,34.4450560,135.4533890,Q11417787
1335,香月泰男美術館,山口縣,美術館,4.0,100,美術館,Yamaguchi Station,28.7,0.70,0.8000,1.0000,0.1482,0.7748,,34.3587060,131.2627660,Q131327364
1840,下濑美术馆,廣島縣,美術館,4.0,100,美術館,Hiroshima Station,28.7,0.70,0.8000,1.0000,0.1485,0.7748,http://commons.wikimedia.org/wiki/Special:FilePath/Shimose%20art%20museum%201.jpg,34.2412750,132.2270250,Q132176507
2520,東村山ふるさと歴史館,東京都,地方文化館,4.0,100,地方文化館,Tokyo Station,28.8,0.70,0.8000,1.0000,0.1481,0.7748,,35.7666090,139.4662700,Q104698227
2998,平塚市美術館,神奈川縣,美術館,4.0,100,美術館,Yokohama Station,28.7,0.70,0.8000,1.0000,0.1483,0.7748,http://commons.wikimedia.org/wiki/Special:FilePath/Hiratsuka%20MOA.JPG,35.3380790,139.3475950,Q24807748
3073,平塚市博物館,神奈川縣,市立博物館,4.0,100,市立博物館,Yokohama Station,28.7,0.70,0.8000,1.0000,0.1484,0.7748,http://commons.wikimedia.org/wiki/Special:FilePath/Hiratsuka%20City%20Museum.jpg,35.3368360,139.3486470,Q104708570
3252,朝倉市秋月博物館,福岡縣,博物館,4.0,100,博物館,Hakata Station,28.7,0.70,0.8000,1.0000,0.1484,0.7748,,33.4690560,130.6940560,Q28689523
3866,善通寺宝物館,香川縣,博物館,4.0,100,博物館,Takamatsu Station,28.7,0.70,0.8000,1.0000,0.1484,0.7748,,34.2247060,133.7739070,Q104783878
999,千早赤阪村立郷土資料館,大阪府,地方文化館,4.0,100,地方文化館,Osaka Station,29.1,0.70,0.8000,1.0000,0.1467,0.7747,http://commons.wikimedia.org/wiki/Special:FilePath/Chihaya-akasaka-v%20material%20pavilion.jpg,34.4635480,135.6253890,Q11405552
1225,福野文化創造センターヘリオス,富山縣,文化中心,4.0,100,文化中心,Toyama Station,29.0,0.70,0.8000,1.0000,0.1470,0.7747,http://commons.wikimedia.org/wiki/Special:FilePath/Fukuno%20HELiOS.jpg,36.5913333,136.9181667,Q24862337
1405,富士すばるランド,山梨縣,主題公園,4.0,100,主題公園,Kofu Station,29.0,0.70,0.8000,1.0000,0.1470,0.7747,,35.4572222,138.7588889,Q49492343
1625,和気町歴史民俗資料館,岡山縣,民俗博物館,4.0,100,民俗博物館,Okayama Station,29.0,0.70,0.8000,1.0000,0.1472,0.7747,http://commons.wikimedia.org/wiki/Special:FilePath/Waketown-rekishiminzoku.jpg,34.8193610,134.1754290,Q11417731
2061,高濱市陶器之里Kawara美術館,愛知縣,美術館,4.0,100,美術館,Nagoya Station,29.0,0.70,0.8000,1.0000,0.1470,0.7747,http://commons.wikimedia.org/wiki/Special:FilePath/Kawara%20Museum%20of%20Takahama%20city%2C%20a%20Hometown%20Ceramics%20exterior%20ac.jpg,34.9232060,136.9817140,Q11671831
2843,安土城郭資料館,滋賀縣,博物館,4.0,100,博物館,Otsu Station,28.9,0.70,0.8000,1.0000,0.1475,0.7747,http://commons.wikimedia.org/wiki/Special:FilePath/Azuchi%20Castle%20Museum.jpeg,35.1420280,136.1333890,Q11450462
2845,旧伊庭家住宅,滋賀縣,历史房屋博物馆,4.0,100,历史房屋博物馆,Otsu Station,28.9,0.70,0.8000,1.0000,0.1474,0.7747,http://commons.wikimedia.org/wiki/Special:FilePath/Old%20iba%20house02s2400.jpg,35.1385140,136.1362970,Q11510914
3394,太田市美術館・図書館,群馬縣,美術館,4.0,100,美術館,Maebashi Station,29.1,0.70,0.8000,1.0000,0.1465,0.7747,http://commons.wikimedia.org/wiki/Special:FilePath/Art%20Museum%20%26%20Library%2C%20Ota%20ac%20%282%29.jpg,36.2946111,139.3784722,Q60986994
3441,山方淡水魚館,茨城縣,水族館,4.0,100,水族館,Mito Station,29.1,0.70,0.8000,1.0000,0.1468,0.7747,http://commons.wikimedia.org/wiki/Special:FilePath/Yamagata%20Tansuigyo-kan.JPG,36.6256661,140.4040464,Q21655033
3793,富士之國茶之都博物館,靜岡縣,茶博物館,4.0,100,茶博物館,Shizuoka Station,29.1,0.70,0.8000,1.0000,0.1468,0.7747,http://commons.wikimedia.org/wiki/Special:FilePath/Tea%20Museum%2C%20Shizuoka%20ac%20%281%29.jpg,34.8142600,138.1345400,Q63964801
26,村山龍平紀念館,三重縣,博物館,4.0,100,博物館,Tsu Station,29.2,0.70,0.8000,1.0000,0.1464,0.7746,http://commons.wikimedia.org/wiki/Special:FilePath/Ryohei%20Murayama%20Memorial%20Museum%202021-11%20ac%20%281%29.jpg,34.4912778,136.6308611,Q28686836
174,太良町歴史民俗資料館,佐賀縣,地方文化館,4.0,100,地方文化館,Saga Station,29.3,0.70,0.8000,1.0000,0.1459,0.7746,,33.0198680,130.1795820,Q128213480
746,航空科學博物館,千葉縣,科學博物館,4.0,100,科學博物館,Chiba Station,29.3,0.70,0.8000,1.0000,0.1456,0.7746,http://commons.wikimedia.org/wiki/Special:FilePath/Museum%20of%20Aeronautical%20Sciences.JPG,35.7402250,140.3979667,Q11613905
767,成田機場天空與大地歴史館,千葉縣,歷史博物館,4.0,100,歷史博物館,Chiba Station,29.3,0.70,0.8000,1.0000,0.1456,0.7746,http://commons.wikimedia.org/wiki/Special:FilePath/SoratodaichinorekishikanZenkei.jpg,35.7391667,140.3986111,Q30926629
1227,黒部市吉田科学館,富山縣,科學博物館,4.0,100,科學博物館,Toyama Station,29.2,0.70,0.8000,1.0000,0.1462,0.7746,http://commons.wikimedia.org/wiki/Special:FilePath/KUROBE%20YOSHIDA%20SCIENCE%20MUSEUM%202022-09.jpg,36.9013330,137.4256390,Q11678850
1584,胡麻の郷,岐阜縣,博物館,4.0,100,博物館,Gifu Station,29.2,0.70,0.8000,1.0000,0.1461,0.7746,http://commons.wikimedia.org/wiki/Special:FilePath/Sekigahara%20goma1.jpg,35.3682920,136.4377140,Q11611810
1766,出雲科學館,島根縣,科學博物館,4.0,100,科學博物館,Matsue Station,29.3,0.70,0.8000,1.0000,0.1460,0.7746,http://commons.wikimedia.org/wiki/Special:FilePath/Izumo%20kagakukan.jpg,35.3619000,132.7661000,Q6102408
2140,新美南吉紀念館,愛知縣,人物紀念館,4.0,100,人物紀念館,Nagoya Station,29.2,0.70,0.8000,1.0000,0.1462,0.7746,http://commons.wikimedia.org/wiki/Special:FilePath/Niiminankixhikinenkan.JPG,34.9093390,136.9112030,Q11503947
2814,甲賀流忍術屋敷,滋賀縣,历史房屋博物馆,4.0,100,历史房屋博物馆,Otsu Station,29.2,0.70,0.8000,1.0000,0.1462,0.7746,http://commons.wikimedia.org/wiki/Special:FilePath/Koga-ryu%20Ninjya%20house%20%2C%20%E7%94%B2%E8%B3%80%E6%B5%81%20%E5%BF%8D%E8%A1%93%E5%B1%8B%E6%95%B7%20-%20panoramio%20%283%29.jpg,34.9184440,136.1673610,Q11577998
3497,長崎荷蘭村,長崎縣,主題公園,4.0,100,主題公園,Nagasaki Station,29.2,0.70,0.8000,1.0000,0.1461,0.7746,http://commons.wikimedia.org/wiki/Special:FilePath/Nagasaki%20Holland%20Village%202011.JPG,32.9970060,129.7574670,Q11652324
740,白樺文学館,千葉縣,文學館,4.0,100,文學館,Chiba Station,29.5,0.70,0.8000,1.0000,0.1450,0.7745,http://commons.wikimedia.org/wiki/Special:FilePath/%E7%99%BD%E6%A8%BA%E6%96%87%E5%AD%A6%E9%A4%A8%20-%20panoramio.jpg,35.8670111,140.0180234,Q118144532
1174,大崎市三本木亜炭記念館,宮城縣,礦業博物館,4.0,100,礦業博物館,Sendai Station,29.5,0.70,0.8000,1.0000,0.1450,0.7745,http://commons.wikimedia.org/wiki/Special:FilePath/Sanbongi%20Brown%20Coal%20Memorial%20Hall%20exterior%2C%20in%202010-03-06.jpg,38.5216000,140.9383810,Q11435024
1281,回天記念館,山口縣,纪念博物馆,4.0,100,纪念博物馆,Yamaguchi Station,29.6,0.70,0.8000,1.0000,0.1445,0.7745,http://commons.wikimedia.org/wiki/Special:FilePath/Kaitenkinenkan01.jpg,33.9933330,131.7173890,Q11420194
1558,大垣市上石津郷土資料館,岐阜縣,地方文化館,4.0,100,地方文化館,Gifu Station,29.6,0.70,0.8000,1.0000,0.1446,0.7745,http://commons.wikimedia.org/wiki/Special:FilePath/%E5%A4%A7%E5%9E%A3%E5%B8%82%E4%B8%8A%E7%9F%B3%E6%B4%A5%E9%83%B7%E5%9C%9F%E8%B3%87%E6%96%99%E9%A4%A8.jpg,35.2872222,136.4663056,Q113080943
1866,八千代の丘美術館,廣島縣,美術館,4.0,100,美術館,Hiroshima Station,29.4,0.70,0.8000,1.0000,0.1454,0.7745,http://commons.wikimedia.org/wiki/Special:FilePath/Yachiyonooka.JPG,34.6333472,132.6202917,Q22117727
1994,今治市朝倉ふるさと美術古墳館,愛媛縣,考古博物館,4.0,100,考古博物館,Matsuyama Station,29.5,0.70,0.8000,1.0000,0.1448,0.7745,,33.9994370,133.0077510,Q123505492
2021,今治市大西藤山歴史資料館,愛媛縣,博物館,4.0,100,博物館,Matsuyama Station,29.4,0.70,0.8000,1.0000,0.1453,0.7745,http://commons.wikimedia.org/wiki/Special:FilePath/Imabari-Myokensan-Kofun.jpg,34.0599444,132.9291111,Q116981042
2517,玉川大学教育博物館,東京都,大學博物館,4.0,100,大學博物館,Tokyo Station,29.4,0.70,0.8000,1.0000,0.1454,0.7745,,35.5693700,139.4724330,Q104698256
2696,本田收藏館,栃木縣,公司博物館,4.0,100,公司博物館,Utsunomiya Station,29.5,0.70,0.8000,1.0000,0.1447,0.7745,http://commons.wikimedia.org/wiki/Special:FilePath/Honda%20Collection%20Hall%202011.jpg,36.5270000,140.2270000,Q5892402
2705,茂木賽道,栃木縣,汽车赛道,4.0,100,汽车赛道,Utsunomiya Station,29.5,0.70,0.8000,1.0000,0.1449,0.7745,http://commons.wikimedia.org/wiki/Special:FilePath/Marc%20M%C3%A1rquez%2C%20Dani%20Pedrosa%20and%20Michael%20Laverty%202013%20Motegi.jpeg,36.5336110,140.2275000,Q1420895
3229,甘木歴史資料館,福岡縣,歷史博物館,4.0,100,歷史博物館,Hakata Station,29.6,0.70,0.8000,1.0000,0.1446,0.7745,http://commons.wikimedia.org/wiki/Special:FilePath/Amagi%20Histrical%20Museum.JPG,33.4143333,130.6598889,Q11574275
3369,スバルビジターセンター,群馬縣,公司博物館,4.0,100,公司博物館,Maebashi Station,29.5,0.70,0.8000,1.0000,0.1451,0.7745,http://commons.wikimedia.org/wiki/Special:FilePath/Subaru%201500%20at%20SUBARU%20Visitor%20center%202014-2.jpg,36.2755278,139.3730000,Q28554991
3469,日立シビックセンター科学館,茨城縣,科學博物館,4.0,100,科學博物館,Mito Station,29.4,0.70,0.8000,1.0000,0.1454,0.7745,,36.5902778,140.6594444,Q17229940
583,石原裕次郎記念館,北海道,人物紀念館,4.0,100,人物紀念館,Sapporo Station,29.6,0.70,0.8000,1.0000,0.1445,0.7744,http://commons.wikimedia.org/wiki/Special:FilePath/Yujiro%20kinenkan.jpg,43.1852778,141.0227778,Q11585314
680,市原湖畔美術館,千葉縣,美術館,4.0,100,美術館,Chiba Station,29.7,0.70,0.8000,1.0000,0.1442,0.7744,http://commons.wikimedia.org/wiki/Special:FilePath/Ichihara%20Lakeside%20Museum.JPG,35.3493060,140.1606390,Q17193257
777,杉村楚人冠記念館,千葉縣,纪念博物馆,4.0,100,纪念博物馆,Chiba Station,29.7,0.70,0.8000,1.0000,0.1440,0.7744,http://commons.wikimedia.org/wiki/Special:FilePath/Study%20of%20Sojinkan%20Sugimura%20Memorial%20Hall%202019-10-24.jpg,35.8689600,140.0170700,Q123115852
894,埼玉水族館,埼玉縣,水族館,4.0,100,水族館,Omiya Station,29.8,0.70,0.8000,1.0000,0.1439,0.7744,,36.1731390,139.5978610,Q11267523
1378,文教之杜長井,山形縣,博物館,4.0,100,博物館,Yamagata Station,29.7,0.70,0.8000,1.0000,0.1443,0.7744,,38.1120556,140.0361111,Q28468819
1937,阿波和紙伝統産業会館,德島縣,紙博物館,4.0,100,紙博物館,Tokushima Station,29.6,0.70,0.8000,1.0000,0.1443,0.7744,,34.0459444,134.2310278,Q28691969
2026,毛巾美術館一廣,愛媛縣,美術館,4.0,100,美術館,Matsuyama Station,29.6,0.70,0.8000,1.0000,0.1444,0.7744,http://commons.wikimedia.org/wiki/Special:FilePath/Towel%20Museum%20Ichihiro.JPG,33.9690556,133.0324444,Q11315898
707,芝山古墳·埴輪博物館,千葉縣,考古博物館,4.0,100,考古博物館,Chiba Station,29.9,0.70,0.8000,1.0000,0.1434,0.7743,http://commons.wikimedia.org/wiki/Special:FilePath/Shibayama%20Ancient-tomb%20and%20Clay-image%20Museum.JPG,35.6941670,140.4283330,Q11614636
874,行田市鄉土博物館,埼玉縣,地方文化館,4.0,100,地方文化館,Omiya Station,30.0,0.70,0.8000,1.0000,0.1429,0.7743,http://commons.wikimedia.org/wiki/Special:FilePath/Gyoda%20City%20Museum.JPG,36.1380560,139.4533330,Q22118555
1368,やませ蔵美術館,山形縣,美術館,4.0,100,美術館,Yamagata Station,30.0,0.70,0.8000,1.0000,0.1427,0.7743,,38.1020278,140.0387500,Q85869646
1380,最上川美術館,山形縣,美術館,4.0,100,美術館,Yamagata Station,30.0,0.70,0.8000,1.0000,0.1429,0.7743,,38.5178389,140.3535417,Q28465480
1555,春日森の文化博物館,岐阜縣,文化博物館,4.0,100,文化博物館,Gifu Station,30.0,0.70,0.8000,1.0000,0.1429,0.7743,http://commons.wikimedia.org/wiki/Special:FilePath/Morinobunkahakubutukan.JPG,35.5171944,136.4529444,Q111362772
1672,湯の瀬温泉,岡山縣,温泉镇,4.0,100,温泉镇,Okayama Station,30.0,0.70,0.8000,1.0000,0.1429,0.7743,,34.9146380,133.7898730,Q108541786
2125,三菱汽車陳列館,愛知縣,公司博物館,4.0,100,公司博物館,Nagoya Station,30.1,0.70,0.8000,1.0000,0.1425,0.7743,,34.9907222,137.1280556,Q28524145
2338,西山美術館,東京都,美術館,4.0,100,美術館,Tokyo Station,30.0,0.70,0.8000,1.0000,0.1428,0.7743,http://commons.wikimedia.org/wiki/Special:FilePath/%E8%A5%BF%E5%B1%B1%E7%BE%8E%E8%A1%93%E9%A4%A8%E5%85%A8%E6%99%AF.jpg,35.5895280,139.4547220,Q17211727
2906,アジアパーク,熊本縣,主題公園,4.0,100,主題公園,Kumamoto Station,29.9,0.70,0.8000,1.0000,0.1432,0.7743,,32.9880600,130.4725000,Q11283301
3625,国分寺史跡公園,長野縣,考古学公園,4.0,100,考古学公園,Nagano Station,30.1,0.70,0.8000,1.0000,0.1426,0.7743,http://commons.wikimedia.org/wiki/Special:FilePath/Shinano%20Kokubunji-ato%20zenkei.JPG,36.3806710,138.2700210,Q132348788
3627,信濃国分寺資料館,長野縣,考古博物館,4.0,100,考古博物館,Nagano Station,30.0,0.70,0.8000,1.0000,0.1429,0.7743,http://commons.wikimedia.org/wiki/Special:FilePath/Shinano%20Kokubunji%20museum.jpg,36.3812050,138.2698170,Q132348820
3713,つがる市縄文住居展示資料館 カルコ,青森縣,考古博物館,4.0,100,考古博物館,Aomori Station,29.8,0.70,0.8000,1.0000,0.1435,0.7743,http://commons.wikimedia.org/wiki/Special:FilePath/KARCO%2001.jpg,40.8091350,140.3809660,Q132659145
1364,丸山薫記念館,山形縣,人物紀念館,4.0,100,人物紀念館,Yamagata Station,30.1,0.70,0.8000,1.0000,0.1424,0.7742,,38.4544722,140.1026944,Q38266959
1443,清里ポーセリンミュージアム,山梨縣,陶瓷博物館,4.0,100,陶瓷博物館,Kofu Station,30.3,0.70,0.8000,1.0000,0.1416,0.7742,http://commons.wikimedia.org/wiki/Special:FilePath/100612%20Kiyosato%20Porcelain%20Museum%20Hokuto%20Yamanashi%20pref%20Japan03s3.jpg,35.9171944,138.4345833,Q11561407
1448,平山郁夫シルクロード美術館,山梨縣,美術館,4.0,100,美術館,Kofu Station,30.2,0.70,0.8000,1.0000,0.1420,0.7742,http://commons.wikimedia.org/wiki/Special:FilePath/%E5%B9%B3%E5%B1%B1%E9%83%81%E5%A4%AB%E3%82%B7%E3%83%AB%E3%82%AF%E3%83%AD%E3%83%BC%E3%83%89%E7%BE%8E%E8%A1%93%E9%A4%A820220618-P1380431.jpg,35.8793710,138.3594230,Q112090672
1863,蘭島閣美術館,廣島縣,美術館,4.0,100,美術館,Hiroshima Station,30.2,0.70,0.8000,1.0000,0.1422,0.7742,http://commons.wikimedia.org/wiki/Special:FilePath/%E8%98%AD%E5%B3%B6%E9%96%A3%E7%BE%8E%E8%A1%93%E9%A4%A8%20Rantoukaku%20Museum%20-%20panoramio.jpg,34.1882500,132.6840280,Q121367781
2395,町田市立自由民権資料館,東京都,博物館,4.0,100,博物館,Tokyo Station,30.2,0.70,0.8000,1.0000,0.1422,0.7742,http://commons.wikimedia.org/wiki/Special:FilePath/JiyuMinkenInstiture-of-MachidaCity.jpg,35.5888889,139.4533333,Q22120358
2545,くにたち郷土文化館,東京都,地方文化館,4.0,100,地方文化館,Tokyo Station,30.2,0.70,0.8000,1.0000,0.1420,0.7742,,35.6789870,139.4326120,Q133257623
2891,ウルトラツイスターメガトン,熊本縣,雲霄飛車,4.0,100,雲霄飛車,Kumamoto Station,30.3,0.70,0.8000,1.0000,0.1417,0.7742,,32.9888230,130.4678290,Q1917138
3245,兵士・庶民の戦争資料館,福岡縣,博物館,4.0,100,博物館,Hakata Station,30.2,0.70,0.8000,1.0000,0.1421,0.7742,,33.7068056,130.7152500,Q100878901
3906,燕趙園,鳥取縣,中國園林,4.0,100,中國園林,Tottori Station,30.3,0.70,0.8000,1.0000,0.1417,0.7742,http://commons.wikimedia.org/wiki/Special:FilePath/Enchoen01n4592.jpg,35.4658889,133.8930000,Q5375437
699,きみさらずタワー,千葉縣,觀光塔,4.0,100,觀光塔,Chiba Station,30.5,0.70,0.8000,1.0000,0.1410,0.7741,http://commons.wikimedia.org/wiki/Special:FilePath/Kimisarazu%20Tower%20at%20Odayama%20Park.jpg,35.3796390,139.9376670,Q575504
733,木更津市郷土博物館金のすず,千葉縣,地方文化館,4.0,100,地方文化館,Chiba Station,30.5,0.70,0.8000,1.0000,0.1410,0.7741,http://commons.wikimedia.org/wiki/Special:FilePath/Kisarazu%20city%20folk%20museum%20Kin%20no%20Suzu.jpg,35.3795000,139.9381667,Q91380712
2635,石井亮一・筆子記念館,東京都,历史建筑,4.0,100,历史建筑,Tokyo Station,30.5,0.70,0.8000,1.0000,0.1409,0.7741,http://commons.wikimedia.org/wiki/Special:FilePath/%E6%BB%9D%E4%B9%83%E5%B7%9D%E5%AD%A6%E5%9C%92%20%E7%9F%B3%E4%BA%95%E4%BA%AE%E4%B8%80%E3%83%BB%E7%AD%86%E5%AD%90%E8%A8%98%E5%BF%B5%E9%A4%A8.jpg,35.6812013,139.4296213,Q11584856
2811,滋賀縣立安土城考古博物館,滋賀縣,考古博物館,4.0,100,考古博物館,Otsu Station,30.5,0.70,0.8000,1.0000,0.1409,0.7741,http://commons.wikimedia.org/wiki/Special:FilePath/Spacam01s2816.jpg,35.1500000,136.1477778,Q11564645
2866,安土城天主信長之館,滋賀縣,博物館,4.0,100,博物館,Otsu Station,30.4,0.70,0.8000,1.0000,0.1411,0.7741,http://commons.wikimedia.org/wiki/Special:FilePath/Nobunaganoyakata2.jpg,35.1487500,136.1479722,Q3945402
3655,尾澤木彫美術館,長野縣,博物館,4.0,100,博物館,Nagano Station,30.4,0.70,0.8000,1.0000,0.1414,0.7741,http://commons.wikimedia.org/wiki/Special:FilePath/Ozawa%20Wooden%20Sculpture%20Art%20Museum%201.jpg,36.3791167,138.2764861,Q66363172
3688,大平山元遺跡展示施設むーもん館,青森縣,考古博物館,4.0,100,考古博物館,Aomori Station,30.4,0.70,0.8000,1.0000,0.1414,0.7741,http://commons.wikimedia.org/wiki/Special:FilePath/M%C5%ABmon-kan%2001.jpg,41.0645990,140.5529680,Q132658745
3973,ゴールドパーク串木野,鹿兒島縣,主題公園,4.0,100,主題公園,Kagoshima-Chuo Station,30.3,0.70,0.8000,1.0000,0.1415,0.7741,http://commons.wikimedia.org/wiki/Special:FilePath/Kushikino-goldmine2.jpg,31.7464519,130.2837305,Q11303945
17,オーストラリア記念館,三重縣,博物館,4.0,100,博物館,Tsu Station,30.7,0.70,0.8000,1.0000,0.1402,0.7740,http://commons.wikimedia.org/wiki/Special:FilePath/Japan%20World%20Exposition%20Australia%20Memorial.jpg,34.9852220,136.6486110,Q17222158
836,埼玉県立嵐山史跡の博物館,埼玉縣,歷史博物館,4.0,100,歷史博物館,Omiya Station,30.7,0.70,0.8000,1.0000,0.1400,0.7740,http://commons.wikimedia.org/wiki/Special:FilePath/Historical%20Museum%20of%20Ranzan%2001.JPG,36.0368610,139.3234170,Q11426656
1359,まほろば・童話の里 浜田広介記念館,山形縣,人物紀念館,4.0,100,人物紀念館,Yamagata Station,30.6,0.70,0.8000,1.0000,0.1403,0.7740,http://commons.wikimedia.org/wiki/Special:FilePath/Hamada%20Hirosuke%20Kinenkan.jpg,38.0056940,140.1625000,Q11278479
1664,やかげ郷土美術館,岡山縣,美術館,4.0,100,美術館,Okayama Station,30.6,0.70,0.8000,1.0000,0.1403,0.7740,,34.6250100,133.5876300,Q121362612
1687,高梁市歴史美術館,岡山縣,博物館,4.0,100,博物館,Okayama Station,30.7,0.70,0.8000,1.0000,0.1400,0.7740,,34.7851970,133.6151190,Q132605392
2242,彌彦神社宝物殿,新潟縣,宝物館,4.0,100,宝物館,Niigata Station,30.7,0.70,0.8000,1.0000,0.1400,0.7740,,37.7065230,138.8280700,Q104708819
2902,荒尾干潟水鳥・湿地センター,熊本縣,自然中心,4.0,100,自然中心,Kumamoto Station,30.6,0.70,0.8000,1.0000,0.1403,0.7740,,32.9612370,130.4326720,Q132160284
3115,相模原市古民家園,神奈川縣,民家園,4.0,100,民家園,Yokohama Station,30.7,0.70,0.8000,1.0000,0.1401,0.7740,,35.5756944,139.3113611,Q113141986
3397,碓冰嶺鐵道文化村,群馬縣,观光铁路,4.0,100,观光铁路,Maebashi Station,30.8,0.70,0.8000,1.0000,0.1398,0.7740,http://commons.wikimedia.org/wiki/Special:FilePath/Usui%20village%20of%20railway%20culture%20%E7%A2%93%E6%B0%B7%E9%89%84%E9%81%93%E6%96%87%E5%8C%96%E3%82%80%E3%82%89%20%282771301308%29.jpg,36.3363889,138.7338889,Q7902250
3407,中之条町歴史と民俗の博物館,群馬縣,民俗博物館,4.0,100,民俗博物館,Maebashi Station,30.8,0.70,0.8000,1.0000,0.1398,0.7740,http://commons.wikimedia.org/wiki/Special:FilePath/Nakanojo%20Museum%20of%20Folk%20and%20History%202.jpg,36.5894290,138.8428700,Q104696778
3471,日立市郷土博物館,茨城縣,地方文化館,4.0,100,地方文化館,Mito Station,30.7,0.70,0.8000,1.0000,0.1399,0.7740,http://commons.wikimedia.org/wiki/Special:FilePath/Hitachi%20City%20Folk%20Museum.jpg,36.6059130,140.6571200,Q11510056
1,波羅蜜多博物館,三重縣,美術館,4.0,100,美術館,Tsu Station,31.1,0.70,0.8000,1.0000,0.1387,0.7739,http://commons.wikimedia.org/wiki/Special:FilePath/Paramita%20museum.jpg,35.0127820,136.4898250,Q17221655
79,きっづ光科学館ふぉとん,京都府,兒童博物館,4.0,100,兒童博物館,Kyoto Station,31.1,0.70,0.8000,1.0000,0.1387,0.7739,,34.7137780,135.8357780,Q17211497
562,小樽オルゴール堂,北海道,音楽博物館,4.0,100,音楽博物館,Sapporo Station,31.0,0.70,0.8000,1.0000,0.1390,0.7739,http://commons.wikimedia.org/wiki/Special:FilePath/Otaru-orgel-do%2CMusical%20box%20museum%2C%E5%B0%8F%E6%A8%BD%E3%82%AA%E3%83%AB%E3%82%B4%E3%83%BC%E3%83%AB%E5%A0%826180194.JPG,43.1906020,141.0077700,Q48765500
584,千歳市埋蔵文化財センター,北海道,埋藏文化財中心,4.0,100,埋藏文化財中心,Sapporo Station,31.1,0.70,0.8000,1.0000,0.1386,0.7739,http://commons.wikimedia.org/wiki/Special:FilePath/Chitose%20City%20Archaeological%20Center.jpg,42.8872540,141.6412750,Q123272575
769,九十九里沙丁魚博物館,千葉縣,博物館,4.0,100,博物館,Chiba Station,30.9,0.70,0.8000,1.0000,0.1394,0.7739,http://commons.wikimedia.org/wiki/Special:FilePath/Kujukuri%20Town%20Kujukuri%20Sardine%20Museum%20exterior%20in%202013-03-08.jpg,35.5357056,140.4408000,Q11370059
1028,観心寺霊宝館,大阪府,宝物館,4.0,100,宝物館,Osaka Station,30.9,0.70,0.8000,1.0000,0.1393,0.7739,http://commons.wikimedia.org/wiki/Special:FilePath/Kanshinji%20Reihokan.jpg,34.4376220,135.5979490,Q133288994
1262,緑と花と彫刻の博物館,山口縣,植物園,4.0,100,植物園,Yamaguchi Station,30.9,0.70,0.8000,1.0000,0.1393,0.7739,http://commons.wikimedia.org/wiki/Special:FilePath/UBE%20tokiwa%20Museum.JPG,33.9485556,131.2817500,Q11607744
1543,戦国山城ミュージアム,岐阜縣,軍事博物館,4.0,100,軍事博物館,Gifu Station,31.0,0.70,0.8000,1.0000,0.1390,0.7739,http://commons.wikimedia.org/wiki/Special:FilePath/Sengoku%20yamajiro%20museum.jpg,35.4574880,137.0930580,Q104710272
1670,閑谷学校資料館,岡山縣,教育博物館,4.0,100,教育博物館,Okayama Station,31.0,0.70,0.8000,1.0000,0.1390,0.7739,http://commons.wikimedia.org/wiki/Special:FilePath/SHIZUTANI-Museum-01.jpg,34.7970000,134.2181667,Q20044750
1680,高梁市鄉土資料館,岡山縣,博物館,4.0,100,博物館,Okayama Station,31.0,0.70,0.8000,1.0000,0.1391,0.7739,http://commons.wikimedia.org/wiki/Special:FilePath/Takahashi%20City%20Local%20Museum%20ac.jpg,34.7946667,133.6178056,Q30934800
2144,國盛酒之文化館,愛知縣,公司博物館,4.0,100,公司博物館,Nagoya Station,31.0,0.70,0.8000,1.0000,0.1388,0.7739,http://commons.wikimedia.org/wiki/Special:FilePath/Kunizakari%20Sake%20no%20Bunkakan%20Museum%20ac.jpg,34.8953610,136.9349750,Q11422741
2178,半田市鐵道資料館,愛知縣,鐵路博物館,4.0,100,鐵路博物館,Nagoya Station,31.0,0.70,0.8000,1.0000,0.1387,0.7739,http://commons.wikimedia.org/wiki/Special:FilePath/130125%20Handa%20railway%20museum.jpg,34.8946390,136.9310830,Q11407070
2669,小島資料館,東京都,歷史博物館,4.0,100,歷史博物館,Tokyo Station,31.1,0.70,0.8000,1.0000,0.1386,0.7739,http://commons.wikimedia.org/wiki/Special:FilePath/Kojima-Museum.jpg,35.5989720,139.4385830,Q24869244
2679,TRICK ART PIA日光,栃木縣,美術館,4.0,100,美術館,Utsunomiya Station,31.0,0.70,0.8000,1.0000,0.1389,0.7739,http://commons.wikimedia.org/wiki/Special:FilePath/Trick%20Artpia%20Nikko.JPG,36.7890500,139.7017083,Q30931573
2704,那珂川町なす風土記の丘資料館,栃木縣,風土記之丘,4.0,100,風土記之丘,Utsunomiya Station,30.9,0.70,0.8000,1.0000,0.1393,0.7739,,36.7803640,140.1082910,Q133297466
2725,佐野市葛生伝承館,栃木縣,民俗博物館,4.0,100,民俗博物館,Utsunomiya Station,31.1,0.70,0.8000,1.0000,0.1386,0.7739,http://commons.wikimedia.org/wiki/Special:FilePath/Kuzuu%20Folk%20Art%20%26%20Crafts%20Museum.JPG,36.4012310,139.6120200,Q104696766
2726,葛生化石館,栃木縣,古生物博物馆,4.0,100,古生物博物馆,Utsunomiya Station,31.1,0.70,0.8000,1.0000,0.1386,0.7739,http://commons.wikimedia.org/wiki/Special:FilePath/Kuzuu%20Fossil%20Museum.JPG,36.4016944,139.6116944,Q11620967
3019,赤坂弥生学習室,神奈川縣,設施,4.0,100,設施,Yokohama Station,31.1,0.70,0.8000,1.0000,0.1386,0.7739,,35.1866944,139.6295278,Q102045963
3558,白馬三枝美術館,長野縣,美術館,4.0,100,美術館,Nagano Station,31.0,0.70,0.8000,1.0000,0.1388,0.7739,,36.6901590,137.8459400,Q123190139
426,北一ヴェネツィア美術館,北海道,美術館,4.0,100,美術館,Sapporo Station,31.2,0.70,0.8000,1.0000,0.1381,0.7738,http://commons.wikimedia.org/wiki/Special:FilePath/Sakaimachi%20street%20Otaru%20Hokkaido05s3.jpg,43.1941632,141.0068999,Q121268815
1396,長井市古代の丘資料館,山形縣,考古博物館,4.0,100,考古博物館,Yamagata Station,31.2,0.70,0.8000,1.0000,0.1381,0.7738,http://commons.wikimedia.org/wiki/Special:FilePath/Nagai%20City%20Ancient%20Hill%20Museum%201.jpg,38.1373611,139.9995833,Q84418160
1661,岡山天文博物館,岡山縣,科學博物館,4.0,100,科學博物館,Okayama Station,31.2,0.70,0.8000,1.0000,0.1380,0.7738,,34.5764440,133.5954720,Q11472119
2095,半田空の科学館,愛知縣,科學博物館,4.0,100,科學博物館,Nagoya Station,31.2,0.70,0.8000,1.0000,0.1381,0.7738,http://commons.wikimedia.org/wiki/Special:FilePath/Handa%20City%20Gymnasium.jpg,34.8914280,136.9130690,Q11407087
2148,博物館「醋之里」,愛知縣,食物博物館,4.0,100,食物博物館,Nagoya Station,31.3,0.70,0.8000,1.0000,0.1378,0.7738,http://commons.wikimedia.org/wiki/Special:FilePath/Mizkan%20muesum%2020250729.jpg,34.8930030,136.9342970,Q11409003
2153,豐田鞍池紀念館,愛知縣,公司博物館,4.0,100,公司博物館,Nagoya Station,31.3,0.70,0.8000,1.0000,0.1376,0.7738,http://commons.wikimedia.org/wiki/Special:FilePath/Kiichiro%20Toyoda%20House%20Bertel-Schmitt.jpg,35.1000750,137.2151310,Q11321699
2188,半田市立博物館,愛知縣,博物館,4.0,100,博物館,Nagoya Station,31.2,0.70,0.8000,1.0000,0.1380,0.7738,http://commons.wikimedia.org/wiki/Special:FilePath/Handa%20City%20Library1.jpg,34.8913690,136.9141640,Q11407065
2196,碧南市哲學體驗村無我苑,愛知縣,博物館,4.0,100,博物館,Nagoya Station,31.2,0.70,0.8000,1.0000,0.1380,0.7738,http://commons.wikimedia.org/wiki/Special:FilePath/Hekinan%20City%20Hands-on%20Philosophy%20Museum.jpg,34.9104030,137.0098330,Q11587766
2392,町田市立博物館,東京都,博物館,4.0,100,博物館,Tokyo Station,31.2,0.70,0.8000,1.0000,0.1379,0.7738,http://commons.wikimedia.org/wiki/Special:FilePath/Machida-City-Museum.jpg,35.5672222,139.4511111,Q22120359
2534,多摩美術大學美術館,東京都,大学美术馆,4.0,100,大学美术馆,Tokyo Station,31.3,0.70,0.8000,1.0000,0.1378,0.7738,http://commons.wikimedia.org/wiki/Special:FilePath/Tama%20Art%20University%20Museum.JPG,35.6235220,139.4282940,Q11430784
2570,彩虹室內主題樂園,東京都,主題公園,4.0,100,主題公園,Tokyo Station,31.2,0.70,0.8000,1.0000,0.1382,0.7738,http://commons.wikimedia.org/wiki/Special:FilePath/Sanrio%20Puroland.jpg,35.6244444,139.4291667,Q1133851
2594,東京都埋藏文化財中心,東京都,埋藏文化財中心,4.0,100,埋藏文化財中心,Tokyo Station,31.3,0.70,0.8000,1.0000,0.1379,0.7738,http://commons.wikimedia.org/wiki/Special:FilePath/TOKYO%20METROPOLITAN%20ARCHAEOLOGICAL%20CENTER.jpg,35.6260560,139.4277220,Q11525278
2727,佐野市立吉澤紀念美術館,栃木縣,美術館,4.0,100,美術館,Utsunomiya Station,31.1,0.70,0.8000,1.0000,0.1384,0.7738,http://commons.wikimedia.org/wiki/Special:FilePath/Yoshizawa%20Memorial%20Museum%20of%20Art%2C%20Sano.JPG,36.4014440,139.6111390,Q11385006
3445,𠮷田正音楽記念館,茨城縣,音楽博物館,4.0,100,音楽博物館,Mito Station,31.1,0.70,0.8000,1.0000,0.1384,0.7738,http://commons.wikimedia.org/wiki/Special:FilePath/Yoshida%20Tadashi%20Memorial%20Museum%20of%20Music.jpg,36.6104170,140.6562500,Q11413931
3932,三朝小提琴美術館,鳥取縣,美術館,4.0,100,美術館,Tottori Station,31.2,0.70,0.8000,1.0000,0.1381,0.7738,http://commons.wikimedia.org/wiki/Special:FilePath/Misasa%20museum%20IMG%207968.JPG,35.4114800,133.8963800,Q11278841
422,中山峠写真の森美術館,北海道,美術館,4.0,100,美術館,Sapporo Station,31.5,0.70,0.8000,1.0000,0.1371,0.7737,,42.8551944,141.0967500,Q11364150
1186,大崎市松山酒ミュージアム,宮城縣,日本清酒博物館,4.0,100,日本清酒博物館,Sendai Station,31.6,0.70,0.8000,1.0000,0.1365,0.7737,http://commons.wikimedia.org/wiki/Special:FilePath/Osaki%20City%20Matsuyama%20Sake%20Museum%20exterior%2C%20in%20Osaki%2C%20Miyagi.jpg,38.5116440,141.0519970,Q11435027
1433,富士吉田市立富士山レーダードーム館,山梨縣,気象博物館,4.0,100,気象博物館,Kofu Station,31.5,0.70,0.8000,1.0000,0.1368,0.7737,http://commons.wikimedia.org/wiki/Special:FilePath/Mount%20Fuji%20Radar%20Dome%20Museum%20s2.JPG,35.4577780,138.8036110,Q11455940
1775,今岡美術館,島根縣,美術館,4.0,100,美術館,Matsue Station,31.5,0.70,0.8000,1.0000,0.1368,0.7737,,35.3510500,132.7443300,Q132398230
2004,上黒岩遺跡考古館,愛媛縣,考古博物館,4.0,100,考古博物館,Matsuyama Station,31.4,0.70,0.8000,1.0000,0.1374,0.7737,http://commons.wikimedia.org/wiki/Special:FilePath/Kamikuroiwaiseki.jpg,33.6178170,132.9603640,Q123505693
2138,常喵,愛知縣,觀光景點,4.0,100,觀光景點,Nagoya Station,31.5,0.70,0.8000,1.0000,0.1371,0.7737,http://commons.wikimedia.org/wiki/Special:FilePath/Tokoname%20Yakimono%20Sanpomichi%202009-10E.JPG,34.8900570,136.8382510,Q136744903
2270,燕市産業史料館,新潟縣,工业博物馆,4.0,100,工业博物馆,Niigata Station,31.4,0.70,0.8000,1.0000,0.1372,0.7737,http://commons.wikimedia.org/wiki/Special:FilePath/Tsubame%20Industrial%20Materials%20Museum%20Mar2022-001.jpg,37.6527778,138.9191667,Q11569266
2377,帕德嫩多摩,東京都,文化中心,4.0,100,文化中心,Tokyo Station,31.5,0.70,0.8000,1.0000,0.1372,0.7737,http://commons.wikimedia.org/wiki/Special:FilePath/Parthenon-Tama.JPG,35.6217500,139.4267780,Q11329444
2626,土方歳三資料館,東京都,生家,4.0,100,生家,Tokyo Station,31.4,0.70,0.8000,1.0000,0.1373,0.7737,,35.6697500,139.4195278,Q97202254
2691,日光江戶村,栃木縣,主題公園,4.0,100,主題公園,Utsunomiya Station,31.4,0.70,0.8000,1.0000,0.1375,0.7737,http://commons.wikimedia.org/wiki/Special:FilePath/Nikko%20Edo-Mura%207.jpg,36.7910000,139.6980000,Q11504885
2720,那珂川町馬頭広重美術館,栃木縣,美術館,4.0,100,美術館,Utsunomiya Station,31.5,0.70,0.8000,1.0000,0.1371,0.7737,http://commons.wikimedia.org/wiki/Special:FilePath/Bato%20Hiroshige%20Museum%202009.jpg,36.7391110,140.1709440,Q42704985
3944,陣所之館,鳥取縣,博物館,4.0,100,博物館,Tottori Station,31.5,0.70,0.8000,1.0000,0.1368,0.7737,http://commons.wikimedia.org/wiki/Special:FilePath/Jinsho-no-yakata01nt3200.jpg,35.4103610,133.8930000,Q11658184
413,小樽芸術村,北海道,公司博物館,4.0,100,公司博物館,Sapporo Station,31.8,0.70,0.8000,1.0000,0.1360,0.7736,http://commons.wikimedia.org/wiki/Special:FilePath/Nitori%20Otaru%20Art%20Base%2002.jpg,43.1980556,141.0019444,Q30227146
428,市立小樽美術館,北海道,美術館,4.0,100,美術館,Sapporo Station,31.8,0.70,0.8000,1.0000,0.1357,0.7736,http://commons.wikimedia.org/wiki/Special:FilePath/Otaru%20City%20Museum%20Branch01s5.jpg,43.1967780,140.9998330,Q11462169
493,市立小樽文學館,北海道,文學館,4.0,100,文學館,Sapporo Station,31.8,0.70,0.8000,1.0000,0.1357,0.7736,http://commons.wikimedia.org/wiki/Special:FilePath/Otaru%20City%20Museum%20Branch02s3.jpg,43.1967780,140.9998330,Q11462161
604,日本銀行舊小樽支店金融資料館,北海道,銀行博物館,4.0,100,銀行博物館,Sapporo Station,31.8,0.70,0.8000,1.0000,0.1360,0.7736,http://commons.wikimedia.org/wiki/Special:FilePath/130823%20Bank%20of%20Japan%20Otaru%20Museum02s4.jpg,43.1961940,141.0003330,Q11509315
1182,大崎市松山ふるさと歴史館,宮城縣,地方文化館,4.0,100,地方文化館,Sendai Station,31.6,0.70,0.8000,1.0000,0.1365,0.7736,http://commons.wikimedia.org/wiki/Special:FilePath/Osaki%20City%20Matsuyama%20Furusato%20History%20Museum%20exterior%2C%20in%20Osaki%2C%20Miyagi.jpg,38.5119220,141.0516280,Q11435026
2121,廻船問屋瀧田家,愛知縣,历史房屋博物馆,4.0,100,历史房屋博物馆,Nagoya Station,31.7,0.70,0.8000,1.0000,0.1362,0.7736,http://commons.wikimedia.org/wiki/Special:FilePath/Takitake1.jpg,34.8879220,136.8391810,Q11486878
2170,常滑陶之森,愛知縣,陶瓷博物館,4.0,100,陶瓷博物館,Nagoya Station,31.7,0.70,0.8000,1.0000,0.1362,0.7736,http://commons.wikimedia.org/wiki/Special:FilePath/Tokoname%20Ceramic%20Research%20Institute%20ac%20%281%29.jpg,34.8868333,136.8505556,Q97273044
2174,とこなめ陶の森資料館,愛知縣,陶瓷博物館,4.0,100,陶瓷博物館,Nagoya Station,31.7,0.70,0.8000,1.0000,0.1362,0.7736,http://commons.wikimedia.org/wiki/Special:FilePath/Tokoname%20Tounomori%20Museum%20ac%20%282%29.jpg,34.8868333,136.8505556,Q117220443
2187,安城市歴史博物館,愛知縣,博物館,4.0,100,博物館,Nagoya Station,31.9,0.70,0.8000,1.0000,0.1356,0.7736,http://commons.wikimedia.org/wiki/Special:FilePath/Anjo%20City%20Museum%20of%20History%202008.jpg,34.9457722,137.0980806,Q28328048
2199,とこなめ陶の森陶芸研究所,愛知縣,陶艺工作室,4.0,100,陶艺工作室,Nagoya Station,31.7,0.70,0.8000,1.0000,0.1362,0.7736,http://commons.wikimedia.org/wiki/Special:FilePath/Tokoname%20Ceramic%20Research%20Institute%20ac%20%281%29.jpg,34.8868465,136.8505975,Q117220457
3206,福岡縣青少年科學館,福岡縣,科學博物館,4.0,100,科學博物館,Hakata Station,31.9,0.70,0.8000,1.0000,0.1356,0.7736,http://commons.wikimedia.org/wiki/Special:FilePath/Fukuoka%20Science%20Museum%2020170203-2.jpg,33.3180830,130.5283610,Q11592913
1777,雲州算盤傳統產業館,島根縣,博物館,4.0,100,博物館,Matsue Station,32.0,0.70,0.8000,1.0000,0.1352,0.7735,,35.1774900,133.0928880,Q132419830
1921,相生森林美術館,德島縣,美術館,4.0,100,美術館,Tokushima Station,32.1,0.70,0.8000,1.0000,0.1349,0.7735,http://commons.wikimedia.org/wiki/Special:FilePath/Aioi%20Shinrin%20Bijyutsukan.JPG,33.7977220,134.4520830,Q11582282
1987,乗禅寺宝物館,愛媛縣,博物館,4.0,100,博物館,Matsuyama Station,32.1,0.70,0.8000,1.0000,0.1349,0.7735,,34.0717590,132.9588350,Q123527209
2025,西条市立東予郷土館,愛媛縣,博物館,4.0,100,博物館,Matsuyama Station,32.0,0.70,0.8000,1.0000,0.1352,0.7735,,33.9278510,133.0814060,Q104783925
2364,町田市立國際版畫美術館,東京都,美術館,4.0,100,美術館,Tokyo Station,32.1,0.70,0.8000,1.0000,0.1349,0.7735,http://commons.wikimedia.org/wiki/Special:FilePath/Machida%20City%20Museum%20of%20Graphic%20Arts.jpg,35.5441667,139.4550000,Q11578302
2488,FARET立川,東京都,觀光景點,4.0,100,觀光景點,Tokyo Station,32.0,0.70,0.8000,1.0000,0.1352,0.7735,,35.7014576,139.4137713,Q11332362
1008,関西サイクルスポーツセンター,大阪府,主題樂園,4.0,100,主題樂園,Osaka Station,32.3,0.70,0.8000,1.0000,0.1340,0.7734,http://commons.wikimedia.org/wiki/Special:FilePath/Kansai%20cycle%20sports%20center.JPG,34.4131670,135.5298060,Q11656208
1553,可児郷土歴史館,岐阜縣,地方文化館,4.0,100,地方文化館,Gifu Station,32.2,0.70,0.8000,1.0000,0.1345,0.7734,http://commons.wikimedia.org/wiki/Special:FilePath/Kani%20Local%20Museum.jpg,35.4036310,137.1113970,Q11411823
1577,美並ふるさと館,岐阜縣,博物館,4.0,100,博物館,Gifu Station,32.2,0.70,0.8000,1.0000,0.1345,0.7734,,35.6690278,136.9125556,Q118353209
1788,絲原記念館,島根縣,博物館,4.0,100,博物館,Matsue Station,32.2,0.70,0.8000,1.0000,0.1343,0.7734,http://commons.wikimedia.org/wiki/Special:FilePath/Itohara%20Kinenkan%20garden.jpg,35.1750500,133.0352500,Q104721886
1809,奥出雲たたらと刀剣館,島根縣,博物館,4.0,100,博物館,Matsue Station,32.3,0.70,0.8000,1.0000,0.1339,0.7734,,35.1739490,133.0901190,Q132419563
1869,ウッドワン美術館,廣島縣,美術館,4.0,100,美術館,Hiroshima Station,32.4,0.70,0.8000,1.0000,0.1336,0.7734,http://commons.wikimedia.org/wiki/Special:FilePath/Wood%20one%20museum%20of%20art.jpg,34.4989167,132.1436389,Q11289011
2166,伊奈生活博物館,愛知縣,陶瓷博物館,4.0,100,陶瓷博物館,Nagoya Station,32.4,0.70,0.8000,1.0000,0.1339,0.7734,http://commons.wikimedia.org/wiki/Special:FilePath/Inaxlivemuseum%202010.jpg,34.8811780,136.8487030,Q11224073
2611,町田市民文學館KOTOBA LAND,東京都,文學館,4.0,100,文學館,Tokyo Station,32.4,0.70,0.8000,1.0000,0.1336,0.7734,http://commons.wikimedia.org/wiki/Special:FilePath/Building%20of%20Machida%20Citizens%20Literature%20Museum%20KOTOBA%20LAND.jpg,35.5425722,139.4513611,Q11578292
3356,かすみ温泉,秋田縣,温泉镇,4.0,100,温泉镇,Akita Station,32.4,0.70,0.8000,1.0000,0.1336,0.7734,,39.4286660,140.1893100,Q108441095
3654,大町山岳博物館,長野縣,動物園,4.0,100,動物園,Nagano Station,32.3,0.70,0.8000,1.0000,0.1341,0.7734,http://commons.wikimedia.org/wiki/Special:FilePath/20090502oomachisangakuhakubutsukan01.JPG,36.5052500,137.8705556,Q11437989
54,伊勢河崎商人館,三重縣,历史房屋博物馆,4.0,100,历史房屋博物馆,Tsu Station,32.5,0.70,0.8000,1.0000,0.1333,0.7733,http://commons.wikimedia.org/wiki/Special:FilePath/%E4%BC%8A%E5%8B%A2%E6%B2%B3%E5%B4%8E%E5%95%86%E4%BA%BA%E9%A4%A8.jpg,34.4965830,136.7176110,Q28068255
138,るり渓,京都府,觀光景點,4.0,100,觀光景點,Kyoto Station,32.7,0.70,0.8000,1.0000,0.1325,0.7733,http://commons.wikimedia.org/wiki/Special:FilePath/Meibaku%2C%20Rurikei02.JPG,35.0358170,135.4046080,Q7380607
377,鶴林寺宝物館,兵庫縣,宝物館,4.0,100,宝物館,Kobe Station,32.5,0.70,0.8000,1.0000,0.1333,0.7733,http://commons.wikimedia.org/wiki/Special:FilePath/Kakogawa%20Kakurinji35n4592.jpg,34.7520220,134.8334680,Q104721589
440,小樽市綜合博物館,北海道,博物館,4.0,100,博物館,Sapporo Station,32.5,0.70,0.8000,1.0000,0.1334,0.7733,http://commons.wikimedia.org/wiki/Special:FilePath/Otaru%20city%20museum%20main%20entrance.jpg,43.2112540,141.0012980,Q11462160
839,立正大学博物館,埼玉縣,大學博物館,4.0,100,大學博物館,Omiya Station,32.6,0.70,0.8000,1.0000,0.1331,0.7733,,36.1084280,139.3621860,Q104831949
1451,忍野 しのびの里,山梨縣,主題公園,4.0,100,主題公園,Kofu Station,32.5,0.70,0.8000,1.0000,0.1334,0.7733,,35.4571944,138.8181944,Q59154259
1477,徳山民俗資料収蔵庫,岐阜縣,民俗博物館,4.0,100,民俗博物館,Gifu Station,32.5,0.70,0.8000,1.0000,0.1335,0.7733,http://commons.wikimedia.org/wiki/Special:FilePath/Tokuyamaminzokusiryouko.JPG,35.5772778,136.4633583,Q11489616
1505,こども陶器博物館,岐阜縣,陶瓷博物館,4.0,100,陶瓷博物館,Gifu Station,32.6,0.70,0.8000,1.0000,0.1329,0.7733,http://commons.wikimedia.org/wiki/Special:FilePath/KodomoTokiMuseum-KidsLand.JPG,35.3610280,137.1114440,Q11266599
2154,奥殿阵屋,愛知縣,觀光景點,4.0,100,觀光景點,Nagoya Station,32.6,0.70,0.8000,1.0000,0.1331,0.7733,http://commons.wikimedia.org/wiki/Special:FilePath/Okutono-Jinya-1.jpg,35.0292500,137.1948889,Q11445943
2298,三條市歷史民俗產業資料館,新潟縣,博物館,4.0,100,博物館,Niigata Station,32.5,0.70,0.8000,1.0000,0.1334,0.7733,http://commons.wikimedia.org/wiki/Special:FilePath/Sanjo%20Heritage%20Museum.jpg,37.6319170,138.9567220,Q11355840
2444,國立極地研究所,東京都,研究機構,4.0,100,研究機構,Tokyo Station,32.5,0.70,0.8000,1.0000,0.1332,0.7733,http://commons.wikimedia.org/wiki/Special:FilePath/National%20Institute%20of%20Japanese%20Literature.jpg,35.7125000,139.4090000,Q1213729
2624,昭和天皇纪念馆,東京都,人物紀念館,4.0,100,人物紀念館,Tokyo Station,32.5,0.70,0.8000,1.0000,0.1332,0.7733,http://commons.wikimedia.org/wiki/Special:FilePath/Emperor%20Showa%20Memorial%20Museum%2020051213.jpg,35.7033330,139.4077220,Q11514059
2875,甲賀之里忍術村,滋賀縣,主題公園,4.0,100,主題公園,Otsu Station,32.6,0.70,0.8000,1.0000,0.1329,0.7733,http://commons.wikimedia.org/wiki/Special:FilePath/Koga-no-sato%20Ninja%20village%20%2C%20%E7%94%B2%E8%B3%80%E3%81%AE%E9%87%8C%20%E5%BF%8D%E8%A1%93%E6%9D%91%20-%20panoramio%20%288%29.jpg,34.9196670,136.2074170,Q11577976
2879,八代市立博物館・未来の森ミュージアム,熊本縣,市立博物館,4.0,100,市立博物館,Kumamoto Station,32.6,0.70,0.8000,1.0000,0.1331,0.7733,http://commons.wikimedia.org/wiki/Special:FilePath/Yatsushiro%20Municipal%20Museum.jpg,32.5082500,130.5965560,Q17222013
3205,久留米市美術館,福岡縣,美術館,4.0,100,美術館,Hakata Station,32.6,0.70,0.8000,1.0000,0.1331,0.7733,http://commons.wikimedia.org/wiki/Special:FilePath/Rakusuinoike%20Pond%20and%20Kurume%20City%20Museum%20of%20Art.jpg,33.3120330,130.5303660,Q11586698
3318,デコ屋敷,福島縣,人類聚居地,4.0,100,人類聚居地,Fukushima Station,32.6,0.70,0.8000,1.0000,0.1329,0.7733,http://commons.wikimedia.org/wiki/Special:FilePath/%E9%AB%98%E6%9F%B4%E3%83%87%E3%82%B3%E5%B1%8B%E6%95%B7.jpg,37.4606111,140.4564444,Q11320382
698,流山市白みりんミュージアム,千葉縣,食物博物館,4.0,100,食物博物館,Chiba Station,32.9,0.70,0.8000,1.0000,0.1318,0.7732,http://commons.wikimedia.org/wiki/Special:FilePath/Nagareyama%20City%20Shiro%20Mirin%20Museum%20ac%20%281%29.jpg,35.8528140,139.8984100,Q136299892
1275,村田清風記念館,山口縣,纪念博物馆,4.0,100,纪念博物馆,Yamaguchi Station,32.8,0.70,0.8000,1.0000,0.1324,0.7732,,34.3696940,131.2149720,Q11523480
1304,逍雲堂美術館,山口縣,美術館,4.0,100,美術館,Yamaguchi Station,32.8,0.70,0.8000,1.0000,0.1323,0.7732,http://commons.wikimedia.org/wiki/Special:FilePath/2004%E5%B9%B4%E9%80%8D%E9%9B%B2%E5%A0%82%E7%BE%8E%E8%A1%93%E9%A4%A8%20-%20panoramio.jpg,33.9489850,131.2481680,Q131327983
1445,山梨県立富士湧水の里水族館,山梨縣,水族館,4.0,100,水族館,Kofu Station,33.0,0.70,0.8000,1.0000,0.1316,0.7732,http://commons.wikimedia.org/wiki/Special:FilePath/Fuji%20Spring%20Water%20Aquarium.JPG,35.4555444,138.8239278,Q11469706
1796,出雲文化傳承館,島根縣,博物館,4.0,100,博物館,Matsue Station,32.9,0.70,0.8000,1.0000,0.1320,0.7732,http://commons.wikimedia.org/wiki/Special:FilePath/%E5%87%BA%E9%9B%B2%E6%96%87%E5%8C%96%E4%BC%9D%E6%89%BF%E9%A4%A8%20-%20panoramio.jpg,35.3818600,132.7149280,Q132398704
1962,内子町木蠟資料館上芳我邸,愛媛縣,历史房屋博物馆,4.0,100,历史房屋博物馆,Matsuyama Station,32.7,0.70,0.8000,1.0000,0.1325,0.7732,http://commons.wikimedia.org/wiki/Special:FilePath/Kamihaga%20Residence.jpg,33.5572560,132.6537770,Q123556061
2368,立川防災館,東京都,博物館,4.0,100,博物館,Tokyo Station,32.8,0.70,0.8000,1.0000,0.1323,0.7732,,35.7158889,139.4063333,Q85882998
2646,史努比博物館,東京都,動漫博物館,4.0,100,動漫博物館,Tokyo Station,32.9,0.70,0.8000,1.0000,0.1318,0.7732,,35.5102500,139.4695278,Q24834461
2678,京王鐵路樂園,東京都,鐵路博物館,4.0,100,鐵路博物館,Tokyo Station,32.9,0.70,0.8000,1.0000,0.1319,0.7732,http://commons.wikimedia.org/wiki/Special:FilePath/Keio-rail-land%20Trains%2020130814.jpg,35.6491000,139.4050000,Q11374577
2680,栃木縣那珂川水遊園,栃木縣,公園,4.0,100,公園,Utsunomiya Station,32.8,0.70,0.8000,1.0000,0.1324,0.7732,http://commons.wikimedia.org/wiki/Special:FilePath/Nakagawa%20Aquatic%20Park.jpg,36.7891390,140.1286940,Q11535182
2953,小松市立ポッポ汽車展示館,石川縣,鐵路博物館,4.0,100,鐵路博物館,Kanazawa Station,32.9,0.70,0.8000,1.0000,0.1320,0.7732,http://commons.wikimedia.org/wiki/Special:FilePath/%E3%83%9D%E3%83%83%E3%83%9D%E6%B1%BD%E8%BB%8A%E5%B1%95%E7%A4%BA%E9%A4%A8.jpg,36.2965560,136.5361390,Q11461140
3089,澤田美喜記念館,神奈川縣,人物紀念館,4.0,100,人物紀念館,Yokohama Station,32.9,0.70,0.8000,1.0000,0.1318,0.7732,,35.3101944,139.3138056,Q114727484
3399,綠市立富弘美術館,群馬縣,人物紀念館,4.0,100,人物紀念館,Maebashi Station,32.9,0.70,0.8000,1.0000,0.1318,0.7732,http://commons.wikimedia.org/wiki/Special:FilePath/Tomihiro%20Art%20Museum%201.jpg,36.5566667,139.3713889,Q11279084
3689,津軽藩ねぷた村,青森縣,山車会館,4.0,100,山車会館,Aomori Station,32.9,0.70,0.8000,1.0000,0.1320,0.7732,http://commons.wikimedia.org/wiki/Special:FilePath/Neputamura-gaikan.jpg,40.6113250,140.4697480,Q11556435
3873,吉井勇記念館,高知縣,人物紀念館,4.0,100,人物紀念館,Kochi Station,32.9,0.70,0.8000,1.0000,0.1320,0.7732,http://commons.wikimedia.org/wiki/Special:FilePath/%E5%90%89%E4%BA%95%E5%8B%87%E8%A8%98%E5%BF%B5%E9%A4%A8.jpg,33.7062380,133.8563890,Q97097645
3948,薩摩川内市せんだい宇宙館,鹿兒島縣,天文博物館,4.0,100,天文博物館,Kagoshima-Chuo Station,32.8,0.70,0.8000,1.0000,0.1323,0.7732,http://commons.wikimedia.org/wiki/Special:FilePath/Museum%20of%20Space%20Sendai.jpg,31.8240080,130.3398170,Q11622289
512,小樽水族館,北海道,水族館,4.0,100,水族館,Sapporo Station,33.3,0.70,0.8000,1.0000,0.1306,0.7731,http://commons.wikimedia.org/wiki/Special:FilePath/Otaruaquarium%2001.jpg,43.2368060,141.0112500,Q11261729
668,旧青山別邸,北海道,博物館,4.0,100,博物館,Sapporo Station,33.2,0.70,0.8000,1.0000,0.1309,0.7731,,43.2317270,141.0079570,Q104240374
737,流山市立博物館,千葉縣,市立博物館,4.0,100,市立博物館,Chiba Station,33.3,0.70,0.8000,1.0000,0.1307,0.7731,http://commons.wikimedia.org/wiki/Special:FilePath/Nagareyama%20City%20Museum%20ac.jpg,35.8586590,139.9024160,Q11556656
1289,周南市美術博物館,山口縣,美術館,4.0,100,美術館,Yamaguchi Station,33.0,0.70,0.8000,1.0000,0.1315,0.7731,http://commons.wikimedia.org/wiki/Special:FilePath/Shunan%20City%20Museum%20of%20Art%20and%20History.JPG,34.0601940,131.8120830,Q11416870
1407,都留市商家資料館,山梨縣,历史房屋博物馆,4.0,100,历史房屋博物馆,Kofu Station,33.3,0.70,0.8000,1.0000,0.1306,0.7731,http://commons.wikimedia.org/wiki/Special:FilePath/Appearance%20of%20Turu%20City%20merchant%20museum.jpg,35.5510000,138.9078333,Q28688227
1425,ミュージアム都留,山梨縣,博物館,4.0,100,博物館,Kofu Station,33.1,0.70,0.8000,1.0000,0.1312,0.7731,http://commons.wikimedia.org/wiki/Special:FilePath/Museum%20Tsuru.December%202016.jpg,35.5497778,138.9049444,Q28687167
1636,港見丘公園,岡山縣,公園,4.0,100,公園,Okayama Station,33.2,0.70,0.8000,1.0000,0.1307,0.7731,http://commons.wikimedia.org/wiki/Special:FilePath/Harbor%20View%20Park%20Hinase%20Bizen%20Okayama%20Pref%20Japan09n.jpg,34.7309720,134.2737500,Q11279140
1642,BIZEN中南美美術館,岡山縣,美術館,4.0,100,美術館,Okayama Station,33.2,0.70,0.8000,1.0000,0.1311,0.7731,http://commons.wikimedia.org/wiki/Special:FilePath/130131%20BIZEN%20America%20Latin%20Museum01bs5.jpg,34.7343611,134.2717500,Q49958566
3217,直方谷尾美術館,福岡縣,美術館,4.0,100,美術館,Hakata Station,33.2,0.70,0.8000,1.0000,0.1310,0.7731,http://commons.wikimedia.org/wiki/Special:FilePath/Nogata%20Tanio%20Art%20Museum.jpg,33.7432500,130.7284444,Q11581782
3540,無言館,長野縣,圖書館,4.0,100,圖書館,Nagano Station,33.1,0.70,0.8000,1.0000,0.1312,0.7731,http://commons.wikimedia.org/wiki/Special:FilePath/Mugonkan.jpg,36.3454170,138.2000280,Q11567510
3590,塩の道ちょうじや,長野縣,历史房屋博物馆,4.0,100,历史房屋博物馆,Nagano Station,33.1,0.70,0.8000,1.0000,0.1311,0.7731,,36.5041667,137.8603333,Q85878445
183,森之遊园地童话村,佐賀縣,主題公園,4.0,100,主題公園,Saga Station,33.5,0.70,0.8000,1.0000,0.1298,0.7730,,33.1311111,129.9737778,Q65243130
905,熊谷市立熊谷図書館　美術・郷土資料展示室,埼玉縣,博物館,4.0,100,博物館,Omiya Station,33.4,0.70,0.8000,1.0000,0.1303,0.7730,,36.1372370,139.3867400,Q104696832
1295,あざかみ美術館,山口縣,美術館,4.0,100,美術館,Yamaguchi Station,33.6,0.70,0.8000,1.0000,0.1296,0.7730,,33.9975710,131.1827630,Q132482997
2011,内子町歴史民俗資料館（商いと暮らし博物館）,愛媛縣,地方文化館,4.0,100,地方文化館,Matsuyama Station,33.3,0.70,0.8000,1.0000,0.1305,0.7730,http://commons.wikimedia.org/wiki/Special:FilePath/AkinaiAndKurashiMuseum.JPG,33.5521780,132.6526160,Q123525924
2114,碧南海濱水族館,愛知縣,水族館,4.0,100,水族館,Nagoya Station,33.6,0.70,0.8000,1.0000,0.1295,0.7730,http://commons.wikimedia.org/wiki/Special:FilePath/HEKINAN%20SEA%20SIDE%20AQUARIUM.JPG,34.8801610,136.9819670,Q11587774
2654,日野市立新選組のふるさと歴史館,東京都,歷史博物館,4.0,100,歷史博物館,Tokyo Station,33.5,0.70,0.8000,1.0000,0.1299,0.7730,http://commons.wikimedia.org/wiki/Special:FilePath/Hino%20City%20History%20Museum%20of%20Shinsen-gumi.JPG,35.6734444,139.3965000,Q115035571
2922,日本汽車博物館,石川縣,汽車博物館,4.0,100,汽車博物館,Kanazawa Station,33.4,0.70,0.8000,1.0000,0.1304,0.7730,http://commons.wikimedia.org/wiki/Special:FilePath/Motorcar%20Museum%20of%20Japan%20April%202023.jpg,36.3344444,136.4305556,Q11508954
3566,KAITA EPITAPH 残照館,長野縣,美術館,4.0,100,美術館,Nagano Station,33.5,0.70,0.8000,1.0000,0.1300,0.7730,http://commons.wikimedia.org/wiki/Special:FilePath/Kaita%20Epitaph%20Zanshou%20Museum.jpg,36.3420556,138.1975278,Q11386158
3908,鳥取短期大学絣美術館,鳥取縣,大學博物館,4.0,100,大學博物館,Tottori Station,33.5,0.70,0.8000,1.0000,0.1300,0.7730,,35.4559970,133.8593510,Q138199718
12,神宮美術館,三重縣,美術館,4.0,100,美術館,Tsu Station,33.7,0.70,0.8000,1.0000,0.1291,0.7729,http://commons.wikimedia.org/wiki/Special:FilePath/%E5%BC%8F%E5%B9%B4%E9%81%B7%E5%AE%AE%E8%A8%98%E5%BF%B5%E7%A5%9E%E5%AE%AE%E7%BE%8E%E8%A1%93%E9%A4%A8.jpg,34.4866810,136.7235100,Q137775892
14,神宮徵古館,三重縣,歷史博物館,4.0,100,歷史博物館,Tsu Station,33.9,0.70,0.8000,1.0000,0.1286,0.7729,http://commons.wikimedia.org/wiki/Special:FilePath/Jingu-Chokokan%2002.JPG,34.4855560,136.7244440,Q11589488
376,立杭陶之鄉,兵庫縣,陶瓷博物館,4.0,100,陶瓷博物館,Kobe Station,33.8,0.70,0.8000,1.0000,0.1289,0.7729,http://commons.wikimedia.org/wiki/Special:FilePath/140510%20Tamba%20Traditional%20Art%20Craft%20Park%20Sue%20no%20Sato%20Sasayama%20Hyogo%20pref%20Japan02s3.jpg,34.9810280,135.1316110,Q17229092
1440,山梨県立リニア見学センター,山梨縣,鐵路博物館,4.0,100,鐵路博物館,Kofu Station,33.8,0.70,0.8000,1.0000,0.1289,0.7729,http://commons.wikimedia.org/wiki/Special:FilePath/Yamanashi-Linear-visitor-center.JPG,35.5828611,138.9273333,Q21655058
1938,阿波木偶人形会館,德島縣,剧院博物馆,4.0,100,剧院博物馆,Tokushima Station,33.9,0.70,0.8000,1.0000,0.1286,0.7729,http://commons.wikimedia.org/wiki/Special:FilePath/Awadeko201811%201.jpg,34.0918330,134.9181940,Q11657545
1959,今治市河野美術館,愛媛縣,美術館,4.0,100,美術館,Matsuyama Station,33.7,0.70,0.8000,1.0000,0.1294,0.7729,http://commons.wikimedia.org/wiki/Special:FilePath/Imabari%20City%20Kono%20Museum%20of%20Art.JPG,34.0627500,132.9988890,Q11377196
2618,町田市考古資料室,東京都,考古博物館,4.0,100,考古博物館,Tokyo Station,33.8,0.70,0.8000,1.0000,0.1288,0.7729,,35.5888900,139.4106230,Q133261415
3046,京急油壺海洋公園,神奈川縣,水族館,4.0,100,水族館,Yokohama Station,33.9,0.70,0.8000,1.0000,0.1285,0.7729,http://commons.wikimedia.org/wiki/Special:FilePath/A-marinepark-01.JPG,35.1614720,139.6125560,Q11374325
3304,諸橋近代美術館,福島縣,现代美术馆,4.0,100,现代美术馆,Fukushima Station,33.9,0.70,0.8000,1.0000,0.1287,0.7729,http://commons.wikimedia.org/wiki/Special:FilePath/Morohashi%20Museum%20of%20Modern%20Art.JPG,37.6536111,140.0963889,Q3248015
3681,旧第五十九銀行本店本館,青森縣,银行建筑物,4.0,100,银行建筑物,Aomori Station,33.6,0.70,0.8000,1.0000,0.1294,0.7729,http://commons.wikimedia.org/wiki/Special:FilePath/Fifty-Ninth%20Bank%20Head%20Office%20Main%20Building%2020200921.jpg,40.6029170,140.4686110,Q11511115
3684,弘前市立博物館,青森縣,市立博物館,4.0,100,市立博物館,Aomori Station,33.8,0.70,0.8000,1.0000,0.1289,0.7729,http://commons.wikimedia.org/wiki/Special:FilePath/191207%20Hirosaki%20City%20Museum%20Hirosaki%20Aomori%20pref%20Japan01s.jpg,40.6053280,140.4625580,Q28154389
3685,弘前れんが倉庫美術館,青森縣,現代美術館,4.0,100,現代美術館,Aomori Station,33.8,0.70,0.8000,1.0000,0.1288,0.7729,http://commons.wikimedia.org/wiki/Special:FilePath/Hirosaki%20Museum%20of%20Contemporary%20Art.jpg,40.5981690,140.4729090,Q123124042
3716,弘前市立郷土文学館,青森縣,文學館,4.0,100,文學館,Aomori Station,33.9,0.70,0.8000,1.0000,0.1287,0.7729,http://commons.wikimedia.org/wiki/Special:FilePath/Hirosaki%20Municipal%20Library%20and%20Literature%20Museum.jpg,40.6026667,140.4651389,Q85880196
6,皇學館大學佐川記念神道博物館,三重縣,宗教博物馆,4.0,100,宗教博物馆,Tsu Station,34.1,0.70,0.8000,1.0000,0.1279,0.7728,http://commons.wikimedia.org/wiki/Special:FilePath/The%20Museum%20of%20Shinto%20and%20Japanese%20Culture%2C%20Kogakkan%20University%20in%202011.jpg,34.4841720,136.7259080,Q11581025
234,兵庫陶藝美術館,兵庫縣,美術館,4.0,100,美術館,Kobe Station,34.1,0.70,0.8000,1.0000,0.1278,0.7728,http://commons.wikimedia.org/wiki/Special:FilePath/140510The%20Museum%20of%20Ceramic%20Art%2C%20Hyogo%20Sasayama%20Hyogo%20pref%20Japan01bs5.jpg,34.9839830,135.1310530,Q11393672
603,小林家 (栗山町),北海道,建築物,4.0,100,建築物,Sapporo Station,34.0,0.70,0.8000,1.0000,0.1281,0.7728,http://commons.wikimedia.org/wiki/Special:FilePath/Kobayashi%20House%20main%20house%20ac%20%284%29.jpg,43.0613056,141.7697778,Q130437898
754,睦沢町立歴史民俗資料館,千葉縣,博物館,4.0,100,博物館,Chiba Station,33.9,0.70,0.8000,1.0000,0.1284,0.7728,,35.3562830,140.3150880,Q104696841
1683,美星天文台,岡山縣,博物館,4.0,100,博物館,Okayama Station,34.1,0.70,0.8000,1.0000,0.1278,0.7728,,34.6720000,133.5453611,Q11609097
1784,出雲民藝館,島根縣,工藝博物館,4.0,100,工藝博物館,Matsue Station,34.0,0.70,0.8000,1.0000,0.1284,0.7728,,35.3390390,132.7217960,Q132408131
2009,愛媛文華館,愛媛縣,美術館,4.0,100,美術館,Matsuyama Station,34.2,0.70,0.8000,1.0000,0.1276,0.7728,http://commons.wikimedia.org/wiki/Special:FilePath/Ehime%20Bunkakan.jpg,34.0642780,133.0051670,Q17219850
2471,レインボープール,東京都,水上遊樂園,4.0,100,水上遊樂園,Tokyo Station,34.1,0.70,0.8000,1.0000,0.1279,0.7728,,35.7064052,139.3908724,Q132859055
2701,小杉放菴記念日光美術館,栃木縣,人物紀念館,4.0,100,人物紀念館,Utsunomiya Station,34.0,0.70,0.8000,1.0000,0.1281,0.7728,http://commons.wikimedia.org/wiki/Special:FilePath/250726%20Kosugi%20Hoan%20Museum%20of%20Art%2C%20Nikko%20Japan01s3.jpg,36.7548800,139.6054400,Q109358586
2851,観峰館,滋賀縣,書法美術館,4.0,100,書法美術館,Otsu Station,33.9,0.70,0.8000,1.0000,0.1284,0.7728,http://commons.wikimedia.org/wiki/Special:FilePath/Kanp%C3%B4-kan.jpg,35.1543890,136.1889330,Q17209860
2943,加賀 伝統工芸村 ゆのくにの森,石川縣,主題公園,4.0,100,主題公園,Kanazawa Station,33.9,0.70,0.8000,1.0000,0.1284,0.7728,http://commons.wikimedia.org/wiki/Special:FilePath/Yunokuni%20no%20mori%20echizen%20no%20yakata.jpg,36.3244000,136.4370000,Q8061361
731,森の美術館,千葉縣,美術館,4.0,100,美術館,Chiba Station,34.2,0.70,0.8000,1.0000,0.1274,0.7727,,35.8746080,139.9122320,Q138312237
1316,山陽小野田市歴史民俗資料館,山口縣,博物館,4.0,100,博物館,Yamaguchi Station,34.5,0.70,0.8000,1.0000,0.1265,0.7727,,33.9909940,131.1761940,Q104783860
1468,荒川豊蔵資料館,岐阜縣,人物紀念館,4.0,100,人物紀念館,Gifu Station,34.5,0.70,0.8000,1.0000,0.1266,0.7727,http://commons.wikimedia.org/wiki/Special:FilePath/Arakawa%20Toyoz%C5%8D%20Museum.jpg,35.3997110,137.1367890,Q11634232
1512,とうしん美濃陶芸美術館,岐阜縣,陶瓷博物館,4.0,100,陶瓷博物館,Gifu Station,34.5,0.70,0.8000,1.0000,0.1266,0.7727,http://commons.wikimedia.org/wiki/Special:FilePath/%E3%81%A8%E3%81%86%E3%81%97%E3%82%93%E7%BE%8E%E6%BF%83%E9%99%B6%E8%8A%B8%E7%BE%8E%E8%A1%93%E9%A4%A8.jpg,35.3512990,137.1301760,Q120735757
1995,面河山岳博物館,愛媛縣,自然歷史博物館,4.0,100,自然歷史博物館,Matsuyama Station,34.5,0.70,0.8000,1.0000,0.1265,0.7727,http://commons.wikimedia.org/wiki/Special:FilePath/Omogo%20sangaku%20hakubutukan%20museum.jpg,33.7151940,133.0933330,Q11663793
2141,碧南市藤井達吉現代美術館,愛知縣,現代美術館,4.0,100,現代美術館,Nagoya Station,34.3,0.70,0.8000,1.0000,0.1272,0.7727,http://commons.wikimedia.org/wiki/Special:FilePath/Hekinan%20City%20Tatsukichi%20Fujii%20Museum%20of%20Contemporary%20Art%20ac.jpg,34.8733720,136.9817920,Q11587773
2157,清澤満之記念館,愛知縣,人物紀念館,4.0,100,人物紀念館,Nagoya Station,34.3,0.70,0.8000,1.0000,0.1274,0.7727,http://commons.wikimedia.org/wiki/Special:FilePath/Kiyozawa%20Manshi%20Memorial%20Museum.JPG,34.8737986,136.9810138,Q97370832
2703,日光山輪王寺宝物殿,栃木縣,宝物館,4.0,100,宝物館,Utsunomiya Station,34.3,0.70,0.8000,1.0000,0.1272,0.7727,http://commons.wikimedia.org/wiki/Special:FilePath/Treasure%20house%20of%20Rinnoji%20Temple.JPG,36.7545167,139.6008075,Q104696769
2728,日光東照宮宝物館,栃木縣,宝物館,4.0,100,宝物館,Utsunomiya Station,34.5,0.70,0.8000,1.0000,0.1267,0.7727,,36.7559447,139.6002424,Q135975455
3271,日本きもの文化美術館,福島縣,美術館,4.0,100,美術館,Fukushima Station,34.5,0.70,0.8000,1.0000,0.1267,0.7727,http://commons.wikimedia.org/wiki/Special:FilePath/Japan%20Kimono%20Culture%20Museum.JPG,37.4853611,140.2645000,Q11505553
3436,かすみがうら市水族館,茨城縣,水族館,4.0,100,水族館,Mito Station,34.5,0.70,0.8000,1.0000,0.1267,0.7727,http://commons.wikimedia.org/wiki/Special:FilePath/Kasumigaura-shi%20Aquarium.JPG,36.0715939,140.3760069,Q21652750
3464,かすみがうら市歴史博物館,茨城縣,歷史博物館,4.0,100,歷史博物館,Mito Station,34.2,0.70,0.8000,1.0000,0.1274,0.7727,http://commons.wikimedia.org/wiki/Special:FilePath/KasumigauraCity%20KyoudoShiryoukan.jpg,36.0742080,140.3733530,Q132183745
3707,つがる市木造亀ヶ岡考古資料室,青森縣,考古博物館,4.0,100,考古博物館,Aomori Station,34.4,0.70,0.8000,1.0000,0.1270,0.7727,http://commons.wikimedia.org/wiki/Special:FilePath/%E7%B8%84%E6%96%87%E9%A4%A8%EF%BC%88%E6%9C%A8%E9%80%A0%E4%BA%80%E3%83%B6%E5%B2%A1%E8%80%83%E5%8F%A4%E8%B3%87%E6%96%99%E5%AE%A4%EF%BC%89%2002.jpg,40.8733260,140.3304400,Q132659330
3748,沼津市戸田造船郷土資料博物館,靜岡縣,地方文化館,4.0,100,地方文化館,Shizuoka Station,34.4,0.70,0.8000,1.0000,0.1268,0.7727,http://commons.wikimedia.org/wiki/Special:FilePath/Numazu%20City%20Heda%20Shipbuilding%20and%20Local%20History%20Museum%20ac%20%281%29.jpg,34.9768330,138.7665280,Q11554523
3792,靜岡縣富士山世界遺產中心,靜岡縣,遊客中心,4.0,100,遊客中心,Shizuoka Station,34.4,0.70,0.8000,1.0000,0.1268,0.7727,http://commons.wikimedia.org/wiki/Special:FilePath/Mt.fuji%20World%20Heritage%20Centre%2CShizuoka.jpg,35.2236944,138.6088333,Q47249898
797,松山常次郎記念館,和歌山縣,历史房屋博物馆,4.0,100,历史房屋博物馆,Wakayama Station,34.5,0.70,0.8000,1.0000,0.1264,0.7726,,34.2920830,135.5598890,Q11529857
928,九州芸術の杜,大分縣,美術館,4.0,100,美術館,Oita Station,34.6,0.70,0.8000,1.0000,0.1262,0.7726,,33.1463056,131.2492500,Q11370334
1299,長門市総合文化財センター ヒストリアながと,山口縣,博物館,4.0,100,博物館,Yamaguchi Station,34.8,0.70,0.8000,1.0000,0.1256,0.7726,,34.3656230,131.1817840,Q132472371
1692,花巻新渡戸記念館,岩手縣,人物紀念館,4.0,100,人物紀念館,Morioka Station,34.7,0.70,0.8000,1.0000,0.1259,0.7726,,39.3900000,141.1611111,Q107437301
1792,島根縣立古代出雲歴史博物館,島根縣,都道府县立博物馆,4.0,100,都道府县立博物馆,Matsue Station,34.7,0.70,0.8000,1.0000,0.1258,0.7726,http://commons.wikimedia.org/wiki/Special:FilePath/ShimaneMuseumOfAncientIzumo%2002.jpg,35.3987500,132.6887222,Q4802099
1996,五十崎凧博物館,愛媛縣,博物館,4.0,100,博物館,Matsuyama Station,34.6,0.70,0.8000,1.0000,0.1264,0.7726,http://commons.wikimedia.org/wiki/Special:FilePath/Ikazaki%20Kyte%20Museum1.JPG,33.5396860,132.6566030,Q11372066
2143,三河武士のやかた家康館,愛知縣,歷史博物館,4.0,100,歷史博物館,Nagoya Station,34.6,0.70,0.8000,1.0000,0.1262,0.7726,http://commons.wikimedia.org/wiki/Special:FilePath/The%20Iyeyasu%20And%20Mikawa%20Bushi%20Museum%202019-12%20ac.jpg,34.9577333,137.1588306,Q27850747
3521,南島原市口之津歴史民俗資料館,長崎縣,博物館,4.0,100,博物館,Nagasaki Station,34.5,0.70,0.8000,1.0000,0.1265,0.7726,http://commons.wikimedia.org/wiki/Special:FilePath/%E5%8F%A3%E4%B9%8B%E6%B4%A5%E6%AD%B4%E5%8F%B2%E6%B0%91%E4%BF%97%E8%B3%87%E6%96%99%E9%A4%A8%20-%20panoramio.jpg,32.6050870,130.1956200,Q104784044
3678,弘前大学資料館,青森縣,大學博物館,4.0,100,大學博物館,Aomori Station,34.6,0.70,0.8000,1.0000,0.1262,0.7726,,40.5891550,140.4717330,Q127502577
3893,安芸市立書道美術館,高知縣,書法美術館,4.0,100,書法美術館,Kochi Station,34.7,0.70,0.8000,1.0000,0.1260,0.7726,http://commons.wikimedia.org/wiki/Special:FilePath/Aki%20Castle%2013.JPG,33.5194380,133.9132540,Q123472808
48,伊賀流忍者博物館,三重縣,軍事博物館,4.0,100,軍事博物館,Tsu Station,35.1,0.70,0.8000,1.0000,0.1248,0.7725,http://commons.wikimedia.org/wiki/Special:FilePath/%E4%BC%8A%E8%B4%BA%E6%B5%81%E5%BF%8D%E8%80%85%E5%8D%9A%E7%89%A9%E9%A6%86%20-%20panoramio.jpg,34.7717222,136.1291111,Q4306401
50,芭蕉翁紀念館,三重縣,人物紀念館,4.0,100,人物紀念館,Tsu Station,35.0,0.70,0.8000,1.0000,0.1250,0.7725,http://commons.wikimedia.org/wiki/Special:FilePath/%E8%8A%AD%E8%95%89%E7%BF%81%E8%A8%98%E5%BF%B5%E9%A4%A8%201.JPG,34.7699170,136.1296670,Q11614941
1034,河内長野市立滝畑ふるさと文化財の森センター,大阪府,民俗博物館,4.0,100,民俗博物館,Osaka Station,35.1,0.70,0.8000,1.0000,0.1246,0.7725,http://commons.wikimedia.org/wiki/Special:FilePath/Takihata%20furusato%20bunkazainomori%20center.jpg,34.3875833,135.5263889,Q11553490
1803,出雲大社寶物殿,島根縣,宝物館,4.0,100,宝物館,Matsue Station,34.9,0.70,0.8000,1.0000,0.1253,0.7725,http://commons.wikimedia.org/wiki/Special:FilePath/Izumo-taisha18nt3200.jpg,35.4010310,132.6860980,Q123472538
2871,近江日野商人館,滋賀縣,博物館,4.0,100,博物館,Otsu Station,34.9,0.70,0.8000,1.0000,0.1253,0.7725,http://commons.wikimedia.org/wiki/Special:FilePath/Omi%20Hino%20Merchant%20Museum%202022-10%20ac%20%281%29.jpg,35.0115556,136.2476944,Q111034876
3085,大磯町郷土資料館,神奈川縣,地方文化館,4.0,100,地方文化館,Yokohama Station,35.0,0.70,0.8000,1.0000,0.1250,0.7725,http://commons.wikimedia.org/wiki/Special:FilePath/%E5%A4%A7%E7%A3%AF%E7%94%BA%E9%83%B7%E5%9C%9F%E8%B3%87%E6%96%99%E9%A4%A8%E5%85%A5%E5%8F%A3.jpg,35.3053810,139.2908820,Q104708393
3276,磐梯山噴火紀念館,福島縣,火山博物館,4.0,100,火山博物館,Fukushima Station,35.1,0.70,0.8000,1.0000,0.1248,0.7725,http://commons.wikimedia.org/wiki/Special:FilePath/Mt.%20Bandai%20eruption%20memorial%20museum.jpg,37.6596667,140.0794722,Q111599804
3321,三春町歴史民俗資料館,福島縣,博物館,4.0,100,博物館,Fukushima Station,35.0,0.70,0.8000,1.0000,0.1249,0.7725,,37.4401810,140.4918270,Q104696509
269,アトア,兵庫縣,水族館,4.0,100,水族館,Kobe Station,35.4,0.70,0.8000,1.0000,0.1237,0.7724,http://commons.wikimedia.org/wiki/Special:FilePath/Kobe%20Port%20Museum.jpg,34.8064170,135.5335830,Q109597317
1242,南砺市立福光美術館,富山縣,人物紀念館,4.0,100,人物紀念館,Toyama Station,35.2,0.70,0.8000,1.0000,0.1244,0.7724,http://commons.wikimedia.org/wiki/Special:FilePath/%E7%A6%8F%E5%85%89%E7%BE%8E%E8%A1%93%E9%A4%A82.jpg,36.5731389,136.8522778,Q22119820
1486,藤橋歴史民俗資料館,岐阜縣,历史房屋博物馆,4.0,100,历史房屋博物馆,Gifu Station,35.3,0.70,0.8000,1.0000,0.1240,0.7724,http://commons.wikimedia.org/wiki/Special:FilePath/Fujihashi%20Historical%20Museum%20s2.jpg,35.6382778,136.4861389,Q115266620
1557,日本最古之石博物館,岐阜縣,鉱物博物館,4.0,100,鉱物博物館,Gifu Station,35.3,0.70,0.8000,1.0000,0.1242,0.7724,http://commons.wikimedia.org/wiki/Special:FilePath/Hichiso%20Precambrian%20Museum01.jpg,35.5331110,137.1147470,Q11508277
1579,藤橋城,岐阜縣,博物館,4.0,100,博物館,Gifu Station,35.3,0.70,0.8000,1.0000,0.1242,0.7724,http://commons.wikimedia.org/wiki/Special:FilePath/Fujihashi-joh.jpg,35.6382306,136.4872139,Q11624444
2101,スカイデッキ,愛知縣,觀景台,4.0,100,觀景台,Nagoya Station,35.3,0.70,0.8000,1.0000,0.1241,0.7724,,34.8586602,136.8121623,Q134436319
2203,武豊町歴史民俗資料館,愛知縣,博物館,4.0,100,博物館,Nagoya Station,35.2,0.70,0.8000,1.0000,0.1245,0.7724,http://commons.wikimedia.org/wiki/Special:FilePath/Taketoyo%20Town%20History%20and%20Folklore%20Museum%20ac%20%281%29.jpg,34.8558056,136.9147500,Q48758617
2204,岡崎信用金庫資料館,愛知縣,博物館,4.0,100,博物館,Nagoya Station,35.2,0.70,0.8000,1.0000,0.1243,0.7724,http://commons.wikimedia.org/wiki/Special:FilePath/Okazaki%20Shinkin%20Bank%20Museum%201.jpg,34.9579250,137.1679417,Q38255004
2372,家具の博物館,東京都,博物館,4.0,100,博物館,Tokyo Station,35.4,0.70,0.8000,1.0000,0.1238,0.7724,,35.7127270,139.3772180,Q104696867
2731,小山市立車屋美術館,栃木縣,美術館,4.0,100,美術館,Utsunomiya Station,35.4,0.70,0.8000,1.0000,0.1237,0.7724,http://commons.wikimedia.org/wiki/Special:FilePath/Kurumaya%20Museum%20of%20Art.JPG,36.2606111,139.7609722,Q11459856
2895,阿蘇火山博物館,熊本縣,火山博物館,4.0,100,火山博物館,Kumamoto Station,35.4,0.70,0.8000,1.0000,0.1237,0.7724,http://commons.wikimedia.org/wiki/Special:FilePath/Aso%20Volcano%20Museum.jpg,32.8852778,131.0519444,Q4807478
3982,川内まごころ文学館,鹿兒島縣,文學館,4.0,100,文學館,Kagoshima-Chuo Station,35.4,0.70,0.8000,1.0000,0.1239,0.7724,,31.8330278,130.3089722,Q85879984
16,夫婦岩,三重縣,觀光景點,4.0,100,觀光景點,Tsu Station,35.7,0.70,0.8000,1.0000,0.1230,0.7723,http://commons.wikimedia.org/wiki/Special:FilePath/Meotoiwa.jpg,34.5094444,136.7883333,Q333875
28,二見浦,三重縣,岸,4.0,100,岸,Tsu Station,35.7,0.70,0.8000,1.0000,0.1230,0.7723,http://commons.wikimedia.org/wiki/Special:FilePath/Meotoiwa.jpg,34.5096280,136.7885360,Q11371796
1096,市立五條文化博物館,奈良縣,文化博物館,4.0,100,文化博物館,Nara Station,35.6,0.70,0.8000,1.0000,0.1231,0.7723,,34.3796944,135.6850556,Q97613662
1308,金子みすゞ記念館,山口縣,人物紀念館,4.0,100,人物紀念館,Yamaguchi Station,35.5,0.70,0.8000,1.0000,0.1235,0.7723,http://commons.wikimedia.org/wiki/Special:FilePath/Misuzu-museum.jpg,34.3914850,131.1986660,Q132472853
1383,掬粋巧芸館,山形縣,陶瓷博物館,4.0,100,陶瓷博物館,Yamagata Station,35.6,0.70,0.8000,1.0000,0.1231,0.7723,,38.0136389,140.0506944,Q11498377
1518,市之倉さかづき美術館,岐阜縣,陶瓷博物館,4.0,100,陶瓷博物館,Gifu Station,35.7,0.70,0.8000,1.0000,0.1227,0.7723,http://commons.wikimedia.org/wiki/Special:FilePath/Ichinokura%20sakazuki%20art%20museum.jpg,35.3001390,137.1271360,Q11479985
1781,手錢美術館,島根縣,美術館,4.0,100,美術館,Matsue Station,35.7,0.70,0.8000,1.0000,0.1229,0.7723,,35.3972550,132.6784190,Q113538324
2073,FLIGHT OF DREAMS,愛知縣,複合商業設施,4.0,100,複合商業設施,Nagoya Station,35.6,0.70,0.8000,1.0000,0.1232,0.7723,http://commons.wikimedia.org/wiki/Special:FilePath/FLIGHT%20OF%20DREAMS1.jpg,34.8552220,136.8171670,Q65228337
2692,小山市立博物館,栃木縣,市立博物館,4.0,100,市立博物館,Utsunomiya Station,35.5,0.70,0.8000,1.0000,0.1234,0.7723,,36.2614778,139.7555444,Q1043816
2930,中谷宇吉郎雪の科学館,石川縣,科學博物館,4.0,100,科學博物館,Kanazawa Station,35.8,0.70,0.8000,1.0000,0.1226,0.7723,http://commons.wikimedia.org/wiki/Special:FilePath/Nakaya%20Ukichoro%20Museum%20of%20Snow%20and%20Ice.JPG,36.3524444,136.3625000,Q17226278
3061,大磯長灘,神奈川縣,水上遊樂園,4.0,100,水上遊樂園,Yokohama Station,35.8,0.70,0.8000,1.0000,0.1226,0.7723,http://commons.wikimedia.org/wiki/Special:FilePath/OISO.jpg,35.3016667,139.2833333,Q11438299
3921,鳥取県立美術館,鳥取縣,美術館,4.0,100,美術館,Tottori Station,35.7,0.70,0.8000,1.0000,0.1229,0.7723,http://commons.wikimedia.org/wiki/Special:FilePath/Tottori%20Prefectural%20Museum%20of%20Art.jpg,35.4325450,133.8389210,Q127385607
41,伊勢－安土桃山文化村,三重縣,主題公園,4.0,100,主題公園,Tsu Station,35.9,0.70,0.8000,1.0000,0.1223,0.7722,http://commons.wikimedia.org/wiki/Special:FilePath/%E4%BC%8A%E5%8B%A2%E3%81%AE%E5%AE%89%E5%9C%9F%E5%9F%8E%20ADUCHI%20CASTLE%20%2C%20ISE%20-%20panoramio.jpg,34.4983140,136.7777030,Q11378931
56,伊勢夫婦岩體驗型水族館海洋樂園,三重縣,水族館,4.0,100,水族館,Tsu Station,36.1,0.70,0.8000,1.0000,0.1217,0.7722,http://commons.wikimedia.org/wiki/Special:FilePath/Futami%20Sea%20Paradise%2020100516.jpg,34.5072220,136.7919440,Q11371781
808,高野山靈寶館,和歌山縣,博物館,4.0,100,博物館,Wakayama Station,36.0,0.70,0.8000,1.0000,0.1221,0.7722,http://commons.wikimedia.org/wiki/Special:FilePath/Autumn%20Koyasan%20Reihokan02n3200.jpg,34.2112780,135.5814720,Q11673069
3249,山辺道文化館,福岡縣,博物館,4.0,100,博物館,Hakata Station,36.1,0.70,0.8000,1.0000,0.1216,0.7722,,33.3181900,130.6333300,Q123517219
3610,大町溫泉鄉,長野縣,単純温泉,4.0,100,単純温泉,Nagano Station,36.1,0.70,0.8000,1.0000,0.1216,0.7722,http://commons.wikimedia.org/wiki/Special:FilePath/Omachi%20onsen-kyo02s3.jpg,36.5302222,137.8092500,Q11438001
3925,鳥取二十世紀梨紀念館,鳥取縣,農業博物館,4.0,100,農業博物館,Tottori Station,36.0,0.70,0.8000,1.0000,0.1219,0.7722,http://commons.wikimedia.org/wiki/Special:FilePath/Tottori%20Nijisseiki%20Pear%20Museum01n4592.jpg,35.4313056,133.8355556,Q7828506
3972,鹿屋基地航空史料館,鹿兒島縣,海軍博物館,4.0,100,海軍博物館,Kagoshima-Chuo Station,36.0,0.70,0.8000,1.0000,0.1219,0.7722,http://commons.wikimedia.org/wiki/Special:FilePath/Kanoya%20Air%20Base%20Museum.JPG,31.3808330,130.8369170,Q11677064
45,朝日町歴史博物館,三重縣,歷史博物館,4.0,100,歷史博物館,Tsu Station,36.3,0.70,0.8000,1.0000,0.1211,0.7721,http://commons.wikimedia.org/wiki/Special:FilePath/%E6%9C%9D%E6%97%A5%E7%94%BA%E6%AD%B4%E5%8F%B2%E5%8D%9A%E7%89%A9%E9%A4%A8.jpg,35.0366220,136.6591050,Q137774894
427,北海道Greenland,北海道,主題樂園,4.0,100,主題樂園,Sapporo Station,36.5,0.70,0.8000,1.0000,0.1206,0.7721,http://commons.wikimedia.org/wiki/Special:FilePath/Hokkaido-Greenland-amusement-park.JPG,43.1658333,141.7800000,Q11402472
488,サケのふるさと 千歳水族館,北海道,水族館,4.0,100,水族館,Sapporo Station,36.3,0.70,0.8000,1.0000,0.1210,0.7721,http://commons.wikimedia.org/wiki/Special:FilePath/Chitose%20Salmon%20Aquarium.jpg,42.8327220,141.6591670,Q11405627
843,關八州見晴台,埼玉縣,风景点,4.0,100,风景点,Omiya Station,36.5,0.70,0.8000,1.0000,0.1205,0.7721,http://commons.wikimedia.org/wiki/Special:FilePath/%E9%96%A2%E5%85%AB%E5%B7%9E%E8%A6%8B%E6%99%B4%E5%8F%B0.jpg,35.9468056,139.2219444,Q11655568
1250,下山藝術之森發電所美術館,富山縣,美術館,4.0,100,美術館,Toyama Station,36.4,0.70,0.8000,1.0000,0.1208,0.7721,http://commons.wikimedia.org/wiki/Special:FilePath/Kokuto%20III%20power%20station%20and%20Nizayama%20Forest%20Art%20Museum%201.jpg,36.9071944,137.5308889,Q112107169
1514,多治見市美濃焼ミュージアム,岐阜縣,陶瓷博物館,4.0,100,陶瓷博物館,Gifu Station,36.4,0.70,0.8000,1.0000,0.1208,0.7721,,35.3408030,137.1489280,Q11471861
1731,桜地人館,岩手縣,美術館,4.0,100,美術館,Morioka Station,36.3,0.70,0.8000,1.0000,0.1212,0.7721,http://commons.wikimedia.org/wiki/Special:FilePath/Sakura-chijinkan02s3872.jpg,39.3756110,141.1261390,Q11537943
2058,岡崎市美術館,愛知縣,美術館,4.0,100,美術館,Nagoya Station,36.2,0.70,0.8000,1.0000,0.1214,0.7721,http://commons.wikimedia.org/wiki/Special:FilePath/Okazaki-City-Art-Museum-1.jpg,34.9419560,137.1639720,Q18608421
3181,田川市美術館,福岡縣,美術館,4.0,100,美術館,Hakata Station,36.2,0.70,0.8000,1.0000,0.1214,0.7721,http://commons.wikimedia.org/wiki/Special:FilePath/Tagawa-city%20culture%20area%20Tagawa%20Museum%20of%20Art%201.jpg,33.6439444,130.8062778,Q11576742
3768,横井照子富士美術館,靜岡縣,美術館,4.0,100,美術館,Shizuoka Station,36.2,0.70,0.8000,1.0000,0.1214,0.7721,,35.1945000,138.6787778,Q11542374
177,有田町歴史民俗資料館・有田焼参考館,佐賀縣,歷史博物館,4.0,100,歷史博物館,Saga Station,36.7,0.70,0.8000,1.0000,0.1198,0.7720,http://commons.wikimedia.org/wiki/Special:FilePath/Karausu%20Arita%20Town%20Museum%20of%20History%20and%20Folklore.JPG,33.1950700,129.9110600,Q104784028
350,石之寶殿,兵庫縣,遺跡,4.0,100,遺跡,Kobe Station,36.8,0.70,0.8000,1.0000,0.1196,0.7720,http://commons.wikimedia.org/wiki/Special:FilePath/Ishi-no-hoden%20%2C%20%E7%9F%B3%E3%81%AE%E5%AE%9D%E6%AE%BF%20-%20panoramio%20%283%29.jpg,34.7825417,134.7952167,Q11584736
458,岩見沢郷土科学館,北海道,科學博物館,4.0,100,科學博物館,Sapporo Station,36.6,0.70,0.8000,1.0000,0.1201,0.7720,http://commons.wikimedia.org/wiki/Special:FilePath/Iwamizawa-park%20local-history-and-science-museum.JPG,43.1615560,141.7836940,Q11475628
1051,歴史館いずみさの,大阪府,歷史博物館,4.0,100,歷史博物館,Osaka Station,36.5,0.70,0.8000,1.0000,0.1204,0.7720,http://commons.wikimedia.org/wiki/Special:FilePath/Izumisano%20History%20Museum.JPG,34.4046890,135.3278390,Q17230753
1699,高村記念館,岩手縣,美術館,4.0,100,美術館,Morioka Station,36.8,0.70,0.8000,1.0000,0.1195,0.7720,http://commons.wikimedia.org/wiki/Special:FilePath/Takamura%20kinenkan01s3200.jpg,39.3870000,141.0021390,Q11670249
1732,花巻歴史民俗資料館,岩手縣,民俗博物館,4.0,100,民俗博物館,Morioka Station,36.6,0.70,0.8000,1.0000,0.1201,0.7720,http://commons.wikimedia.org/wiki/Special:FilePath/Hanamaki%20CMHF01s3200.jpg,39.3880280,141.0057780,Q11615374
1967,大洲市河辺歴史民俗資料館,愛媛縣,博物館,4.0,100,博物館,Matsuyama Station,36.8,0.70,0.8000,1.0000,0.1195,0.7720,,33.5109920,132.7952620,Q104783929
2198,西尾市岩瀨文庫,愛知縣,圖書館,4.0,100,圖書館,Nagoya Station,36.5,0.70,0.8000,1.0000,0.1204,0.7720,http://commons.wikimedia.org/wiki/Special:FilePath/Iwase%20bunko.jpg,34.8743889,137.0538333,Q11627733
3334,大潟村干拓博物館,秋田縣,博物館,4.0,100,博物館,Akita Station,36.6,0.70,0.8000,1.0000,0.1201,0.7720,http://commons.wikimedia.org/wiki/Special:FilePath/Polder%20Museum%20of%20Ogata-Mura%2020200118.jpg,40.0162960,139.9514630,Q133272635
3940,倉吉大店會,鳥取縣,建成遗产,4.0,100,建成遗产,Tottori Station,36.8,0.70,0.8000,1.0000,0.1195,0.7720,http://commons.wikimedia.org/wiki/Special:FilePath/Kurayoshi%20Daitenkai.jpg,35.4316250,133.8264470,Q11386561
181,河村美術館,佐賀縣,美術館,4.0,100,美術館,Saga Station,36.8,0.70,0.8000,1.0000,0.1195,0.7719,http://commons.wikimedia.org/wiki/Special:FilePath/The%20Sea%20at%20Sunset%20by%20Aoki%20Shigeru%20%28Kawamura%20Art%20Museum%29.jpg,33.4532460,129.9716750,Q66685041
424,岩見沢市絵画ホール・松島正幸記念館,北海道,美術館,4.0,100,美術館,Sapporo Station,36.9,0.70,0.8000,1.0000,0.1193,0.7719,http://commons.wikimedia.org/wiki/Special:FilePath/Iwamizawa-city-picture-gallery-and-Matsushima-Masayuki-memorial-hall.JPG,43.2010560,141.7680830,Q11475619
1272,豊田ホタルの里ミュージアム,山口縣,自然歷史博物館,4.0,100,自然歷史博物館,Yamaguchi Station,37.1,0.70,0.8000,1.0000,0.1188,0.7719,http://commons.wikimedia.org/wiki/Special:FilePath/Toyota%20Hotaru%20no%20sato%20museum.JPG,34.1982500,131.0781110,Q11633980
1454,富士山,山梨縣,活火山,4.0,100,活火山,Kofu Station,37.0,0.70,0.8000,1.0000,0.1190,0.7719,http://commons.wikimedia.org/wiki/Special:FilePath/Kodaki%20fuji%20frm%20shojinko%20refurb.jpg,35.3605556,138.7275000,Q39231
1532,岐阜県現代陶芸美術館,岐阜縣,陶瓷博物館,4.0,100,陶瓷博物館,Gifu Station,37.2,0.70,0.8000,1.0000,0.1186,0.7719,http://commons.wikimedia.org/wiki/Special:FilePath/Museum%20of%20modern%20ceramic%20art%20gifu.jpg,35.3309530,137.1548860,Q11471469
1616,高梁市成羽美術館,岡山縣,美術館,4.0,100,美術館,Okayama Station,37.1,0.70,0.8000,1.0000,0.1187,0.7719,http://commons.wikimedia.org/wiki/Special:FilePath/Nariwa-cho%20museum01s4000m.jpg,34.7807220,133.5366670,Q11670668
2002,来島海峡展望館,愛媛縣,博物館,4.0,100,博物館,Matsuyama Station,36.9,0.70,0.8000,1.0000,0.1193,0.7719,http://commons.wikimedia.org/wiki/Special:FilePath/Kurusima%2001.jpg,34.1140250,132.9778330,Q11523686
2824,愛知川手鞠瓶之館,滋賀縣,公立图书馆,4.0,100,公立图书馆,Otsu Station,36.9,0.70,0.8000,1.0000,0.1193,0.7719,http://commons.wikimedia.org/wiki/Special:FilePath/Echigawa%20library.jpg,35.1711324,136.2149729,Q11494868
3224,田川市煤炭·歷史博物館,福岡縣,礦業博物館,4.0,100,礦業博物館,Hakata Station,36.9,0.70,0.8000,1.0000,0.1195,0.7719,http://commons.wikimedia.org/wiki/Special:FilePath/Tawaga%20City%20Coal%20Mining%20Historical%20Museum.jpg,33.6409444,130.8140000,Q11576740
3918,倉吉博物館・倉吉歴史民俗資料館,鳥取縣,博物館,4.0,100,博物館,Tottori Station,37.0,0.70,0.8000,1.0000,0.1191,0.7719,http://commons.wikimedia.org/wiki/Special:FilePath/Kurayoshi%20Museum01st3200.jpg,35.4290280,133.8253610,Q11386562
186,有田のイチョウ,佐賀縣,巨樹,4.0,100,巨樹,Saga Station,37.3,0.70,0.8000,1.0000,0.1182,0.7718,http://commons.wikimedia.org/wiki/Special:FilePath/Ginkgo%20Tree%20Arita%2001.jpg,33.1931944,129.9051667,Q111605751
1688,井笠鐵道紀念館,岡山縣,博物館,4.0,100,博物館,Okayama Station,37.5,0.70,0.8000,1.0000,0.1175,0.7718,http://commons.wikimedia.org/wiki/Special:FilePath/Ikasa%20Railway%20Memorial%20Museum%2C%20gaikan-1.jpg,34.5690830,133.5258890,Q11373738
1827,かけや酒蔵資料館,島根縣,日本清酒博物館,4.0,100,日本清酒博物館,Matsue Station,37.4,0.70,0.8000,1.0000,0.1178,0.7718,http://commons.wikimedia.org/wiki/Special:FilePath/Kakeya%20sakagura%20museum.jpg,35.1926690,132.8190770,Q132450989
3555,梅野記念絵画館・ふれあい館,長野縣,美術館,4.0,100,美術館,Nagano Station,37.4,0.70,0.8000,1.0000,0.1178,0.7718,http://commons.wikimedia.org/wiki/Special:FilePath/Umeno%20Memorial%20Picture%20Gallery%20%C2%B7%20Fureai%20Hall%203.jpg,36.3238042,138.3221613,Q64416043
3759,土肥黃金館,靜岡縣,礦業博物館,4.0,100,礦業博物館,Shizuoka Station,37.5,0.70,0.8000,1.0000,0.1176,0.7718,http://commons.wikimedia.org/wiki/Special:FilePath/Central%20building%20at%20the%20Toi%20mine%20complex.jpg,34.9082000,138.7930000,Q3048962
185,末卢馆,佐賀縣,考古博物館,4.0,100,考古博物館,Saga Station,37.6,0.70,0.8000,1.0000,0.1174,0.7717,http://commons.wikimedia.org/wiki/Special:FilePath/Nabatake%20Site%20Matsuro-kan%20Museum.JPG,33.4484722,129.9580556,Q4902941
187,有田ポーセリンパーク,佐賀縣,酒博物館,4.0,100,酒博物館,Saga Station,37.8,0.70,0.8000,1.0000,0.1168,0.7717,http://commons.wikimedia.org/wiki/Special:FilePath/Zwinger%20Palace%20%28Arita%20Porcelain%20Park%29.jpg,33.1657920,129.9082660,Q3364242
1515,杉原千畝記念館,岐阜縣,博物館,4.0,100,博物館,Gifu Station,37.7,0.70,0.8000,1.0000,0.1170,0.7717,http://commons.wikimedia.org/wiki/Special:FilePath/The%20Chiune%20Sugihara%20Memorial%20Hall%2020210723%2002.jpg,35.4666667,137.1666667,Q47417030
1946,日和佐うみがめ博物館カレッタ,德島縣,自然歷史博物館,4.0,100,自然歷史博物館,Tokushima Station,37.8,0.70,0.8000,1.0000,0.1169,0.7717,http://commons.wikimedia.org/wiki/Special:FilePath/Hiwasa%20Chelonian%20Museum%20Caretta%202025.jpg,33.7346110,134.5410280,Q11505181
2050,三河工芸ガラス美術館,愛知縣,美術館,4.0,100,美術館,Nagoya Station,37.6,0.70,0.8000,1.0000,0.1173,0.7717,http://commons.wikimedia.org/wiki/Special:FilePath/Mikawakougei-glass-art-museum.jpg,34.8532310,137.0242610,Q11356210
2193,盛田昭夫塾,愛知縣,博物館,4.0,100,博物館,Nagoya Station,37.8,0.70,0.8000,1.0000,0.1169,0.7717,http://commons.wikimedia.org/wiki/Special:FilePath/Tokoname%20Akio%20Morita%20Library%20ac.jpg,34.8313889,136.8666667,Q131468158
2400,絹之道資料館,東京都,博物館,4.0,100,博物館,Tokyo Station,37.9,0.70,0.8000,1.0000,0.1165,0.7717,http://commons.wikimedia.org/wiki/Special:FilePath/Kinunumichi%20mus..JPG,35.6183690,139.3547000,Q11606978
2684,乃木神社宝物館,栃木縣,宝物館,4.0,100,宝物館,Utsunomiya Station,37.7,0.70,0.8000,1.0000,0.1172,0.7717,,36.8877600,140.0024560,Q104696768
2741,大田原市那須与一伝承館,栃木縣,博物館,4.0,100,博物館,Utsunomiya Station,37.7,0.70,0.8000,1.0000,0.1170,0.7717,,36.8632690,140.0871640,Q104696763
2838,東近江市西堀榮三郎記念探検の殿堂,滋賀縣,纪念博物馆,4.0,100,纪念博物馆,Otsu Station,37.6,0.70,0.8000,1.0000,0.1173,0.7717,http://commons.wikimedia.org/wiki/Special:FilePath/Tankennodendou%2001.jpg,35.1322310,136.2469550,Q132732063
2964,COSMO ISLE羽咋,石川縣,宇宙工学博物館,4.0,100,宇宙工学博物館,Kanazawa Station,37.7,0.70,0.8000,1.0000,0.1170,0.7717,http://commons.wikimedia.org/wiki/Special:FilePath/Cosmo%20Isle%20Hakui.jpg,36.8981389,136.7882778,Q11302097
3315,福島さくら遊学舎,福島縣,旧学校施設,4.0,100,旧学校施設,Fukushima Station,37.7,0.70,0.8000,1.0000,0.1170,0.7717,http://commons.wikimedia.org/wiki/Special:FilePath/Fukushima%20Sakura%20Yugakusha%20Museum.jpeg,37.4150000,140.4723056,Q21654421
3442,茨城県霞ケ浦環境科学センター,茨城縣,科學博物館,4.0,100,科學博物館,Mito Station,37.8,0.70,0.8000,1.0000,0.1167,0.7717,http://commons.wikimedia.org/wiki/Special:FilePath/Ibaraki%20Kasumigaura%20Environmental%20Science%20Center%20Building.jpg,36.0756667,140.2663333,Q65280434
3694,鷹山宇一記念美術館,青森縣,美術館,4.0,100,美術館,Aomori Station,37.6,0.70,0.8000,1.0000,0.1174,0.7717,http://commons.wikimedia.org/wiki/Special:FilePath/Michinoeki-Shichinohe%20TakayamaUchiKinenBijyutsukan.jpg,40.7169340,141.1559720,Q22032382
3916,円形劇場くらよしフィギュアミュージアム,鳥取縣,博物館,4.0,100,博物館,Tottori Station,37.9,0.70,0.8000,1.0000,0.1166,0.7717,http://commons.wikimedia.org/wiki/Special:FilePath/Former%20Meirin%20Primary%20School%20Round-shaped%20Building.jpg,35.4292600,133.8152600,Q57744700
184,旧田代家西洋館,佐賀縣,历史房屋博物馆,4.0,100,历史房屋博物馆,Saga Station,38.1,0.70,0.8000,1.0000,0.1161,0.7716,http://commons.wikimedia.org/wiki/Special:FilePath/Arita%20Ijinkan.jpg,33.1904400,129.8977600,Q127463276
189,有田陶瓷美術館,佐賀縣,陶瓷博物館,4.0,100,陶瓷博物館,Saga Station,38.0,0.70,0.8000,1.0000,0.1164,0.7716,http://commons.wikimedia.org/wiki/Special:FilePath/Arita%20Ceramic%20Art%20Museum%2020170429.jpg,33.1904690,129.8987560,Q11516626
751,千葉県立中央博物館大多喜城分館,千葉縣,歷史博物館,4.0,100,歷史博物館,Chiba Station,38.2,0.70,0.8000,1.0000,0.1158,0.7716,http://commons.wikimedia.org/wiki/Special:FilePath/Otaki%20Castle%2002.jpg,35.2858880,140.2394060,Q30267440
755,天然ガス記念館,千葉縣,纪念博物馆,4.0,100,纪念博物馆,Chiba Station,38.2,0.70,0.8000,1.0000,0.1157,0.7716,http://commons.wikimedia.org/wiki/Special:FilePath/Natural%20Gas%20Memorial%20Hall%20%28Otaki%2C%20Chiba%29%2001.jpg,35.2866720,140.2443460,Q133824472
756,千葉県立中央博物館大多喜城分館 研修館,千葉縣,博物館,4.0,100,博物館,Chiba Station,38.2,0.70,0.8000,1.0000,0.1159,0.7716,http://commons.wikimedia.org/wiki/Special:FilePath/%C5%8Ctaki%20Castle%20Kensh%C5%ABkan%2014.jpg,35.2858840,140.2388210,Q133843447
768,波波丘,千葉縣,鐵路博物館,4.0,100,鐵路博物館,Chiba Station,38.0,0.70,0.8000,1.0000,0.1162,0.7716,http://commons.wikimedia.org/wiki/Special:FilePath/Poppo-no-Oka1.jpg,35.2983611,140.2764722,Q48744243
770,房総中央鉄道館,千葉縣,鐵路博物館,4.0,100,鐵路博物館,Chiba Station,38.2,0.70,0.8000,1.0000,0.1157,0.7716,http://commons.wikimedia.org/wiki/Special:FilePath/Boso%20chuo%20tetsudokan%20%28Otaki%2C%20Chiba%29%2002.jpg,35.2872220,140.2454810,Q133842798
1330,基拉拉玻璃未來館,山口縣,生涯学習センター,4.0,100,生涯学習センター,Yamaguchi Station,38.3,0.70,0.8000,1.0000,0.1155,0.7716,http://commons.wikimedia.org/wiki/Special:FilePath/Kirara%20Glass%20Miraikan.jpg,33.9431111,131.1703611,Q56224457
2150,盛田味の館,愛知縣,食物博物館,4.0,100,食物博物館,Nagoya Station,38.2,0.70,0.8000,1.0000,0.1157,0.7716,http://commons.wikimedia.org/wiki/Special:FilePath/Moritaaji1.jpg,34.8273610,136.8661110,Q11581436
2846,滋賀県平和祈念館,滋賀縣,和平博物館,4.0,100,和平博物館,Otsu Station,38.1,0.70,0.8000,1.0000,0.1160,0.7716,,35.1108340,136.2622850,Q132733689
2901,わくわく海中水族館シードーナツ,熊本縣,水族館,4.0,100,水族館,Kumamoto Station,37.9,0.70,0.8000,1.0000,0.1165,0.7716,,32.5298333,130.4283611,Q11281777
3484,豪斯登堡,長崎縣,主題樂園,4.0,100,主題樂園,Nagasaki Station,38.0,0.70,0.8000,1.0000,0.1163,0.7716,http://commons.wikimedia.org/wiki/Special:FilePath/Huis%20Ten%20Bosch%20-%2001.jpg,33.0865000,129.7868890,Q1191845
3662,大町エネルギー博物館,長野縣,エネルギー博物館,4.0,100,エネルギー博物館,Nagano Station,38.1,0.70,0.8000,1.0000,0.1161,0.7716,http://commons.wikimedia.org/wiki/Special:FilePath/Omachi%20Museum-1.jpg,36.5152500,137.7933889,Q81979211
3,馬孔德美術館,三重縣,美術館,4.0,100,美術館,Tsu Station,38.6,0.70,0.8000,1.0000,0.1146,0.7715,http://commons.wikimedia.org/wiki/Special:FilePath/Makonde%20Art%20Museum%20in%20Futami.jpg,34.4907778,136.8116667,Q11340103
33,長島溫泉樂園,三重縣,主題公園,4.0,100,主題公園,Tsu Station,38.5,0.70,0.8000,1.0000,0.1149,0.7715,http://commons.wikimedia.org/wiki/Special:FilePath/Nagashima%20spa%20land%20skyview.jpg,35.0296980,136.7300140,Q2496699
772,大多喜町商家保存資料館,千葉縣,博物館,4.0,100,博物館,Chiba Station,38.3,0.70,0.8000,1.0000,0.1154,0.7715,http://commons.wikimedia.org/wiki/Special:FilePath/Kamaya%20%28Otaki%2C%20Chiba%29%2003.jpg,35.2863350,140.2468860,Q133823800
778,利根運河交流館,千葉縣,博物館,4.0,100,博物館,Chiba Station,38.7,0.70,0.8000,1.0000,0.1145,0.7715,http://commons.wikimedia.org/wiki/Special:FilePath/Toneungakouryukan%2020211014%203.jpg,35.9158333,139.9019444,Q108910063
780,商い資料館,千葉縣,博物館,4.0,100,博物館,Chiba Station,38.4,0.70,0.8000,1.0000,0.1153,0.7715,http://commons.wikimedia.org/wiki/Special:FilePath/Akinai%20Shiry%C5%8Dkan%20%28Otaki%2C%20Chiba%29%2001.jpg,35.2860520,140.2471330,Q133823779
1465,土岐市美濃陶磁歴史館,岐阜縣,陶瓷博物館,4.0,100,陶瓷博物館,Gifu Station,38.6,0.70,0.8000,1.0000,0.1146,0.7715,http://commons.wikimedia.org/wiki/Special:FilePath/Toki%20city%20mino%20touji%20museum.jpg,35.3650970,137.1791750,Q11423385
1511,多治見市モザイクタイルミュージアム,岐阜縣,モザイク美術館,4.0,100,モザイク美術館,Gifu Station,38.6,0.70,0.8000,1.0000,0.1148,0.7715,http://commons.wikimedia.org/wiki/Special:FilePath/Mosaic%20Tile%20Museum%20Tajimi%20exterior%20ac.jpg,35.2991111,137.1595278,Q78909892
1780,鐵之歷史博物館,島根縣,工业博物馆,4.0,100,工业博物馆,Matsue Station,38.3,0.70,0.8000,1.0000,0.1155,0.7715,,35.1670700,132.8496700,Q132444010
2374,东京艺术大学大学美术馆,東京都,大學博物館,4.0,100,大學博物館,Tokyo Station,38.7,0.70,0.8000,1.0000,0.1145,0.7715,http://commons.wikimedia.org/wiki/Special:FilePath/University%20Art%20Museum%2C%20Tokyo%20University%20of%20the%20Arts%202009.jpg,35.8843528,140.1148806,Q11525123
2743,那須野が原博物館,栃木縣,博物館,4.0,100,博物館,Utsunomiya Station,38.4,0.70,0.8000,1.0000,0.1153,0.7715,http://commons.wikimedia.org/wiki/Special:FilePath/Michinoeki%20nishinasuno.jpg,36.8995800,139.9689780,Q135975615
3992,薩摩伝承館,鹿兒島縣,美術館,4.0,100,美術館,Kagoshima-Chuo Station,38.3,0.70,0.8000,1.0000,0.1155,0.7715,http://commons.wikimedia.org/wiki/Special:FilePath/Satsuma-denshokan.jpg,31.2530560,130.6538330,Q11622277
261,淡路世界公園,兵庫縣,主題公園,4.0,100,主題公園,Kobe Station,38.8,0.70,0.8000,1.0000,0.1142,0.7714,http://commons.wikimedia.org/wiki/Special:FilePath/Onokoro-irand2.jpg,34.4166440,134.8998310,Q11559800
1240,朝日町立ふるさと美術館,富山縣,美術館,4.0,100,美術館,Toyama Station,38.8,0.70,0.8000,1.0000,0.1142,0.7714,http://commons.wikimedia.org/wiki/Special:FilePath/Japanese%20Map%20symbol%20%28Museum%29%20w.svg,36.9202500,137.5523330,Q122878638
1283,東行記念館,山口縣,人物紀念館,4.0,100,人物紀念館,Yamaguchi Station,38.9,0.70,0.8000,1.0000,0.1140,0.7714,,34.0858760,131.0711240,Q11528306
2342,村內美術館,東京都,美術館,4.0,100,美術館,Tokyo Station,38.9,0.70,0.8000,1.0000,0.1139,0.7714,http://commons.wikimedia.org/wiki/Special:FilePath/Hachioji%20MurauchiMuseum%20Entrance.jpg,35.6794310,139.3366330,Q1528356
2522,瑞穂町郷土資料館,東京都,地方文化館,4.0,100,地方文化館,Tokyo Station,39.0,0.70,0.8000,1.0000,0.1135,0.7714,,35.7804630,139.3521310,Q22120454
2837,近江聖人中江藤樹記念館,滋賀縣,人物紀念館,4.0,100,人物紀念館,Otsu Station,38.8,0.70,0.8000,1.0000,0.1142,0.7714,http://commons.wikimedia.org/wiki/Special:FilePath/%C5%8Cmi%20Seijin%20Nakae%20T%C5%8Dju%20Memorial%20Museum%2020200919%2001.jpg,35.3246430,136.0314250,Q131910774
3347,生剝鬼館,秋田縣,博物館,4.0,100,博物館,Akita Station,39.0,0.70,0.8000,1.0000,0.1137,0.7714,http://commons.wikimedia.org/wiki/Special:FilePath/Entrance%20of%20Namahage%20Museum%2C%20Oga%2C%20Akita.JPG,39.9291667,139.7665833,Q48747294
3353,仙北市立角館町平福記念美術館,秋田縣,美術館,4.0,100,美術館,Akita Station,39.0,0.70,0.8000,1.0000,0.1136,0.7714,http://commons.wikimedia.org/wiki/Special:FilePath/Hirafuku%20Memorial%20Art%20Museum%20in%20Kakunodate%2020221025a.jpg,39.6019320,140.5601897,Q136824623
3550,北アルプス展望美術館,長野縣,美術館,4.0,100,美術館,Nagano Station,38.8,0.70,0.8000,1.0000,0.1142,0.7714,,36.3858056,137.8959167,Q78072490
310,西脇經緯度地球科學館,兵庫縣,科學博物館,4.0,100,科學博物館,Kobe Station,39.2,0.70,0.8000,1.0000,0.1131,0.7713,http://commons.wikimedia.org/wiki/Special:FilePath/%E3%83%86%E3%83%A9%E3%83%BB%E3%83%89%E3%83%BC%E3%83%A01.jpg,35.0000000,134.9988330,Q11274764
389,童子山公園,兵庫縣,博物館,4.0,100,博物館,Kobe Station,39.2,0.70,0.8000,1.0000,0.1130,0.7713,,34.9888611,134.9715000,Q11598456
788,道の駅田辺市龍神ごまさんスカイタワー,和歌山縣,道之驛,4.0,100,道之驛,Wakayama Station,39.2,0.70,0.8000,1.0000,0.1130,0.7713,http://commons.wikimedia.org/wiki/Special:FilePath/Michinoeki%20RyujinGomasan.JPG,34.0612222,135.5643333,Q11641408
1059,田尻歴史館,大阪府,博物館,4.0,100,博物館,Osaka Station,39.2,0.70,0.8000,1.0000,0.1131,0.7713,http://commons.wikimedia.org/wiki/Special:FilePath/Tajiri%20historic%20house01s3200.jpg,34.3943610,135.2880280,Q11576543
1171,宮城藏王狐狸村,宮城縣,動物園,4.0,100,動物園,Sendai Station,39.3,0.70,0.8000,1.0000,0.1129,0.7713,http://commons.wikimedia.org/wiki/Special:FilePath/Kitsune%20mura%20H26Dec13.JPG,38.0409940,140.5303080,Q11454001
1247,朝日町埋蔵文化財保存活用施設 まいぶんKAN,富山縣,歷史博物館,4.0,100,歷史博物館,Toyama Station,39.3,0.70,0.8000,1.0000,0.1130,0.7713,,36.9221667,137.5572222,Q135090699
1351,月山志津温泉,山形縣,温泉郷,4.0,100,温泉郷,Yamagata Station,39.3,0.70,0.8000,1.0000,0.1130,0.7713,,38.4911111,139.9997222,Q55522595
2031,岡崎市美術博物館,愛知縣,博物館,4.0,100,博物館,Nagoya Station,39.4,0.70,0.8000,1.0000,0.1127,0.7713,http://commons.wikimedia.org/wiki/Special:FilePath/Okazaki%20Mindscape%20museum.JPG,34.9475000,137.2172220,Q11472922
2152,神明社の大シイ,愛知縣,巨樹,4.0,100,巨樹,Nagoya Station,39.1,0.70,0.8000,1.0000,0.1134,0.7713,http://commons.wikimedia.org/wiki/Special:FilePath/Shinmeisha%20no%20Osii%20tree%20of%20Castanopsis%20sieboldii%20A.jpg,34.8753611,137.1137778,Q111751504
2391,福生市郷土資料室,東京都,博物館,4.0,100,博物館,Tokyo Station,39.2,0.70,0.8000,1.0000,0.1131,0.7713,,35.7320320,139.3372840,Q104698242
2742,栃木市藤岡歴史民俗資料館,栃木縣,博物館,4.0,100,博物館,Utsunomiya Station,39.3,0.70,0.8000,1.0000,0.1128,0.7713,,36.2667600,139.6516030,Q104696764
2929,加賀市美術館,石川縣,美術館,4.0,100,美術館,Kanazawa Station,39.1,0.70,0.8000,1.0000,0.1133,0.7713,http://commons.wikimedia.org/wiki/Special:FilePath/Kaga%20City%20Art%20Museum%20ac%20%281%29.jpg,36.3195867,136.3514541,Q121286260
3174,大川市立清力美術館,福岡縣,美術館,4.0,100,美術館,Hakata Station,39.3,0.70,0.8000,1.0000,0.1130,0.7713,http://commons.wikimedia.org/wiki/Special:FilePath/Okawa%20City%20Seiriki%20Art%20Museum%20front.jpg,33.2382780,130.3874290,Q132173876
3337,大村美術館,秋田縣,美術館,4.0,100,美術館,Akita Station,39.3,0.70,0.8000,1.0000,0.1128,0.7713,http://commons.wikimedia.org/wiki/Special:FilePath/Ohmura%20Art%20Museum%20in%20Kakunodate%2020190414.jpg,39.5992500,140.5629720,Q11436065
3341,仙北市立角館樺細工伝承館,秋田縣,工藝博物館,4.0,100,工藝博物館,Akita Station,39.1,0.70,0.8000,1.0000,0.1133,0.7713,http://commons.wikimedia.org/wiki/Special:FilePath/Kakunodate%20Cherry%20Bark%20Handicrafts%20Denshokan%20Hall.jpg,39.5998889,140.5610000,Q98206589
3405,やんば天明泥流ミュージアム,群馬縣,火山博物館,4.0,100,火山博物館,Maebashi Station,39.4,0.70,0.8000,1.0000,0.1126,0.7713,http://commons.wikimedia.org/wiki/Special:FilePath/Yamba%20Tenmei%20Mudflow%20Museum.jpg,36.5438632,138.6798644,Q109594587
3565,小諸高原美術館,長野縣,美術館,4.0,100,美術館,Nagano Station,39.2,0.70,0.8000,1.0000,0.1132,0.7713,http://commons.wikimedia.org/wiki/Special:FilePath/%E5%B8%82%E7%AB%8B%E5%B0%8F%E8%AB%B8%E9%AB%98%E5%8E%9F%E7%BE%8E%E8%A1%93%E9%A4%A8%E3%83%BB%E7%99%BD%E9%B3%A5%E6%98%A0%E9%9B%AA%E9%A4%A8.jpg,36.3439700,138.4204000,Q85879727
3721,高岡の森弘前藩歴史館,青森縣,歷史博物館,4.0,100,歷史博物館,Aomori Station,39.3,0.70,0.8000,1.0000,0.1128,0.7713,http://commons.wikimedia.org/wiki/Special:FilePath/%E9%AB%98%E5%B2%A1%E3%81%AE%E6%A3%AE%E5%BC%98%E5%89%8D%E8%97%A9%E6%AD%B4%E5%8F%B2%E9%A4%A8.jpg,40.6225000,140.3555556,Q101086086
385,西脇市岡之山美術館,兵庫縣,現代美術館,4.0,100,現代美術館,Kobe Station,39.5,0.70,0.8000,1.0000,0.1125,0.7712,http://commons.wikimedia.org/wiki/Special:FilePath/Okanoyama%20museum1.JPG,35.0020830,134.9979170,Q11471937
593,月形樺戸博物館,北海道,監獄博物館,4.0,100,監獄博物館,Sapporo Station,39.6,0.70,0.8000,1.0000,0.1121,0.7712,http://commons.wikimedia.org/wiki/Special:FilePath/Tsukigata%20Kabato%20museum.jpg,43.3391110,141.6689720,Q11516088
2328,東京富士美術館,東京都,美術館,4.0,100,美術館,Tokyo Station,39.5,0.70,0.8000,1.0000,0.1123,0.7712,http://commons.wikimedia.org/wiki/Special:FilePath/Tokyo%20Fuji%20Art%20Museum.JPG,35.6864550,139.3294930,Q1233913
2348,八王子市夢美術館,東京都,美術館,4.0,100,美術館,Tokyo Station,39.5,0.70,0.8000,1.0000,0.1124,0.7712,http://commons.wikimedia.org/wiki/Special:FilePath/Hachioji%20Yume%20Art%20Museum.JPG,35.6604167,139.3306111,Q11391573
2423,八王子市兒童科學館,東京都,天象儀,4.0,100,天象儀,Tokyo Station,39.7,0.70,0.8000,1.0000,0.1118,0.7712,http://commons.wikimedia.org/wiki/Special:FilePath/Hachioji%20City%20Children%27s%20Museum%20of%20Science.JPG,35.6648610,139.3277780,Q17229781
2739,大田原市黒羽芭蕉の館,栃木縣,博物館,4.0,100,博物館,Utsunomiya Station,39.6,0.70,0.8000,1.0000,0.1120,0.7712,,36.8677840,140.1214010,Q104696772
3360,新潮社記念文学館,秋田縣,文學館,4.0,100,文學館,Akita Station,39.8,0.70,0.8000,1.0000,0.1117,0.7712,http://commons.wikimedia.org/wiki/Special:FilePath/Shinchosha%20Memorial%20Literature%20Museum.jpg,39.5930833,140.5656111,Q110558146
3422,神流町恐竜センター,群馬縣,古生物博物馆,4.0,100,古生物博物馆,Maebashi Station,39.5,0.70,0.8000,1.0000,0.1123,0.7712,http://commons.wikimedia.org/wiki/Special:FilePath/Kanna%20Dinosaur%20Center%202.jpg,36.0919485,138.8204303,Q55533662
3669,武石ともしび博物館,長野縣,博物館,4.0,100,博物館,Nagano Station,39.8,0.70,0.8000,1.0000,0.1117,0.7712,http://commons.wikimedia.org/wiki/Special:FilePath/Takeshi%20Tomoshibi%20Museum%203.jpg,36.2870440,138.2300000,Q18337231
200,佐賀県立九州陶磁文化館,佐賀縣,都道府县立博物馆,4.0,100,都道府县立博物馆,Saga Station,39.9,0.70,0.8000,1.0000,0.1114,0.7711,http://commons.wikimedia.org/wiki/Special:FilePath/Kyushu%20Ceramic%20Museum%20front.JPG,33.1789444,129.8806944,Q6452794
1140,蔵の郷土館齋理屋敷,宮城縣,地方文化館,4.0,100,地方文化館,Sendai Station,40.0,0.70,0.8000,1.0000,0.1111,0.7711,http://commons.wikimedia.org/wiki/Special:FilePath/Sairi%20Residence.jpg,37.9133330,140.7619440,Q11621865
1409,三岛由纪夫文学馆,山梨縣,人物紀念館,4.0,100,人物紀念館,Kofu Station,40.0,0.70,0.8000,1.0000,0.1111,0.7711,http://commons.wikimedia.org/wiki/Special:FilePath/Mishima%20Yukio%20Literature%20Museum.JPG,35.4043611,138.8701389,Q21654770
2202,足助中馬館,愛知縣,博物館,4.0,100,博物館,Nagoya Station,39.9,0.70,0.8000,1.0000,0.1113,0.7711,,35.1374083,137.3185028,Q136707147
3184,広川町古墳公園資料館,福岡縣,考古博物館,4.0,100,考古博物館,Hakata Station,40.2,0.70,0.8000,1.0000,0.1107,0.7711,http://commons.wikimedia.org/wiki/Special:FilePath/%E5%BA%83%E5%B7%9D%E7%94%BA%E5%8F%A4%E5%A2%B3%E5%85%AC%E5%9C%92%E8%B3%87%E6%96%99%E9%A4%A8.JPG,33.2381450,130.5176270,Q132946169
3273,アクアマリンいなわしろカワセミ水族館,福島縣,水族館,4.0,100,水族館,Fukushima Station,40.1,0.70,0.8000,1.0000,0.1109,0.7711,http://commons.wikimedia.org/wiki/Special:FilePath/%E3%82%A2%E3%82%AF%E3%82%A2%E3%83%9E%E3%83%AA%E3%83%B3%E3%81%84%E3%81%AA%E3%82%8F%E3%81%97%E3%82%8D%E3%82%AB%E3%83%AF%E3%82%BB%E3%83%9F%E6%B0%B4%E6%97%8F%E9%A4%A8.jpg,37.5613889,140.0745833,Q38266933
3280,猪苗代緑の村,福島縣,主題公園,4.0,100,主題公園,Fukushima Station,40.1,0.70,0.8000,1.0000,0.1108,0.7711,http://commons.wikimedia.org/wiki/Special:FilePath/%E7%A3%90%E8%B6%8A%E8%A5%BF%E7%B7%9A%E3%83%BB%E7%BF%81%E5%B3%B6%E9%A7%85%E3%83%BB%E6%97%A7%E9%A7%85%E6%9C%AC%E5%B1%8B%28%E7%A7%BB%E7%AF%89%E4%BF%9D%E5%AD%98%29%E3%83%BB%E7%B7%91%E3%81%AE%E6%9D%91%281993.5.5%29%28s43-15%29.jpg,37.5608889,140.0745556,Q11571945
3580,安曇野知弘美術館,長野縣,繪本博物館,4.0,100,繪本博物館,Nagano Station,39.9,0.70,0.8000,1.0000,0.1114,0.7711,http://commons.wikimedia.org/wiki/Special:FilePath/150922%20Chihiro%20Art%20Museum%20Azumino%20Japan01s3.jpg,36.4149167,137.8441667,Q11450770
3631,松本市四賀化石館,長野縣,古生物博物馆,4.0,100,古生物博物馆,Nagano Station,40.0,0.70,0.8000,1.0000,0.1111,0.7711,http://commons.wikimedia.org/wiki/Special:FilePath/Shiga%20Fossil%20Museum.jpg,36.3175000,137.9983330,Q11531024
3741,堂島,靜岡縣,觀光景點,4.0,100,觀光景點,Shizuoka Station,40.0,0.70,0.8000,1.0000,0.1111,0.7711,http://commons.wikimedia.org/wiki/Special:FilePath/Dogashima%2020121019.jpg,34.7800000,138.7600000,Q11427843
22,桑名市石取会館,三重縣,银行建筑物,4.0,100,银行建筑物,Tsu Station,40.3,0.70,0.8000,1.0000,0.1103,0.7710,http://commons.wikimedia.org/wiki/Special:FilePath/Ishidori%20Hall%202022-04%20ac%20%281%29.jpg,35.0635833,136.6942778,Q107674884
34,桑名市博物館,三重縣,博物館,4.0,100,博物館,Tsu Station,40.3,0.70,0.8000,1.0000,0.1105,0.7710,http://commons.wikimedia.org/wiki/Special:FilePath/Kuwana%20City%20Museum.jpg,35.0631861,136.6938139,Q24874913
1367,芭蕉・清風歴史資料館,山形縣,历史房屋博物馆,4.0,100,历史房屋博物馆,Yamagata Station,40.3,0.70,0.8000,1.0000,0.1104,0.7710,http://commons.wikimedia.org/wiki/Special:FilePath/Basho%20Seifu%20History%20Museum%201.jpg,38.6063056,140.4043056,Q48746428
1891,竹原市歴史民俗資料館,廣島縣,民俗博物館,4.0,100,民俗博物館,Hiroshima Station,40.3,0.70,0.8000,1.0000,0.1104,0.7710,http://commons.wikimedia.org/wiki/Special:FilePath/Takehara%20City%20Historical%20Folk%20Museum%202021-03%20ac.jpg,34.3475000,132.9100830,Q107474258
1970,愛媛民芸館,愛媛縣,工藝博物館,4.0,100,工藝博物館,Matsuyama Station,40.5,0.70,0.8000,1.0000,0.1099,0.7710,,33.9196450,133.1794890,Q123531589
2027,五百亀記念館,愛媛縣,纪念博物馆,4.0,100,纪念博物馆,Matsuyama Station,40.4,0.70,0.8000,1.0000,0.1100,0.7710,,33.9192160,133.1792350,Q123534055
2060,おかざき世界子ども美術博物館,愛知縣,美術館,4.0,100,美術館,Nagoya Station,40.6,0.70,0.8000,1.0000,0.1096,0.7710,http://commons.wikimedia.org/wiki/Special:FilePath/OKazaki-Sekai-Kodomo-1.jpg,34.9269500,137.2137810,Q11261375
2732,佐野市郷土博物館,栃木縣,地方文化館,4.0,100,地方文化館,Utsunomiya Station,40.5,0.70,0.8000,1.0000,0.1098,0.7710,http://commons.wikimedia.org/wiki/Special:FilePath/Sano%20City%20Museum.jpg,36.3127778,139.5650000,Q21653203
2858,日登美美術館,滋賀縣,美術館,4.0,100,美術館,Otsu Station,40.4,0.70,0.8000,1.0000,0.1102,0.7710,,35.0794510,136.2983450,Q132733674
2894,高森湧水隧道公園,熊本縣,主題樂園,4.0,100,主題樂園,Kumamoto Station,40.5,0.70,0.8000,1.0000,0.1098,0.7710,http://commons.wikimedia.org/wiki/Special:FilePath/TakamoriSpringTunnelPark.jpg,32.8135556,131.1226944,Q21993283
3114,はだの歴史博物館,神奈川縣,歷史博物館,4.0,100,歷史博物館,Yokohama Station,40.3,0.70,0.8000,1.0000,0.1104,0.7710,,35.3865556,139.1890556,Q101096659
3262,郡山市立美術館,福島縣,美術館,4.0,100,美術館,Fukushima Station,40.3,0.70,0.8000,1.0000,0.1103,0.7710,http://commons.wikimedia.org/wiki/Special:FilePath/Koriyama%20City%20Museum%20of%20Art.jpg,37.3926670,140.4198610,Q11643178
3352,山の手温泉,秋田縣,温泉镇,4.0,100,温泉镇,Akita Station,40.4,0.70,0.8000,1.0000,0.1101,0.7710,,39.4403120,140.4358390,Q108683253
3457,土浦市立博物館,茨城縣,市立博物館,4.0,100,市立博物館,Mito Station,40.4,0.70,0.8000,1.0000,0.1101,0.7710,http://commons.wikimedia.org/wiki/Special:FilePath/Museum%20Tsuchiura%202.jpg,36.0852240,140.1972000,Q30267756
3465,つくばわんわんランド,茨城縣,主題公園,4.0,100,主題公園,Mito Station,40.5,0.70,0.8000,1.0000,0.1100,0.7710,http://commons.wikimedia.org/wiki/Special:FilePath/TsukubaWanWanLand%28Entrance%29.jpg,36.2036670,140.0751940,Q17215455
3548,小諸市立小山敬三美術館,長野縣,人物紀念館,4.0,100,人物紀念館,Nagano Station,40.4,0.70,0.8000,1.0000,0.1101,0.7710,http://commons.wikimedia.org/wiki/Special:FilePath/Koyama%20Keizo%20Museum%20of%20Art%20Komoro%20Japan01s3.jpg,36.3281390,138.4149440,Q11463703
3584,小諸市立藤村記念館,長野縣,文學館,4.0,100,文學館,Nagano Station,40.6,0.70,0.8000,1.0000,0.1096,0.7710,http://commons.wikimedia.org/wiki/Special:FilePath/Toson%20Memorial%20Museum02s3200.jpg,36.3273330,138.4176670,Q11463706
3652,小諸市立郷土博物館,長野縣,博物館,4.0,100,博物館,Nagano Station,40.4,0.70,0.8000,1.0000,0.1102,0.7710,,36.3286944,138.4151667,Q21653078
3730,掛川市二の丸美術館,靜岡縣,美術館,4.0,100,美術館,Shizuoka Station,40.5,0.70,0.8000,1.0000,0.1099,0.7710,http://commons.wikimedia.org/wiki/Special:FilePath/Ninomaru%20Museum%20of%20Art.JPG,34.7758889,138.0145833,Q104636664
3784,掛川市ステンドグラス美術館,靜岡縣,美術館,4.0,100,美術館,Shizuoka Station,40.5,0.70,0.8000,1.0000,0.1099,0.7710,http://commons.wikimedia.org/wiki/Special:FilePath/Gaikan%20201505late.jpg,34.7761389,138.0145833,Q109328669
3967,指宿市考古博物館,鹿兒島縣,考古博物館,4.0,100,考古博物館,Kagoshima-Chuo Station,40.3,0.70,0.8000,1.0000,0.1103,0.7710,http://commons.wikimedia.org/wiki/Special:FilePath/COCCOhasimure6910.JPG,31.2320000,130.6442220,Q11497994
609,坂本九思い出記念館,北海道,纪念博物馆,4.0,100,纪念博物馆,Sapporo Station,40.8,0.70,0.8000,1.0000,0.1092,0.7709,,43.0175400,141.8476050,Q16919166
923,大分縣立歷史博物館,大分縣,博物館,4.0,100,博物館,Oita Station,41.1,0.70,0.8000,1.0000,0.1085,0.7709,http://commons.wikimedia.org/wiki/Special:FilePath/Oita%20Prefectural%20Museum%20of%20History%20in%20Usa%20city%2C%20Oita%20prefecture.JPG,33.5425000,131.3650000,Q3329680
1129,石巻市立門脇小学校,宮城縣,海嘯博物館,4.0,100,海嘯博物館,Sendai Station,41.0,0.70,0.8000,1.0000,0.1087,0.7709,http://commons.wikimedia.org/wiki/Special:FilePath/Kadonowaki%20Elementary%20School.jpg,38.4215280,141.3051940,Q21652440
1175,みやぎ東日本大震災津波伝承館,宮城縣,海嘯博物館,4.0,100,海嘯博物館,Sendai Station,40.8,0.70,0.8000,1.0000,0.1091,0.7709,,38.4180833,141.3048056,Q109255730
1179,MEET門脇,宮城縣,海嘯博物館,4.0,100,海嘯博物館,Sendai Station,40.9,0.70,0.8000,1.0000,0.1090,0.7709,,38.4205556,141.3042778,Q109276969
1818,可部屋集成館,島根縣,博物館,4.0,100,博物館,Matsue Station,41.1,0.70,0.8000,1.0000,0.1086,0.7709,http://commons.wikimedia.org/wiki/Special:FilePath/Kabeya%20Shuseikan%20Sakurai.jpg,35.1085580,132.9410070,Q123472588
2018,大洲市立博物館,愛媛縣,市立博物館,4.0,100,市立博物館,Matsuyama Station,41.0,0.70,0.8000,1.0000,0.1087,0.7709,,33.5137300,132.5462570,Q123505264
2030,杉本美術館,愛知縣,廃止された博物館,4.0,100,廃止された博物館,Nagoya Station,41.1,0.70,0.8000,1.0000,0.1086,0.7709,http://commons.wikimedia.org/wiki/Special:FilePath/Sugimmoto%20Museum%20130416.JPG,34.8019360,136.8662720,Q11522124
2274,寺泊水族博物館,新潟縣,水族館,4.0,100,水族館,Niigata Station,40.7,0.70,0.8000,1.0000,0.1093,0.7709,http://commons.wikimedia.org/wiki/Special:FilePath/Teradomari%20Aquarium%2003.jpg,37.6338889,138.7602778,Q61722200
3257,郡山市開成館,福島縣,戶外博物館,4.0,100,戶外博物館,Fukushima Station,40.9,0.70,0.8000,1.0000,0.1089,0.7709,http://commons.wikimedia.org/wiki/Special:FilePath/Kaiseikan.JPG,37.3958333,140.3527778,Q11643185
3263,相馬市歴史資料収蔵館,福島縣,歷史博物館,4.0,100,歷史博物館,Fukushima Station,40.7,0.70,0.8000,1.0000,0.1093,0.7709,http://commons.wikimedia.org/wiki/Special:FilePath/%E7%9B%B8%E9%A6%AC%E5%B8%82%E6%AD%B4%E5%8F%B2%E8%B3%87%E6%96%99%E5%8F%8E%E8%94%B5%E9%A4%A8.jpg,37.7995833,140.9195833,Q97188943
3275,郡山市歴史資料館,福島縣,歷史博物館,4.0,100,歷史博物館,Fukushima Station,40.7,0.70,0.8000,1.0000,0.1094,0.7709,http://commons.wikimedia.org/wiki/Special:FilePath/%E9%83%A1%E5%B1%B1%E5%B8%82%E6%AD%B4%E5%8F%B2%E8%B3%87%E6%96%99%E9%A4%A8.jpg,37.3945556,140.3729722,Q28475533
3279,久米正雄記念館,福島縣,人物紀念館,4.0,100,人物紀念館,Fukushima Station,40.7,0.70,0.8000,1.0000,0.1094,0.7709,http://commons.wikimedia.org/wiki/Special:FilePath/%E4%B9%85%E7%B1%B3%E6%AD%A3%E9%9B%84%E8%A8%98%E5%BF%B5%E9%A4%A8%20%E9%83%A1%E5%B1%B1%E5%B8%82.jpg,37.3961341,140.3639633,Q97371151
3294,こおりやま文学の森資料館,福島縣,文學館,4.0,100,文學館,Fukushima Station,40.7,0.70,0.8000,1.0000,0.1094,0.7709,http://commons.wikimedia.org/wiki/Special:FilePath/Koriyama%20Museum%20of%20Literature1.jpg,37.3959444,140.3631389,Q11266221
3314,郡山市歴史情報博物館,福島縣,博物館,4.0,100,博物館,Fukushima Station,40.8,0.70,0.8000,1.0000,0.1093,0.7709,,37.3939200,140.3737290,Q132643729
3344,秋田県立農業科学館,秋田縣,都道府县立博物馆,4.0,100,都道府县立博物馆,Akita Station,40.9,0.70,0.8000,1.0000,0.1090,0.7709,http://commons.wikimedia.org/wiki/Special:FilePath/Akita%20Prefectural%20Museum%20of%20Agricultural%20Science.jpg,39.4367920,140.4388190,Q11595517
3381,群馬縣立館林美術館,群馬縣,美術館,4.0,100,美術館,Maebashi Station,40.9,0.70,0.8000,1.0000,0.1088,0.7709,http://commons.wikimedia.org/wiki/Special:FilePath/Gunma%20Museum%20of%20Art%2C%20Tatebayashi%201.jpg,36.2661944,139.5058889,Q521611
3604,小諸市立小諸義塾記念館,長野縣,教育博物館,4.0,100,教育博物館,Nagano Station,40.8,0.70,0.8000,1.0000,0.1092,0.7709,http://commons.wikimedia.org/wiki/Special:FilePath/Komoro%20Gijuku%20Memorial%20Hall.jpg,36.3267879,138.4202686,Q11463705
3821,仁尾陽光島,香川縣,主題樂園,4.0,100,主題樂園,Takamatsu Station,40.8,0.70,0.8000,1.0000,0.1091,0.7709,,34.1941667,133.6444444,Q11376349
32,江戸川乱歩館,三重縣,文學館,4.0,100,文學館,Tsu Station,41.2,0.70,0.8000,1.0000,0.1083,0.7708,,34.4826667,136.8404444,Q124303122
582,宮島沼水鳥・湿地センター,北海道,自然中心,4.0,100,自然中心,Sapporo Station,41.4,0.70,0.8000,1.0000,0.1078,0.7708,http://commons.wikimedia.org/wiki/Special:FilePath/Bibai%20Miyajimanuma%20Waterbird%20%26%20Wetlands%20Center%20001.jpg,43.3290430,141.7157950,Q132160153
947,宇佐市平和資料館,大分縣,和平博物館,4.0,100,和平博物館,Oita Station,41.5,0.70,0.8000,1.0000,0.1076,0.7708,,33.5285220,131.3344610,Q137772957
1206,都城市立美術館,宮崎縣,美術館,4.0,100,美術館,Miyazaki Station,41.1,0.70,0.8000,1.0000,0.1085,0.7708,http://commons.wikimedia.org/wiki/Special:FilePath/Miyakonojo%20City%20Museum%20of%20Art%202010.JPG,31.7192778,131.0630556,Q11643539
1658,现代玩具博物馆,岡山縣,玩具博物館,4.0,100,玩具博物館,Okayama Station,41.5,0.70,0.8000,1.0000,0.1075,0.7708,http://commons.wikimedia.org/wiki/Special:FilePath/Japan%20Museum%20of%20Contemporary%20Toy%20and%20Hall%20of%20Music%20Box.jpg,34.9937220,134.1373060,Q11573422
1666,笠岡市立竹喬美術館,岡山縣,美術館,4.0,100,美術館,Okayama Station,41.4,0.70,0.8000,1.0000,0.1078,0.7708,,34.4970100,133.5161700,Q121362673
1974,四國鐵道文化館,愛媛縣,鐵路博物館,4.0,100,鐵路博物館,Matsuyama Station,41.1,0.70,0.8000,1.0000,0.1084,0.7708,http://commons.wikimedia.org/wiki/Special:FilePath/Shikoku%20Railway%20Cultural%20Center%20north%20wing.jpg,33.9127778,133.1883333,Q11419786
1986,鉄道歴史パーク in SAIJO,愛媛縣,鉄道公園,4.0,100,鉄道公園,Matsuyama Station,41.1,0.70,0.8000,1.0000,0.1084,0.7708,,33.9129722,133.1881944,Q11649748
2467,日野AUTO PLAZA,東京都,公司博物館,4.0,100,公司博物館,Tokyo Station,41.1,0.70,0.8000,1.0000,0.1084,0.7708,http://commons.wikimedia.org/wiki/Special:FilePath/HinoAutoPlaza.jpg,35.6272390,139.3168440,Q11510539
2614,二宮考古館,東京都,考古博物館,4.0,100,考古博物館,Tokyo Station,41.2,0.70,0.8000,1.0000,0.1081,0.7708,,35.7274570,139.3138610,Q104698218
2733,松方別邸,栃木縣,历史建筑,4.0,100,历史建筑,Utsunomiya Station,41.3,0.70,0.8000,1.0000,0.1079,0.7708,http://commons.wikimedia.org/wiki/Special:FilePath/Banzaikaku%2C%20Senbonmatsu%20Farm.jpg,36.9297222,139.9391667,Q131862876
2977,魯山人寓居跡 いろは草庵,石川縣,博物館,4.0,100,博物館,Kanazawa Station,41.3,0.70,0.8000,1.0000,0.1081,0.7708,,36.2879338,136.3606344,Q136486637
3267,新田川温泉,福島縣,温泉镇,4.0,100,温泉镇,Fukushima Station,41.3,0.70,0.8000,1.0000,0.1080,0.7708,,37.6670910,140.9161860,Q108428600
3289,安積歴史博物館,福島縣,歷史博物館,4.0,100,歷史博物館,Fukushima Station,41.4,0.70,0.8000,1.0000,0.1077,0.7708,http://commons.wikimedia.org/wiki/Special:FilePath/%E5%AE%89%E7%A9%8D%E9%AB%98%E7%AD%89%E5%AD%A6%E6%A0%A1%20%E5%AE%89%E7%A9%8D%E6%AD%B4%E5%8F%B2%E5%8D%9A%E7%89%A9%E9%A4%A8%28%E6%98%A5%29.jpg,37.3916667,140.3506111,Q11451160
3765,掛川花鳥園,靜岡縣,植物園,4.0,100,植物園,Shizuoka Station,41.4,0.70,0.8000,1.0000,0.1079,0.7708,http://commons.wikimedia.org/wiki/Special:FilePath/%E6%8E%9B%E5%B7%9D%E8%8A%B1%E9%B3%A5%E5%9C%92%20-%20panoramio%20%281%29.jpg,34.7611944,138.0150556,Q11498237
3798,奇石博物館,靜岡縣,博物館,4.0,100,博物館,Shizuoka Station,41.4,0.70,0.8000,1.0000,0.1078,0.7708,http://commons.wikimedia.org/wiki/Special:FilePath/%E5%A5%87%E7%9F%B3%E5%8D%9A%E7%89%A9%E9%A4%A8%20-%20%E5%A4%96%E8%A6%B3.jpg,35.2818889,138.6398889,Q11444890
35,鳥羽水族館,三重縣,水族館,4.0,100,水族館,Tsu Station,41.6,0.70,0.8000,1.0000,0.1073,0.7707,http://commons.wikimedia.org/wiki/Special:FilePath/Toba%20Aquarium%20front%20view%202019.jpg,34.4817000,136.8460000,Q1073067
750,神崎の大クス,千葉縣,巨樹,4.0,100,巨樹,Chiba Station,41.6,0.70,0.8000,1.0000,0.1074,0.7707,http://commons.wikimedia.org/wiki/Special:FilePath/K%C5%8Dzaki-jinja%20%28K%C5%8Dzaki%2C%20Chiba%29%2012.jpg,35.9057222,140.4003889,Q124285355
1148,石之森萬畫館,宮城縣,人物紀念館,4.0,100,人物紀念館,Sendai Station,41.8,0.70,0.8000,1.0000,0.1068,0.7707,http://commons.wikimedia.org/wiki/Special:FilePath/MangattanMuseum002.jpg,38.4296310,141.3106900,Q4391562
1476,心の森ミュージアム 遊童館,岐阜縣,美術館,4.0,100,美術館,Gifu Station,41.9,0.70,0.8000,1.0000,0.1066,0.7707,,35.7484167,136.9573056,Q111836641
2689,日光二荒山神社宝物館,栃木縣,宝物館,4.0,100,宝物館,Utsunomiya Station,41.9,0.70,0.8000,1.0000,0.1067,0.7707,,36.7416610,139.4879290,Q135977418
2738,足尾銅山観光,栃木縣,觀光景點,4.0,100,觀光景點,Utsunomiya Station,41.7,0.70,0.8000,1.0000,0.1070,0.7707,http://commons.wikimedia.org/wiki/Special:FilePath/Ashio%20Copper%20Mine%20mine%20shaft%20ac%20%281%29.jpg,36.6333000,139.4404000,Q125257662
2795,宜野座村立博物館,沖繩縣,博物館,4.0,100,博物館,Naha Bus Terminal,41.9,0.70,0.8000,1.0000,0.1065,0.7707,http://commons.wikimedia.org/wiki/Special:FilePath/Ginoza%20Village%20Museum%20202411.jpg,26.4828550,127.9727170,Q104784491
2869,愛荘町立歴史文化博物館,滋賀縣,地方文化館,4.0,100,地方文化館,Otsu Station,41.6,0.70,0.8000,1.0000,0.1072,0.7707,http://commons.wikimedia.org/wiki/Special:FilePath/Aisho%20Town%20Museum%20of%20History%20and%20Culture%2020221117.jpg,35.1636530,136.2782480,Q132717813
2983,白山恐竜パーク白峰,石川縣,恐竜公園,4.0,100,恐竜公園,Kanazawa Station,41.7,0.70,0.8000,1.0000,0.1071,0.7707,,36.2036944,136.6256111,Q65274349
3251,八女市岩戸山歴史文化交流館,福岡縣,文化中心,4.0,100,文化中心,Hakata Station,41.8,0.70,0.8000,1.0000,0.1068,0.7707,,33.2309910,130.5533880,Q104784019
3283,野口英世記念館,福島縣,人物紀念館,4.0,100,人物紀念館,Fukushima Station,41.7,0.70,0.8000,1.0000,0.1070,0.7707,http://commons.wikimedia.org/wiki/Special:FilePath/Hideyo%20Noguchi%20Memorial%20Hall.JPG,37.5361110,140.0736110,Q11645213
3320,会津民俗館,福島縣,博物館,4.0,100,博物館,Fukushima Station,41.6,0.70,0.8000,1.0000,0.1072,0.7707,,37.5355330,140.0754540,Q104696506
3416,民話と紙芝居の家,群馬縣,民俗博物館,4.0,100,民俗博物館,Maebashi Station,41.7,0.70,0.8000,1.0000,0.1071,0.7707,http://commons.wikimedia.org/wiki/Special:FilePath/%E6%B0%91%E8%A9%B1%E3%81%A8%E7%B4%99%E8%8A%9D%E5%B1%85%E3%81%AE%E5%AE%B6.jpg,36.7283611,138.8899167,Q22120584
3470,ザ・ヒロサワ・シティ,茨城縣,主題公園,4.0,100,主題公園,Mito Station,41.8,0.70,0.8000,1.0000,0.1069,0.7707,http://commons.wikimedia.org/wiki/Special:FilePath/The%20Hirosawa%20City-1.JPG,36.2935417,140.0195667,Q65239469
3563,安曇野高橋節郎記念美術館,長野縣,美術館,4.0,100,美術館,Nagano Station,41.7,0.70,0.8000,1.0000,0.1072,0.7707,,36.3545556,137.8913611,Q11450795
3718,二ツ森貝塚館,青森縣,考古博物館,4.0,100,考古博物館,Aomori Station,41.8,0.70,0.8000,1.0000,0.1068,0.7707,http://commons.wikimedia.org/wiki/Special:FilePath/Futatsumori%20Shell%20Midden%20Museum%2003.jpg,40.7486140,141.2199660,Q132390958
3959,岩崎美術館,鹿兒島縣,美術館,4.0,100,美術館,Kagoshima-Chuo Station,41.6,0.70,0.8000,1.0000,0.1072,0.7707,http://commons.wikimedia.org/wiki/Special:FilePath/Ibusuki%20Iwasaki%20Hotel%20008.jpg,31.2218720,130.6544510,Q24963709
3979,枕崎市文化資料センター南溟館,鹿兒島縣,美術館,4.0,100,美術館,Kagoshima-Chuo Station,41.5,0.70,0.8000,1.0000,0.1075,0.7707,http://commons.wikimedia.org/wiki/Special:FilePath/Nanmei%20Museum%20of%20Art%20250817.jpg,31.2708980,130.3018010,Q127433606
942,久留島武彦記念館,大分縣,人物紀念館,4.0,100,人物紀念館,Oita Station,42.4,0.70,0.8000,1.0000,0.1055,0.7706,http://commons.wikimedia.org/wiki/Special:FilePath/%E8%A8%98%E5%BF%B5%E9%A4%A8%EF%BC%91.jpg,33.3033056,131.1585556,Q30930299
1153,化女沼レジャーランド,宮城縣,主題樂園,4.0,100,主題樂園,Sendai Station,42.0,0.70,0.8000,1.0000,0.1063,0.7706,http://commons.wikimedia.org/wiki/Special:FilePath/Kejonumarejaarando.JPG,38.6322778,140.9664444,Q11400686
1195,都城歴史資料館,宮崎縣,歷史博物館,4.0,100,歷史博物館,Miyazaki Station,42.3,0.70,0.8000,1.0000,0.1057,0.7706,http://commons.wikimedia.org/wiki/Special:FilePath/MIYAKONOJOU%20022.JPG,31.7161861,131.0502639,Q11643548
1385,宮坂考古館,山形縣,歷史博物館,4.0,100,歷史博物館,Yamagata Station,42.0,0.70,0.8000,1.0000,0.1064,0.7706,http://commons.wikimedia.org/wiki/Special:FilePath/Miyasaka%20Museum.JPG,37.9056111,140.1270556,Q11453565
1582,相生座,岐阜縣,博物館,4.0,100,博物館,Gifu Station,42.2,0.70,0.8000,1.0000,0.1060,0.7706,,35.4559440,137.2182780,Q11582276
1586,郡上八幡博覧館,岐阜縣,博物館,4.0,100,博物館,Gifu Station,42.4,0.70,0.8000,1.0000,0.1055,0.7706,http://commons.wikimedia.org/wiki/Special:FilePath/Gujo-Hachiman%20Hakurankan%202019-08%20ac%20%281%29.jpg,35.7534444,136.9571389,Q48748520
1631,笠岡市立鱟博物館,岡山縣,自然歷史博物館,4.0,100,自然歷史博物館,Okayama Station,42.0,0.70,0.8000,1.0000,0.1064,0.7706,http://commons.wikimedia.org/wiki/Special:FilePath/Kasaoka%20City%20Horseshoe%20Crab%20Museum%20-%20Apr%2012%2C%202007.jpg,34.4773890,133.5215280,Q11599876
1669,井原市立平櫛田中美術館,岡山縣,美術館,4.0,100,美術館,Okayama Station,42.3,0.70,0.8000,1.0000,0.1056,0.7706,,34.5980560,133.4633330,Q11373381
3204,岩戸山歴史資料館,福岡縣,歷史博物館,4.0,100,歷史博物館,Hakata Station,42.0,0.70,0.8000,1.0000,0.1064,0.7706,,33.2290170,130.5523510,Q133326888
3269,郡山市野鳥の森学習館,福島縣,動物学博物館,4.0,100,動物学博物館,Fukushima Station,42.3,0.70,0.8000,1.0000,0.1057,0.7706,http://commons.wikimedia.org/wiki/Special:FilePath/Koriyama%20Museum%20of%20Birds1.jpg,37.3813060,140.3637780,Q24867517
3735,資生堂藝術屋,靜岡縣,美術館,4.0,100,美術館,Shizuoka Station,42.3,0.70,0.8000,1.0000,0.1057,0.7706,http://commons.wikimedia.org/wiki/Special:FilePath/Shiseido%20Art%20House%20Museum.jpg,34.7656111,137.9991944,Q104575629
3756,資生堂企業資料館,靜岡縣,公司博物館,4.0,100,公司博物館,Shizuoka Station,42.2,0.70,0.8000,1.0000,0.1060,0.7706,http://commons.wikimedia.org/wiki/Special:FilePath/%E8%B3%87%E7%94%9F%E5%A0%82%E4%BC%81%E6%A5%AD%E8%B3%87%E6%96%99%E9%A4%A8.jpg,34.7657778,138.0004444,Q104575526
3914,青山剛昌故鄉館,鳥取縣,博物館,4.0,100,博物館,Tottori Station,42.0,0.70,0.8000,1.0000,0.1064,0.7706,http://commons.wikimedia.org/wiki/Special:FilePath/Gosho%20Aoyama%20Manga%20Factory.jpg,35.4980280,133.7618330,Q11661221
1375,米泽市上杉博物馆,山形縣,博物館,4.0,100,博物館,Yamagata Station,42.6,0.70,0.8000,1.0000,0.1051,0.7705,http://commons.wikimedia.org/wiki/Special:FilePath/Denkoku-no%20Mori%20%28Yonezawa%20City%20Uesugi%20Museum%29.jpg,37.9075278,140.1066611,Q11604262
1395,原始布・古代織参考館,山形縣,織物博物館,4.0,100,織物博物館,Yamagata Station,42.5,0.70,0.8000,1.0000,0.1052,0.7705,http://commons.wikimedia.org/wiki/Special:FilePath/Yonezawa%20Folk%20Crafts%20Museum.JPG,37.9064220,140.1108750,Q104696382
1400,米織会館,山形縣,織物博物館,4.0,100,織物博物館,Yamagata Station,42.4,0.70,0.8000,1.0000,0.1055,0.7705,http://commons.wikimedia.org/wiki/Special:FilePath/Yonezawa%20Textile%20Historical%20Museum.JPG,37.9075833,140.1112222,Q65278083
1472,坂内民俗資料館,岐阜縣,历史房屋博物馆,4.0,100,历史房屋博物馆,Gifu Station,42.6,0.70,0.8000,1.0000,0.1049,0.7705,,35.6148333,136.3587222,Q113482103
1904,海與島的歴史資料館,廣島縣,博物館,4.0,100,博物館,Hiroshima Station,42.6,0.70,0.8000,1.0000,0.1050,0.7705,http://commons.wikimedia.org/wiki/Special:FilePath/%E5%A4%A7%E5%B4%8E%E4%B8%8A%E5%B3%B6%20%E6%B5%B7%E3%81%A8%E5%B3%B6%E3%81%AE%E6%AD%B4%E5%8F%B2%E8%B3%87%E6%96%99%E9%A4%A8%202013-08.JPG,34.2616667,132.9093611,Q27166678
2112,南知多海灘樂園,愛知縣,水族館,4.0,100,水族館,Nagoya Station,42.8,0.70,0.8000,1.0000,0.1045,0.7705,http://commons.wikimedia.org/wiki/Special:FilePath/Minami-Chita%20Beach%20Land%EF%BC%88%E5%8D%97%E7%9F%A5%E5%A4%9A%E3%83%93%E3%83%BC%E3%83%81%E3%83%A9%E3%83%B3%E3%83%89%EF%BC%89.jpg,34.7863390,136.8557080,Q11408304
3455,予科練平和記念館,茨城縣,和平博物館,4.0,100,和平博物館,Mito Station,42.7,0.70,0.8000,1.0000,0.1049,0.7705,http://commons.wikimedia.org/wiki/Special:FilePath/Yokaren%20Peace%20memorial%20museum%2C%20Ami-town.jpg,36.0455140,140.2234550,Q122852747
3789,雲見くじら館,靜岡縣,博物館,4.0,100,博物館,Shizuoka Station,42.4,0.70,0.8000,1.0000,0.1054,0.7705,,34.7263060,138.7450560,Q17215211
44,木曽岬町立文化資料館,三重縣,博物館,4.0,100,博物館,Tsu Station,43.0,0.70,0.8000,1.0000,0.1042,0.7704,http://commons.wikimedia.org/wiki/Special:FilePath/%E6%9C%A8%E6%9B%BD%E5%B2%AC%E7%94%BA%E7%AB%8B%E6%96%87%E5%8C%96%E8%B3%87%E6%96%99%E9%A4%A8.jpg,35.0754750,136.7306390,Q11518541
711,野田市鄉土博物館,千葉縣,地方文化館,4.0,100,地方文化館,Chiba Station,43.2,0.70,0.8000,1.0000,0.1038,0.7704,http://commons.wikimedia.org/wiki/Special:FilePath/Noda-kyodo-museum.jpg,35.9453611,139.8654167,Q11645980
716,茂木本家美術館,千葉縣,美術館,4.0,100,美術館,Chiba Station,42.9,0.70,0.8000,1.0000,0.1043,0.7704,http://commons.wikimedia.org/wiki/Special:FilePath/Mogi-Honke%20Museum%20of%20Art.JPG,35.9428056,139.8649167,Q22120627
722,髙梨本家上花輪歴史館,千葉縣,历史房屋博物馆,4.0,100,历史房屋博物馆,Chiba Station,43.0,0.70,0.8000,1.0000,0.1043,0.7704,http://commons.wikimedia.org/wiki/Special:FilePath/Takanashi-03.jpg,35.9394450,139.8578940,Q104696859
773,野田市市民会館,千葉縣,博物館,4.0,100,博物館,Chiba Station,43.2,0.70,0.8000,1.0000,0.1038,0.7704,http://commons.wikimedia.org/wiki/Special:FilePath/Noda%20City%20Shiminkaikan%2005.jpg,35.9457330,139.8655830,Q131399088
863,埼玉県立川の博物館,埼玉縣,都道府县立博物馆,4.0,100,都道府县立博物馆,Omiya Station,43.2,0.70,0.8000,1.0000,0.1038,0.7704,http://commons.wikimedia.org/wiki/Special:FilePath/Saitama%20Museum%20of%20Rivers.jpg,36.1157220,139.2197500,Q11426657
1127,石巻市博物館,宮城縣,市立博物館,4.0,100,市立博物館,Sendai Station,43.0,0.70,0.8000,1.0000,0.1041,0.7704,,38.4589030,141.3058030,Q133043187
2717,栗田美术馆,栃木縣,陶瓷博物館,4.0,100,陶瓷博物館,Utsunomiya Station,43.2,0.70,0.8000,1.0000,0.1037,0.7704,http://commons.wikimedia.org/wiki/Special:FilePath/KuritaMuseum.jpg,36.3166778,139.5216250,Q11536081
2734,名草の巨石群,栃木縣,石頭,4.0,100,石頭,Utsunomiya Station,42.9,0.70,0.8000,1.0000,0.1043,0.7704,http://commons.wikimedia.org/wiki/Special:FilePath/Nagusa%20Gigantic%20Rocks%2C%20Osonae-ishi%20stone%20of%20biotite%20granodiorite.%20A.jpg,36.4320830,139.4451390,Q123684747
2919,石川県九谷焼美術館,石川縣,陶瓷博物館,4.0,100,陶瓷博物館,Kanazawa Station,43.0,0.70,0.8000,1.0000,0.1041,0.7704,http://commons.wikimedia.org/wiki/Special:FilePath/%E4%B9%9D%E8%B0%B7%E7%84%BC%E7%BE%8E%E8%A1%93%E9%A4%A8.jpg,36.3027580,136.3103060,Q11585938
3096,曾我梅林,神奈川縣,觀光景點,4.0,100,觀光景點,Yokohama Station,43.1,0.70,0.8000,1.0000,0.1039,0.7704,,35.2994444,139.1930556,Q105448979
3439,上高津貝塚ふるさと歴史の広場,茨城縣,考古博物館,4.0,100,考古博物館,Mito Station,42.9,0.70,0.8000,1.0000,0.1044,0.7704,http://commons.wikimedia.org/wiki/Special:FilePath/KamitakatsuKaizuka.jpg,36.0767222,140.1663056,Q65248041
3456,安良川の爺スギ,茨城縣,巨樹,4.0,100,巨樹,Mito Station,43.3,0.70,0.8000,1.0000,0.1035,0.7704,http://commons.wikimedia.org/wiki/Special:FilePath/Arakawa%20Jii%20cedar%20tree.%20A.jpg,36.7147780,140.7034440,Q123434781
3543,碌山美術館,長野縣,人物紀念館,4.0,100,人物紀念館,Nagano Station,43.2,0.70,0.8000,1.0000,0.1038,0.7704,http://commons.wikimedia.org/wiki/Special:FilePath/150921%20Rokuzan%20Art%20Museum%20Azumino%20Nagano%20pref%20Japan01s3.jpg,36.3436940,137.8813890,Q11587726
3603,安曇野瑞士村,長野縣,主題公園,4.0,100,主題公園,Nagano Station,43.2,0.70,0.8000,1.0000,0.1038,0.7704,,36.3223056,137.9166667,Q68593755
3725,伊豆之長八美術館,靜岡縣,人物紀念館,4.0,100,人物紀念館,Shizuoka Station,43.2,0.70,0.8000,1.0000,0.1037,0.7704,http://commons.wikimedia.org/wiki/Special:FilePath/Izu-no-chohachi%20Museum%2001.jpg,34.7487778,138.7766389,Q11380530
3810,長八記念館,靜岡縣,纪念博物馆,4.0,100,纪念博物馆,Shizuoka Station,43.2,0.70,0.8000,1.0000,0.1038,0.7704,,34.7496030,138.7768700,Q123517165
19,貨物鐵道博物館,三重縣,鐵路博物館,4.0,100,鐵路博物館,Tsu Station,43.3,0.70,0.8000,1.0000,0.1035,0.7703,,35.1235560,136.5188610,Q11634688
1460,岐阜県先端科学技術体験センター,岐阜縣,博物馆建筑,4.0,100,博物馆建筑,Gifu Station,43.7,0.70,0.8000,1.0000,0.1026,0.7703,http://commons.wikimedia.org/wiki/Special:FilePath/Gifu%20Research%20Information%20Center%20Science%20World2008-1.jpg,35.3761110,137.2369440,Q11471438
1464,瑞浪市市之瀬廣太記念美術館,岐阜縣,美術館,4.0,100,美術館,Gifu Station,43.7,0.70,0.8000,1.0000,0.1026,0.7703,http://commons.wikimedia.org/wiki/Special:FilePath/Mizunami%20city%20ichinose%20hirota%20museum.jpg,35.3749444,137.2371111,Q114905513
1495,ミュージアム中仙道,岐阜縣,美術館,4.0,100,美術館,Gifu Station,43.6,0.70,0.8000,1.0000,0.1029,0.7703,,35.3666670,137.2343060,Q11342621
1530,瑞浪市地球回廊,岐阜縣,自然歷史博物館,4.0,100,自然歷史博物館,Gifu Station,43.8,0.70,0.8000,1.0000,0.1025,0.7703,http://commons.wikimedia.org/wiki/Special:FilePath/Mizunami%20city%20chikyu%20kairo.jpg,35.3741060,137.2372560,Q11573909
1534,瑞浪市陶磁資料館,岐阜縣,陶瓷博物館,4.0,100,陶瓷博物館,Gifu Station,43.6,0.70,0.8000,1.0000,0.1028,0.7703,http://commons.wikimedia.org/wiki/Special:FilePath/Mizunami%20city%20ceramics%20museum.jpg,35.3741667,137.2356944,Q104710294
1600,瑞浪市化石博物館,岐阜縣,古生物博物馆,4.0,100,古生物博物馆,Gifu Station,43.6,0.70,0.8000,1.0000,0.1029,0.7703,http://commons.wikimedia.org/wiki/Special:FilePath/%E7%91%9E%E6%B5%AA%E5%B8%82%E5%8C%96%E7%9F%B3%E5%8D%9A%E7%89%A9%E9%A4%A8.jpg,35.3730300,137.2350610,Q11573910
1641,津山教育鐵道館,岡山縣,didactic museum,4.0,100,didactic museum,Okayama Station,43.6,0.70,0.8000,1.0000,0.1028,0.7703,http://commons.wikimedia.org/wiki/Special:FilePath/Tsuyama%20Railroad%20Educational%20Museum%2020160410.jpg,35.0533200,133.9997820,Q22079757
1998,今治市岩田健母と子のミュージアム,愛媛縣,雕塑公园,4.0,100,雕塑公园,Matsuyama Station,43.6,0.70,0.8000,1.0000,0.1028,0.7703,http://commons.wikimedia.org/wiki/Special:FilePath/Mother%20and%20child%20museum%20-%20panoramio%20%281%29.jpg,34.1947860,132.9541796,Q11377194
3400,毛塚記念館,群馬縣,建成遗产,4.0,100,建成遗产,Maebashi Station,43.7,0.70,0.8000,1.0000,0.1026,0.7703,http://commons.wikimedia.org/wiki/Special:FilePath/Kezuka%20Kinenkan%20%28Tatebayashi%29%2001.jpg,36.2474620,139.5305620,Q130638774
3428,製粉ミュージアム,群馬縣,博物館,4.0,100,博物館,Maebashi Station,43.4,0.70,0.8000,1.0000,0.1033,0.7703,http://commons.wikimedia.org/wiki/Special:FilePath/Seifun%20Museum.JPG,36.2455930,139.5257880,Q130619145
3537,田淵行男記念館,長野縣,人物紀念館,4.0,100,人物紀念館,Nagano Station,43.5,0.70,0.8000,1.0000,0.1030,0.7703,http://commons.wikimedia.org/wiki/Special:FilePath/%E7%94%B0%E6%B7%B5%E8%A1%8C%E7%94%B7%E8%A8%98%E5%BF%B5%E9%A4%A8%E5%85%A8%E5%AE%B9P8149156.jpg,36.3255556,137.9039722,Q11577117
315,姬路中央公園,兵庫縣,野生动物园,4.0,100,野生动物园,Kobe Station,44.2,0.70,0.8000,1.0000,0.1017,0.7702,http://commons.wikimedia.org/wiki/Special:FilePath/Himeji-central-park-entrance.JPG,34.8677460,134.7520640,Q2585012
371,篠山能楽資料館,兵庫縣,剧院博物馆,4.0,100,剧院博物馆,Kobe Station,43.8,0.70,0.8000,1.0000,0.1024,0.7702,http://commons.wikimedia.org/wiki/Special:FilePath/%E8%83%BD%E6%A5%BD%E8%B3%87%E6%96%99%E9%A4%A8%20Museum%20of%20Noh%20Artifacts%20-%20panoramio.jpg,35.0717430,135.2249320,Q136750912
723,母親牧場,千葉縣,牧场,4.0,100,牧场,Chiba Station,43.9,0.70,0.8000,1.0000,0.1022,0.7702,http://commons.wikimedia.org/wiki/Special:FilePath/Motherfarm.jpg,35.2460278,139.9348333,Q575499
878,埼玉県立深谷商業高等学校記念館,埼玉縣,教育博物館,4.0,100,教育博物館,Omiya Station,44.0,0.70,0.8000,1.0000,0.1020,0.7702,http://commons.wikimedia.org/wiki/Special:FilePath/Fukaya-Commercial-HighSchool-MemorialHall-2013081501.jpg,36.1970000,139.2912778,Q22118792
1172,感覚ミュージアム,宮城縣,美術館,4.0,100,美術館,Sendai Station,44.1,0.70,0.8000,1.0000,0.1019,0.7702,http://commons.wikimedia.org/wiki/Special:FilePath/Kankaku-Museum%20101218.jpg,38.6565830,140.8706670,Q11494971
1993,大洲市立肱川風の博物館・歌麿館,愛媛縣,博物館,4.0,100,博物館,Matsuyama Station,44.0,0.70,0.8000,1.0000,0.1020,0.7702,,33.4472800,132.6929440,Q123536443
2128,尾崎士郎記念館 (西尾市),愛知縣,文學館,4.0,100,文學館,Nagoya Station,43.8,0.70,0.8000,1.0000,0.1024,0.7702,http://commons.wikimedia.org/wiki/Special:FilePath/Nishio%20City%20Shiro%20Ozaki%20Memorial%20Museum%20exterior%20ac%20%281%29.jpg,34.8066080,137.0651460,Q124685558
3192,筑後市郷土資料館,福岡縣,市立博物館,4.0,100,市立博物館,Hakata Station,44.0,0.70,0.8000,1.0000,0.1021,0.7702,http://commons.wikimedia.org/wiki/Special:FilePath/Chikugo%20City%20Museum%2020161102.jpg,33.1987260,130.4862470,Q132173914
3350,秋田縣立男鹿水族館,秋田縣,水族館,4.0,100,水族館,Akita Station,44.1,0.70,0.8000,1.0000,0.1018,0.7702,http://commons.wikimedia.org/wiki/Special:FilePath/Oga%20Aquarium%2020210618.jpg,39.9421670,139.7045830,Q11595485
3600,安曇野市穂高郷土資料館,長野縣,地方文化館,4.0,100,地方文化館,Nagano Station,44.1,0.70,0.8000,1.0000,0.1019,0.7702,http://commons.wikimedia.org/wiki/Special:FilePath/Hodaka%20Kyodo%20Shiryo1.jpg,36.3723167,137.8286250,Q11450781
3616,絵本美術館 森のおうち,長野縣,繪本博物館,4.0,100,繪本博物館,Nagano Station,44.1,0.70,0.8000,1.0000,0.1018,0.7702,,36.3638333,137.8378056,Q85883183
3751,沼津港大型展望水門 View-O,靜岡縣,水門,4.0,100,水門,Shizuoka Station,44.1,0.70,0.8000,1.0000,0.1018,0.7702,http://commons.wikimedia.org/wiki/Special:FilePath/View-O%2020121020.jpg,35.0813530,138.8546420,Q11276832
3997,霧島溫泉鄉,鹿兒島縣,温泉郷,4.0,100,温泉郷,Kagoshima-Chuo Station,44.2,0.70,0.8000,1.0000,0.1015,0.7702,http://commons.wikimedia.org/wiki/Special:FilePath/Kirishima%20Onsen01n4592.jpg,31.8963417,130.8305056,Q11660895
37,刀剣ワールド桑名・多度,三重縣,美術館,4.0,100,美術館,Tsu Station,44.4,0.70,0.8000,1.0000,0.1013,0.7701,http://commons.wikimedia.org/wiki/Special:FilePath/%E5%88%80%E5%89%A3%E3%82%B3%E3%83%AC%E3%82%AF%E3%82%B7%E3%83%A7%E3%83%B3%E6%A1%91%E5%90%8D%E3%83%BB%E5%A4%9A%E5%BA%A6.jpg,35.1272222,136.5936111,Q109339483
220,丹波篠山市立歴史美術館,兵庫縣,美術館,4.0,100,美術館,Kobe Station,44.4,0.70,0.8000,1.0000,0.1012,0.7701,http://commons.wikimedia.org/wiki/Special:FilePath/Sasayama%20Municipal%20Museum%20of%20History05st3200.jpg,35.0771944,135.2198889,Q11603687
339,姫路市埋蔵文化財センター,兵庫縣,埋藏文化財中心,4.0,100,埋藏文化財中心,Kobe Station,44.5,0.70,0.8000,1.0000,0.1010,0.7701,http://commons.wikimedia.org/wiki/Special:FilePath/%E5%A7%AB%E8%B7%AF%E5%B8%82%E5%9F%8B%E8%94%B5%E6%96%87%E5%8C%96%E8%B2%A1%E3%82%BB%E3%83%B3%E3%82%BF%E3%83%BC.jpg,34.8166667,134.7202778,Q116606456
1424,アルカディア南部文化館,山梨縣,圖書館,4.0,100,圖書館,Kofu Station,44.3,0.70,0.8000,1.0000,0.1015,0.7701,,35.2796833,138.4554528,Q17192099
1626,津山郷土博物館,岡山縣,地方政府大樓,4.0,100,地方政府大樓,Okayama Station,44.5,0.70,0.8000,1.0000,0.1009,0.7701,http://commons.wikimedia.org/wiki/Special:FilePath/Tsuyama%20City%20Museum20171126-01.jpg,35.0608250,134.0056390,Q104783507
1633,つやま自然のふしぎ館,岡山縣,自然歷史博物館,4.0,100,自然歷史博物館,Okayama Station,44.6,0.70,0.8000,1.0000,0.1009,0.7701,,35.0609722,134.0048333,Q55522787
2443,東京SUMMERLAND,東京都,主題公園,4.0,100,主題公園,Tokyo Station,44.4,0.70,0.8000,1.0000,0.1012,0.7701,http://commons.wikimedia.org/wiki/Special:FilePath/%E6%9D%B1%E4%BA%AC%E3%82%B5%E3%83%9E%E3%83%BC%E3%83%A9%E3%83%B3%E3%83%89.jpg,35.7174170,139.2773890,Q5368597
3260,郡山カルチャーパーク,福島縣,主題樂園,4.0,100,主題樂園,Fukushima Station,44.6,0.70,0.8000,1.0000,0.1008,0.7701,http://commons.wikimedia.org/wiki/Special:FilePath/201505%E9%83%A1%E5%B1%B1%E3%82%AB%E3%83%AB%E3%83%81%E3%83%A3%E3%83%BC%E3%83%91%E3%83%BC%E3%82%AF.JPG,37.3666944,140.3288611,Q11643134
3305,大安場史跡公園,福島縣,考古学公園,4.0,100,考古学公園,Fukushima Station,44.5,0.70,0.8000,1.0000,0.1009,0.7701,http://commons.wikimedia.org/wiki/Special:FilePath/Ohyasuba-park.jpg,37.3561111,140.4025000,Q21652646
3418,田中正造記念館,群馬縣,人物紀念館,4.0,100,人物紀念館,Maebashi Station,44.4,0.70,0.8000,1.0000,0.1013,0.7701,http://commons.wikimedia.org/wiki/Special:FilePath/Ashio%20copper%20mine%20pollution%20incident%20Shozo%20Tanaka%20Museum%2020150628.jpg,36.2469444,139.5380556,Q11575663
3430,館林市立資料館,群馬縣,博物館,4.0,100,博物館,Maebashi Station,44.7,0.70,0.8000,1.0000,0.1006,0.7701,,36.2448700,139.5407680,Q104696779
3468,カシマサッカーミュージアム,茨城縣,體育博物館,4.0,100,體育博物館,Mito Station,44.7,0.70,0.8000,1.0000,0.1007,0.7701,http://commons.wikimedia.org/wiki/Special:FilePath/%E3%82%AB%E3%82%B7%E3%83%9E%E3%82%B5%E3%83%83%E3%82%AB%E3%83%BC%E3%82%B9%E3%82%BF%E3%82%B8%E3%82%A2%E3%83%A0%20-%20panoramio%20%281%29.jpg,35.9917778,140.6410278,Q11294088
3599,飯沼飛行士記念館,長野縣,人物紀念館,4.0,100,人物紀念館,Nagano Station,44.7,0.70,0.8000,1.0000,0.1005,0.7701,,36.3167415,137.8961420,Q11666440
3744,沼津港深海水族館,靜岡縣,水族館,4.0,100,水族館,Shizuoka Station,44.5,0.70,0.8000,1.0000,0.1010,0.7701,http://commons.wikimedia.org/wiki/Special:FilePath/Numazu%20Deepblue%20Aquarium%2020200816%2001.jpg,35.0839720,138.8581670,Q11554537
3812,沼津市芹沢光治良記念館,靜岡縣,博物館,4.0,100,博物館,Shizuoka Station,44.5,0.70,0.8000,1.0000,0.1010,0.7701,http://commons.wikimedia.org/wiki/Special:FilePath/Research%20survey%20Serizawa%20Kojiro%20Memorial%20Museum%201970%201.png,35.0749111,138.8612398,Q125536815
3820,芹沢文学館,靜岡縣,博物館,4.0,100,博物館,Shizuoka Station,44.5,0.70,0.8000,1.0000,0.1010,0.7701,http://commons.wikimedia.org/wiki/Special:FilePath/Research%20survey%20Serizawa%20Kojiro%20Memorial%20Museum%201970%201.png,35.0749111,138.8612398,Q125537759
1663,箕作阮甫旧宅,岡山縣,历史房屋博物馆,4.0,100,历史房屋博物馆,Okayama Station,45.0,0.70,0.8000,1.0000,0.1001,0.7700,http://commons.wikimedia.org/wiki/Special:FilePath/%E7%AE%95%E4%BD%9C%E9%98%AE%E7%94%AB%E6%97%A7%E5%AE%85.jpg,35.0629722,134.0163056,Q53865655
1746,八幡平市博物館,岩手縣,博物館,4.0,100,博物館,Morioka Station,45.2,0.70,0.8000,1.0000,0.0996,0.7700,http://commons.wikimedia.org/wiki/Special:FilePath/Hachimantai%20City%20Museum.jpg,40.1032278,141.0523778,Q28690213
1749,碧祥寺博物館,岩手縣,博物館,4.0,100,博物館,Morioka Station,45.2,0.70,0.8000,1.0000,0.0997,0.7700,,39.4272778,140.7480556,Q11587795
3255,天鏡閣,福島縣,别墅,4.0,100,别墅,Fukushima Station,44.8,0.70,0.8000,1.0000,0.1004,0.7700,http://commons.wikimedia.org/wiki/Special:FilePath/Tenkyokaku.jpg,37.5214000,140.0440000,Q11443742
3300,相馬市伝承鎮魂祈念館,福島縣,海嘯博物館,4.0,100,海嘯博物館,Fukushima Station,45.1,0.70,0.8000,1.0000,0.0998,0.7700,http://commons.wikimedia.org/wiki/Special:FilePath/Haragama%20Obama%20Seaside%20Park%201.jpg,37.8299722,140.9640278,Q97311274
3370,田山花袋紀念文學館,群馬縣,文學館,4.0,100,文學館,Maebashi Station,45.1,0.70,0.8000,1.0000,0.0997,0.7700,http://commons.wikimedia.org/wiki/Special:FilePath/Tayama%20Katai%20Literature%20Museum.jpg,36.2438890,139.5456110,Q11576575
3380,向井千秋紀念兒童科學館,群馬縣,天文台,4.0,100,天文台,Maebashi Station,45.1,0.70,0.8000,1.0000,0.0999,0.7700,http://commons.wikimedia.org/wiki/Special:FilePath/Mukai%20Chiaki%20Children%27s%20Science%20Museum.jpg,36.2441110,139.5448060,Q11415881
3414,旧上毛モスリン事務所,群馬縣,建成遗产,4.0,100,建成遗产,Maebashi Station,45.1,0.70,0.8000,1.0000,0.0998,0.7700,http://commons.wikimedia.org/wiki/Special:FilePath/Former%20Jomo%20Muslin%20Office%2003.jpg,36.2445260,139.5454830,Q130724800
3419,館林市第二資料館,群馬縣,博物館,4.0,100,博物館,Maebashi Station,45.1,0.70,0.8000,1.0000,0.0998,0.7700,,36.2445650,139.5456710,Q130724784
3528,安曇野ジャンセン美術館,長野縣,人物紀念館,4.0,100,人物紀念館,Nagano Station,45.0,0.70,0.8000,1.0000,0.1001,0.7700,http://commons.wikimedia.org/wiki/Special:FilePath/Gaikan.jpg,36.3500000,137.8422222,Q11450773
3539,安曇野山岳美術館,長野縣,美術館,4.0,100,美術館,Nagano Station,45.2,0.70,0.8000,1.0000,0.0997,0.7700,,36.3523333,137.8357222,Q85879363
3645,安曇野市美術館,長野縣,现代美术馆,4.0,100,现代美术馆,Nagano Station,45.2,0.70,0.8000,1.0000,0.0995,0.7700,http://commons.wikimedia.org/wiki/Special:FilePath/Azumino%20Muncipal%20Museum%20of%20Modern%20Art%2C%20Toyoshina%20and%20Toyoshina%20Exchange%20and%20Learning%20Center%20Kibo.jpg,36.3054722,137.9063611,Q11450790
3650,佐久市立天来記念館,長野縣,書法美術館,4.0,100,書法美術館,Nagano Station,44.8,0.70,0.8000,1.0000,0.1004,0.7700,http://commons.wikimedia.org/wiki/Special:FilePath/Tenrai%20Museum.jpg,36.2648800,138.3622600,Q85876422
3670,安曇野市天蚕センター,長野縣,博物館,4.0,100,博物館,Nagano Station,44.8,0.70,0.8000,1.0000,0.1004,0.7700,,36.3528000,137.8408000,Q134926852
40,愛洲の館,三重縣,地方文化館,4.0,100,地方文化館,Tsu Station,45.6,0.70,0.8000,1.0000,0.0988,0.7699,http://commons.wikimedia.org/wiki/Special:FilePath/Gokasyo%20Aisu-no-Yakata%20ac.jpg,34.3554167,136.7021111,Q92451961
390,洲本市立淡路文化史料館,兵庫縣,博物館,4.0,100,博物館,Kobe Station,45.4,0.70,0.8000,1.0000,0.0992,0.7699,http://commons.wikimedia.org/wiki/Special:FilePath/Sumtomo%20Municipal%20Awajishima%20Museum%20Sumoto%20Hyogo%20pref%20Japan01n.jpg,34.3404170,134.9021110,Q11556534
1622,勝央美術文学館,岡山縣,美術館,4.0,100,美術館,Okayama Station,45.5,0.70,0.8000,1.0000,0.0990,0.7699,,35.0420950,134.1162180,Q132613645
1643,華鴒大塚美術館,岡山縣,美術館,4.0,100,美術館,Okayama Station,45.4,0.70,0.8000,1.0000,0.0992,0.7699,http://commons.wikimedia.org/wiki/Special:FilePath/Hanatori-Otsuka%20art%20museum.jpg,34.5815000,133.4335000,Q11620132
1693,詩歌文學館賞,岩手縣,文學館,4.0,100,文學館,Morioka Station,45.5,0.70,0.8000,1.0000,0.0990,0.7699,http://commons.wikimedia.org/wiki/Special:FilePath/%E6%97%A5%E6%9C%AC%E7%8F%BE%E4%BB%A3%E8%A9%A9%E6%AD%8C%E6%96%87%E5%AD%A6%E9%A4%A8%20-%20panoramio.jpg,39.2929170,141.1144720,Q11508588
1983,今治市伊東豊雄建築ミュージアム,愛媛縣,美術館,4.0,100,美術館,Matsuyama Station,45.4,0.70,0.8000,1.0000,0.0992,0.7699,http://commons.wikimedia.org/wiki/Special:FilePath/TIMA%20museum.jpg,34.2139170,132.9503890,Q11377188
2000,ところミュージアム大三島,愛媛縣,彫刻美術館,4.0,100,彫刻美術館,Matsuyama Station,45.6,0.70,0.8000,1.0000,0.0989,0.7699,http://commons.wikimedia.org/wiki/Special:FilePath/Tokoro%20Museum.jpg,34.2150278,132.9519722,Q11273158
2586,TAKAO 599 MUSEUM,東京都,市立博物館,4.0,100,市立博物館,Tokyo Station,45.4,0.70,0.8000,1.0000,0.0992,0.7699,http://commons.wikimedia.org/wiki/Special:FilePath/Takao%20599%20Museum-1.jpg,35.6304167,139.2687528,Q48753510
3346,秋田県埋蔵文化財センター,秋田縣,埋藏文化財中心,4.0,100,埋藏文化財中心,Akita Station,45.5,0.70,0.8000,1.0000,0.0989,0.7699,,39.4646170,140.5485430,Q132910556
3435,筑波博覽中心,茨城縣,科技博物館,4.0,100,科技博物館,Mito Station,45.5,0.70,0.8000,1.0000,0.0990,0.7699,http://commons.wikimedia.org/wiki/Special:FilePath/Tsukuba%20Expo%20Center02.jpg,36.0866940,140.1106110,Q11272218
3448,茨城県つくば美術館,茨城縣,美術館,4.0,100,美術館,Mito Station,45.6,0.70,0.8000,1.0000,0.0989,0.7699,http://commons.wikimedia.org/wiki/Special:FilePath/Tsukuba%20ARS%20No.2.jpg,36.0848400,140.1121500,Q114569247
3460,松見タワー,茨城縣,觀光塔,4.0,100,觀光塔,Mito Station,45.4,0.70,0.8000,1.0000,0.0992,0.7699,http://commons.wikimedia.org/wiki/Special:FilePath/Matsumi%20Tower.jpg,36.0909000,140.1073000,Q119012587
3490,展海峰,長崎縣,风景点,4.0,100,风景点,Nagasaki Station,45.4,0.70,0.8000,1.0000,0.0992,0.7699,http://commons.wikimedia.org/wiki/Special:FilePath/Observation%20Deck%20at%20Tenkaiho.JPG,33.1323611,129.6928611,Q11465727
3572,メルシャン軽井沢美術館,長野縣,美術館,4.0,100,美術館,Nagano Station,45.7,0.70,0.8000,1.0000,0.0987,0.7699,http://commons.wikimedia.org/wiki/Special:FilePath/Musee%20d%27art%20Mercian%20KARUIZAWA.jpg,36.3223610,138.5077780,Q11344069
3629,安曇野市豐科鄉土博物館,長野縣,地方文化館,4.0,100,地方文化館,Nagano Station,45.7,0.70,0.8000,1.0000,0.0987,0.7699,,36.2997222,137.9081944,Q11450792
3673,浅間縄文ミュージアム,長野縣,博物館,4.0,100,博物館,Nagano Station,45.7,0.70,0.8000,1.0000,0.0987,0.7699,http://commons.wikimedia.org/wiki/Special:FilePath/Ecole%20Miyota%20exterior%20ac%20%282%29.jpg,36.3215829,138.5064742,Q110730022
3960,坊津歴史資料センター輝津館,鹿兒島縣,歷史博物館,4.0,100,歷史博物館,Kagoshima-Chuo Station,45.7,0.70,0.8000,1.0000,0.0986,0.7699,http://commons.wikimedia.org/wiki/Special:FilePath/Kishinkan%2C%20B%C5%8Dnotsu%20Center%20for%20Historical%20Material.jpg,31.2735280,130.2246670,Q17217356
3968,霧島アートの森,鹿兒島縣,美術館,4.0,100,美術館,Kagoshima-Chuo Station,45.5,0.70,0.8000,1.0000,0.0990,0.7699,http://commons.wikimedia.org/wiki/Special:FilePath/Kirishima%20Open-Air%20Museum%202008.jpg,31.9395980,130.7786910,Q10855706
30,輪中の郷,三重縣,博物館,4.0,100,博物館,Tsu Station,46.1,0.70,0.8000,1.0000,0.0979,0.7698,http://commons.wikimedia.org/wiki/Special:FilePath/Nagashima-cho%20Wajyu-no-sato%2020140322.JPG,35.1216670,136.6880280,Q18460180
325,高田屋顯彰館・歴史文化資料館,兵庫縣,歷史博物館,4.0,100,歷史博物館,Kobe Station,46.0,0.70,0.8000,1.0000,0.0979,0.7698,http://commons.wikimedia.org/wiki/Special:FilePath/150613%20Wellness%20Park%20Goshiki%20Sumoto%20Hyogo%20pref%20Japan03s3.jpg,34.4151264,134.7911092,Q21653458
729,伊能忠敬記念館,千葉縣,人物紀念館,4.0,100,人物紀念館,Chiba Station,46.2,0.70,0.8000,1.0000,0.0976,0.7698,http://commons.wikimedia.org/wiki/Special:FilePath/The%20Inoh%20Tadataka%20Museum%2004.jpg,35.8883333,140.4972222,Q105188779
1598,筋骨めぐり,岐阜縣,觀光景點,4.0,100,觀光景點,Gifu Station,45.9,0.70,0.8000,1.0000,0.0982,0.7698,http://commons.wikimedia.org/wiki/Special:FilePath/%E7%AD%8B%E9%AA%A8%E3%82%81%E3%81%90%E3%82%8A%28%E9%A3%9B%E9%A8%A8%E9%87%91%E5%B1%B1%29.jpg,35.6610558,137.1578864,Q117442298
1634,ベンガラ館,岡山縣,陶瓷博物館,4.0,100,陶瓷博物館,Okayama Station,46.1,0.70,0.8000,1.0000,0.0979,0.7698,http://commons.wikimedia.org/wiki/Special:FilePath/Bengarakan07s3200.jpg,34.8531810,133.4683140,Q11337213
1968,愛媛県総合科学博物館,愛媛縣,都道府县立博物馆,4.0,100,都道府县立博物馆,Matsuyama Station,46.2,0.70,0.8000,1.0000,0.0976,0.7698,http://commons.wikimedia.org/wiki/Special:FilePath/Ehime%20prefectural%20science%20museum%201.jpg,33.9100760,133.2448750,Q11493676
2699,鹽原溫泉,栃木縣,温泉郷,4.0,100,温泉郷,Utsunomiya Station,46.0,0.70,0.8000,1.0000,0.0980,0.7698,http://commons.wikimedia.org/wiki/Special:FilePath/Yuppo%20no%20Sato.JPG,36.9685000,139.8231000,Q11428634
2820,滋賀大学. 経済学部. 史料館,滋賀縣,大學博物館,4.0,100,大學博物館,Otsu Station,46.1,0.70,0.8000,1.0000,0.0978,0.7698,,35.2773580,136.2459720,Q104720770
3447,地質標本館,茨城縣,地質学博物館,4.0,100,地質学博物館,Mito Station,46.1,0.70,0.8000,1.0000,0.0978,0.7698,http://commons.wikimedia.org/wiki/Special:FilePath/GSJ%20Geological%20Museum.JPG,36.0618890,140.1327220,Q11424701
3458,地圖與測量科學館,茨城縣,科學博物館,4.0,100,科學博物館,Mito Station,45.9,0.70,0.8000,1.0000,0.0982,0.7698,http://commons.wikimedia.org/wiki/Special:FilePath/ChizutoSokuryounoKagakukan.jpg,36.1039530,140.0855830,Q11424135
3524,安曇野アートヒルズミュージアム,長野縣,美術館,4.0,100,美術館,Nagano Station,45.8,0.70,0.8000,1.0000,0.0985,0.7698,http://commons.wikimedia.org/wiki/Special:FilePath/Azumino%20Arthills%20Museum.jpg,36.3401389,137.8420556,Q17190581
3532,美原高原美術館,長野縣,戶外博物館,4.0,100,戶外博物館,Nagano Station,46.1,0.70,0.8000,1.0000,0.0979,0.7698,http://commons.wikimedia.org/wiki/Special:FilePath/250426%20Utsukushi-ga-hara%20Open-Air%20Museum%20Ueda%20Nagano%20pref%20Japan14s3.jpg,36.2306667,138.1403611,Q11608719
3649,中山道69次資料館,長野縣,博物館,4.0,100,博物館,Nagano Station,46.2,0.70,0.8000,1.0000,0.0977,0.7698,http://commons.wikimedia.org/wiki/Special:FilePath/Wooden%20sign%20-%202324.jpg,36.3361278,138.5368750,Q11364288
3777,あわしまマリンパーク,靜岡縣,水族館,4.0,100,水族館,Shizuoka Station,46.2,0.70,0.8000,1.0000,0.0977,0.7698,http://commons.wikimedia.org/wiki/Special:FilePath/Awa%20Island%20from%20Port%20of%20Shizuura.jpg,35.0335556,138.8900000,Q83789636
3803,沼津市明治史料館,靜岡縣,歷史博物館,4.0,100,歷史博物館,Shizuoka Station,45.9,0.70,0.8000,1.0000,0.0983,0.7698,http://commons.wikimedia.org/wiki/Special:FilePath/Numazu%20City%20Archives%20of%20Meiji%20History%20ac%20%281%29.jpg,35.1218610,138.8582780,Q64482009
193,屋形石七釜,佐賀縣,觀光景點,4.0,100,觀光景點,Saga Station,46.4,0.70,0.8000,1.0000,0.0973,0.7697,http://commons.wikimedia.org/wiki/Special:FilePath/Yakataishi%20no%20Nanatsugama%20on%20the%20sea%20around.jpg,33.5490000,129.9324440,Q11353344
331,あずきミュージアム,兵庫縣,食物博物館,4.0,100,食物博物館,Kobe Station,46.4,0.70,0.8000,1.0000,0.0973,0.7697,http://commons.wikimedia.org/wiki/Special:FilePath/140111%20Azuki%20Museum%20Himeji%20Hyogo%20pref%20Japan21s3.jpg,34.8240280,134.7015830,Q17191323
760,水鄉佐原山車會館,千葉縣,山車会館,4.0,100,山車会館,Chiba Station,46.6,0.70,0.8000,1.0000,0.0969,0.7697,http://commons.wikimedia.org/wiki/Special:FilePath/Froat-sawara-festival-hall%2Ckatori-city%2Cjapan.JPG,35.8897230,140.5011930,Q11549309
804,紀州備長炭振興館,和歌山縣,博物館,4.0,100,博物館,Wakayama Station,46.3,0.70,0.8000,1.0000,0.0974,0.7697,,33.8512778,135.3951667,Q11605041
1632,吹屋ふるさと村郷土館,岡山縣,地方文化館,4.0,100,地方文化館,Okayama Station,46.4,0.70,0.8000,1.0000,0.0972,0.7697,http://commons.wikimedia.org/wiki/Special:FilePath/%E5%90%B9%E5%B1%8B%E3%81%B5%E3%82%8B%E3%81%95%E3%81%A8%E6%9D%91%E9%83%B7%E5%9C%9F%E9%A4%A8.jpg,34.8618720,133.4693560,Q38279422
1950,モラスコむぎ,德島縣,水族館,4.0,100,水族館,Tokushima Station,46.3,0.70,0.8000,1.0000,0.0974,0.7697,http://commons.wikimedia.org/wiki/Special:FilePath/Morasukomugi20220524%201.jpg,33.6670560,134.4436110,Q11344566
2836,井伊美術館,滋賀縣,美術館,4.0,100,美術館,Otsu Station,46.5,0.70,0.8000,1.0000,0.0972,0.7697,,35.2755560,136.2525000,Q107269377
2847,彥根城博物館,滋賀縣,歷史博物館,4.0,100,歷史博物館,Otsu Station,46.5,0.70,0.8000,1.0000,0.0970,0.7697,http://commons.wikimedia.org/wiki/Special:FilePath/Hikone%20Castle%20Museum01s3200.jpg,35.2756110,136.2535280,Q11487933
2857,多賀町立博物館,滋賀縣,地方文化館,4.0,100,地方文化館,Otsu Station,46.6,0.70,0.8000,1.0000,0.0969,0.7697,http://commons.wikimedia.org/wiki/Special:FilePath/Taga%20Town%20Museum%2020211010%2002.jpg,35.2211460,136.3024700,Q123516533
2865,琵琶湖周航之歌資料館,滋賀縣,音楽博物館,4.0,100,音楽博物館,Otsu Station,46.4,0.70,0.8000,1.0000,0.0972,0.7697,http://commons.wikimedia.org/wiki/Special:FilePath/%E7%90%B5%E7%90%B6%E6%B9%96%E5%91%A8%E8%88%AA%E3%81%AE%E6%AD%8C%E8%B3%87%E6%96%99%E9%A4%A82021.jpg,35.3976690,136.0340830,Q11573829
2933,栢野大杉,石川縣,巨樹,4.0,100,巨樹,Kanazawa Station,46.7,0.70,0.8000,1.0000,0.0966,0.7697,http://commons.wikimedia.org/wiki/Special:FilePath/Kayano%20%C5%8Csugi%2020070814.jpg,36.2275000,136.3600000,Q5600400
3135,旧敦賀港駅ランプ小屋,福井縣,鐵路博物館,4.0,100,鐵路博物館,Fukui Station,46.3,0.70,0.8000,1.0000,0.0975,0.7697,http://commons.wikimedia.org/wiki/Special:FilePath/TsurugaMinatoEkiLump%20inner.jpg,35.6632189,136.0757556,Q122980340
3139,旧敦賀港駅舎,福井縣,站房,4.0,100,站房,Fukui Station,46.6,0.70,0.8000,1.0000,0.0968,0.7697,http://commons.wikimedia.org/wiki/Special:FilePath/Tsuruga%20Railway%20Museum%20ac%20%282%29.jpg,35.6607780,136.0728060,Q11511060
3150,人道の港敦賀ムゼウム,福井縣,海事博物館,4.0,100,海事博物館,Fukui Station,46.4,0.70,0.8000,1.0000,0.0973,0.7697,http://commons.wikimedia.org/wiki/Special:FilePath/Port%20of%20Humanity%20Tsuruga%20Museum%202022.jpg,35.6627778,136.0734444,Q47419034
3203,CCA北九州,福岡縣,現代美術館,4.0,100,現代美術館,Hakata Station,46.3,0.70,0.8000,1.0000,0.0975,0.7697,http://commons.wikimedia.org/wiki/Special:FilePath/CCA%20KItakyushu%202.jpg,33.8650556,130.7968889,Q11193101
3313,南相馬市博物館,福島縣,博物館,4.0,100,博物館,Fukushima Station,46.6,0.70,0.8000,1.0000,0.0969,0.7697,,37.6233889,140.9630556,Q111495958
3387,天一美術館,群馬縣,美術館,4.0,100,美術館,Maebashi Station,46.4,0.70,0.8000,1.0000,0.0972,0.7697,http://commons.wikimedia.org/wiki/Special:FilePath/Ten-ichi%20Museum.JPG,36.7902222,138.9548611,Q21653680
3568,Sezon现代美术馆,長野縣,美術館,4.0,100,美術館,Nagano Station,46.4,0.70,0.8000,1.0000,0.0973,0.7697,http://commons.wikimedia.org/wiki/Special:FilePath/220930%20Sezon%20Museum%20of%20Modern%20Art%20Karuizawa%20Nagano%20pref%20Japan04s3.jpg,36.3698060,138.5807780,Q11314323
3597,堀辰雄文学記念館,長野縣,人物紀念館,4.0,100,人物紀念館,Nagano Station,46.4,0.70,0.8000,1.0000,0.0973,0.7697,http://commons.wikimedia.org/wiki/Special:FilePath/160730%20Tatsuo%20Hori%20literature%20Memorial%20Karuizawa%20Nagano%20pref%20Japan01n.jpg,36.3387778,138.5441389,Q84163072
3607,軽井沢町追分宿郷土館,長野縣,地方文化館,4.0,100,地方文化館,Nagano Station,46.4,0.70,0.8000,1.0000,0.0973,0.7697,http://commons.wikimedia.org/wiki/Special:FilePath/%E8%BF%BD%E5%88%86%E9%83%B7%E5%9C%9F%E9%A4%A8.jpg,36.3414720,138.5475280,Q104710268
3693,十和田市現代美術館,青森縣,現代美術館,4.0,100,現代美術館,Aomori Station,46.6,0.70,0.8000,1.0000,0.0969,0.7697,http://commons.wikimedia.org/wiki/Special:FilePath/Towada%20art%20center.JPG,40.6140390,141.2094100,Q11404944
3723,伊豆三津海洋樂園,靜岡縣,水族館,4.0,100,水族館,Shizuoka Station,46.5,0.70,0.8000,1.0000,0.0971,0.7697,http://commons.wikimedia.org/wiki/Special:FilePath/Izumitoseapala-2016.jpg,35.0194440,138.8959440,Q3156501
10,伊勢現代美術館,三重縣,美術館,4.0,100,美術館,Tsu Station,46.9,0.70,0.8000,1.0000,0.0964,0.7696,http://commons.wikimedia.org/wiki/Special:FilePath/%E4%BC%8A%E5%8B%A2%E7%8F%BE%E4%BB%A3%E7%BE%8E%E8%A1%93%E9%A4%A8%E5%A4%96%E8%A6%B3.jpg,34.3404760,136.6930780,Q17193123
256,日本玩具博物館,兵庫縣,玩具博物館,4.0,100,玩具博物館,Kobe Station,46.9,0.70,0.8000,1.0000,0.0963,0.7696,http://commons.wikimedia.org/wiki/Special:FilePath/Japan%20toy%20museum01%201920.jpg,34.9074440,134.7453890,Q11508580
291,香寺民俗資料館,兵庫縣,历史房屋博物馆,4.0,100,历史房屋博物馆,Kobe Station,47.3,0.70,0.8000,1.0000,0.0957,0.7696,http://commons.wikimedia.org/wiki/Special:FilePath/Koderaminnzoku001.JPG,34.9084170,134.7418610,Q11667228
1493,古今傳授之里博物館,岐阜縣,文學館,4.0,100,文學館,Gifu Station,47.3,0.70,0.8000,1.0000,0.0956,0.7696,http://commons.wikimedia.org/wiki/Special:FilePath/Kokin%20Denju%20no%20Sato%20Field%20Museum%20main001.JPG,35.8118000,136.9241110,Q11410886
2051,ティレク・ティレセク美浜美術館,愛知縣,美術館,4.0,100,美術館,Nagoya Station,47.0,0.70,0.8000,1.0000,0.0962,0.7696,,34.7493170,136.8516640,Q11318993
2134,南知多グリーンバレイ,愛知縣,主題公園,4.0,100,主題公園,Nagoya Station,47.1,0.70,0.8000,1.0000,0.0961,0.7696,,34.7480280,136.8997780,Q27016919
2330,青梅赤塚不二夫会館,東京都,美術館,4.0,100,美術館,Tokyo Station,47.3,0.70,0.8000,1.0000,0.0957,0.7696,http://commons.wikimedia.org/wiki/Special:FilePath/Fujio%20Akatsuka%20Museum%2C%20Ome%2C%20Tokyo%2C%20Japan.JPG,35.7885556,139.2605833,Q17239410
2379,昭和古物商品博物館,東京都,博物館,4.0,100,博物館,Tokyo Station,47.3,0.70,0.8000,1.0000,0.0957,0.7696,http://commons.wikimedia.org/wiki/Special:FilePath/Showa%20Retro%20Packaging%20Museum%20ac%20%281%29.jpg,35.7886940,139.2604720,Q11514016
2671,青梅鐵道公園,東京都,鉄道公園,4.0,100,鉄道公園,Tokyo Station,47.1,0.70,0.8000,1.0000,0.0959,0.7696,http://commons.wikimedia.org/wiki/Special:FilePath/OmeRailwayPark-c.jpg,35.7923000,139.2630000,Q11662011
2708,足利市立美術館,栃木縣,美術館,4.0,100,美術館,Utsunomiya Station,47.3,0.70,0.8000,1.0000,0.0956,0.7696,http://commons.wikimedia.org/wiki/Special:FilePath/Ashikaga%20Museum%20of%20Art%2001.jpg,36.3340280,139.4503890,Q11636775
3116,尊徳記念館,神奈川縣,教育設施,4.0,100,教育設施,Yokohama Station,46.9,0.70,0.8000,1.0000,0.0963,0.7696,,35.3026110,139.1457220,Q24874945
3147,紙わらべ資料館,福井縣,人形博物館,4.0,100,人形博物館,Fukui Station,47.3,0.70,0.8000,1.0000,0.0957,0.7696,http://commons.wikimedia.org/wiki/Special:FilePath/Kamiwarabe%20museum01s3872.jpg,35.6562780,136.0668890,Q11605497
3163,みなとつるが山車会館,福井縣,山車会館,4.0,100,山車会館,Fukui Station,47.2,0.70,0.8000,1.0000,0.0959,0.7696,http://commons.wikimedia.org/wiki/Special:FilePath/Minato%20Tsuruga%20yama%20hall01s3200.jpg,35.6568060,136.0688890,Q11279138
3165,旧大和田銀行本店本館,福井縣,市立博物館,4.0,100,市立博物館,Fukui Station,47.2,0.70,0.8000,1.0000,0.0958,0.7696,http://commons.wikimedia.org/wiki/Special:FilePath/Tsuruga%20Municipal%20Museum%20ac%20%281%29.jpg,35.6565000,136.0687500,Q11499542
3201,北九州創新館,福岡縣,科技博物館,4.0,100,科技博物館,Hakata Station,47.2,0.70,0.8000,1.0000,0.0957,0.7696,http://commons.wikimedia.org/wiki/Special:FilePath/Kitakyushu%20Innovation%20Gallery%20and%20Studio.JPG,33.8688639,130.8060833,Q11400906
3247,北九州市環境博物館,福岡縣,博物館,4.0,100,博物館,Hakata Station,47.3,0.70,0.8000,1.0000,0.0957,0.7696,http://commons.wikimedia.org/wiki/Special:FilePath/Kitakyushu%20Environment%20Museum.JPG,33.8678750,130.8074970,Q11400952
3506,雲仙岳災害紀念館,長崎縣,火山博物館,4.0,100,火山博物館,Nagasaki Station,47.2,0.70,0.8000,1.0000,0.0957,0.7696,http://commons.wikimedia.org/wiki/Special:FilePath/Mt%20Unzen%20Disaster%20Memorial%20Hall.jpg,32.7436389,130.3757222,Q28691707
3535,信州大学自然科学館,長野縣,大學博物館,4.0,100,大學博物館,Nagano Station,47.2,0.70,0.8000,1.0000,0.0957,0.7696,,36.2524560,137.9812240,Q133226827
11,鳥羽市立海之博物館,三重縣,民俗博物館,4.0,100,民俗博物館,Tsu Station,47.7,0.70,0.8000,1.0000,0.0949,0.7695,http://commons.wikimedia.org/wiki/Special:FilePath/Toba%20Sea-Folk%20Museum01.jpg,34.4492080,136.8998720,Q11558616
43,志摩市歴史民俗資料館,三重縣,民俗博物館,4.0,100,民俗博物館,Tsu Station,47.7,0.70,0.8000,1.0000,0.0948,0.7695,http://commons.wikimedia.org/wiki/Special:FilePath/Shima%20City%20Hall%20Isobe%20Branch.jpg,34.3755000,136.7969720,Q11490924
249,三木美術館,兵庫縣,美術館,4.0,100,美術館,Kobe Station,47.6,0.70,0.8000,1.0000,0.0950,0.7695,http://commons.wikimedia.org/wiki/Special:FilePath/Miki-art-museum.jpg,34.8329444,134.6915556,Q22120437
253,姬路市立美術館,兵庫縣,美術館,4.0,100,美術館,Kobe Station,47.5,0.70,0.8000,1.0000,0.0953,0.7695,http://commons.wikimedia.org/wiki/Special:FilePath/Himeji%20City%20Museum%20of%20Art20bs4480.jpg,34.8397220,134.6966670,Q11447532
326,兵庫縣立歷史博物館,兵庫縣,都道府县立博物馆,4.0,100,都道府县立博物馆,Kobe Station,47.5,0.70,0.8000,1.0000,0.0953,0.7695,http://commons.wikimedia.org/wiki/Special:FilePath/Hyogo%20Prefectural%20Museum%20of%20History01s3872.jpg,34.8411110,134.6969440,Q11393043
467,余市宇宙記念館,北海道,科學博物館,4.0,100,科學博物館,Sapporo Station,47.5,0.70,0.8000,1.0000,0.0951,0.7695,http://commons.wikimedia.org/wiki/Special:FilePath/Yoichi%20Space%20Dome%2C%20Hokkaido%20-%20Jun%2018%2C%202024.jpg,43.1892290,140.7886240,Q132553185
1707,利根山光人記念美術館,岩手縣,美術館,4.0,100,美術館,Morioka Station,47.4,0.70,0.8000,1.0000,0.0953,0.7695,http://commons.wikimedia.org/wiki/Special:FilePath/Toneyama%20Kojin%20Memorial%20Museum01s3872.jpg,39.2750280,141.1316940,Q11396893
1715,北上市立博物館,岩手縣,市立博物館,4.0,100,市立博物館,Morioka Station,47.9,0.70,0.8000,1.0000,0.0946,0.7695,http://commons.wikimedia.org/wiki/Special:FilePath/990michinoku%20folk%20village3200.jpg,39.2713330,141.1304440,Q11400858
1721,サトウハチロー記念館,岩手縣,人物紀念館,4.0,100,人物紀念館,Morioka Station,47.7,0.70,0.8000,1.0000,0.0949,0.7695,http://commons.wikimedia.org/wiki/Special:FilePath/Sato%20Hachiro%20Memorial%20Hall02s3200.jpg,39.2728890,141.1278060,Q11304875
2003,村上海賊ミュージアム,愛媛縣,海軍博物館,4.0,100,海軍博物館,Matsuyama Station,47.9,0.70,0.8000,1.0000,0.0945,0.7695,http://commons.wikimedia.org/wiki/Special:FilePath/Imabari%20Murakami-Kaizoku-Museum.jpg,34.1688330,133.0874440,Q11522834
2552,青梅市鄉土博物館,東京都,地方文化館,4.0,100,地方文化館,Tokyo Station,47.5,0.70,0.8000,1.0000,0.0953,0.7695,http://commons.wikimedia.org/wiki/Special:FilePath/%E9%9D%92%E6%A2%85%E5%B8%82%E9%83%B7%E5%9C%9F%E5%8D%9A%E7%89%A9%E9%A4%A8.jpg,35.7838330,139.2566940,Q11662005
2700,木の葉化石園,栃木縣,古生物博物馆,4.0,100,古生物博物馆,Utsunomiya Station,47.6,0.70,0.8000,1.0000,0.0951,0.7695,,36.9808889,139.8066389,Q111700660
2819,佐和山遊園,滋賀縣,主題樂園,4.0,100,主題樂園,Otsu Station,47.5,0.70,0.8000,1.0000,0.0952,0.7695,http://commons.wikimedia.org/wiki/Special:FilePath/Sawayamayuen.jpg,35.2745556,136.2690833,Q11383085
3182,北九州市科学館,福岡縣,科學博物館,4.0,100,科學博物館,Hakata Station,47.6,0.70,0.8000,1.0000,0.0950,0.7695,,33.8716667,130.8086111,Q124867042
3183,北九州市立自然史・歷史博物館,福岡縣,自然歷史博物館,4.0,100,自然歷史博物館,Hakata Station,47.4,0.70,0.8000,1.0000,0.0954,0.7695,http://commons.wikimedia.org/wiki/Special:FilePath/Kitakyusyu%20museum%20of%20natural%20history%20and%20human%20history.JPG,33.8691720,130.8085470,Q11400953
3231,平尾台自然観察センター,福岡縣,遊客中心,4.0,100,遊客中心,Hakata Station,47.6,0.70,0.8000,1.0000,0.0951,0.7695,http://commons.wikimedia.org/wiki/Special:FilePath/Hiraodai%20Nature%20Observation%20Center%2001.jpg,33.7562778,130.8944167,Q43925727
3564,田崎美術館,長野縣,美術館,4.0,100,美術館,Nagano Station,47.4,0.70,0.8000,1.0000,0.0954,0.7695,,36.3586111,138.5836111,Q85882441
3608,石之教會 內村鑑三紀念堂,長野縣,人物紀念館,4.0,100,人物紀念館,Nagano Station,47.8,0.70,0.8000,1.0000,0.0947,0.7695,http://commons.wikimedia.org/wiki/Special:FilePath/Ishinokyoukai01.jpg,36.3563060,138.5871110,Q11584735
3630,松本民芸館,長野縣,工藝博物館,4.0,100,工藝博物館,Nagano Station,47.8,0.70,0.8000,1.0000,0.0947,0.7695,http://commons.wikimedia.org/wiki/Special:FilePath/Matsumoto%20Folkcraft%20Museum.jpg,36.2426667,137.9947778,Q104575353
3758,修善寺虹之鄉,靜岡縣,主題公園,4.0,100,主題公園,Shizuoka Station,47.6,0.70,0.8000,1.0000,0.0951,0.7695,http://commons.wikimedia.org/wiki/Special:FilePath/Nijinosato%2020121104%20Entrance.jpg,34.9745690,138.9109240,Q3459356
271,姬路文學館,兵庫縣,博物馆建筑,4.0,100,博物馆建筑,Kobe Station,48.3,0.70,0.8000,1.0000,0.0938,0.7694,http://commons.wikimedia.org/wiki/Special:FilePath/Himeji%20City%20Museum%20of%20Literature04s3872.jpg,34.8417670,134.6876640,Q11447552
599,三笠铁道纪念馆,北海道,鐵路博物館,4.0,100,鐵路博物館,Sapporo Station,48.2,0.70,0.8000,1.0000,0.0939,0.7694,http://commons.wikimedia.org/wiki/Special:FilePath/Mikasa%20railroad%20memorial%20hall.JPG,43.2273060,141.9040830,Q11356924
1377,舟形町歴史民俗資料館,山形縣,博物館,4.0,100,博物館,Yamagata Station,48.0,0.70,0.8000,1.0000,0.0944,0.7694,,38.6802778,140.3250000,Q28693174
1614,西江邸,岡山縣,历史房屋博物馆,4.0,100,历史房屋博物馆,Okayama Station,48.4,0.70,0.8000,1.0000,0.0936,0.7694,http://commons.wikimedia.org/wiki/Special:FilePath/Nishie%20House.JPG,34.8690280,133.4492500,Q11628966
1718,みちのく民俗村,岩手縣,民家園,4.0,100,民家園,Morioka Station,47.9,0.70,0.8000,1.0000,0.0944,0.7694,http://commons.wikimedia.org/wiki/Special:FilePath/021michinoku%20folk%20village3200.jpg,39.2706110,141.1291110,Q11278994
2306,国指定重要文化財渡邉邸,新潟縣,博物館,4.0,100,博物館,Niigata Station,48.3,0.70,0.8000,1.0000,0.0938,0.7694,,38.0901910,139.5649460,Q104708815
3168,北原白秋記念館,福岡縣,人物紀念館,4.0,100,人物紀念館,Hakata Station,48.0,0.70,0.8000,1.0000,0.0943,0.7694,http://commons.wikimedia.org/wiki/Special:FilePath/Memorial%20Museum%20of%20Kitahara%20Hakushu%2020141111.JPG,33.1588900,130.3941700,Q11401264
3173,北原白秋生家,福岡縣,历史房屋博物馆,4.0,100,历史房屋博物馆,Hakata Station,48.0,0.70,0.8000,1.0000,0.0943,0.7694,http://commons.wikimedia.org/wiki/Special:FilePath/Hakushu%20Kitahara01s3200.jpg,33.1589720,130.3940580,Q11401262
3193,太空世界,福岡縣,已廢止組織,4.0,100,已廢止組織,Hakata Station,48.0,0.70,0.8000,1.0000,0.0944,0.7694,http://commons.wikimedia.org/wiki/Special:FilePath/Space%20World%2001.jpg,33.8735200,130.8121500,Q168754
3236,立花家史料館,福岡縣,歷史博物館,4.0,100,歷史博物館,Hakata Station,48.0,0.70,0.8000,1.0000,0.0943,0.7694,http://commons.wikimedia.org/wiki/Special:FilePath/Entrance%20of%20Tononokura%20Warehouse%20and%20Historical%20Museum%20of%20the%20Tachibana%20Clan.JPG,33.1588400,130.3973100,Q104783988
3637,旧山辺学校校舎,長野縣,民俗博物館,4.0,100,民俗博物館,Nagano Station,48.2,0.70,0.8000,1.0000,0.0939,0.7694,http://commons.wikimedia.org/wiki/Special:FilePath/Former%20Yamabe%20School%202.jpg,36.2357500,138.0033610,Q11511039
4000,肝付町立歴史民俗資料館,鹿兒島縣,博物館,4.0,100,博物館,Kagoshima-Chuo Station,48.5,0.70,0.8000,1.0000,0.0935,0.7694,http://commons.wikimedia.org/wiki/Special:FilePath/Kimotsuki%20Town%20Museum.JPG,31.3440500,130.9677000,Q126452126
27,藤原岳自然科学館,三重縣,自然歷史博物館,4.0,100,自然歷史博物館,Tsu Station,49.0,0.70,0.8000,1.0000,0.0926,0.7693,,35.1743280,136.4870230,Q137774734
262,姫路市平和資料館,兵庫縣,和平博物館,4.0,100,和平博物館,Kobe Station,48.7,0.70,0.8000,1.0000,0.0931,0.7693,http://commons.wikimedia.org/wiki/Special:FilePath/Himeji-peace-museum.jpg,34.8218889,134.6741389,Q11447478
298,姬路市立水族館,兵庫縣,水族館,4.0,100,水族館,Kobe Station,48.6,0.70,0.8000,1.0000,0.0934,0.7693,http://commons.wikimedia.org/wiki/Special:FilePath/Himeji%20City%20Aquarium%20Himeji%20Hyogo%20pref%20Japan01n.jpg,34.8227220,134.6760280,Q2584900
319,柳田國男紀念館,兵庫縣,人物紀念館,4.0,100,人物紀念館,Kobe Station,48.8,0.70,0.8000,1.0000,0.0929,0.7693,http://commons.wikimedia.org/wiki/Special:FilePath/Yanagita%20kunio%20mh00s8.jpg,34.9577500,134.7646940,Q11534562
354,手柄山交流站,兵庫縣,鐵路博物館,4.0,100,鐵路博物館,Kobe Station,48.5,0.70,0.8000,1.0000,0.0934,0.7693,http://commons.wikimedia.org/wiki/Special:FilePath/Tegarayama-koryustation.jpg,34.8220000,134.6761110,Q11497072
358,福崎町立神崎郡歷史民俗資料館,兵庫縣,民俗博物館,4.0,100,民俗博物館,Kobe Station,48.8,0.70,0.8000,1.0000,0.0929,0.7693,http://commons.wikimedia.org/wiki/Special:FilePath/Kcmhc01%202816.jpg,34.9579440,134.7646940,Q11593787
867,澀澤榮一紀念館,埼玉縣,人物紀念館,4.0,100,人物紀念館,Omiya Station,48.8,0.70,0.8000,1.0000,0.0930,0.7693,http://commons.wikimedia.org/wiki/Special:FilePath/Eiichi%20Shibusawa%20Memorial%20Museum.JPG,36.2342500,139.2639440,Q21653251
881,和銅鉱泉,埼玉縣,温泉镇,4.0,100,温泉镇,Omiya Station,48.9,0.70,0.8000,1.0000,0.0928,0.7693,,36.0398560,139.1064480,Q108452484
1716,遠野ふるさと村,岩手縣,民家園,4.0,100,民家園,Morioka Station,48.5,0.70,0.8000,1.0000,0.0934,0.7693,http://commons.wikimedia.org/wiki/Special:FilePath/Tono-furusato-mura04s3872.jpg,39.3960000,141.5403890,Q11642412
1834,大久野島毒氣資料館,廣島縣,軍事博物館,4.0,100,軍事博物館,Hiroshima Station,48.7,0.70,0.8000,1.0000,0.0931,0.7693,http://commons.wikimedia.org/wiki/Special:FilePath/Dokugasmuseum.JPG,34.3059444,132.9941111,Q82275912
1985,住友化学愛媛工場歴史資料館,愛媛縣,公司博物館,4.0,100,公司博物館,Matsuyama Station,49.0,0.70,0.8000,1.0000,0.0927,0.7693,http://commons.wikimedia.org/wiki/Special:FilePath/Sumikasiryou02.jpg,33.9611389,133.2616389,Q27614309
2184,内田家,愛知縣,博物館,4.0,100,博物館,Nagoya Station,48.5,0.70,0.8000,1.0000,0.0934,0.7693,http://commons.wikimedia.org/wiki/Special:FilePath/%E5%B0%BE%E5%B7%9E%E5%BB%BB%E8%88%B9%E5%86%85%E6%B5%B7%E8%88%B9%E8%88%B9%E4%B8%BB%20%E5%86%85%E7%94%B0%E5%AE%B6%20ac.jpg,34.7346110,136.8738330,Q60987803
2709,草雲美術館,栃木縣,美術館,4.0,100,美術館,Utsunomiya Station,48.6,0.70,0.8000,1.0000,0.0934,0.7693,http://commons.wikimedia.org/wiki/Special:FilePath/SounArtMuseum.JPG,36.3356111,139.4325278,Q11618287
3083,小田原市鄉土文化館,神奈川縣,地方文化館,4.0,100,地方文化館,Yokohama Station,48.8,0.70,0.8000,1.0000,0.0930,0.7693,http://commons.wikimedia.org/wiki/Special:FilePath/%E5%B0%8F%E7%94%B0%E5%8E%9F%E5%B8%82%E9%83%B7%E5%9C%9F%E6%96%87%E5%8C%96%E9%A4%A8.jpg,35.2496940,139.1549170,Q11462975
3179,北九州市立美術館,福岡縣,美術館,4.0,100,美術館,Hakata Station,48.7,0.70,0.8000,1.0000,0.0930,0.7693,http://commons.wikimedia.org/wiki/Special:FilePath/Kitakyushu%20Municipal%20Museum%20of%20Art%2020090728.JPG,33.8698611,130.8265278,Q3297769
3413,浅间火山博物馆,群馬縣,火山博物館,4.0,100,火山博物館,Maebashi Station,48.5,0.70,0.8000,1.0000,0.0935,0.7693,http://commons.wikimedia.org/wiki/Special:FilePath/ASAMA%20Volcano%20Museum%202017-04.jpg,36.4400000,138.5352778,Q4803474
3483,佐世保市博物館島瀨美術中心,長崎縣,美術館,4.0,100,美術館,Nagasaki Station,48.8,0.70,0.8000,1.0000,0.0929,0.7693,http://commons.wikimedia.org/wiki/Special:FilePath/Sasebo%20city%20museum%20shimanose%20art%20center.jpg,33.1727500,129.7206389,Q11382536
3510,九十九島珍珠海洋遊覽區,長崎縣,主題樂園,4.0,100,主題樂園,Nagasaki Station,48.9,0.70,0.8000,1.0000,0.0928,0.7693,http://commons.wikimedia.org/wiki/Special:FilePath/200320%20Kujukushima%20Pearl%20Sea%20Resort%20Sasebo%20Nagasaki%20pref%20Japan10s3.jpg,33.1613889,129.6794444,Q7400110
3562,佐久市兒童未來館,長野縣,科學博物館,4.0,100,科學博物館,Nagano Station,48.6,0.70,0.8000,1.0000,0.0932,0.7693,http://commons.wikimedia.org/wiki/Special:FilePath/Saku%20Children%27s%20Science%20Dome.JPG,36.2716110,138.4758330,Q11382612
3581,松本市旧司祭館,長野縣,牧師館,4.0,100,牧師館,Nagano Station,48.7,0.70,0.8000,1.0000,0.0932,0.7693,http://commons.wikimedia.org/wiki/Special:FilePath/130608%20Former%20Matsumoto%20Catholic%20church%20priest%20house%20Matumoto%20Japan01n.jpg,36.2432220,137.9676390,Q11531029
3589,松本城,長野縣,日式城堡,4.0,100,日式城堡,Nagano Station,49.0,0.70,0.8000,1.0000,0.0925,0.7693,http://commons.wikimedia.org/wiki/Special:FilePath/Matsumoto%20Castle05s5s4592.jpg,36.2388889,137.9691667,Q739612
3605,舊開智學校,長野縣,教育博物館,4.0,100,教育博物館,Nagano Station,48.6,0.70,0.8000,1.0000,0.0932,0.7693,http://commons.wikimedia.org/wiki/Special:FilePath/250424%20Former%20Kaichi%20School%20Matsumoto%20Nagano%20pref%20Japan01s3.jpg,36.2433333,137.9683333,Q716411
3663,貞享義民紀念館,長野縣,博物館,4.0,100,博物館,Nagano Station,48.6,0.70,0.8000,1.0000,0.0932,0.7693,http://commons.wikimedia.org/wiki/Special:FilePath/View%20of%20the%20Joukyou%20Gimin%20Memorial%20Museum.JPG,36.2739669,137.8968061,Q6322223
175,佐賀縣立名護屋城博物館,佐賀縣,都道府县立博物馆,4.0,100,都道府县立博物馆,Saga Station,49.3,0.70,0.8000,1.0000,0.0921,0.7692,http://commons.wikimedia.org/wiki/Special:FilePath/NagoyaC%20museum.jpg,33.5277778,129.8702778,Q4801489
655,夕張鹿鳴館,北海道,博物館,4.0,100,博物館,Sapporo Station,49.6,0.70,0.8000,1.0000,0.0915,0.7692,,43.0371110,141.9601670,Q11430209
872,秩父銘仙館,埼玉縣,工业博物馆,4.0,100,工业博物馆,Omiya Station,49.2,0.70,0.8000,1.0000,0.0922,0.7692,http://commons.wikimedia.org/wiki/Special:FilePath/Chichibu%20Chichibumeisenkan%202.JPG,35.9905560,139.0872780,Q11271756
1198,若山牧水記念文学館,宮崎縣,文學館,4.0,100,文學館,Miyazaki Station,49.6,0.70,0.8000,1.0000,0.0915,0.7692,,32.3611667,131.4632500,Q84417156
1274,乃木神社宝物館,山口縣,宝物館,4.0,100,宝物館,Yamaguchi Station,49.4,0.70,0.8000,1.0000,0.0919,0.7692,http://commons.wikimedia.org/wiki/Special:FilePath/Treasure%20Museum%20of%20Nogi%20Shrine%20in%20Chofu%2C%20Shimonoseki%2C%20Yamaguchi.JPG,33.9993740,130.9860350,Q132496894
1324,下関市立美術館,山口縣,美術館,4.0,100,美術館,Yamaguchi Station,49.4,0.70,0.8000,1.0000,0.0919,0.7692,http://commons.wikimedia.org/wiki/Special:FilePath/Shimonoseki%20Municipal%20Art%20Museum.jpg,33.9897380,130.9908120,Q97342261
1339,忌宮神社宝物館,山口縣,宝物館,4.0,100,宝物館,Yamaguchi Station,49.3,0.70,0.8000,1.0000,0.0920,0.7692,http://commons.wikimedia.org/wiki/Special:FilePath/Treasure%20Museum%20of%20Iminomiya%20Shrine%20in%20Chofu%2C%20Shimonoseki%2C%20Yamaguchi.JPG,33.9989770,130.9871310,Q132496666
2092,蒲郡市博物館,愛知縣,市立博物館,4.0,100,市立博物館,Nagoya Station,49.5,0.70,0.8000,1.0000,0.0918,0.7692,http://commons.wikimedia.org/wiki/Special:FilePath/Gamagori%20City%20Museum2.jpg,34.8224670,137.2193830,Q11621405
2268,長岡市栃尾美術館,新潟縣,美術館,4.0,100,美術館,Niigata Station,49.3,0.70,0.8000,1.0000,0.0920,0.7692,http://commons.wikimedia.org/wiki/Special:FilePath/%E9%95%B7%E5%B2%A1%E5%B8%82%E6%A0%83%E5%B0%BE%E7%BE%8E%E8%A1%93%E9%A4%A8.jpg,37.4716667,138.9952778,Q99933926
2888,坂本善三美術館,熊本縣,美術館,4.0,100,美術館,Kumamoto Station,49.5,0.70,0.8000,1.0000,0.0917,0.7692,http://commons.wikimedia.org/wiki/Special:FilePath/Sakamoto%20Zenzo%20Museum%20of%20Art.JPG,33.1276860,131.0364030,Q11425245
3033,小田原文学馆,神奈川縣,文學館,4.0,100,文學館,Yokohama Station,49.1,0.70,0.8000,1.0000,0.0923,0.7692,http://commons.wikimedia.org/wiki/Special:FilePath/%E7%94%B0%E4%B8%AD%E5%85%89%E9%A1%95%E9%82%B8.jpg,35.2447778,139.1537222,Q65263796
3266,あぶくま洞,福島縣,觀光洞穴,4.0,100,觀光洞穴,Fukushima Station,49.3,0.70,0.8000,1.0000,0.0921,0.7692,http://commons.wikimedia.org/wiki/Special:FilePath/Flowstones%20and%20Mushroom%20Rocks%20inside%20Abukuma-do%20Cave.JPG,37.3447167,140.6734722,Q4670566
3327,TDK歴史みらい館,秋田縣,科技博物館,4.0,100,科技博物館,Akita Station,49.5,0.70,0.8000,1.0000,0.0917,0.7692,http://commons.wikimedia.org/wiki/Special:FilePath/TDK%20Museum.jpg,39.2916667,139.9572222,Q104243226
3386,嬬恋郷土資料館,群馬縣,地方文化館,4.0,100,地方文化館,Maebashi Station,49.2,0.70,0.8000,1.0000,0.0922,0.7692,http://commons.wikimedia.org/wiki/Special:FilePath/%E5%AC%AC%E6%81%8B%E9%83%B7%E5%9C%9F%E8%B3%87%E6%96%99%E9%A4%A8%281%29.jpg,36.5164750,138.5479778,Q11447811
3513,海上自衛隊佐世保史料館,長崎縣,歷史博物館,4.0,100,歷史博物館,Nagasaki Station,49.1,0.70,0.8000,1.0000,0.0924,0.7692,http://commons.wikimedia.org/wiki/Special:FilePath/Sail-Tower%2C%20JMSDF%20Sasebo%20Museum%20001.jpg,33.1738890,129.7136110,Q11558706
3541,松本市美術館,長野縣,美術館,4.0,100,美術館,Nagano Station,49.5,0.70,0.8000,1.0000,0.0917,0.7692,http://commons.wikimedia.org/wiki/Special:FilePath/Matsumoto%20city%20museum%20of%20art07nt3200.jpg,36.2316111,137.9764722,Q11531052
3593,松本市立博物館,長野縣,市立博物館,4.0,100,市立博物館,Nagano Station,49.1,0.70,0.8000,1.0000,0.0924,0.7692,http://commons.wikimedia.org/wiki/Special:FilePath/220728%20Matsumoto%20City%20Museum%20Japan01s3.jpg,36.2375780,137.9706140,Q11531038
3612,旧制高等学校記念館,長野縣,旧学校施設,4.0,100,旧学校施設,Nagano Station,49.4,0.70,0.8000,1.0000,0.0920,0.7692,http://commons.wikimedia.org/wiki/Special:FilePath/Kyuseikotogakko%20kinenkan2048.jpg,36.2311700,137.9824900,Q11510990
3647,松本市鐘錶博物館,長野縣,時計博物館,4.0,100,時計博物館,Nagano Station,49.6,0.70,0.8000,1.0000,0.0916,0.7692,http://commons.wikimedia.org/wiki/Special:FilePath/Matsumoto%20timepiece%20museum02n4592.jpg,36.2338250,137.9686690,Q11531031
3658,松本市はかり資料館,長野縣,博物館,4.0,100,博物館,Nagano Station,49.4,0.70,0.8000,1.0000,0.0919,0.7692,http://commons.wikimedia.org/wiki/Special:FilePath/Nakamachi%20street%20Matsumoto%20Nagano%20pref%20Japan04n.jpg,36.2339440,137.9725830,Q11531021
3726,井上靖文学馆,靜岡縣,人物紀念館,4.0,100,人物紀念館,Shizuoka Station,49.1,0.70,0.8000,1.0000,0.0925,0.7692,http://commons.wikimedia.org/wiki/Special:FilePath/Inoue-Yasushi-bungakukan-r.jpg,35.1724167,138.8689444,Q105842324
3802,静岡サッカー資料館,靜岡縣,體育博物館,4.0,100,體育博物館,Shizuoka Station,49.6,0.70,0.8000,1.0000,0.0916,0.7692,,35.1688330,138.8774720,Q11662904
3897,中岡慎太郎館,高知縣,人物紀念館,4.0,100,人物紀念館,Kochi Station,49.2,0.70,0.8000,1.0000,0.0923,0.7692,http://commons.wikimedia.org/wiki/Special:FilePath/Kitagawa%20Nakaoka%20Shintaro%20Museum%201.JPG,33.4564810,134.0570190,Q11364323
566,ウトナイ湖野生鳥獣保護センター,北海道,自然中心,4.0,100,自然中心,Sapporo Station,49.7,0.70,0.8000,1.0000,0.0915,0.7691,,42.7007290,141.6961830,Q132160481
846,埼玉縣立自然之博物館,埼玉縣,都道府县立博物馆,4.0,100,都道府县立博物馆,Omiya Station,50.0,0.70,0.8000,1.0000,0.0910,0.7691,http://commons.wikimedia.org/wiki/Special:FilePath/Ngatoro%20Saitamakenritu%20sizennohakubutukan%201.jpg,36.0874200,139.1159050,Q11426751
906,秩父故鄉館,埼玉縣,博物館,4.0,100,博物館,Omiya Station,49.8,0.70,0.8000,1.0000,0.0913,0.7691,http://commons.wikimedia.org/wiki/Special:FilePath/Chichibu%20Furusato%20Kan.JPG,35.9970000,139.0824170,Q11596101
1266,下関市立歴史博物館,山口縣,歷史博物館,4.0,100,歷史博物館,Yamaguchi Station,49.7,0.70,0.8000,1.0000,0.0914,0.7691,http://commons.wikimedia.org/wiki/Special:FilePath/Shimonoseki%20Municipal%20Shimonoseki%20History%20Museum.jpg,33.9959320,130.9840320,Q104783688
1325,下関市烏山民俗資料館,山口縣,地方文化館,4.0,100,地方文化館,Yamaguchi Station,49.9,0.70,0.8000,1.0000,0.0911,0.7691,,34.1377250,130.9394780,Q131328929
1328,下関市立長府博物館,山口縣,博物館,4.0,100,博物館,Yamaguchi Station,49.9,0.70,0.8000,1.0000,0.0911,0.7691,http://commons.wikimedia.org/wiki/Special:FilePath/Shimonoseki%20Chofu%20Museum.JPG,33.9954720,130.9822310,Q11361458
1767,飯南町民俗資料館,島根縣,民俗博物館,4.0,100,民俗博物館,Matsue Station,49.8,0.70,0.8000,1.0000,0.0912,0.7691,,35.0793770,132.7821930,Q132420775
1972,広瀬歴史記念館,愛媛縣,人物紀念館,4.0,100,人物紀念館,Matsuyama Station,50.1,0.70,0.8000,1.0000,0.0907,0.7691,http://commons.wikimedia.org/wiki/Special:FilePath/Hirosetei03.jpg,33.9188890,133.2861110,Q11485614
2106,生命の海科学館,愛知縣,科學博物館,4.0,100,科學博物館,Nagoya Station,50.0,0.70,0.8000,1.0000,0.0909,0.7691,http://commons.wikimedia.org/wiki/Special:FilePath/Science%20Museum%20Sea%20of%20Life.jpg,34.8202690,137.2249780,Q11574453
2164,海賓館マリンセンターハウス,愛知縣,體育博物館,4.0,100,體育博物館,Nagoya Station,49.9,0.70,0.8000,1.0000,0.0910,0.7691,http://commons.wikimedia.org/wiki/Special:FilePath/Marine%20center%20house.jpg,34.8199830,137.2236530,Q11559240
2259,Iyoboya會館,新潟縣,水族館,4.0,100,水族館,Niigata Station,50.2,0.70,0.8000,1.0000,0.0906,0.7691,http://commons.wikimedia.org/wiki/Special:FilePath/Iyoboya%20Museum.jpg,38.2277778,139.4713889,Q61721910
2577,日之出山莊,東京都,历史房屋博物馆,4.0,100,历史房屋博物馆,Tokyo Station,49.8,0.70,0.8000,1.0000,0.0912,0.7691,http://commons.wikimedia.org/wiki/Special:FilePath/Hinode%20seiundo.jpg,35.7638330,139.2245280,Q11504652
3007,松永記念館,神奈川縣,美術館,4.0,100,美術館,Yokohama Station,49.9,0.70,0.8000,1.0000,0.0911,0.7691,http://commons.wikimedia.org/wiki/Special:FilePath/R%C5%8Dky%C5%8Ds%C5%8D.jpg,35.2490280,139.1414720,Q11531611
3316,法國寺会津別院（会津村）,福島縣,佛寺,4.0,100,佛寺,Fukushima Station,49.9,0.70,0.8000,1.0000,0.0911,0.7691,http://commons.wikimedia.org/wiki/Special:FilePath/Aizu%20Kannon%20and%20Three-storied%20Pagoda%2815624662648%29.jpg,37.5541389,139.9523611,Q65248685
3335,フェライト子ども科学館,秋田縣,科學博物館,4.0,100,科學博物館,Akita Station,50.2,0.70,0.8000,1.0000,0.0907,0.7691,http://commons.wikimedia.org/wiki/Special:FilePath/Children%27s%20Ferrite%20and%20Science%20Museum.jpg,39.2848890,139.9609170,Q11332704
3557,ルヴァン美術館,長野縣,美術館,4.0,100,美術館,Nagano Station,49.8,0.70,0.8000,1.0000,0.0912,0.7691,http://commons.wikimedia.org/wiki/Special:FilePath/160729%20Le%20Vent%20Museum%20of%20Contemporary%20Art%20Karuizawa%20Nagano%20pref%20Japan02s3.jpg,36.3275620,138.5848270,Q85874646
3724,富士野生動物園,靜岡縣,野生动物园,4.0,100,野生动物园,Shizuoka Station,50.0,0.70,0.8000,1.0000,0.0909,0.7691,http://commons.wikimedia.org/wiki/Special:FilePath/%E5%AF%8C%E5%A3%AB%E3%82%B5%E3%83%95%E3%82%A1%E3%83%AA%E3%83%91%E3%83%BC%E3%82%AF%20%E3%83%A9%E3%82%A4%E3%82%AA%E3%83%B32%20Fuji-safari-park-Lion2.jpg,35.2599720,138.8106110,Q11455860
324,丹波市立柏原歴史民俗資料館,兵庫縣,民俗博物館,4.0,100,民俗博物館,Kobe Station,50.7,0.70,0.8000,1.0000,0.0898,0.7690,http://commons.wikimedia.org/wiki/Special:FilePath/Kaibara-cho%20historical%20museum01%201920.jpg,35.1285280,135.0815280,Q11533694
406,夕張市美術館,北海道,美術館,4.0,100,美術館,Sapporo Station,50.7,0.70,0.8000,1.0000,0.0897,0.7690,http://commons.wikimedia.org/wiki/Special:FilePath/Yubari%20Municipal%20Art%20Museum%20Collapse.JPG,43.0580000,141.9750000,Q135972050
419,留壽都度假村,北海道,高爾夫球場,4.0,100,高爾夫球場,Sapporo Station,50.9,0.70,0.8000,1.0000,0.0895,0.7690,http://commons.wikimedia.org/wiki/Special:FilePath/Rusutsu%20WestMt%28200703%29.jpg,42.7496800,140.9032900,Q7382688
439,小川原脩記念美術館,北海道,纪念博物馆,4.0,100,纪念博物馆,Sapporo Station,50.7,0.70,0.8000,1.0000,0.0897,0.7690,,42.9066210,140.7677580,Q132545224
766,清澄の大スギ,千葉縣,巨樹,4.0,100,巨樹,Chiba Station,50.6,0.70,0.8000,1.0000,0.0899,0.7690,http://commons.wikimedia.org/wiki/Special:FilePath/Kamogawa%20Seicho-ji%2006.jpg,35.1595220,140.1520360,Q10855733
783,うめ振興館,和歌山縣,道之驛,4.0,100,道之驛,Wakayama Station,50.6,0.70,0.8000,1.0000,0.0899,0.7690,http://commons.wikimedia.org/wiki/Special:FilePath/Minabe%20Ume-shinkokan01n4272.jpg,33.7906944,135.3270833,Q11260764
882,長瀞町郷土資料館,埼玉縣,地方文化館,4.0,100,地方文化館,Omiya Station,50.9,0.70,0.8000,1.0000,0.0895,0.7690,http://commons.wikimedia.org/wiki/Special:FilePath/Nagatoro%20Town%20Museum.JPG,36.0924170,139.1076110,Q21653901
1278,伊藤公資料館,山口縣,人物紀念館,4.0,100,人物紀念館,Yamaguchi Station,50.9,0.70,0.8000,1.0000,0.0895,0.7690,,34.0085960,131.9955210,Q123478322
1336,下関市立豊北歴史民俗資料館,山口縣,博物館,4.0,100,博物館,Yamaguchi Station,50.7,0.70,0.8000,1.0000,0.0898,0.7690,,34.2899970,130.9475590,Q104783685
1690,勝山文化往来館ひしお,岡山縣,博物館,4.0,100,博物館,Okayama Station,50.8,0.70,0.8000,1.0000,0.0896,0.7690,http://commons.wikimedia.org/wiki/Special:FilePath/%E5%8B%9D%E5%B1%B1%E6%96%87%E5%8C%96%E5%BE%80%E6%9D%A5%E9%A4%A8%E3%81%B2%E3%81%97%E3%81%8A011.jpg,35.0840000,133.6915600,Q59610850
1981,新居浜市立郷土美術館,愛媛縣,美術館,4.0,100,美術館,Matsuyama Station,50.8,0.70,0.8000,1.0000,0.0896,0.7690,http://commons.wikimedia.org/wiki/Special:FilePath/Niihama%20City%20Native%20Museum.JPG,33.9602500,133.2828056,Q11501954
2091,竹島水族館,愛知縣,水族館,4.0,100,水族館,Nagoya Station,50.7,0.70,0.8000,1.0000,0.0898,0.7690,http://commons.wikimedia.org/wiki/Special:FilePath/Takeshima%20Aquarium%20%282018-05-19%29%2002.jpg,34.8170180,137.2322200,Q11599117
2378,青梅きもの博物館,東京都,博物館,4.0,100,博物館,Tokyo Station,50.8,0.70,0.8000,1.0000,0.0897,0.7690,,35.7878900,139.2202870,Q104698197
3097,早川毘蘭樹,神奈川縣,巨樹,4.0,100,巨樹,Yokohama Station,50.6,0.70,0.8000,1.0000,0.0900,0.7690,http://commons.wikimedia.org/wiki/Special:FilePath/Hayakawa%20no%20Biranju.jpeg,35.2421111,139.1373333,Q30937292
3102,山北鉄道公園,神奈川縣,鉄道公園,4.0,100,鉄道公園,Yokohama Station,50.7,0.70,0.8000,1.0000,0.0898,0.7690,http://commons.wikimedia.org/wiki/Special:FilePath/%E5%B1%B1%E5%8C%97%E7%94%BA%E9%89%84%E9%81%93%E5%85%AC%E5%9C%92%E3%81%AE%E5%85%A8%E6%99%AF.JPG,35.3602778,139.0786111,Q11466545
3123,西丹沢ビジターセンター,神奈川縣,遊客中心,4.0,100,遊客中心,Yokohama Station,50.7,0.70,0.8000,1.0000,0.0898,0.7690,,35.4720000,139.0630000,Q137583649
3285,CCGA現代グラフィックアートセンター,福島縣,美術館,4.0,100,美術館,Fukushima Station,50.4,0.70,0.8000,1.0000,0.0902,0.7690,,37.3005840,140.4489750,Q1053582
3534,ペイネ美術館,長野縣,美術館,4.0,100,美術館,Nagano Station,50.3,0.70,0.8000,1.0000,0.0904,0.7690,http://commons.wikimedia.org/wiki/Special:FilePath/Peynet%20museum01s3872.jpg,36.3291390,138.5945000,Q11337327
3553,深沢紅子野の花美術館,長野縣,人物紀念館,4.0,100,人物紀念館,Nagano Station,50.4,0.70,0.8000,1.0000,0.0903,0.7690,http://commons.wikimedia.org/wiki/Special:FilePath/Fknb02s3872.jpg,36.3308889,138.5975278,Q11560128
3577,佐久市立近代美術館,長野縣,美術館,4.0,100,美術館,Nagano Station,50.5,0.70,0.8000,1.0000,0.0901,0.7690,http://commons.wikimedia.org/wiki/Special:FilePath/Saku%20Municipal%20Museum%20of%20Modern%20Art.jpg,36.2557200,138.4837800,Q78314906
3585,軽井沢高原文庫,長野縣,文學館,4.0,100,文學館,Nagano Station,50.6,0.70,0.8000,1.0000,0.0899,0.7690,http://commons.wikimedia.org/wiki/Special:FilePath/Kkb01s3872.jpg,36.3272500,138.5971110,Q11637576
3591,エルツおもちゃ博物館・軽井沢,長野縣,玩具博物館,4.0,100,玩具博物館,Nagano Station,50.6,0.70,0.8000,1.0000,0.0899,0.7690,http://commons.wikimedia.org/wiki/Special:FilePath/070922%20Erzgebirge%20Toys%20Museum%20of%20Karuizawa%20Karuizawa%20Nagano%20pref%20Japan01bs20.jpg,36.3264170,138.5958610,Q11291053
3601,軽井沢絵本の森美術館,長野縣,繪本博物館,4.0,100,繪本博物館,Nagano Station,50.7,0.70,0.8000,1.0000,0.0898,0.7690,http://commons.wikimedia.org/wiki/Special:FilePath/220929%20Karuizawa%20Picturebook%20Museum%20Karuizawa%20Nagano%20pref%20Japan02s3.jpg,36.3267500,138.5974170,Q11637569
3767,ぐりんぱ,靜岡縣,主題樂園,4.0,100,主題樂園,Shizuoka Station,50.8,0.70,0.8000,1.0000,0.0896,0.7690,http://commons.wikimedia.org/wiki/Special:FilePath/Grinpa%202016%20%2830207859440%29.jpg,35.2943530,138.7845080,Q11265813
3773,三島市郷土資料館,靜岡縣,地方文化館,4.0,100,地方文化館,Shizuoka Station,50.3,0.70,0.8000,1.0000,0.0903,0.7690,http://commons.wikimedia.org/wiki/Special:FilePath/Mishima%20City%20Local%20Museum.jpg,35.1228889,138.9101389,Q104710319
3780,佐野美術館,靜岡縣,美術館,4.0,100,美術館,Shizuoka Station,50.6,0.70,0.8000,1.0000,0.0900,0.7690,http://commons.wikimedia.org/wiki/Special:FilePath/Sano%20Art%20Museum.jpg,35.1149444,138.9159167,Q11385099
3795,伊豆世界 大家的夏威夷,靜岡縣,植物園,4.0,100,植物園,Shizuoka Station,50.5,0.70,0.8000,1.0000,0.0900,0.7690,http://commons.wikimedia.org/wiki/Special:FilePath/IZU-WORLD%20MINNANO%20Hawaiians%2020120910.jpg,35.0123060,138.9413330,Q11224475
3799,米山梅吉記念館,靜岡縣,纪念博物馆,4.0,100,纪念博物馆,Shizuoka Station,50.6,0.70,0.8000,1.0000,0.0900,0.7690,,35.1413760,138.9041100,Q123516300
25,志摩西班牙村,三重縣,綜合渡假村,4.0,100,綜合渡假村,Tsu Station,51.5,0.70,0.8000,1.0000,0.0885,0.7689,http://commons.wikimedia.org/wiki/Special:FilePath/La%20Villa%20Espa%C3%B1ola%20de%20Shima%2C%20Parque%20Espa%C3%B1a%20-%20Plaza%20de%20Mayor.jpg,34.3618060,136.8442780,Q16669013
752,千葉県立中央博物館 大利根分館,千葉縣,千葉の県立博物館,4.0,100,千葉の県立博物館,Chiba Station,51.2,0.70,0.8000,1.0000,0.0890,0.7689,,35.9311640,140.5231730,Q64143374
913,浦山歷史民俗資料館,埼玉縣,民俗博物館,4.0,100,民俗博物館,Omiya Station,51.2,0.70,0.8000,1.0000,0.0890,0.7689,http://commons.wikimedia.org/wiki/Special:FilePath/Urayama%20Folk%20Museum.JPG,35.9644139,139.0599889,Q21652549
1290,須佐歴史民俗資料館,山口縣,地方文化館,4.0,100,地方文化館,Yamaguchi Station,50.9,0.70,0.8000,1.0000,0.0895,0.7689,,34.6194800,131.5990750,Q132473321
1593,日本土鈴館,岐阜縣,博物館,4.0,100,博物館,Gifu Station,51.2,0.70,0.8000,1.0000,0.0890,0.7689,http://commons.wikimedia.org/wiki/Special:FilePath/Nihon%20doreikan.JPG,35.8609420,136.8640170,Q11507739
1965,西予市立美術館「ギャラリーしろかわ」,愛媛縣,美術館,4.0,100,美術館,Matsuyama Station,51.2,0.70,0.8000,1.0000,0.0889,0.7689,,33.3794167,132.7521944,Q11627169
1984,大山祇神社宝物館,愛媛縣,博物館,4.0,100,博物館,Matsuyama Station,50.9,0.70,0.8000,1.0000,0.0894,0.7689,http://commons.wikimedia.org/wiki/Special:FilePath/Gate%20of%20Oyamazumi%20Shrine%20Museum.jpg,34.2474330,133.0045000,Q123527367
2005,今治市大三島美術館,愛媛縣,美術館,4.0,100,美術館,Matsuyama Station,51.0,0.70,0.8000,1.0000,0.0892,0.7689,http://commons.wikimedia.org/wiki/Special:FilePath/View%20of%20Imabari%20City%20Omishima%20Art%20Museum.jpg,34.2490833,133.0033333,Q11377193
2013,能因法師求雨樟樹,愛媛縣,巨樹,4.0,100,巨樹,Matsuyama Station,51.0,0.70,0.8000,1.0000,0.0892,0.7689,http://commons.wikimedia.org/wiki/Special:FilePath/%C5%8Cyamazumi-jinja%20kusunoki%20%28N%C5%8Din-houshi%29.JPG,34.2483890,133.0047220,Q17214933
2028,生樹の御門,愛媛縣,巨樹,4.0,100,巨樹,Matsuyama Station,51.1,0.70,0.8000,1.0000,0.0891,0.7689,http://commons.wikimedia.org/wiki/Special:FilePath/%E5%A4%A7%E5%B1%B1%E7%A5%87%E7%A5%9E%E7%A4%BE%20%E7%94%9F%E6%A8%B9%E3%81%AE%E5%BE%A1%E9%96%80.JPG,34.2477780,133.0084720,Q17192836
2078,海辺の文学記念館,愛知縣,文學館,4.0,100,文學館,Nagoya Station,51.0,0.70,0.8000,1.0000,0.0893,0.7689,http://commons.wikimedia.org/wiki/Special:FilePath/Seaside%20Literary%20Memorial-01.jpg,34.8149470,137.2349440,Q11559305
2088,竹島ファンタジー館,愛知縣,主題公園,4.0,100,主題公園,Nagoya Station,51.3,0.70,0.8000,1.0000,0.0889,0.7689,http://commons.wikimedia.org/wiki/Special:FilePath/%E7%AB%B9%E5%B3%B6%E3%83%95%E3%82%A1%E3%83%B3%E3%82%BF%E3%82%B8%E3%83%BC%E9%A4%A8%E5%A4%96%E8%A6%B3.jpg,34.8146944,137.2389444,Q21653491
3467,こもれび森のイバライド,茨城縣,主題公園,4.0,100,主題公園,Mito Station,51.3,0.70,0.8000,1.0000,0.0888,0.7689,,35.9404170,140.2696940,Q11339218
3554,脇田美術館,長野縣,美術館,4.0,100,美術館,Nagano Station,51.3,0.70,0.8000,1.0000,0.0888,0.7689,http://commons.wikimedia.org/wiki/Special:FilePath/Wakita%20Museum%20of%20Art.JPG,36.3510000,138.6334444,Q28683263
3570,浮世繪博物館,長野縣,美術館,4.0,100,美術館,Nagano Station,51.2,0.70,0.8000,1.0000,0.0890,0.7689,http://commons.wikimedia.org/wiki/Special:FilePath/MatsumotoJapanUkiyoeMuseum.jpg,36.2303000,137.9350806,Q6157886
3596,ショーハウス記念館,長野縣,人物紀念館,4.0,100,人物紀念館,Nagano Station,50.9,0.70,0.8000,1.0000,0.0894,0.7689,http://commons.wikimedia.org/wiki/Special:FilePath/Shaw%20house01s2040.jpg,36.3623333,138.6387500,Q11308244
3614,松本市歷史之里,長野縣,戶外博物館,4.0,100,戶外博物館,Nagano Station,51.1,0.70,0.8000,1.0000,0.0891,0.7689,http://commons.wikimedia.org/wiki/Special:FilePath/Former%20Matsumoto%20Branch%20Courthouse.JPG,36.2314900,137.9337880,Q11531033
3641,栄村歴史文化館,長野縣,歷史博物館,4.0,100,歷史博物館,Nagano Station,51.0,0.70,0.8000,1.0000,0.0892,0.7689,http://commons.wikimedia.org/wiki/Special:FilePath/Sakae%20kominkan.jpg,36.9751667,138.5843889,Q30926293
3785,三嶋暦師の館,靜岡縣,历史房屋博物馆,4.0,100,历史房屋博物馆,Shizuoka Station,51.3,0.70,0.8000,1.0000,0.0888,0.7689,http://commons.wikimedia.org/wiki/Special:FilePath/Master%20Calendar%20House%20of%20Mishima%20exterior%20in%202014-05-23.jpg,35.1228610,138.9215560,Q11355331
3794,浜松市水窪民俗資料館,靜岡縣,民俗博物館,4.0,100,民俗博物館,Shizuoka Station,51.3,0.70,0.8000,1.0000,0.0888,0.7689,http://commons.wikimedia.org/wiki/Special:FilePath/%E6%B5%9C%E6%9D%BE%E5%B8%82%E6%B0%B4%E7%AA%AA%E6%B0%91%E4%BF%97%E8%B3%87%E6%96%99%E9%A4%A8%20%2832860987838%29.jpg,35.1696667,137.8796944,Q81628472
3977,川上中学校 校舎,鹿兒島縣,建成遗产,4.0,100,建成遗产,Kagoshima-Chuo Station,51.2,0.70,0.8000,1.0000,0.0890,0.7689,http://commons.wikimedia.org/wiki/Special:FilePath/Kawakami1%20b%20%28Kimotsuki%29.jpg,31.2841500,130.9503000,Q126679296
42,ピレネー,三重縣,スチール・ローラー・コースター,4.0,100,スチール・ローラー・コースター,Tsu Station,51.7,0.70,0.8000,1.0000,0.0882,0.7688,http://commons.wikimedia.org/wiki/Special:FilePath/La%20Villa%20Espa%C3%B1ola%20de%20Shima%2C%20Parque%20Espa%C3%B1a%20-%20La%20monta%C3%B1a%20rusa%20%22Los%20Pirineos%22.jpg,34.3598320,136.8450000,Q601002
237,姫路市書写の里・美術工芸館,兵庫縣,美術館,4.0,100,美術館,Kobe Station,51.8,0.70,0.8000,1.0000,0.0880,0.7688,http://commons.wikimedia.org/wiki/Special:FilePath/Shosha%20Art%20and%20Craft%20Museum01n4592.jpg,34.8806110,134.6664170,Q11447481
468,夕張市石炭博物館,北海道,礦業博物館,4.0,100,礦業博物館,Sapporo Station,51.9,0.70,0.8000,1.0000,0.0879,0.7688,http://commons.wikimedia.org/wiki/Special:FilePath/Yubari-coalmine-museum.JPG,43.0683890,141.9891670,Q11430194
531,石炭の歴史村,北海道,主題公園,4.0,100,主題公園,Sapporo Station,51.8,0.70,0.8000,1.0000,0.0881,0.7688,http://commons.wikimedia.org/wiki/Special:FilePath/Yubari-coalmine-museum.JPG,43.0672640,141.9879860,Q5774785
1001,岬公園,大阪府,主題樂園,4.0,100,主題樂園,Osaka Station,51.7,0.70,0.8000,1.0000,0.0882,0.7688,,34.3280417,135.1611611,Q6875079
1326,住吉神社宝物館,山口縣,宝物館,4.0,100,宝物館,Yamaguchi Station,51.9,0.70,0.8000,1.0000,0.0879,0.7688,http://commons.wikimedia.org/wiki/Special:FilePath/Treasure%20museum%20of%20Sumiyoshi%20Shrine.jpg,33.9988720,130.9568300,Q132496714
1961,マイントピア別子,愛媛縣,mining park,4.0,100,mining park,Matsuyama Station,52.0,0.70,0.8000,1.0000,0.0878,0.7688,http://commons.wikimedia.org/wiki/Special:FilePath/Roadside%20Station%20Mine%20topia%20Besshi.jpg,33.9014444,133.3095000,Q11339828
1973,あかがねミュージアム,愛媛縣,美術館,4.0,100,美術館,Matsuyama Station,51.6,0.70,0.8000,1.0000,0.0883,0.7688,http://commons.wikimedia.org/wiki/Special:FilePath/Akagane01.jpg,33.9493611,133.2951111,Q28663265
2631,吉川英治記念館,東京都,人物紀念館,4.0,100,人物紀念館,Tokyo Station,51.6,0.70,0.8000,1.0000,0.0883,0.7688,http://commons.wikimedia.org/wiki/Special:FilePath/%E5%90%89%E5%B7%9D%E8%8B%B1%E6%B2%BB%E8%A8%98%E5%BF%B5%E9%A4%A8%20-%20panoramio.jpg,35.7963333,139.2130556,Q107355987
2786,ひんぷんガジュマル,沖繩縣,巨樹,4.0,100,巨樹,Naha Bus Terminal,51.7,0.70,0.8000,1.0000,0.0882,0.7688,http://commons.wikimedia.org/wiki/Special:FilePath/Hinpun-Gajumaru.jpg,26.5873333,127.9859444,Q17226861
3029,神奈川县立生命之星·地球博物馆,神奈川縣,都道府县立博物馆,4.0,100,都道府县立博物馆,Yokohama Station,52.0,0.70,0.8000,1.0000,0.0877,0.7688,http://commons.wikimedia.org/wiki/Special:FilePath/Kanagawa%20Prefectural%20Museum%20of%20Natural%20History1.jpg,35.2392220,139.1212500,Q11589135
3301,須賀川市立博物館,福島縣,市立博物館,4.0,100,市立博物館,Fukushima Station,51.9,0.70,0.8000,1.0000,0.0878,0.7688,http://commons.wikimedia.org/wiki/Special:FilePath/Sukagawa%20City%20museum.jpg,37.2914170,140.3791940,Q11664795
3526,軽井沢安東美術館,長野縣,人物紀念館,4.0,100,人物紀念館,Nagano Station,52.0,0.70,0.8000,1.0000,0.0877,0.7688,http://commons.wikimedia.org/wiki/Special:FilePath/240308%20Mus%C3%A9e%20Ando%20%C3%A0%20Karuizawa%20Karuizawa%20Japan01s3.jpg,36.3468650,138.6394638,Q114674643
3571,小さな美術館軽井沢草花館,長野縣,美術館,4.0,100,美術館,Nagano Station,51.8,0.70,0.8000,1.0000,0.0881,0.7688,http://commons.wikimedia.org/wiki/Special:FilePath/%E5%B0%8F%E3%81%95%E3%81%AA%E7%BE%8E%E8%A1%93%E9%A4%A8%E8%BB%BD%E4%BA%95%E6%B2%A2%E8%8D%89%E8%8A%B1%E9%A4%A8.jpg,36.3468060,138.6354170,Q11458738
3620,舊中込學校,長野縣,建成遗产,4.0,100,建成遗产,Nagano Station,51.7,0.70,0.8000,1.0000,0.0881,0.7688,http://commons.wikimedia.org/wiki/Special:FilePath/Old-Nakagomi-School-01.jpg,36.2375000,138.4721940,Q11510909
3917,塩谷定好写真記念館,鳥取縣,人物紀念館,4.0,100,人物紀念館,Tottori Station,52.1,0.70,0.8000,1.0000,0.0875,0.7688,http://commons.wikimedia.org/wiki/Special:FilePath/%E5%A1%A9%E8%B0%B7%E5%AE%9A%E5%A5%BD%E5%86%99%E7%9C%9F%E8%A8%98%E5%BF%B5%E9%A4%A8.jpg,35.5135000,133.6504722,Q83528901
15,大內山動物園,三重縣,動物園,4.0,100,動物園,Tsu Station,52.6,0.70,0.8000,1.0000,0.0868,0.7687,http://commons.wikimedia.org/wiki/Special:FilePath/Oouchiyama%20zoo001.JPG,34.2752780,136.3694440,Q11432512
31,橫山展望台,三重縣,觀景台,4.0,100,觀景台,Tsu Station,52.2,0.70,0.8000,1.0000,0.0874,0.7687,http://commons.wikimedia.org/wiki/Special:FilePath/Yokoyama%20Viewpoint%20%282019-12-19%29.jpg,34.3244170,136.7880280,Q11542547
420,苫小牧市美術博物館,北海道,博物館,4.0,100,博物館,Sapporo Station,52.5,0.70,0.8000,1.0000,0.0870,0.7687,http://commons.wikimedia.org/wiki/Special:FilePath/Tomakomai%20City%20Museum%201.JPG,42.6374960,141.6129520,Q17222455
466,苫小牧市科学センター,北海道,科學博物館,4.0,100,科學博物館,Sapporo Station,52.8,0.70,0.8000,1.0000,0.0865,0.7687,http://commons.wikimedia.org/wiki/Special:FilePath/Tomakomai%20Science%20Center.jpg,42.6319444,141.6050000,Q11616823
727,SGT美術館,千葉縣,美術館,4.0,100,美術館,Chiba Station,52.6,0.70,0.8000,1.0000,0.0869,0.7687,http://commons.wikimedia.org/wiki/Special:FilePath/SGK%20Museum%20Japan%20aerial%20photo%202016.jpg,35.1576111,140.2668056,Q28684004
1696,軍馬の郷六原資料館,岩手縣,軍事博物館,4.0,100,軍事博物館,Morioka Station,52.6,0.70,0.8000,1.0000,0.0868,0.7687,http://commons.wikimedia.org/wiki/Special:FilePath/Rokuhara%20Museumu%2CKanegasaki%2CIwate.jpg,39.2333056,141.0508333,Q60987043
1823,さんべ縄文の森ミュージアム,島根縣,博物館,4.0,100,博物館,Matsue Station,52.8,0.70,0.8000,1.0000,0.0865,0.7687,http://commons.wikimedia.org/wiki/Special:FilePath/Azukihara.jpg,35.1775377,132.5998059,Q123740216
2010,別子銅山記念館,愛媛縣,礦業博物館,4.0,100,礦業博物館,Matsuyama Station,52.3,0.70,0.8000,1.0000,0.0873,0.7687,http://commons.wikimedia.org/wiki/Special:FilePath/Besshi%20dozan%20kinenkan%20museum.jpg,33.9213500,133.3094081,Q11396677
2267,良寛記念館,新潟縣,纪念博物馆,4.0,100,纪念博物馆,Niigata Station,52.6,0.70,0.8000,1.0000,0.0868,0.7687,http://commons.wikimedia.org/wiki/Special:FilePath/Ryokan%20Memorial%20Museum.jpg,37.5423830,138.6881570,Q104708816
2715,大麻博物館,栃木縣,大麻博物館,4.0,100,大麻博物館,Utsunomiya Station,52.7,0.70,0.8000,1.0000,0.0867,0.7687,,37.0214444,140.0287778,Q27919845
2723,日光市平家の里,栃木縣,戶外博物館,4.0,100,戶外博物館,Utsunomiya Station,52.7,0.70,0.8000,1.0000,0.0866,0.7687,http://commons.wikimedia.org/wiki/Special:FilePath/Heike-no-sato.JPG,36.9614444,139.5849444,Q111215407
2804,名護博物館,沖繩縣,博物館,4.0,100,博物館,Naha Bus Terminal,52.7,0.70,0.8000,1.0000,0.0866,0.7687,http://commons.wikimedia.org/wiki/Special:FilePath/Nago%20Museum%202025%2001%2031.jpg,26.5979690,127.9878000,Q19568958
2913,下の城のイチョウ,熊本縣,巨樹,4.0,100,巨樹,Kumamoto Station,52.6,0.70,0.8000,1.0000,0.0869,0.7687,http://commons.wikimedia.org/wiki/Special:FilePath/Ginkgo%20Trees%20Oguni%20Kumamoto01.jpg,33.1504170,131.0550000,Q115685772
3090,長興山のシダレザクラ,神奈川縣,一本櫻,4.0,100,一本櫻,Yokohama Station,52.2,0.70,0.8000,1.0000,0.0874,0.7687,http://commons.wikimedia.org/wiki/Special:FilePath/Weeping%20Cherry%20Tree%20in%20Ch%C5%8Dk%C5%8Dzan%20Sh%C5%8Dtai-ji%20Temple.jpg,35.2438060,139.1153610,Q11653596
3244,TOTOミュージアム,福岡縣,博物館,4.0,100,博物館,Hakata Station,52.2,0.70,0.8000,1.0000,0.0874,0.7687,http://commons.wikimedia.org/wiki/Special:FilePath/TOTO%20%2839011274594%29.jpg,33.8721716,130.8722649,Q123466701
3452,五角堂,茨城縣,建成遗产,4.0,100,建成遗产,Mito Station,52.2,0.70,0.8000,1.0000,0.0874,0.7687,http://commons.wikimedia.org/wiki/Special:FilePath/Gokakud%C5%8D%20in%20Tsukuba-Yatabe01.jpg,36.0318611,140.0733056,Q11372669
3517,九十九島,長崎縣,溺灣,4.0,100,溺灣,Nagasaki Station,52.6,0.70,0.8000,1.0000,0.0869,0.7687,http://commons.wikimedia.org/wiki/Special:FilePath/Sasebo%20Kujukushima%20Islands%202010-08.JPG,33.1666667,129.6000000,Q1043953
3628,松本市立考古博物館,長野縣,考古博物館,4.0,100,考古博物館,Nagano Station,52.8,0.70,0.8000,1.0000,0.0866,0.7687,http://commons.wikimedia.org/wiki/Special:FilePath/%E6%9D%BE%E6%9C%AC%E5%B8%82%E7%AB%8B%E8%80%83%E5%8F%A4%E5%8D%9A%E7%89%A9%E9%A4%A8.jpg,36.1932060,138.0013170,Q11531046
3815,韮山郷土史料館,靜岡縣,博物館,4.0,100,博物館,Shizuoka Station,52.7,0.70,0.8000,1.0000,0.0867,0.7687,,35.0549720,138.9584170,Q11664104
1208,西の正倉院,宮崎縣,建築物,4.0,100,建築物,Miyazaki Station,53.2,0.70,0.8000,1.0000,0.0859,0.7686,http://commons.wikimedia.org/wiki/Special:FilePath/Nishi-no-Shosoin%2C%20Misato%2C%20Miyazaki.jpg,32.3864444,131.3315278,Q11627046
1273,關門廣場,山口縣,交通博物館,4.0,100,交通博物館,Yamaguchi Station,53.4,0.70,0.8000,1.0000,0.0856,0.7686,http://commons.wikimedia.org/wiki/Special:FilePath/%E9%96%A2%E9%96%80%E3%83%97%E3%83%A9%E3%82%B6%E5%85%A8%E6%99%AF202309.jpg,33.9658135,130.9563117,Q11361420
1717,遠野昔話村,岩手縣,民俗博物館,4.0,100,民俗博物館,Morioka Station,53.3,0.70,0.8000,1.0000,0.0857,0.7686,http://commons.wikimedia.org/wiki/Special:FilePath/Tono-mukashibanashi-mura03s3872.jpg,39.3294440,141.5286390,Q11272929
1727,傳承園,岩手縣,民家園,4.0,100,民家園,Morioka Station,53.3,0.70,0.8000,1.0000,0.0857,0.7686,http://commons.wikimedia.org/wiki/Special:FilePath/Denshoen04s3872.jpg,39.3572780,141.5691940,Q11381378
1743,遠野城下町資料館,岩手縣,博物館,4.0,100,博物館,Morioka Station,53.3,0.70,0.8000,1.0000,0.0858,0.7686,http://commons.wikimedia.org/wiki/Special:FilePath/Tono-jokamachi-siryokan01n3872.jpg,39.3305000,141.5289170,Q11642423
1744,遠野蔵の道ギャラリー,岩手縣,博物館,4.0,100,博物館,Morioka Station,53.2,0.70,0.8000,1.0000,0.0860,0.7686,http://commons.wikimedia.org/wiki/Special:FilePath/Kura-no-michi%20gallery02n3200.jpg,39.3310000,141.5279440,Q11642436
1771,島根縣立三瓶自然館,島根縣,都道府县立博物馆,4.0,100,都道府县立博物馆,Matsue Station,53.0,0.70,0.8000,1.0000,0.0861,0.7686,http://commons.wikimedia.org/wiki/Special:FilePath/Shimane%20Prefectural%20Sanbe%20Nature%20Museum.jpg,35.1527278,132.6205472,Q11476474
2713,那須歴史探訪館,栃木縣,歷史博物館,4.0,100,歷史博物館,Utsunomiya Station,53.3,0.70,0.8000,1.0000,0.0857,0.7686,http://commons.wikimedia.org/wiki/Special:FilePath/NasuRekishiTanpoukan.jpg,36.9891600,140.1643850,Q135977527
2788,本部町立博物館,沖繩縣,地方文化館,4.0,100,地方文化館,Naha Bus Terminal,53.3,0.70,0.8000,1.0000,0.0857,0.7686,,26.6558830,127.8837290,Q132156460
2889,黑川溫泉,熊本縣,温泉镇,4.0,100,温泉镇,Kumamoto Station,52.9,0.70,0.8000,1.0000,0.0863,0.7686,http://commons.wikimedia.org/wiki/Special:FilePath/Kurokawa%20Onsen%20-%E6%B8%A9%E6%B3%89%E8%A1%97.jpg,33.0783900,131.1413000,Q11678251
3169,北九州市立松本清張紀念館,福岡縣,人物紀念館,4.0,100,人物紀念館,Hakata Station,53.0,0.70,0.8000,1.0000,0.0862,0.7686,http://commons.wikimedia.org/wiki/Special:FilePath/140721%20Matsumoto%20Seicho%20Memorial%20Museum%20Kitakyushu%20Japan01bs3.jpg,33.8838889,130.8725000,Q17210881
3216,北九州市立文學館,福岡縣,文學館,4.0,100,文學館,Hakata Station,53.0,0.70,0.8000,1.0000,0.0863,0.7686,http://commons.wikimedia.org/wiki/Special:FilePath/Kitakyusyu%20Central%20Library.jpg,33.8822500,130.8732500,Q11400990
3226,北九州市平和のまちミュージアム,福岡縣,和平博物館,4.0,100,和平博物館,Hakata Station,53.0,0.70,0.8000,1.0000,0.0862,0.7686,,33.8829330,130.8726540,Q133264733
3361,白瀨南極探險隊紀念館,秋田縣,科學博物館,4.0,100,科學博物館,Akita Station,52.8,0.70,0.8000,1.0000,0.0865,0.7686,http://commons.wikimedia.org/wiki/Special:FilePath/Shirase%20Antaractic%20Expedition%20Memorial%20Museum%2020190420a.jpg,39.2685000,139.9263610,Q11580064
3736,濱松市秋野不矩美術館,靜岡縣,美術館,4.0,100,美術館,Shizuoka Station,53.3,0.70,0.8000,1.0000,0.0858,0.7686,http://commons.wikimedia.org/wiki/Special:FilePath/AkinoFukuMuseum%20Um%202019091501%2001.jpg,34.8648611,137.8192778,Q77806922
3987,志布志市埋蔵文化財センター,鹿兒島縣,埋藏文化財中心,4.0,100,埋藏文化財中心,Kagoshima-Chuo Station,53.4,0.70,0.8000,1.0000,0.0856,0.7686,,31.4709870,131.0884360,Q132912918
279,星の子館,兵庫縣,科學博物館,4.0,100,科學博物館,Kobe Station,53.8,0.70,0.8000,1.0000,0.0851,0.7685,,34.8527220,134.6286390,Q11512732
309,姫路科学館,兵庫縣,科學博物館,4.0,100,科學博物館,Kobe Station,53.9,0.70,0.8000,1.0000,0.0849,0.7685,http://commons.wikimedia.org/wiki/Special:FilePath/%E5%A7%AB%E8%B7%AF%E7%A7%91%E5%AD%A6%E9%A4%A8.jpg,34.8517500,134.6268330,Q11447564
492,安田侃彫刻美術館 アルテピアッツァ美唄,北海道,雕塑公园,4.0,100,雕塑公园,Sapporo Station,54.1,0.70,0.8000,1.0000,0.0847,0.7685,http://commons.wikimedia.org/wiki/Special:FilePath/Ja-hokkaido-artepiazzabibai-3.jpg,43.3325278,141.9109167,Q17192195
542,三笠市立博物館,北海道,古生物博物馆,4.0,100,古生物博物馆,Sapporo Station,54.1,0.70,0.8000,1.0000,0.0847,0.7685,http://commons.wikimedia.org/wiki/Special:FilePath/Mikasa%2001.JPG,43.2612780,141.9627220,Q11356913
916,おがの化石館,埼玉縣,古生物博物馆,4.0,100,古生物博物馆,Omiya Station,53.7,0.70,0.8000,1.0000,0.0852,0.7685,http://commons.wikimedia.org/wiki/Special:FilePath/Fossil%20Museum%20of%20Ogano%201.jpg,36.0191222,139.0440333,Q21652654
1134,栗原市一迫埋蔵文化財センター,宮城縣,埋藏文化財中心,4.0,100,埋藏文化財中心,Sendai Station,53.9,0.70,0.8000,1.0000,0.0849,0.7685,,38.7420560,140.9471080,Q132911456
1196,舊吉松家住宅,宮崎縣,历史房屋博物馆,4.0,100,历史房屋博物馆,Miyazaki Station,53.8,0.70,0.8000,1.0000,0.0851,0.7685,http://commons.wikimedia.org/wiki/Special:FilePath/Kyu%20Yoshimatsuke%20Juutaku.jpg,31.4640280,131.2288890,Q60987618
1303,三国志城博物館,山口縣,廃止された博物館,4.0,100,廃止された博物館,Yamaguchi Station,54.1,0.70,0.8000,1.0000,0.0847,0.7685,http://commons.wikimedia.org/wiki/Special:FilePath/%E4%B8%89%E5%9B%BD%E5%BF%97%E5%9F%8E%E5%8D%9A%E7%89%A9%E9%A4%A8.jpg,33.9918610,132.0248890,Q17209837
1311,下関市立考古博物館,山口縣,考古博物館,4.0,100,考古博物館,Yamaguchi Station,54.1,0.70,0.8000,1.0000,0.0847,0.7685,http://commons.wikimedia.org/wiki/Special:FilePath/%E4%B8%8B%E9%96%A2%E5%B8%82%E7%AB%8B%E8%80%83%E5%8F%A4%E5%8D%9A%E7%89%A9%E9%A4%A8.JPG,34.0113889,130.9261111,Q4982385
1684,なぎビカリアミュージアム,岡山縣,古生物博物馆,4.0,100,古生物博物馆,Okayama Station,54.2,0.70,0.8000,1.0000,0.0845,0.7685,http://commons.wikimedia.org/wiki/Special:FilePath/Nagi%20Vicarya%20Museum%20A.jpg,35.1009770,134.1872470,Q104815654
1752,远野市市立博物馆,岩手縣,圖書館,4.0,100,圖書館,Morioka Station,53.5,0.70,0.8000,1.0000,0.0855,0.7685,http://commons.wikimedia.org/wiki/Special:FilePath/Tono%20municipal%20museum02s3200.jpg,39.3277500,141.5289170,Q11642429
1910,高の瀬峡,德島縣,觀光景點,4.0,100,觀光景點,Tokushima Station,53.9,0.70,0.8000,1.0000,0.0849,0.7685,,33.7885910,134.0789620,Q11668622
2006,村上三島記念館,愛媛縣,人物紀念館,4.0,100,人物紀念館,Matsuyama Station,53.9,0.70,0.8000,1.0000,0.0849,0.7685,http://commons.wikimedia.org/wiki/Special:FilePath/Murakami%20Santo%20Memorial%20Museum%2020180429-1.jpg,34.2556940,133.0535830,Q11522682
2076,ラグーナテンボス,愛知縣,主題公園,4.0,100,主題公園,Nagoya Station,54.0,0.70,0.8000,1.0000,0.0847,0.7685,http://commons.wikimedia.org/wiki/Special:FilePath/LAGUNA%20TEN%20BOSCH.jpg,34.8077220,137.2758330,Q11346723
2225,御油の松並木資料館,愛知縣,博物館,4.0,100,博物館,Nagoya Station,53.9,0.70,0.8000,1.0000,0.0849,0.7685,http://commons.wikimedia.org/wiki/Special:FilePath/Historical%20Tokaido%20Pine%20Trees%20Visitor%20Center%20%282015.01.23%29%202.jpg,34.8441010,137.3185400,Q132125250
2256,新潟县立近代美術館,新潟縣,都道府县立博物馆,4.0,100,都道府县立博物馆,Niigata Station,53.7,0.70,0.8000,1.0000,0.0851,0.7685,http://commons.wikimedia.org/wiki/Special:FilePath/%E6%96%B0%E6%BD%9F%E8%BF%91%E4%BB%A3%E7%BE%8E%E8%A1%93%E9%A4%A8.jpg,37.4644722,138.8320833,Q11503129
2722,那須とりっくあーとぴあ,栃木縣,美術館,4.0,100,美術館,Utsunomiya Station,53.9,0.70,0.8000,1.0000,0.0850,0.7685,http://commons.wikimedia.org/wiki/Special:FilePath/%E3%83%9F%E3%82%B1%E3%83%A9%E3%83%B3%E3%82%B8%E3%82%A7%E3%83%AD%E9%A4%A8.jpg,37.0304722,140.0387278,Q60988082
2777,OKINAWAフルーツらんど,沖繩縣,主題公園,4.0,100,主題公園,Naha Bus Terminal,53.5,0.70,0.8000,1.0000,0.0854,0.7685,,26.6177778,127.9691111,Q85866572
2852,海津大崎,滋賀縣,觀光景點,4.0,100,觀光景點,Otsu Station,53.5,0.70,0.8000,1.0000,0.0854,0.7685,http://commons.wikimedia.org/wiki/Special:FilePath/Biwako123844.jpg,35.4492700,136.0876300,Q11559016
2882,北里柴三郎記念館,熊本縣,人物紀念館,4.0,100,人物紀念館,Kumamoto Station,54.1,0.70,0.8000,1.0000,0.0846,0.7685,http://commons.wikimedia.org/wiki/Special:FilePath/Kitasato%20Shibasaburo%20Museum01.jpg,33.1422278,131.0904500,Q11404246
3246,北九州市漫画ミュージアム,福岡縣,博物館,4.0,100,博物館,Hakata Station,54.2,0.70,0.8000,1.0000,0.0845,0.7685,,33.8875000,130.8847222,Q121084173
3277,喜多方市美術館,福島縣,美術館,4.0,100,美術館,Fukushima Station,53.8,0.70,0.8000,1.0000,0.0850,0.7685,http://commons.wikimedia.org/wiki/Special:FilePath/Museum%2CKitakata%20%281390820482%29.jpg,37.6511667,139.8617222,Q28688791
3286,会津武家屋敷,福島縣,戶外博物館,4.0,100,戶外博物館,Fukushima Station,53.7,0.70,0.8000,1.0000,0.0852,0.7685,http://commons.wikimedia.org/wiki/Special:FilePath/Fukushima-Aizu%20Buke-Yashiki%20%28Samurai%20Residence%29-m.jpg,37.4851944,139.9536667,Q112033912
3322,喜多方蔵の里,福島縣,博物館,4.0,100,博物館,Fukushima Station,53.8,0.70,0.8000,1.0000,0.0850,0.7685,http://commons.wikimedia.org/wiki/Special:FilePath/%E5%9C%9F%E8%94%B5%20%281389928661%29.jpg,37.6515083,139.8614222,Q28689069
3359,後三年合戦金沢資料館,秋田縣,歷史博物館,4.0,100,歷史博物館,Akita Station,53.6,0.70,0.8000,1.0000,0.0854,0.7685,http://commons.wikimedia.org/wiki/Special:FilePath/Yokote%20Municipal%20Museum%20for%20the%20battle%20of%20Gosannen.jpg,39.3744167,140.5695556,Q104696379
3709,三沢市寺山修司記念館,青森縣,人物紀念館,4.0,100,人物紀念館,Aomori Station,54.0,0.70,0.8000,1.0000,0.0848,0.7685,http://commons.wikimedia.org/wiki/Special:FilePath/151101%20Shuji%20Terayama%20Museum%20Misawa%20Aomori%20pref%20Japan03s3.jpg,40.7420560,141.3653610,Q21654765
267,ダイセル異人館,兵庫縣,历史房屋博物馆,4.0,100,历史房屋博物馆,Kobe Station,54.5,0.70,0.8000,1.0000,0.0841,0.7684,http://commons.wikimedia.org/wiki/Special:FilePath/181208%20Daicel-Ijinkan%20Clubhouse%20Himeji%20Hyogo%20pref%20Japan01bs3.jpg,34.7803890,134.5947780,Q60988333
297,春日鄉土資料館,兵庫縣,地方文化館,4.0,100,地方文化館,Kobe Station,54.8,0.70,0.8000,1.0000,0.0837,0.7684,http://commons.wikimedia.org/wiki/Special:FilePath/Kasuga%20rekisi%20minzoku%20kyodo%20siryokan%20P9019123.jpg,35.1680280,135.1020000,Q11513712
347,春日歷史民俗資料館,兵庫縣,歷史博物館,4.0,100,歷史博物館,Kobe Station,54.8,0.70,0.8000,1.0000,0.0837,0.7684,http://commons.wikimedia.org/wiki/Special:FilePath/Kasuga%20fork%20culture%20museum01s3200.jpg,35.1680280,135.1020000,Q11513640
351,姫路市自然観察の森,兵庫縣,自然観察の森,4.0,100,自然観察の森,Kobe Station,54.6,0.70,0.8000,1.0000,0.0839,0.7684,,34.8554472,134.6201542,Q116081671
861,塙保己一記念館,埼玉縣,人物紀念館,4.0,100,人物紀念館,Omiya Station,54.7,0.70,0.8000,1.0000,0.0838,0.7684,http://commons.wikimedia.org/wiki/Special:FilePath/Aspia%20Kodama2.jpg,36.1909306,139.1283833,Q21654210
1288,日清議和紀念館,山口縣,博物館,4.0,100,博物館,Yamaguchi Station,54.4,0.70,0.8000,1.0000,0.0841,0.7684,http://commons.wikimedia.org/wiki/Special:FilePath/Museum%20of%20Treaty%20of%20Shimonoseki%20in%20Shumpanro%20Hotel.JPG,33.9590000,130.9483333,Q61732106
1291,赤間神宮宝物殿,山口縣,博物館,4.0,100,博物館,Yamaguchi Station,54.4,0.70,0.8000,1.0000,0.0842,0.7684,,33.9595460,130.9484810,Q132496860
1738,千田正記念館,岩手縣,人物紀念館,4.0,100,人物紀念館,Morioka Station,54.2,0.70,0.8000,1.0000,0.0844,0.7684,http://commons.wikimedia.org/wiki/Special:FilePath/Chida%20Tadashi%20Memorial%20Itakura%2CKanegasaki.jpg,39.2142500,141.1121389,Q60988648
1908,名頃,德島縣,觀光景點,4.0,100,觀光景點,Tokushima Station,54.7,0.70,0.8000,1.0000,0.0838,0.7684,,33.8559100,134.0198270,Q28154087
2244,長岡市青少年文化センター,新潟縣,文化中心,4.0,100,文化中心,Niigata Station,54.7,0.70,0.8000,1.0000,0.0837,0.7684,http://commons.wikimedia.org/wiki/Special:FilePath/Nagaoka%20City%20Seisyonen%20Bunka%20Center.jpg,37.4461111,138.8619444,Q17225142
2292,駒形十吉記念美術館,新潟縣,美術館,4.0,100,美術館,Niigata Station,54.4,0.70,0.8000,1.0000,0.0842,0.7684,http://commons.wikimedia.org/wiki/Special:FilePath/Komagata%20Jukichi%20Museum%20of%20Art.JPG,37.4492778,138.8611111,Q11668358
2293,長岡戦災資料館,新潟縣,博物館,4.0,100,博物館,Niigata Station,54.7,0.70,0.8000,1.0000,0.0837,0.7684,http://commons.wikimedia.org/wiki/Special:FilePath/Nagaoka%20War%20Damage%20Exhibit%20Hall.JPG,37.4486111,138.8525000,Q11652115
2428,玉堂美術館,東京都,人物紀念館,4.0,100,人物紀念館,Tokyo Station,54.3,0.70,0.8000,1.0000,0.0844,0.7684,http://commons.wikimedia.org/wiki/Special:FilePath/Gyokudo%20Art%20Museum.jpg,35.8000833,139.1840556,Q59960711
3268,福島縣立博物館,福島縣,都道府县立博物馆,4.0,100,都道府县立博物馆,Fukushima Station,54.8,0.70,0.8000,1.0000,0.0836,0.7684,http://commons.wikimedia.org/wiki/Special:FilePath/Fukushima%20Museum%202022.jpg,37.4889230,139.9345530,Q4352239
3281,會津壹番館,福島縣,飲茶店,4.0,100,飲茶店,Fukushima Station,54.9,0.70,0.8000,1.0000,0.0835,0.7684,http://commons.wikimedia.org/wiki/Special:FilePath/Aizu%20ichibankan%2001.JPG,37.4976389,139.9273333,Q112579027
3415,渡良瀨自然館,群馬縣,自然歷史博物館,4.0,100,自然歷史博物館,Maebashi Station,54.8,0.70,0.8000,1.0000,0.0836,0.7684,http://commons.wikimedia.org/wiki/Special:FilePath/Itakura%20Watarase%20Museum%201.JPG,36.2230000,139.6505830,Q11281891
3677,十来冢,青森縣,石墓,4.0,100,石墓,Aomori Station,54.4,0.70,0.8000,1.0000,0.0842,0.7684,http://commons.wikimedia.org/wiki/Special:FilePath/GraveCrosses.jpg,40.4538889,141.1486111,Q17354837
3731,ヤマハ・コミュニケーションプラザ,靜岡縣,公司博物館,4.0,100,公司博物館,Shizuoka Station,54.3,0.70,0.8000,1.0000,0.0843,0.7684,http://commons.wikimedia.org/wiki/Special:FilePath/Yamaha%20Communication%20Plaza.JPG,34.7229440,137.8767500,Q11345312
3807,佐久間鐵路公園,靜岡縣,鉄道公園,4.0,100,鉄道公園,Shizuoka Station,54.9,0.70,0.8000,1.0000,0.0835,0.7684,http://commons.wikimedia.org/wiki/Special:FilePath/SakumaRailPark.jpg,35.0855110,137.8026220,Q7403144
46,志摩海洋世界水族館,三重縣,水族館,4.0,100,水族館,Tsu Station,54.9,0.70,0.8000,1.0000,0.0834,0.7683,http://commons.wikimedia.org/wiki/Special:FilePath/Shima%20Marine%20Land%2C%20Renewed%20in%202016.jpg,34.3108610,136.8194170,Q11490912
55,伊勢志摩峰會紀念館,三重縣,博物館,4.0,100,博物館,Tsu Station,55.1,0.70,0.8000,1.0000,0.0832,0.7683,http://commons.wikimedia.org/wiki/Special:FilePath/SumMiel%20entrance.jpg,34.3086389,136.8184722,Q48750932
356,淡路モンキーセンター,兵庫縣,觀光景點,4.0,100,觀光景點,Kobe Station,55.3,0.70,0.8000,1.0000,0.0829,0.7683,http://commons.wikimedia.org/wiki/Special:FilePath/Awaji%20Monkey%20Center%20005.jpg,34.2451389,134.8833056,Q113995546
683,鴨川海洋世界,千葉縣,水族館,4.0,100,水族館,Chiba Station,55.3,0.70,0.8000,1.0000,0.0829,0.7683,http://commons.wikimedia.org/wiki/Special:FilePath/%E5%8D%97%E7%B7%8F%202013122110350000.jpg,35.1161417,140.1205833,Q553044
816,ひき岩群ふるさと自然公園センター,和歌山縣,遊客中心,4.0,100,遊客中心,Wakayama Station,55.5,0.70,0.8000,1.0000,0.0827,0.7683,,33.7601390,135.3864720,Q17224027
1138,日本こけし館,宮城縣,人形博物館,4.0,100,人形博物館,Sendai Station,55.3,0.70,0.8000,1.0000,0.0829,0.7683,http://commons.wikimedia.org/wiki/Special:FilePath/Japan%20Kokeshi%20Museum.jpg,38.7361111,140.6975000,Q11505556
1143,追分溫泉,宮城縣,温泉镇,4.0,100,温泉镇,Sendai Station,55.4,0.70,0.8000,1.0000,0.0828,0.7683,,38.5814770,141.3681890,Q108603935
1156,登米市歴史博物館,宮城縣,歷史博物館,4.0,100,歷史博物館,Sendai Station,55.4,0.70,0.8000,1.0000,0.0828,0.7683,,38.6939167,141.1949444,Q28691703
1183,Whale Town牡鹿,宮城縣,遊客中心,4.0,100,遊客中心,Sendai Station,54.9,0.70,0.8000,1.0000,0.0835,0.7683,http://commons.wikimedia.org/wiki/Special:FilePath/Whale%20Town%20Oshika.jpg,38.2948056,141.5097500,Q105859324
1270,中山神社宝物殿,山口縣,宝物館,4.0,100,宝物館,Yamaguchi Station,55.0,0.70,0.8000,1.0000,0.0833,0.7683,http://commons.wikimedia.org/wiki/Special:FilePath/Treasure%20museum%20of%20Nakayama%20Shrine%20in%20Shimonoseki%2C%20Yamaguchi.jpg,34.0063400,130.9176490,Q132496806
1271,はい!からっと横丁,山口縣,主題樂園,4.0,100,主題樂園,Yamaguchi Station,55.3,0.70,0.8000,1.0000,0.0829,0.7683,http://commons.wikimedia.org/wiki/Special:FilePath/Haikarat%20yokocho.jpg,33.9530833,130.9412222,Q17216562
1285,下関市立近代先人顕彰館,山口縣,人物紀念館,4.0,100,人物紀念館,Yamaguchi Station,55.0,0.70,0.8000,1.0000,0.0833,0.7683,http://commons.wikimedia.org/wiki/Special:FilePath/141122%20Tanaka%20Kinuyo%20Cultural%20Museum%20Shimonoseki%20Yamaguchi%20pref%20Japan01s3.jpg,33.9590556,130.9411944,Q109666473
1292,梅光学院大学博物館,山口縣,大學博物館,4.0,100,大學博物館,Yamaguchi Station,55.3,0.70,0.8000,1.0000,0.0829,0.7683,,33.9677980,130.9323870,Q104783695
1340,下關水族館,山口縣,水族館,4.0,100,水族館,Yamaguchi Station,55.1,0.70,0.8000,1.0000,0.0831,0.7683,http://commons.wikimedia.org/wiki/Special:FilePath/Shimonoseki%20Aquarium%2020170811-1.jpg,33.9544720,130.9424170,Q11361443
1649,新見美術館,岡山縣,美術館,4.0,100,美術館,Okayama Station,55.0,0.70,0.8000,1.0000,0.0833,0.7683,http://commons.wikimedia.org/wiki/Special:FilePath/NIIMI-MUSIAM.JPG,34.9853000,133.4571900,Q121362810
1847,奥田元宋・小由女美術館,廣島縣,人物紀念館,4.0,100,人物紀念館,Hiroshima Station,55.4,0.70,0.8000,1.0000,0.0828,0.7683,http://commons.wikimedia.org/wiki/Special:FilePath/GensoSayume.JPG,34.7763889,132.8683333,Q22118199
1897,広島三次ワイナリー,廣島縣,商號,4.0,100,商號,Hiroshima Station,55.4,0.70,0.8000,1.0000,0.0828,0.7683,,34.7778170,132.8666200,Q119660004
1947,東みよし町立歴史民俗資料館,德島縣,博物館,4.0,100,博物館,Tokushima Station,55.6,0.70,0.8000,1.0000,0.0825,0.7683,,34.0360770,133.9494790,Q104783865
2228,八方台,新潟縣,风景点,4.0,100,风景点,Niigata Station,55.6,0.70,0.8000,1.0000,0.0825,0.7683,,37.4233333,138.9294444,Q110998809
2698,那須オルゴール美術館,栃木縣,音楽博物館,4.0,100,音楽博物館,Utsunomiya Station,55.1,0.70,0.8000,1.0000,0.0832,0.7683,http://commons.wikimedia.org/wiki/Special:FilePath/%E9%82%A3%E9%A0%88%E3%82%AA%E3%83%AB%E3%82%B4%E3%83%BC%E3%83%AB%E7%BE%8E%E8%A1%93%E9%A4%A8%E5%A4%96%E8%A6%B3.jpg,37.0438889,140.0277778,Q48756396
2863,成田美術館,滋賀縣,美術館,4.0,100,美術館,Otsu Station,55.2,0.70,0.8000,1.0000,0.0830,0.7683,http://commons.wikimedia.org/wiki/Special:FilePath/Narita%20museum01s3200.jpg,35.3746670,136.2688610,Q11495725
2868,長浜城歴史博物館,滋賀縣,歷史博物館,4.0,100,歷史博物館,Otsu Station,55.0,0.70,0.8000,1.0000,0.0833,0.7683,http://commons.wikimedia.org/wiki/Special:FilePath/%E9%95%B7%E6%B5%9C%E5%9F%8E2%20Nagahama%20Castle%20-%20panoramio.jpg,35.3776420,136.2614630,Q104720989
2872,ヤンマーミュージアム,滋賀縣,公司博物館,4.0,100,公司博物館,Otsu Station,55.3,0.70,0.8000,1.0000,0.0829,0.7683,http://commons.wikimedia.org/wiki/Special:FilePath/YANMAR%20MUSEUM%2001.jpg,35.3743333,136.2702222,Q30922619
2874,长滨铁道广场,滋賀縣,鐵路博物館,4.0,100,鐵路博物館,Otsu Station,55.2,0.70,0.8000,1.0000,0.0830,0.7683,http://commons.wikimedia.org/wiki/Special:FilePath/Nagahama-Station-First-building2020.jpg,35.3768810,136.2658000,Q11653326
3270,若松城天守閣,福島縣,天守,4.0,100,天守,Fukushima Station,55.3,0.70,0.8000,1.0000,0.0830,0.7683,http://commons.wikimedia.org/wiki/Special:FilePath/080904Aidu-Wakamatu-jo.jpg,37.4877778,139.9297222,Q106967257
3362,金勇,秋田縣,遊客中心,4.0,100,遊客中心,Akita Station,55.5,0.70,0.8000,1.0000,0.0827,0.7683,http://commons.wikimedia.org/wiki/Special:FilePath/Exterior%20of%20the%20Kaneyu%2020200607a.jpg,40.2089720,140.0253610,Q11646558
235,丹波市立植野紀念’美術館,兵庫縣,美術館,4.0,100,美術館,Kobe Station,56.3,0.70,0.8000,1.0000,0.0815,0.7682,http://commons.wikimedia.org/wiki/Special:FilePath/230502%20Tamba%20Municipal%20Ueno%20Memorial%20Art%20Museum%20Tamba%20Hyogo%20pref%20Japan02s5.jpg,35.1731110,135.0391940,Q11368569
646,仙台藩白老元陣屋資料館,北海道,博物館,4.0,100,博物館,Sapporo Station,56.0,0.70,0.8000,1.0000,0.0820,0.7682,,42.5655280,141.3439450,Q104236413
714,阿仙落崖,千葉縣,懸崖,4.0,100,懸崖,Chiba Station,56.2,0.70,0.8000,1.0000,0.0817,0.7682,http://commons.wikimedia.org/wiki/Special:FilePath/%E3%81%8A%E3%81%9B%E3%82%93%E3%81%93%E3%82%8D%E3%81%8C%E3%81%97%E3%81%8B%E3%82%89%E5%A4%AA%E5%B9%B3%E6%B4%8B%E3%82%92%E6%9C%9B%E3%82%80%20-%20panoramio%20%281%29.jpg,35.1161111,140.2241667,Q553038
717,鵜原理想鄉,千葉縣,岸,4.0,100,岸,Chiba Station,55.6,0.70,0.8000,1.0000,0.0825,0.7682,http://commons.wikimedia.org/wiki/Special:FilePath/250906%20Ubara%20Utopia%20Katsuura%20Chiba%20pref%20Japan08s3.jpg,35.1310000,140.2750000,Q65270530
857,柴原温泉,埼玉縣,温泉镇,4.0,100,温泉镇,Omiya Station,56.0,0.70,0.8000,1.0000,0.0820,0.7682,,35.9715680,139.0073380,Q108677196
1128,伝統芸能伝承館森舞台,宮城縣,剧院博物馆,4.0,100,剧院博物馆,Sendai Station,56.3,0.70,0.8000,1.0000,0.0816,0.7682,http://commons.wikimedia.org/wiki/Special:FilePath/Moributai%2CTome.jpg,38.6594444,141.2802778,Q61058067
1137,警察資料館,宮城縣,警察博物館,4.0,100,警察博物館,Sendai Station,55.7,0.70,0.8000,1.0000,0.0824,0.7682,http://commons.wikimedia.org/wiki/Special:FilePath/Police%20museum%20toyoma.jpg,38.6513889,141.2812778,Q59159655
1157,旧登米高等尋常小学校校舎,宮城縣,旧学校施設,4.0,100,旧学校施設,Sendai Station,55.9,0.70,0.8000,1.0000,0.0821,0.7682,http://commons.wikimedia.org/wiki/Special:FilePath/Toyoma%20school%20museum050807.jpg,38.6553000,141.2800000,Q7830685
1300,土井濱遺蹟,山口縣,遺跡,4.0,100,遺跡,Yamaguchi Station,56.2,0.70,0.8000,1.0000,0.0817,0.7682,,34.2935280,130.8862220,Q11422937
1332,土井ヶ浜遺跡・人類学ミュージアム,山口縣,考古博物館,4.0,100,考古博物館,Yamaguchi Station,56.3,0.70,0.8000,1.0000,0.0816,0.7682,,34.2943510,130.8857030,Q132496054
1592,明宝歴史民俗資料館,岐阜縣,博物館,4.0,100,博物館,Gifu Station,55.6,0.70,0.8000,1.0000,0.0825,0.7682,http://commons.wikimedia.org/wiki/Special:FilePath/%E6%98%8E%E5%AE%9D%E6%AD%B4%E5%8F%B2%E6%B0%91%E4%BF%97%E8%B3%87%E6%96%99%E9%A4%A8.jpg,35.8570278,137.0300556,Q48748602
1615,奈義町現代美術館,岡山縣,現代美術館,4.0,100,現代美術館,Okayama Station,56.0,0.70,0.8000,1.0000,0.0820,0.7682,http://commons.wikimedia.org/wiki/Special:FilePath/Nagi%20MOCA.jpg,35.1239440,134.1749440,Q15933226
1872,広島県立みよし風土記の丘,廣島縣,風土記之丘,4.0,100,風土記之丘,Hiroshima Station,56.2,0.70,0.8000,1.0000,0.0817,0.7682,http://commons.wikimedia.org/wiki/Special:FilePath/%E3%81%BF%E3%82%88%E3%81%97%E9%A2%A8%E5%9C%9F%E8%A8%98%E3%81%AE%E4%B8%98%E5%BE%A9%E5%85%83%E5%BB%BA%E7%89%A9%E7%BE%A4.jpg,34.7633330,132.8986110,Q11484763
2233,美の川酒造酒造館,新潟縣,日本清酒博物館,4.0,100,日本清酒博物館,Niigata Station,56.2,0.70,0.8000,1.0000,0.0816,0.7682,,37.4365770,138.8438600,Q123517037
2799,JUNGLIA沖繩,沖繩縣,主題公園,4.0,100,主題公園,Naha Bus Terminal,56.1,0.70,0.8000,1.0000,0.0819,0.7682,,26.6422361,127.9736222,Q133878783
2818,海洋堂フィギュアミュージアム黒壁龍遊館,滋賀縣,公司博物館,4.0,100,公司博物館,Otsu Station,55.8,0.70,0.8000,1.0000,0.0823,0.7682,http://commons.wikimedia.org/wiki/Special:FilePath/Kaiy%C5%8Dd%C5%8D%20Figure%20Museum%20Kurokabe%20Ry%C5%ABy%C5%ABkan%2020210626%2001.jpg,35.3811940,136.2683890,Q11558989
2830,長浜市曳山博物館,滋賀縣,山車会館,4.0,100,山車会館,Otsu Station,55.8,0.70,0.8000,1.0000,0.0823,0.7682,http://commons.wikimedia.org/wiki/Special:FilePath/Hikiyama%20Museum%20Nagahama%20Shiga%20pref01n3680.jpg,35.3812640,136.2687690,Q132725989
2862,黒壁ガラス館,滋賀縣,美術館,4.0,100,美術館,Otsu Station,55.6,0.70,0.8000,1.0000,0.0825,0.7682,http://commons.wikimedia.org/wiki/Special:FilePath/Kurokabe%20glass%20hall0s32001.jpg,35.3806670,136.2670830,Q11678066
3002,中川一政美術館,神奈川縣,美術館,4.0,100,美術館,Yokohama Station,55.7,0.70,0.8000,1.0000,0.0823,0.7682,http://commons.wikimedia.org/wiki/Special:FilePath/Nakagawa.JPG,35.1444444,139.1516667,Q22119727
3078,御林展望公園,神奈川縣,公園,4.0,100,公園,Yokohama Station,55.8,0.70,0.8000,1.0000,0.0822,0.7682,,35.1438889,139.1508333,Q48746867
3238,求菩提資料館,福岡縣,宗教博物馆,4.0,100,宗教博物馆,Hakata Station,55.6,0.70,0.8000,1.0000,0.0825,0.7682,http://commons.wikimedia.org/wiki/Special:FilePath/Kubote%20Museum.jpg,33.5363520,131.0175650,Q68488330
3292,正雲寺会津美術館,福島縣,美術館,4.0,100,美術館,Fukushima Station,56.1,0.70,0.8000,1.0000,0.0819,0.7682,,37.4061944,139.9992222,Q11545719
3299,ムシテックワールド,福島縣,昆虫博物館,4.0,100,昆虫博物館,Fukushima Station,56.0,0.70,0.8000,1.0000,0.0820,0.7682,http://commons.wikimedia.org/wiki/Special:FilePath/MUSHITEC%20WORLD%20FUKUSHIMA.jpg,37.2508333,140.4622222,Q11343100
3330,はまなす展望台,秋田縣,觀光塔,4.0,100,觀光塔,Akita Station,55.9,0.70,0.8000,1.0000,0.0821,0.7682,http://commons.wikimedia.org/wiki/Special:FilePath/Hamanasu%20Observatory%2020200126.jpg,40.2089167,139.9983333,Q119961646
3349,能代市子ども館,秋田縣,兒童博物館,4.0,100,兒童博物館,Akita Station,56.3,0.70,0.8000,1.0000,0.0816,0.7682,http://commons.wikimedia.org/wiki/Special:FilePath/Noshiro%20City%20Children%27s%20Hall%2020200126.jpg,40.2163889,140.0248056,Q65279338
3763,かんなみ仏の里美術館,靜岡縣,美術館,4.0,100,美術館,Shizuoka Station,55.7,0.70,0.8000,1.0000,0.0824,0.7682,http://commons.wikimedia.org/wiki/Special:FilePath/Kannami%20Buddha%20statues%20Museum.jpg,35.1200000,138.9730560,Q77806445
3769,上原美術館,靜岡縣,美術館,4.0,100,美術館,Shizuoka Station,55.9,0.70,0.8000,1.0000,0.0820,0.7682,,34.7285833,138.9255833,Q109370453
3804,上原近代美術館,靜岡縣,现代美术馆,4.0,100,现代美术馆,Shizuoka Station,56.0,0.70,0.8000,1.0000,0.0820,0.7682,http://commons.wikimedia.org/wiki/Special:FilePath/The%20Bridge%20at%20Argenteuil%20by%20Renoir%20%28Uehara%20Museum%20of%20Modern%20Art%29.jpg,34.7285690,138.9256900,Q22032181
447,民族共生象徵空間,北海道,民族誌学博物館,4.0,100,民族誌学博物館,Sapporo Station,56.5,0.70,0.8000,1.0000,0.0812,0.7681,http://commons.wikimedia.org/wiki/Special:FilePath/Shiraoi-upopoy%2035.jpg,42.5602778,141.3655278,Q76283211
572,国立爱奴民族博物馆,北海道,アイヌ博物館,4.0,100,アイヌ博物館,Sapporo Station,56.4,0.70,0.8000,1.0000,0.0814,0.7681,http://commons.wikimedia.org/wiki/Special:FilePath/Shiraoi-upopoy%2038.jpg,42.5613470,141.3668850,Q116872384
602,阿伊努民族博物館,北海道,廃止された博物館,4.0,100,廃止された博物館,Sapporo Station,56.4,0.70,0.8000,1.0000,0.0814,0.7681,http://commons.wikimedia.org/wiki/Special:FilePath/Ainu%20Museum%20building.JPG,42.5613889,141.3669444,Q10333378
1310,海峽夢之塔,山口縣,觀光塔,4.0,100,觀光塔,Yamaguchi Station,56.4,0.70,0.8000,1.0000,0.0814,0.7681,http://commons.wikimedia.org/wiki/Special:FilePath/Yamaguchi%20international%20synthesis%20center%2020130721.jpg,33.9501090,130.9294680,Q100965041
1708,菊田一夫記念館,岩手縣,人物紀念館,4.0,100,人物紀念館,Morioka Station,57.0,0.70,0.8000,1.0000,0.0807,0.7681,http://commons.wikimedia.org/wiki/Special:FilePath/Nakazenkura%2COshu.jpg,39.1903889,141.1770000,Q60989412
1730,御所野繩文公園,岩手縣,考古学公園,4.0,100,考古学公園,Morioka Station,57.0,0.70,0.8000,1.0000,0.0806,0.7681,http://commons.wikimedia.org/wiki/Special:FilePath/%E5%BE%A1%E6%89%80%E9%87%8E%E9%81%BA%E8%B7%A1%E7%AB%AA%E7%A9%B4%E5%BC%8F%E4%BD%8F%E5%B1%85.JPG,40.1978330,141.3061390,Q11489083
1737,江刺藤原之鄉,岩手縣,电影布景,4.0,100,电影布景,Morioka Station,56.6,0.70,0.8000,1.0000,0.0812,0.7681,http://commons.wikimedia.org/wiki/Special:FilePath/Esashi-fujiharanosato.jpg,39.1944440,141.1888890,Q11260958
1960,宇和米博物館,愛媛縣,農業博物館,4.0,100,農業博物館,Matsuyama Station,57.0,0.70,0.8000,1.0000,0.0806,0.7681,http://commons.wikimedia.org/wiki/Special:FilePath/Kome%20hakubutsukan.jpg,33.3675500,132.5125790,Q133273309
2294,長岡市立科学博物館,新潟縣,博物館,4.0,100,博物館,Niigata Station,56.4,0.70,0.8000,1.0000,0.0814,0.7681,http://commons.wikimedia.org/wiki/Special:FilePath/Nagaoka%20City%20Hall%20001.jpg,37.4363889,138.8388889,Q30267712
2295,北雪酒造,新潟縣,觀光景點,4.0,100,觀光景點,Niigata Station,57.1,0.70,0.8000,1.0000,0.0806,0.7681,http://commons.wikimedia.org/wiki/Special:FilePath/Hokusetsu%20SHUZOU%20in%20Sado%20-%20Sep%2023%2C%202012.jpg,37.8709611,138.4135500,Q22127721
2503,武蔵御嶽神社宝物殿,東京都,宝物館,4.0,100,宝物館,Tokyo Station,56.8,0.70,0.8000,1.0000,0.0809,0.7681,http://commons.wikimedia.org/wiki/Special:FilePath/Mitake%20Shrine%20%40%20Hike%20from%20Mitake%20to%20Okutama%20%2810181698756%29.jpg,35.7829930,139.1503370,Q133288892
2647,御岳ノ神代欅,東京都,巨樹,4.0,100,巨樹,Tokyo Station,56.7,0.70,0.8000,1.0000,0.0811,0.7681,http://commons.wikimedia.org/wiki/Special:FilePath/Giant%20zelkova%20tree%20of%20Mount%20Mitake%20Ome%20Tokyo.jpg,35.7839722,139.1521389,Q30922759
2694,奥鬼怒溫泉鄉,栃木縣,温泉郷,4.0,100,温泉郷,Utsunomiya Station,56.6,0.70,0.8000,1.0000,0.0811,0.7681,,36.8686110,139.3938890,Q11446183
2695,那須サファリパーク,栃木縣,野生动物园,4.0,100,野生动物园,Utsunomiya Station,56.4,0.70,0.8000,1.0000,0.0814,0.7681,http://commons.wikimedia.org/wiki/Special:FilePath/Nasu%20SafariPark%27s%20lion%20bus.jpg,37.0591667,140.0058333,Q28068900
2859,米原市醒井宿資料館,滋賀縣,博物館,4.0,100,博物館,Otsu Station,56.8,0.70,0.8000,1.0000,0.0810,0.7681,http://commons.wikimedia.org/wiki/Special:FilePath/SPHFM01s3872.jpg,35.3274170,136.3472500,Q17230301
3345,きみまち阪,秋田縣,觀光景點,4.0,100,觀光景點,Akita Station,56.9,0.70,0.8000,1.0000,0.0808,0.7681,http://commons.wikimedia.org/wiki/Special:FilePath/Autumn%20leaves%20of%20Kimimachizaka%20in%20October%202022d.jpg,40.2194444,140.2550000,Q11264974
3463,八千代町歴史民俗資料館,茨城縣,博物館,4.0,100,博物館,Mito Station,56.7,0.70,0.8000,1.0000,0.0810,0.7681,,36.1794740,139.8896430,Q104696528
3687,青森縣立三澤航空科學館,青森縣,科學博物館,4.0,100,科學博物館,Aomori Station,56.8,0.70,0.8000,1.0000,0.0809,0.7681,http://commons.wikimedia.org/wiki/Special:FilePath/151101%20Misawa%20Aviation%20%26%20Science%20Museum%2C%20Aomori%20Japan03s3.jpg,40.7082500,141.3903610,Q11662211
3722,日本單車運動中心,靜岡縣,主題樂園,4.0,100,主題樂園,Shizuoka Station,56.8,0.70,0.8000,1.0000,0.0809,0.7681,http://commons.wikimedia.org/wiki/Special:FilePath/Japan%20cycle%20sports%20center%2C%20Cycle%20densha%2C%2020110919.jpg,35.0099722,139.0104167,Q11506471
3750,富士山樹空の森,靜岡縣,主題公園,4.0,100,主題公園,Shizuoka Station,56.6,0.70,0.8000,1.0000,0.0812,0.7681,,35.2966667,138.8680556,Q49492347
3783,愛逢岬,靜岡縣,海岬,4.0,100,海岬,Shizuoka Station,56.6,0.70,0.8000,1.0000,0.0812,0.7681,,34.6094722,138.8243611,Q124062263
3806,丸山敏雄記念館,靜岡縣,纪念博物馆,4.0,100,纪念博物馆,Shizuoka Station,57.0,0.70,0.8000,1.0000,0.0807,0.7681,,35.2995060,138.8706180,Q132327514
3818,北浜の大カヤノキ,靜岡縣,巨樹,4.0,100,巨樹,Shizuoka Station,56.5,0.70,0.8000,1.0000,0.0813,0.7681,http://commons.wikimedia.org/wiki/Special:FilePath/Kitahama%20no%20Okyayanoki%20Torreya%20trunk%20and%20hanging%20branches%20A.jpg,34.8128056,137.8004722,Q111705597
18,錦タワー,三重縣,津波避難施設,4.0,100,津波避難施設,Tsu Station,57.8,0.70,0.8000,1.0000,0.0797,0.7680,http://commons.wikimedia.org/wiki/Special:FilePath/Nishiki%20tower.JPG,34.2228610,136.3983610,Q11650411
105,グンゼ博物苑,京都府,織物博物館,4.0,100,織物博物館,Kyoto Station,57.8,0.70,0.8000,1.0000,0.0797,0.7680,http://commons.wikimedia.org/wiki/Special:FilePath/Gunze%20museum01s3200.jpg,35.3052778,135.2579167,Q11300942
111,グンゼ記念館,京都府,公司博物館,4.0,100,公司博物館,Kyoto Station,57.8,0.70,0.8000,1.0000,0.0796,0.7680,http://commons.wikimedia.org/wiki/Special:FilePath/Gunze%20memorial%20hall01s3200.jpg,35.3055556,135.2572778,Q11300944
218,南淡路市瀧川紀念美術館玉青館,兵庫縣,美術館,4.0,100,美術館,Kobe Station,57.3,0.70,0.8000,1.0000,0.0802,0.7680,http://commons.wikimedia.org/wiki/Special:FilePath/Minamiawaji%20City%20Gyokuseikan%20Museum.JPG,34.3162500,134.7341111,Q11407282
403,太子町立歴史資料館,兵庫縣,博物館,4.0,100,博物館,Kobe Station,57.2,0.70,0.8000,1.0000,0.0804,0.7680,,34.8344670,134.5815780,Q104721715
673,勇武津資料館,北海道,博物館,4.0,100,博物館,Sapporo Station,57.8,0.70,0.8000,1.0000,0.0796,0.7680,,42.6310490,141.7340310,Q104237785
708,魚見塚展望台,千葉縣,觀景台,4.0,100,觀景台,Chiba Station,57.8,0.70,0.8000,1.0000,0.0796,0.7680,,35.0936940,140.1000830,Q11674070
1298,田布施町郷土館,山口縣,地方文化館,4.0,100,地方文化館,Yamaguchi Station,57.3,0.70,0.8000,1.0000,0.0803,0.7680,,33.9558550,132.0438590,Q131327176
1376,新庄ふるさと歴史センター,山形縣,地方文化館,4.0,100,地方文化館,Yamagata Station,57.7,0.70,0.8000,1.0000,0.0798,0.7680,http://commons.wikimedia.org/wiki/Special:FilePath/Shinjo%20Furusato%20History%20Center%201.jpg,38.7670556,140.2964722,Q30926729
1549,恵那市山岡郷土史料館,岐阜縣,地方文化館,4.0,100,地方文化館,Gifu Station,57.2,0.70,0.8000,1.0000,0.0803,0.7680,,35.3485556,137.3832222,Q111431053
1550,白山文化博物館,岐阜縣,文化博物館,4.0,100,文化博物館,Gifu Station,57.6,0.70,0.8000,1.0000,0.0798,0.7680,http://commons.wikimedia.org/wiki/Special:FilePath/%E9%81%93%E3%81%AE%E9%A7%85%E7%99%BD%E9%B3%A5%20-%20%E7%99%BD%E5%B1%B1%E6%96%87%E5%8C%96%E5%8D%9A%E7%89%A9%E9%A4%A8.jpg,35.9238056,136.8317778,Q48748510
1559,白山瀧宝殿,岐阜縣,博物館,4.0,100,博物館,Gifu Station,57.3,0.70,0.8000,1.0000,0.0803,0.7680,http://commons.wikimedia.org/wiki/Special:FilePath/Nagatakihakusan-jinja%20ryuhoden.jpg,35.9206667,136.8312222,Q110858996
1859,平山郁夫美術館,廣島縣,美術館,4.0,100,美術館,Hiroshima Station,57.4,0.70,0.8000,1.0000,0.0801,0.7680,http://commons.wikimedia.org/wiki/Special:FilePath/Ikuo%20Hirayama%20Museum.jpg,34.3056944,133.0904167,Q22661322
1876,辻村寿三郎人形館,廣島縣,人形博物館,4.0,100,人形博物館,Hiroshima Station,57.2,0.70,0.8000,1.0000,0.0803,0.7680,http://commons.wikimedia.org/wiki/Special:FilePath/Miyoshi%20Museum%20of%20History.jpg,34.8109770,132.8478580,Q123124371
1905,湯本豪一記念日本妖怪博物館,廣島縣,博物館,4.0,100,博物館,Hiroshima Station,57.5,0.70,0.8000,1.0000,0.0800,0.7680,http://commons.wikimedia.org/wiki/Special:FilePath/Mononoke%20museum.jpg,34.8153611,132.8451667,Q106678254
1975,愛媛県歴史文化博物館,愛媛縣,都道府县立博物馆,4.0,100,都道府县立博物馆,Matsuyama Station,57.2,0.70,0.8000,1.0000,0.0804,0.7680,http://commons.wikimedia.org/wiki/Special:FilePath/Ehime%20Rekihaku%20museum.jpg,33.3639444,132.5181111,Q11493579
2012,開明学校,愛媛縣,旧学校施設,4.0,100,旧学校施設,Matsuyama Station,57.3,0.70,0.8000,1.0000,0.0802,0.7680,http://commons.wikimedia.org/wiki/Special:FilePath/Kaimei%20Gakko%2003.JPG,33.3642500,132.5136111,Q3577679
2020,宇和文化の里,愛媛縣,博物館,4.0,100,博物館,Matsuyama Station,57.4,0.70,0.8000,1.0000,0.0801,0.7680,,33.3629500,132.5150930,Q123536776
2185,古橋懐古館,愛知縣,博物館,4.0,100,博物館,Nagoya Station,57.1,0.70,0.8000,1.0000,0.0805,0.7680,http://commons.wikimedia.org/wiki/Special:FilePath/Furuhashi%20Kaiko-kan%20ac.jpg,35.2145556,137.5079167,Q85877712
2255,長岡市馬高縄文館,新潟縣,考古博物館,4.0,100,考古博物館,Niigata Station,57.8,0.70,0.8000,1.0000,0.0796,0.7680,http://commons.wikimedia.org/wiki/Special:FilePath/Umataka%20Jomon%20Museum.jpg,37.4466190,138.7684800,Q104708800
2770,沖繩美麗海水族館,沖繩縣,水族館,4.0,100,水族館,Naha Bus Terminal,57.1,0.70,0.8000,1.0000,0.0805,0.7680,http://commons.wikimedia.org/wiki/Special:FilePath/%E6%B2%96%E7%B8%84%E7%BE%8E%E3%82%89%E6%B5%B7%E6%B0%B4%E6%97%8F%E9%A4%A8%EF%BC%BF%E5%A4%A7.jpg,26.6943889,127.8779444,Q1445750
2781,ヌチドゥタカラの家,沖繩縣,和平博物館,4.0,100,和平博物館,Naha Bus Terminal,57.3,0.70,0.8000,1.0000,0.0803,0.7680,http://commons.wikimedia.org/wiki/Special:FilePath/%E3%83%8C%E3%83%81%E3%83%89%E3%82%A5%E3%82%BF%E3%82%AB%E3%83%A9%E3%81%AE%E5%AE%B6%20%E5%8F%8D%E6%88%A6%E5%B9%B3%E5%92%8C%E8%B3%87%E6%96%99%E9%A4%A8.jpg,26.7106667,127.8253889,Q113480812
2807,島村屋観光公園民俗資料館,沖繩縣,地方文化館,4.0,100,地方文化館,Naha Bus Terminal,57.4,0.70,0.8000,1.0000,0.0802,0.7680,,26.7161530,127.8040540,Q132562103
2823,醒井木彫美術館,滋賀縣,彫刻美術館,4.0,100,彫刻美術館,Otsu Station,57.2,0.70,0.8000,1.0000,0.0804,0.7680,http://commons.wikimedia.org/wiki/Special:FilePath/MWCS01s3200.jpg,35.3291390,136.3517220,Q11644483
2848,湖北野鳥センター,滋賀縣,自然中心,4.0,100,自然中心,Otsu Station,57.4,0.70,0.8000,1.0000,0.0801,0.7680,http://commons.wikimedia.org/wiki/Special:FilePath/Shiga%20prefectural%20road%20331.JPG,35.4465480,136.1898670,Q132733822
2853,琵琶湖水鳥・湿地センター,滋賀縣,自然中心,4.0,100,自然中心,Otsu Station,57.4,0.70,0.8000,1.0000,0.0801,0.7680,,35.4462570,136.1899220,Q132160193
2885,球泉洞森林館,熊本縣,林業博物館,4.0,100,林業博物館,Kumamoto Station,57.5,0.70,0.8000,1.0000,0.0800,0.7680,http://commons.wikimedia.org/wiki/Special:FilePath/Kyusendo%20forest%20museum%201.jpg,32.2768056,130.6146389,Q98170289
2903,球泉洞,熊本縣,溶洞,4.0,100,溶洞,Kumamoto Station,57.7,0.70,0.8000,1.0000,0.0797,0.7680,http://commons.wikimedia.org/wiki/Special:FilePath/Kyusendo20080104%2001.jpg,32.2749360,130.6151530,Q11573505
2966,七尾城史資料館,石川縣,歷史博物館,4.0,100,歷史博物館,Kanazawa Station,57.6,0.70,0.8000,1.0000,0.0799,0.7680,,37.0246111,136.9761389,Q107095847
2974,懐古館（旧飯田家住宅）,石川縣,有形文化財產,4.0,100,有形文化財產,Kanazawa Station,57.6,0.70,0.8000,1.0000,0.0799,0.7680,,37.0243320,136.9763340,Q130727051
2991,箱根雕刻森林美術館,神奈川縣,美術館,4.0,100,美術館,Yokohama Station,57.4,0.70,0.8000,1.0000,0.0802,0.7680,http://commons.wikimedia.org/wiki/Special:FilePath/Hakone5.jpg,35.2447194,139.0515056,Q1134422
3328,石坂洋次郎文学記念館,秋田縣,文學館,4.0,100,文學館,Akita Station,57.5,0.70,0.8000,1.0000,0.0800,0.7680,http://commons.wikimedia.org/wiki/Special:FilePath/Ishizaka%20Yojiro%20Literature%20Museum.jpg,39.3241667,140.5657500,Q84520666
3340,伊勢堂岱縄文館,秋田縣,考古博物館,4.0,100,考古博物館,Akita Station,57.2,0.70,0.8000,1.0000,0.0804,0.7680,http://commons.wikimedia.org/wiki/Special:FilePath/Isedotai%20Jomonkan%20202003.jpg,40.2019750,140.3508260,Q123177858
3953,出水麓歴史館,鹿兒島縣,歷史博物館,4.0,100,歷史博物館,Kagoshima-Chuo Station,57.3,0.70,0.8000,1.0000,0.0803,0.7680,http://commons.wikimedia.org/wiki/Special:FilePath/Izumi-Fumoto%20History%20Museum%20ac.jpg,32.0752880,130.3590980,Q138314074
20,桐垣展望台,三重縣,觀景台,4.0,100,觀景台,Tsu Station,58.0,0.70,0.8000,1.0000,0.0793,0.7679,http://commons.wikimedia.org/wiki/Special:FilePath/Ago%20Bay%20Sunset.jpg,34.2873890,136.8375280,Q11537188
824,南方熊楠顯彰館,和歌山縣,人物紀念館,4.0,100,人物紀念館,Wakayama Station,58.3,0.70,0.8000,1.0000,0.0790,0.7679,http://commons.wikimedia.org/wiki/Special:FilePath/251011%20Minakata%20Kumagusu%20Archives%20Tanabe%20Wakayama%20prefecture%20Japan04s3.jpg,33.7310830,135.3777500,Q11407877
827,秩父鐵道車両公園,埼玉縣,鉄道公園,4.0,100,鉄道公園,Omiya Station,58.4,0.70,0.8000,1.0000,0.0789,0.7679,http://commons.wikimedia.org/wiki/Special:FilePath/Tetudoshiyariyo%20park2.jpg,35.9603890,138.9792220,Q11596172
1145,風の沢ミュージアム,宮城縣,古民家,4.0,100,古民家,Sendai Station,58.3,0.70,0.8000,1.0000,0.0790,0.7679,,38.7810556,140.9570556,Q20043654
1161,石ノ森章太郎ふるさと記念館,宮城縣,動漫博物館,4.0,100,動漫博物館,Sendai Station,58.7,0.70,0.8000,1.0000,0.0785,0.7679,,38.7198740,141.2135390,Q48744156
1370,出羽三山歴史博物館,山形縣,歷史博物館,4.0,100,歷史博物館,Yamagata Station,58.6,0.70,0.8000,1.0000,0.0786,0.7679,http://commons.wikimedia.org/wiki/Special:FilePath/Dewa-Sanzan%20History%20Museum%20201804.jpg,38.7016667,139.9830833,Q65249244
1403,雪の里情報館,山形縣,博物館,4.0,100,博物館,Yamagata Station,58.1,0.70,0.8000,1.0000,0.0792,0.7679,http://commons.wikimedia.org/wiki/Special:FilePath/YukinoSato%20Information%20Center%201.jpg,38.7709722,140.2972222,Q65292338
1510,日本大正村,岐阜縣,戶外博物館,4.0,100,戶外博物館,Gifu Station,58.7,0.70,0.8000,1.0000,0.0785,0.7679,http://commons.wikimedia.org/wiki/Special:FilePath/Old%20Akechi%20Town%20Hall%202021-01%20ac.jpg,35.3048889,137.3903611,Q11507877
1576,日本大正村資料館,岐阜縣,博物館,4.0,100,博物館,Gifu Station,58.6,0.70,0.8000,1.0000,0.0786,0.7679,http://commons.wikimedia.org/wiki/Special:FilePath/Nihon%20taisyoumura%20siryoukan.jpg,35.3040560,137.3894720,Q11507880
2280,新潟県立歴史博物館,新潟縣,都道府县立博物馆,4.0,100,都道府县立博物馆,Niigata Station,58.7,0.70,0.8000,1.0000,0.0785,0.7679,http://commons.wikimedia.org/wiki/Special:FilePath/Niigata%20Prefectural%20Museum%20of%20History.jpg,37.4383333,138.7677778,Q11503104
2290,秋山孝ポスター美術館長岡,新潟縣,美術館,4.0,100,美術館,Niigata Station,58.0,0.70,0.8000,1.0000,0.0794,0.7679,http://commons.wikimedia.org/wiki/Special:FilePath/Takashi%20Akiyama%20Poster%20Museum%20Nagaoka.jpg,37.4203930,138.8416460,Q11594970
2923,石川県七尾美術館,石川縣,美術館,4.0,100,美術館,Kanazawa Station,58.6,0.70,0.8000,1.0000,0.0786,0.7679,http://commons.wikimedia.org/wiki/Special:FilePath/%E7%9F%B3%E5%B7%9D%E7%9C%8C%E4%B8%83%E5%B0%BE%E7%BE%8E%E8%A1%93%E9%A4%A8%20Nanao%20Art%20Museum.jpg,37.0448110,136.9537320,Q11585933
2985,人間国宝美術館,神奈川縣,美術館,4.0,100,美術館,Yokohama Station,58.1,0.70,0.8000,1.0000,0.0793,0.7679,,35.1531361,139.1106917,Q30923413
3014,岡田美術館,神奈川縣,美術館,4.0,100,美術館,Yokohama Station,58.1,0.70,0.8000,1.0000,0.0792,0.7679,http://commons.wikimedia.org/wiki/Special:FilePath/251122%20Okada%20Museum%20of%20Art%20Hakone%20Japan03s3.jpg,35.2380833,139.0461111,Q17224006
3092,箱根美術館,神奈川縣,陶瓷博物館,4.0,100,陶瓷博物館,Yokohama Station,57.9,0.70,0.8000,1.0000,0.0795,0.7679,http://commons.wikimedia.org/wiki/Special:FilePath/%E7%AE%B1%E6%A0%B9%E7%BE%8E%E8%A1%93%E9%A4%A8%E6%9C%AC%E9%A4%A8.jpg,35.2481670,139.0426670,Q11284659
3253,諏訪神社の翁スギ媼スギ,福島縣,巨樹,4.0,100,巨樹,Fukushima Station,58.2,0.70,0.8000,1.0000,0.0791,0.7679,,37.2555200,140.6606000,Q123555253
700,菱川師宣紀念館,千葉縣,美術館,4.0,100,美術館,Chiba Station,59.5,0.70,0.8000,1.0000,0.0775,0.7678,http://commons.wikimedia.org/wiki/Special:FilePath/Hishikawa%20Moronobu%20Memorial%20Museum%2008.jpg,35.1281944,139.8363889,Q11620185
821,田辺市立歴史民俗資料館,和歌山縣,民俗博物館,4.0,100,民俗博物館,Wakayama Station,58.9,0.70,0.8000,1.0000,0.0782,0.7678,http://commons.wikimedia.org/wiki/Special:FilePath/Tanabe%20City%20International%20Exchange%20Center%20TANABERU%20ac.jpg,33.7265944,135.3824333,Q18337271
864,両神温泉,埼玉縣,温泉镇,4.0,100,温泉镇,Omiya Station,59.5,0.70,0.8000,1.0000,0.0775,0.7678,,36.0077778,138.9750000,Q108551984
1502,中山道広重美術館,岐阜縣,美術館,4.0,100,美術館,Gifu Station,59.4,0.70,0.8000,1.0000,0.0776,0.7678,http://commons.wikimedia.org/wiki/Special:FilePath/Hiroshige%20Museum%20of%20Art%2CEna.jpg,35.4529420,137.4100470,Q11364291
1523,恵那峡ワンダーランド,岐阜縣,主題樂園,4.0,100,主題樂園,Gifu Station,59.5,0.70,0.8000,1.0000,0.0775,0.7678,http://commons.wikimedia.org/wiki/Special:FilePath/Enakyo%20wonderland.JPG,35.4881190,137.4059720,Q11492439
1548,博石館,岐阜縣,鉱物博物館,4.0,100,鉱物博物館,Gifu Station,59.1,0.70,0.8000,1.0000,0.0781,0.7678,http://commons.wikimedia.org/wiki/Special:FilePath/Hakusekikan%20mineral%20museum.JPG,35.4967420,137.3993750,Q11409010
1562,大正ロマン館,岐阜縣,博物館,4.0,100,博物館,Gifu Station,58.8,0.70,0.8000,1.0000,0.0784,0.7678,http://commons.wikimedia.org/wiki/Special:FilePath/Akechi%20Taisyo%20Romankan%202021-01%20ac%20%281%29.jpg,35.3040000,137.3918333,Q111430946
1733,龍泉洞,岩手縣,溶洞,4.0,100,溶洞,Morioka Station,59.2,0.70,0.8000,1.0000,0.0779,0.7678,http://commons.wikimedia.org/wiki/Special:FilePath/Ryusendo%20Cave%20Underground%20Lake%20Cap%2020201115.jpg,39.8605333,141.7972806,Q7385643
1989,伊方町町見郷土館,愛媛縣,廃止された博物館,4.0,100,廃止された博物館,Matsuyama Station,59.1,0.70,0.8000,1.0000,0.0780,0.7678,,33.4693500,132.2945600,Q123555778
2300,藤橋歴史の広場,新潟縣,博物館,4.0,100,博物館,Niigata Station,59.1,0.70,0.8000,1.0000,0.0780,0.7678,,37.4285100,138.7825380,Q104708797
2710,藤城清治美術館那須高原,栃木縣,美術館,4.0,100,美術館,Utsunomiya Station,59.3,0.70,0.8000,1.0000,0.0777,0.7678,http://commons.wikimedia.org/wiki/Special:FilePath/180726%20Seiji%20Fujishiro%20Museum%20Nasu%20Japan07.JPG,37.0859720,140.0046390,Q17211562
2801,今帰仁村歴史文化センター,沖繩縣,地方文化館,4.0,100,地方文化館,Naha Bus Terminal,58.7,0.70,0.8000,1.0000,0.0784,0.7678,http://commons.wikimedia.org/wiki/Special:FilePath/Nakijin%20Okinawa%20Japan%20Nakijin-village-Center-for-History-and-Culture-01.jpg,26.6917960,127.9273980,Q132156762
2832,國友鐵炮之里資料館,滋賀縣,博物館,4.0,100,博物館,Otsu Station,58.9,0.70,0.8000,1.0000,0.0782,0.7678,http://commons.wikimedia.org/wiki/Special:FilePath/Kunitomo%20Gun%20Museum%2020210131%2001.jpg,35.4089440,136.2824720,Q11420600
2880,本渡歴史民俗資料館,熊本縣,民俗博物館,4.0,100,民俗博物館,Kumamoto Station,58.8,0.70,0.8000,1.0000,0.0784,0.7678,,32.4608060,130.1986110,Q11520521
2999,箱根ガラスの森美術館,神奈川縣,美術館,4.0,100,美術館,Yokohama Station,59.2,0.70,0.8000,1.0000,0.0779,0.7678,http://commons.wikimedia.org/wiki/Special:FilePath/Hakone%20Venetian%20Glass%20Museum.jpg,35.2662780,139.0177500,Q11603346
3013,POLA美術館,神奈川縣,美術館,4.0,100,美術館,Yokohama Station,59.3,0.70,0.8000,1.0000,0.0777,0.7678,http://commons.wikimedia.org/wiki/Special:FilePath/191103%20Pola%20Museum%20of%20Art%20Hakone%20Japan02s3.jpg,35.2567110,139.0211450,Q1574475
3348,秋田県立近代美術館,秋田縣,都道府县立博物馆,4.0,100,都道府县立博物馆,Akita Station,59.2,0.70,0.8000,1.0000,0.0778,0.7678,http://commons.wikimedia.org/wiki/Special:FilePath/Akita%20Museum%20of%20Modern%20Art%2020190503.jpg,39.2925000,140.5475000,Q11595519
3364,秋田故里村,秋田縣,主題公園,4.0,100,主題公園,Akita Station,59.1,0.70,0.8000,1.0000,0.0780,0.7678,http://commons.wikimedia.org/wiki/Special:FilePath/Akita%20Furusato-mura%2C%20Wonder%20Castle%203.jpg,39.2933500,140.5462060,Q11595197
3592,塩尻短歌館,長野縣,文學館,4.0,100,文學館,Nagano Station,58.7,0.70,0.8000,1.0000,0.0785,0.7678,,36.1526667,137.9453056,Q85878449
3729,酪農王国オラッチェ,靜岡縣,主題公園,4.0,100,主題公園,Shizuoka Station,58.8,0.70,0.8000,1.0000,0.0783,0.7678,,35.1032500,139.0147778,Q72515975
3800,磐田市香りの博物館,靜岡縣,博物館,4.0,100,博物館,Shizuoka Station,59.2,0.70,0.8000,1.0000,0.0778,0.7678,,34.7154400,137.8195800,Q123516796
470,有島記念館,北海道,人物紀念館,4.0,100,人物紀念館,Sapporo Station,60.0,0.70,0.8000,1.0000,0.0770,0.7677,http://commons.wikimedia.org/wiki/Special:FilePath/Arishima%20Takeo%20Memorial%20Museum%20-%20Aug%2025%2C%202016%20%284%29.jpg,42.8105000,140.7039444,Q85880992
794,熊野古道なかへち美術館,和歌山縣,美術館,4.0,100,美術館,Wakayama Station,60.2,0.70,0.8000,1.0000,0.0766,0.7677,http://commons.wikimedia.org/wiki/Special:FilePath/Nakahechi%20artsalon%20exterior.jpg,33.8134440,135.6061670,Q11568880
1130,サトル・サトウ・アート・ミュージアム,宮城縣,美術館,4.0,100,美術館,Sendai Station,59.9,0.70,0.8000,1.0000,0.0770,0.7677,http://commons.wikimedia.org/wiki/Special:FilePath/Satoru%20museum-1-.jpg,38.7190833,141.2435000,Q11304896
1361,いでは文化記念館,山形縣,文化博物館,4.0,100,文化博物館,Yamagata Station,59.7,0.70,0.8000,1.0000,0.0773,0.7677,http://commons.wikimedia.org/wiki/Special:FilePath/Ideha%20Bunka%20Museum.jpg,38.7043333,139.9646389,Q65233819
1381,羽黒山の爺スギ,山形縣,巨樹,4.0,100,巨樹,Yamagata Station,59.6,0.70,0.8000,1.0000,0.0773,0.7677,http://commons.wikimedia.org/wiki/Special:FilePath/Jiji-sugi%2C%20the%20Grandpa%20Cedar%20in%20Mt.Haguro%2020180421.jpg,38.7051390,139.9670000,Q112080442
1496,中山道ひし屋資料館,岐阜縣,町屋,4.0,100,町屋,Gifu Station,59.9,0.70,0.8000,1.0000,0.0771,0.7677,http://commons.wikimedia.org/wiki/Special:FilePath/Nakasendo%20hishiya%20museum.jpg,35.4551944,137.4145278,Q48747247
1500,横井照子ひなげし美術館,岐阜縣,美術館,4.0,100,美術館,Gifu Station,59.9,0.70,0.8000,1.0000,0.0770,0.7677,http://commons.wikimedia.org/wiki/Special:FilePath/Teruko%20Yokoi%20Hinageshi%20art%20Museum.jpg,35.4706389,137.4133611,Q17209461
1710,安家洞,岩手縣,觀光洞穴,4.0,100,觀光洞穴,Morioka Station,60.0,0.70,0.8000,1.0000,0.0769,0.7677,http://commons.wikimedia.org/wiki/Special:FilePath/Akkado%20SHINDEN.jpg,39.9836000,141.7360000,Q11450564
2216,豊川市桜ヶ丘ミュージアム,愛知縣,博物館,4.0,100,博物館,Nagoya Station,59.8,0.70,0.8000,1.0000,0.0772,0.7677,http://commons.wikimedia.org/wiki/Special:FilePath/Toyokawa%20City%20Sakuragaoka%20Museum%20ac.jpg,34.8301390,137.3895280,Q123367980
2881,天草市立御所浦恐竜の島博物館,熊本縣,古生物博物馆,4.0,100,古生物博物馆,Kumamoto Station,60.2,0.70,0.8000,1.0000,0.0767,0.7677,http://commons.wikimedia.org/wiki/Special:FilePath/Amakusa%20Museum%20of%20Goshoura%20Dinosaur%20Island.jpg,32.3375560,130.3379440,Q127510243
2887,天草キリシタン館,熊本縣,キリスト教博物館,4.0,100,キリスト教博物館,Kumamoto Station,60.0,0.70,0.8000,1.0000,0.0770,0.7677,http://commons.wikimedia.org/wiki/Special:FilePath/Amakusa%20Christian%20Museum.jpg,32.4599000,130.1840000,Q11443445
2890,蘆北町立星野富弘美術館,熊本縣,人物紀念館,4.0,100,人物紀念館,Kumamoto Station,60.4,0.70,0.8000,1.0000,0.0765,0.7677,http://commons.wikimedia.org/wiki/Special:FilePath/Hoshino%20Tomihiro%20Museum%20of%20Art.JPG,32.2715830,130.5001670,Q17191286
2904,御所浦白亜紀資料館,熊本縣,古生物博物馆,4.0,100,古生物博物馆,Kumamoto Station,60.2,0.70,0.8000,1.0000,0.0767,0.7677,http://commons.wikimedia.org/wiki/Special:FilePath/Goshoura%20Cretaceous%20Museum.JPG,32.3375560,130.3379440,Q11489072
3001,箱根拉利克博物館,神奈川縣,人物紀念館,4.0,100,人物紀念館,Yokohama Station,59.8,0.70,0.8000,1.0000,0.0772,0.7677,http://commons.wikimedia.org/wiki/Special:FilePath/170721%20Lalique%20Museum%20Hakone%20Japan04n.jpg,35.2695640,139.0091640,Q11603353
3086,西村京太郎紀念館,神奈川縣,人物紀念館,4.0,100,人物紀念館,Yokohama Station,60.3,0.70,0.8000,1.0000,0.0766,0.7677,http://commons.wikimedia.org/wiki/Special:FilePath/Nishimura%20Kyotaro%20Museum-P1010867.JPG,35.1407280,139.0913580,Q11628518
3087,箱根小王子博物館,神奈川縣,人物紀念館,4.0,100,人物紀念館,Yokohama Station,59.6,0.70,0.8000,1.0000,0.0775,0.7677,http://commons.wikimedia.org/wiki/Special:FilePath/170721%20Cin%C3%A9ma%20-%20Mus%C3%A9e%20du%20Petit%20Prince%20de%20Saint-Exup%C3%A9ry%20Hakone%20Japan01s3.jpg,35.2666667,139.0131944,Q18515604
3309,東日本大震災・原子力災害伝承館,福島縣,纪念博物馆,4.0,100,纪念博物馆,Fukushima Station,59.8,0.70,0.8000,1.0000,0.0772,0.7677,http://commons.wikimedia.org/wiki/Special:FilePath/%E6%9D%B1%E6%97%A5%E6%9C%AC%E5%A4%A7%E9%9C%87%E7%81%BD%E3%83%BB%E5%8E%9F%E5%AD%90%E5%8A%9B%E7%81%BD%E5%AE%B3%E4%BC%9D%E6%89%BF%E9%A4%A8.jpg,37.4581380,141.0264460,Q98929263
3446,茨城県天心記念五浦美術館,茨城縣,美術館,4.0,100,美術館,Mito Station,59.6,0.70,0.8000,1.0000,0.0775,0.7677,,36.8395000,140.7990000,Q7700648
3546,蓼科テディベア美術館,長野縣,美術館,4.0,100,美術館,Nagano Station,59.6,0.70,0.8000,1.0000,0.0775,0.7677,http://commons.wikimedia.org/wiki/Special:FilePath/Lake%20Shirakaba38s5s3200.jpg,36.1087140,138.2344940,Q11621785
3711,おいらせ阿光坊古墳館,青森縣,考古博物館,4.0,100,考古博物館,Aomori Station,59.9,0.70,0.8000,1.0000,0.0771,0.7677,,40.6038600,141.3805380,Q133272957
3801,杉桙別命神社の大クス,靜岡縣,神木,4.0,100,神木,Shizuoka Station,59.9,0.70,0.8000,1.0000,0.0771,0.7677,http://commons.wikimedia.org/wiki/Special:FilePath/Cinnamomum%20camphora%2020100601%20%28Kawazu%29%20%28A1%29.jpg,34.7542500,138.9890556,Q60577358
144,芦田均記念館,京都府,纪念博物馆,4.0,100,纪念博物馆,Kyoto Station,60.9,0.70,0.8000,1.0000,0.0758,0.7676,,35.2601390,135.1786670,Q131911087
435,西村計雄記念美術館,北海道,美術館,4.0,100,美術館,Sapporo Station,61.2,0.70,0.8000,1.0000,0.0755,0.7676,,42.9749950,140.6091230,Q123464807
506,はまます郷土資料館,北海道,鰊御殿,4.0,100,鰊御殿,Sapporo Station,60.5,0.70,0.8000,1.0000,0.0763,0.7676,http://commons.wikimedia.org/wiki/Special:FilePath/Hamamasu%20Folk%20Museum.jpg,43.6126110,141.3740130,Q85770107
726,鈴木貫太郎紀念館,千葉縣,人物紀念館,4.0,100,人物紀念館,Chiba Station,60.8,0.70,0.8000,1.0000,0.0760,0.7676,http://commons.wikimedia.org/wiki/Special:FilePath/Suzuki%20Kantaro%20001.jpg,36.0911670,139.7857780,Q11649284
1203,願望成真十字之海,宮崎縣,觀光景點,4.0,100,觀光景點,Miyazaki Station,60.4,0.70,0.8000,1.0000,0.0764,0.7676,http://commons.wikimedia.org/wiki/Special:FilePath/O%20mar%20da%20cruz%20Hyuga%20Miyazaki.jpg,32.4176111,131.6776389,Q11299478
1648,武蔵資料館,岡山縣,人物紀念館,4.0,100,人物紀念館,Okayama Station,60.5,0.70,0.8000,1.0000,0.0764,0.7676,http://commons.wikimedia.org/wiki/Special:FilePath/Gorinbo08s3200.jpg,35.0953470,134.3261560,Q11546382
1826,齋藤茂吉鴨山記念館,島根縣,纪念博物馆,4.0,100,纪念博物馆,Matsue Station,60.9,0.70,0.8000,1.0000,0.0758,0.7676,,35.0928800,132.5697970,Q132300625
2211,豊川市民俗資料館,愛知縣,博物館,4.0,100,博物館,Nagoya Station,60.5,0.70,0.8000,1.0000,0.0763,0.7676,http://commons.wikimedia.org/wiki/Special:FilePath/Toyokawa%20City%20Museum%20of%20Folklore%20%282011.03.05%29.jpg,34.8569167,137.4241389,Q55521745
2963,和倉昭和博物館とおもちゃ館,石川縣,玩具博物館,4.0,100,玩具博物館,Kanazawa Station,60.8,0.70,0.8000,1.0000,0.0760,0.7676,http://commons.wikimedia.org/wiki/Special:FilePath/Museum%20of%20Showa%20and%20Toy%2C%20Nanao.jpg,37.0798889,136.9197778,Q11417155
3778,下田海中水族館,靜岡縣,水族館,4.0,100,水族館,Shizuoka Station,61.2,0.70,0.8000,1.0000,0.0756,0.7676,http://commons.wikimedia.org/wiki/Special:FilePath/Shimoda-Kaichu-Suizokukan.JPG,34.6660556,138.9459722,Q11361202
3895,梼原町立歴史民俗資料館,高知縣,民俗博物館,4.0,100,民俗博物館,Kochi Station,60.4,0.70,0.8000,1.0000,0.0765,0.7676,http://commons.wikimedia.org/wiki/Special:FilePath/Yusuhara%20rekisisiryoukann04.JPG,33.3914720,132.9269170,Q11538941
320,矢野勘治紀念館,兵庫縣,人物紀念館,4.0,100,人物紀念館,Kobe Station,61.6,0.70,0.8000,1.0000,0.0751,0.7675,http://commons.wikimedia.org/wiki/Special:FilePath/Kajokan%20Tatsuno02n4592.jpg,34.8677220,134.5436390,Q11660828
327,薄口龍野醤油資料館,兵庫縣,食物博物館,4.0,100,食物博物館,Kobe Station,61.4,0.70,0.8000,1.0000,0.0753,0.7675,http://commons.wikimedia.org/wiki/Special:FilePath/Usukuchi-Tatsuno-Shoyu%20Museum01s2048.jpg,34.8664720,134.5457780,Q11260409
375,龍野市立龍野歴史文化資料館,兵庫縣,歷史博物館,4.0,100,歷史博物館,Kobe Station,61.4,0.70,0.8000,1.0000,0.0753,0.7675,http://commons.wikimedia.org/wiki/Special:FilePath/Tatsuno%20municipal%20museum%20of%20history%20%26%20culture01s2040.jpg,34.8685280,134.5462220,Q11271117
545,滝川市航空科学センター,北海道,場外離着陸場,4.0,100,場外離着陸場,Sapporo Station,61.3,0.70,0.8000,1.0000,0.0754,0.7675,http://commons.wikimedia.org/wiki/Special:FilePath/Takikawa%20Sky%20Museum.jpg,43.5458333,141.7311111,Q26457215
641,かかし古里館,北海道,博物館,4.0,100,博物館,Sapporo Station,61.4,0.70,0.8000,1.0000,0.0753,0.7675,,42.9801639,140.6055167,Q11263579
749,千葉縣立關宿城博物館,千葉縣,博物館,4.0,100,博物館,Chiba Station,61.8,0.70,0.8000,1.0000,0.0748,0.7675,http://commons.wikimedia.org/wiki/Special:FilePath/%E9%96%A2%E5%AE%BF%E5%9F%8E%20-%20panoramio%20%28cropped%29.jpg,36.1005560,139.7824440,Q11406368
818,南方熊楠紀念館,和歌山縣,人物紀念館,4.0,100,人物紀念館,Wakayama Station,61.3,0.70,0.8000,1.0000,0.0754,0.7675,http://commons.wikimedia.org/wiki/Special:FilePath/%E5%8D%97%E6%96%B9%E7%86%8A%E6%A5%A0%E8%A8%98%E5%BF%B5%E9%A4%A8.JPG,33.6937220,135.3362780,Q11407875
1581,たかす開拓記念館,岐阜縣,博物館,4.0,100,博物館,Gifu Station,61.4,0.70,0.8000,1.0000,0.0754,0.7675,,35.9521667,136.8756667,Q111013371
1627,鏡野町奥津歴史資料館,岡山縣,地方文化館,4.0,100,地方文化館,Okayama Station,62.1,0.70,0.8000,1.0000,0.0745,0.7675,,35.2249680,133.9200000,Q123516965
1739,めんこい美術館,岩手縣,美術館,4.0,100,美術館,Morioka Station,61.9,0.70,0.8000,1.0000,0.0747,0.7675,http://commons.wikimedia.org/wiki/Special:FilePath/Menkoi%20Art%20Museum.JPG,39.1451530,141.1542330,Q132197302
2302,縄文の里・朝日　奥三面歴史交流館,新潟縣,博物館,4.0,100,博物館,Niigata Station,61.4,0.70,0.8000,1.0000,0.0753,0.7675,,38.2396710,139.6261410,Q104708794
2802,沖縄愛楽園交流会館,沖繩縣,醫學博物館,4.0,100,醫學博物館,Naha Bus Terminal,61.9,0.70,0.8000,1.0000,0.0747,0.7675,,26.6785060,128.0200410,Q132563392
2812,小谷城戦国歴史資料館,滋賀縣,歷史博物館,4.0,100,歷史博物館,Otsu Station,62.0,0.70,0.8000,1.0000,0.0746,0.7675,http://commons.wikimedia.org/wiki/Special:FilePath/Odanij3.jpg,35.4526110,136.2694720,Q11463730
2979,和倉温泉お祭り会館,石川縣,山車会館,4.0,100,山車会館,Kanazawa Station,61.5,0.70,0.8000,1.0000,0.0752,0.7675,,37.0865833,136.9187500,Q97274614
2996,町立湯河原美術館,神奈川縣,美術館,4.0,100,美術館,Yokohama Station,61.3,0.70,0.8000,1.0000,0.0754,0.7675,http://commons.wikimedia.org/wiki/Special:FilePath/Yugawara%20Art%20Museum.JPG,35.1481667,139.0710278,Q61058198
3004,成川美術館,神奈川縣,美術館,4.0,100,美術館,Yokohama Station,61.3,0.70,0.8000,1.0000,0.0754,0.7675,http://commons.wikimedia.org/wiki/Special:FilePath/230909%20Narukawa%20Art%20Museum%20Hakone%20Japan05s3.jpg,35.2000280,139.0311580,Q10855979
260,龍野市立室津海駅館,兵庫縣,海事博物館,4.0,100,海事博物館,Kobe Station,62.3,0.70,0.8000,1.0000,0.0743,0.7674,http://commons.wikimedia.org/wiki/Special:FilePath/Murotsu%20Museum%20of%20Sea%20Port01n3200.jpg,34.7673330,134.5052220,Q11271098
317,龍野市立室津民俗館,兵庫縣,历史房屋博物馆,4.0,100,历史房屋博物馆,Kobe Station,62.2,0.70,0.8000,1.0000,0.0744,0.7674,http://commons.wikimedia.org/wiki/Special:FilePath/Murotsu%20Museum%20of%20Folklore01n3200.jpg,34.7662220,134.5058330,Q11271097
556,新雪谷溫泉鄉,北海道,温泉郷,4.0,100,温泉郷,Sapporo Station,62.2,0.70,0.8000,1.0000,0.0744,0.7674,,42.8000000,140.6800000,Q11324367
690,屏風浦,千葉縣,懸崖,4.0,100,懸崖,Chiba Station,62.2,0.70,0.8000,1.0000,0.0744,0.7674,http://commons.wikimedia.org/wiki/Special:FilePath/Byobugaura%2005.jpg,35.7076668,140.7916403,Q5004737
795,田辺市立美術館,和歌山縣,美術館,4.0,100,美術館,Wakayama Station,62.5,0.70,0.8000,1.0000,0.0741,0.7674,http://commons.wikimedia.org/wiki/Special:FilePath/131222%20Tanabe%20City%20Museum%20of%20Art%20Wakayama%20pref%20Japan01bs3.jpg,33.6973890,135.4007500,Q11577335
812,白濱能量樂園,和歌山縣,主題公園,4.0,100,主題公園,Wakayama Station,63.0,0.70,0.8000,1.0000,0.0736,0.7674,http://commons.wikimedia.org/wiki/Special:FilePath/%E7%99%BD%E6%B5%9C%E3%82%A8%E3%83%8D%E3%83%AB%E3%82%AE%E3%83%BC%E3%83%A9%E3%83%B3%E3%83%89.JPG,33.6804444,135.3463611,Q11580007
938,日田市立博物館,大分縣,市立博物館,4.0,100,市立博物館,Oita Station,62.7,0.70,0.8000,1.0000,0.0739,0.7674,,33.3260556,130.9418611,Q28688543
1264,商家博物館　むろやの園,山口縣,博物館,4.0,100,博物館,Yamaguchi Station,62.3,0.70,0.8000,1.0000,0.0743,0.7674,http://commons.wikimedia.org/wiki/Special:FilePath/Muroya-no-sono%202021-08%20ac.jpg,33.9689520,132.1096270,Q104783687
1497,岩村歴史資料館,岐阜縣,歷史博物館,4.0,100,歷史博物館,Gifu Station,62.8,0.70,0.8000,1.0000,0.0738,0.7674,,35.3638056,137.4465278,Q48747322
1551,下呂市下呂ふるさと歴史記念館,岐阜縣,地方文化館,4.0,100,地方文化館,Gifu Station,62.7,0.70,0.8000,1.0000,0.0738,0.7674,,35.8024167,137.2534444,Q104710269
1599,下呂温泉合掌村,岐阜縣,民家園,4.0,100,民家園,Gifu Station,63.0,0.70,0.8000,1.0000,0.0735,0.7674,http://commons.wikimedia.org/wiki/Special:FilePath/Gero%20Onsen%20Gassho-mura%201.jpg,35.8087030,137.2502500,Q11360703
1712,奥州宇宙遊学館,岩手縣,天文博物館,4.0,100,天文博物館,Morioka Station,63.0,0.70,0.8000,1.0000,0.0735,0.7674,http://commons.wikimedia.org/wiki/Special:FilePath/Oshu%20Space%20and%20Astronomy%20Museum.jpg,39.1351740,141.1332600,Q120644751
1750,馬仙峡,岩手縣,觀光景點,4.0,100,觀光景點,Morioka Station,62.6,0.70,0.8000,1.0000,0.0739,0.7674,,40.2524100,141.2907900,Q11667809
1755,知夫赤壁,島根縣,觀光景點,4.0,100,觀光景點,Matsue Station,62.2,0.70,0.8000,1.0000,0.0744,0.7674,http://commons.wikimedia.org/wiki/Special:FilePath/%E6%B5%B7%E3%81%8B%E3%82%89%E8%A6%8B%E3%82%8B%E7%9F%A5%E5%A4%AB%E8%B5%A4%E5%A3%81.jpg,36.0211970,133.0022470,Q11584562
1979,暁雨館,愛媛縣,博物館,4.0,100,博物館,Matsuyama Station,62.8,0.70,0.8000,1.0000,0.0737,0.7674,,33.9521010,133.4186690,Q123555439
2840,布施美術館,滋賀縣,美術館,4.0,100,美術館,Otsu Station,62.9,0.70,0.8000,1.0000,0.0736,0.7674,,35.4909240,136.2163680,Q132733751
2897,湯前まんが美術館,熊本縣,人物紀念館,4.0,100,人物紀念館,Kumamoto Station,62.9,0.70,0.8000,1.0000,0.0736,0.7674,http://commons.wikimedia.org/wiki/Special:FilePath/Yunomae%20manga%20museum%201.jpg,32.2804720,130.9815830,Q17225954
3066,蘆之湖遊覽船,神奈川縣,游览船,4.0,100,游览船,Yokohama Station,62.3,0.70,0.8000,1.0000,0.0743,0.7674,http://commons.wikimedia.org/wiki/Special:FilePath/AshinokoYuransen8382.jpg,35.2340730,138.9978321,Q11614758
3126,箱根駅伝ミュージアム,神奈川縣,體育博物館,4.0,100,體育博物館,Yokohama Station,62.4,0.70,0.8000,1.0000,0.0742,0.7674,http://commons.wikimedia.org/wiki/Special:FilePath/%E7%AE%B1%E6%A0%B9%E9%A7%85%E4%BC%9D%E3%83%9F%E3%83%A5%E3%83%BC%E3%82%B8%E3%82%A2%E3%83%A0%202015%20%2824190623542%29.jpg,35.1894444,139.0248333,Q111244119
3194,大牟田市石炭産業科学館,福岡縣,科學博物館,4.0,100,科學博物館,Hakata Station,62.2,0.70,0.8000,1.0000,0.0744,0.7674,http://commons.wikimedia.org/wiki/Special:FilePath/Omuta%20City%20Coal%20Industrial%20Science%20Museum%2020170717.jpg,33.0310833,130.4243889,Q11437770
3357,大太鼓の館,秋田縣,柏林乐器博物馆,4.0,100,柏林乐器博物馆,Akita Station,63.0,0.70,0.8000,1.0000,0.0735,0.7674,http://commons.wikimedia.org/wiki/Special:FilePath/Great%20Drum%20Museum.jpg,40.2510360,140.3761860,Q136647394
3551,奥村土牛記念美術館,長野縣,美術館,4.0,100,美術館,Nagano Station,62.2,0.70,0.8000,1.0000,0.0744,0.7674,http://commons.wikimedia.org/wiki/Special:FilePath/Okumura%20Togyu%20Memorial%20Museum%20of%20Art.jpg,36.1341440,138.4766530,Q131457036
258,史跡 生野銀山,兵庫縣,主題公園,4.0,100,主題公園,Kobe Station,63.7,0.70,0.8000,1.0000,0.0727,0.7673,http://commons.wikimedia.org/wiki/Special:FilePath/Ikuno%20Ginzan%20Silver%20Mine%20Asago%20Hyogo49s4272.jpg,35.1716667,134.8197222,Q137294299
302,生野銀山,兵庫縣,礦業博物館,4.0,100,礦業博物館,Kobe Station,63.7,0.70,0.8000,1.0000,0.0727,0.7673,http://commons.wikimedia.org/wiki/Special:FilePath/Ikuno%20Ginzan%20Silver%20Mine%20Asago%20Hyogo26n4272.jpg,35.1716780,134.8196500,Q16664574
606,とうや水の駅,北海道,觀光景點,4.0,100,觀光景點,Sapporo Station,63.1,0.70,0.8000,1.0000,0.0734,0.7673,http://commons.wikimedia.org/wiki/Special:FilePath/Mizunoeki.JPG,42.6467500,140.8327778,Q11272925
790,白濱海中展望塔,和歌山縣,觀光塔,4.0,100,觀光塔,Wakayama Station,63.2,0.70,0.8000,1.0000,0.0733,0.7673,http://commons.wikimedia.org/wiki/Special:FilePath/131221%20Shirahama%20Onsen%20Shirahama%20Wakayama%20pref%20Japan20s3t.jpg,33.6761222,135.3357667,Q11580019
921,日本丸館,大分縣,製薬博物館,4.0,100,製薬博物館,Oita Station,63.1,0.70,0.8000,1.0000,0.0734,0.7673,http://commons.wikimedia.org/wiki/Special:FilePath/Nihongan%20Museum%20in%20Mamedamachi%20Area.jpg,33.3274580,130.9374310,Q11507150
931,天領日田資料館,大分縣,歷史博物館,4.0,100,歷史博物館,Oita Station,63.4,0.70,0.8000,1.0000,0.0731,0.7673,http://commons.wikimedia.org/wiki/Special:FilePath/Hita%20Tenryo%20Museum%2020161231.jpg,33.3155000,130.9313889,Q17219176
936,廣瀨資料館,大分縣,人物紀念館,4.0,100,人物紀念館,Oita Station,63.2,0.70,0.8000,1.0000,0.0734,0.7673,http://commons.wikimedia.org/wiki/Special:FilePath/Japanese%20old%20street%20of%20Oita%20hita%20mameda%20uo%20street%28%E5%A4%A7%E5%88%86%E7%9C%8C%E6%97%A5%E7%94%B0%E5%B8%82%E8%B1%86%E7%94%B0%E9%AD%9A%E7%94%BA%29.png,33.3267389,130.9365778,Q11486411
937,日田祇園山鉾會館,大分縣,山車会館,4.0,100,山車会館,Oita Station,63.4,0.70,0.8000,1.0000,0.0731,0.7673,http://commons.wikimedia.org/wiki/Special:FilePath/Hita%20Gion%20Museum.jpg,33.3155556,130.9314278,Q11509923
950,天領日田洋酒博物館,大分縣,博物館,4.0,100,博物館,Oita Station,63.4,0.70,0.8000,1.0000,0.0731,0.7673,http://commons.wikimedia.org/wiki/Special:FilePath/Tenryo%20Hita%20Whisky%20Museum%20ac%20%281%29.jpg,33.3188330,130.9326390,Q125272543
1319,柏原美術館,山口縣,美術館,4.0,100,美術館,Yamaguchi Station,63.9,0.70,0.8000,1.0000,0.0725,0.7673,http://commons.wikimedia.org/wiki/Special:FilePath/Iwakuni%20Art%20Museum%2020180501-1.jpg,34.1713889,132.1748611,Q28690114
1621,かがみの近代美術館,岡山縣,美術館,4.0,100,美術館,Okayama Station,63.1,0.70,0.8000,1.0000,0.0734,0.7673,http://commons.wikimedia.org/wiki/Special:FilePath/%E3%81%8B%E3%81%8C%E3%81%BF%E3%81%AE%E8%BF%91%E4%BB%A3%E7%BE%8E%E8%A1%93%E9%A4%A8%E3%81%AE%E7%A7%8B%E6%99%AF.jpg,35.2341667,133.9236111,Q111148165
1895,因島水軍城,廣島縣,歷史博物館,4.0,100,歷史博物館,Hiroshima Station,63.9,0.70,0.8000,1.0000,0.0726,0.7673,http://commons.wikimedia.org/wiki/Special:FilePath/%E5%B0%BE%E9%81%93%E5%B8%82%20%E5%9B%A0%E5%B3%B6%E6%9D%91%E4%B8%8A%E6%B0%B4%E8%BB%8D%E5%9F%8E%20-%20panoramio.jpg,34.3280000,133.1663889,Q24866040
2135,設楽町奥三河郷土館,愛知縣,地方文化館,4.0,100,地方文化館,Nagoya Station,63.4,0.70,0.8000,1.0000,0.0731,0.7673,http://commons.wikimedia.org/wiki/Special:FilePath/Michinoeki%20Shitara.jpg,35.0928222,137.5721528,Q30923099
2213,カモメリア,愛知縣,博物館,4.0,100,博物館,Nagoya Station,63.6,0.70,0.8000,1.0000,0.0729,0.7673,http://commons.wikimedia.org/wiki/Special:FilePath/Kamomeria1.jpg,34.7323360,137.3297830,Q11294855
2296,佐渡博物館,新潟縣,博物館,4.0,100,博物館,Niigata Station,63.4,0.70,0.8000,1.0000,0.0731,0.7673,http://commons.wikimedia.org/wiki/Special:FilePath/%E4%BD%90%E6%B8%A1%E5%8D%9A%E7%89%A9%E9%A4%A8.jpg,37.9861111,138.3447222,Q85159020
2683,那須溫泉,栃木縣,単純温泉,4.0,100,単純温泉,Utsunomiya Station,63.4,0.70,0.8000,1.0000,0.0731,0.7673,http://commons.wikimedia.org/wiki/Special:FilePath/%E9%82%A3%E9%A0%88%E6%B9%AF%E6%9C%AC%E6%B8%A9%E6%B3%89%20-%20panoramio.jpg,37.1240556,139.9963611,Q11642937
2827,浅井能楽資料館,滋賀縣,博物館,4.0,100,博物館,Otsu Station,63.9,0.70,0.8000,1.0000,0.0725,0.7673,,35.4576220,136.2966800,Q137360848
2982,中島祭資料館·祭傳承館,石川縣,博物館,4.0,100,博物館,Kanazawa Station,63.4,0.70,0.8000,1.0000,0.0731,0.7673,,37.1288890,136.8325000,Q11364345
3134,若狹三方繩文博物館,福井縣,考古博物館,4.0,100,考古博物館,Fukui Station,63.3,0.70,0.8000,1.0000,0.0733,0.7673,http://commons.wikimedia.org/wiki/Special:FilePath/Wakasa%20Mikata%20Jomon%20Museum%20exterior%20view.jpg,35.5587500,135.8963333,Q53997661
3151,福井縣年縞博物館,福井縣,都道府县立博物馆,4.0,100,都道府县立博物馆,Fukui Station,63.2,0.70,0.8000,1.0000,0.0733,0.7673,http://commons.wikimedia.org/wiki/Special:FilePath/Fukui%20Prefectural%20Varve%20Museum%20Exterior%20View.jpg,35.5590556,135.8972778,Q56465338
3186,海峽戲劇船,福岡縣,レトロテーマパーク,4.0,100,レトロテーマパーク,Hakata Station,63.3,0.70,0.8000,1.0000,0.0732,0.7673,http://commons.wikimedia.org/wiki/Special:FilePath/Dramaship.jpg,33.9440000,130.9566940,Q11558907
3190,松永文庫,福岡縣,電影博物館,4.0,100,電影博物館,Hakata Station,63.3,0.70,0.8000,1.0000,0.0732,0.7673,http://commons.wikimedia.org/wiki/Special:FilePath/Kyuudairen.jpg,33.9434658,130.9574103,Q28684107
3240,九州鐵道紀念館,福岡縣,鐵路博物館,4.0,100,鐵路博物館,Hakata Station,63.6,0.70,0.8000,1.0000,0.0729,0.7673,http://commons.wikimedia.org/wiki/Special:FilePath/Kyushu%20Railway%20History%20Museum%2001.JPG,33.9431390,130.9618060,Q11370354
3739,Marine Spa熱海,靜岡縣,游泳館,4.0,100,游泳館,Shizuoka Station,63.8,0.70,0.8000,1.0000,0.0726,0.7673,http://commons.wikimedia.org/wiki/Special:FilePath/Marine%20Spa%20Atami.jpg,35.0909350,139.0747500,Q65242677
3755,熱海山口美術館,靜岡縣,美術館,4.0,100,美術館,Shizuoka Station,63.8,0.70,0.8000,1.0000,0.0727,0.7673,http://commons.wikimedia.org/wiki/Special:FilePath/%E7%86%B1%E6%B5%B7%E5%B1%B1%E5%8F%A3%E7%BE%8E%E8%A1%93%E9%A4%A8%20%E5%A4%96%E8%A6%B3%E6%B2%B3%E7%AB%A5.jpg,35.0931237,139.0736591,Q107287118
3790,阿豆佐和氣神社的大楠,靜岡縣,巨樹,4.0,100,巨樹,Shizuoka Station,63.5,0.70,0.8000,1.0000,0.0730,0.7673,http://commons.wikimedia.org/wiki/Special:FilePath/Azusawake%20Jinja%20no%20Okusu%20-02.jpg,35.1005000,139.0678194,Q60403026
132,海軍紀念館,京都府,海軍博物館,4.0,100,海軍博物館,Kyoto Station,64.8,0.70,0.8000,1.0000,0.0717,0.7672,http://commons.wikimedia.org/wiki/Special:FilePath/Naval%20museum%20Japan01s3200.jpg,35.4751670,135.3721110,Q11559290
141,赤れんが博物館,京都府,陶瓷博物館,4.0,100,陶瓷博物館,Kyoto Station,64.1,0.70,0.8000,1.0000,0.0724,0.7672,http://commons.wikimedia.org/wiki/Special:FilePath/Red%20brick%20museum01s3200.jpg,35.4760830,135.3874440,Q11635286
145,舞鶴市政記念館,京都府,歷史博物館,4.0,100,歷史博物館,Kyoto Station,64.1,0.70,0.8000,1.0000,0.0724,0.7672,http://commons.wikimedia.org/wiki/Special:FilePath/Maizuru%20Commemoration%20hall.jpg,35.4746670,135.3854440,Q11613699
167,まいづる智恵蔵,京都府,红砖仓库,4.0,100,红砖仓库,Kyoto Station,64.1,0.70,0.8000,1.0000,0.0724,0.7672,,35.4747220,135.3851670,Q11278126
223,但陽信用金庫會館,兵庫縣,美術館,4.0,100,美術館,Kobe Station,64.7,0.70,0.8000,1.0000,0.0717,0.7672,http://commons.wikimedia.org/wiki/Special:FilePath/Tanyo%20Shinkin%20bank%20Hall06n3200.jpg,35.1688060,134.7934440,Q11381621
814,紀州博物館,和歌山縣,美術館,4.0,100,美術館,Wakayama Station,64.1,0.70,0.8000,1.0000,0.0724,0.7672,http://commons.wikimedia.org/wiki/Special:FilePath/Kisyu%20museum001.JPG,33.6704720,135.3472500,Q11605043
1277,岩国学校教育資料館,山口縣,教育博物館,4.0,100,教育博物館,Yamaguchi Station,64.8,0.70,0.8000,1.0000,0.0717,0.7672,http://commons.wikimedia.org/wiki/Special:FilePath/Iwakuni%20School%20Education%20Museum%2020180501-2.jpg,34.1641110,132.1840280,Q123478231
1309,吉川史料館,山口縣,歷史博物館,4.0,100,歷史博物館,Yamaguchi Station,64.2,0.70,0.8000,1.0000,0.0723,0.7672,http://commons.wikimedia.org/wiki/Special:FilePath/View%20of%20Kikkawa%20Historical%20Museum.jpg,34.1704444,132.1776944,Q98231521
1313,岩国徴古館,山口縣,歷史博物館,4.0,100,歷史博物館,Yamaguchi Station,64.1,0.70,0.8000,1.0000,0.0723,0.7672,http://commons.wikimedia.org/wiki/Special:FilePath/Iwakuni%20Chokokan%20ac%20%281%29.jpg,34.1709370,132.1771950,Q98456383
1314,酒井酒造美術館・五橋文庫,山口縣,美術館,4.0,100,美術館,Yamaguchi Station,64.2,0.70,0.8000,1.0000,0.0722,0.7672,,34.1693990,132.1778860,Q131329187
2048,豐橋市美術博物館,愛知縣,博物館,4.0,100,博物館,Nagoya Station,64.7,0.70,0.8000,1.0000,0.0717,0.7672,http://commons.wikimedia.org/wiki/Special:FilePath/Aichi%20Toyohashi%20c20240812%201359a.jpg,34.7692000,137.3950000,Q7830656
2686,那须动物王国,栃木縣,動物園,4.0,100,動物園,Utsunomiya Station,64.5,0.70,0.8000,1.0000,0.0719,0.7672,http://commons.wikimedia.org/wiki/Special:FilePath/Nasu%20Animal%20Kingdom%2020091101%200906.jpg,37.1288890,140.0369440,Q11642887
2690,那須アルパカ牧場,栃木縣,牧场,4.0,100,牧场,Utsunomiya Station,64.2,0.70,0.8000,1.0000,0.0723,0.7672,http://commons.wikimedia.org/wiki/Special:FilePath/%E3%82%A2%E3%83%AB%E3%83%91%E3%82%AB%E7%89%A7%E5%A0%B4%20-%20panoramio.jpg,37.1228500,140.0555500,Q56349920
2898,人吉鉄道ミュージアム MOZOCAステーション868,熊本縣,鐵路博物館,4.0,100,鐵路博物館,Kumamoto Station,64.2,0.70,0.8000,1.0000,0.0722,0.7672,,32.2148266,130.7513052,Q131173789
3214,門司電氣通信懷舊館,福岡縣,历史建筑,4.0,100,历史建筑,Hakata Station,64.4,0.70,0.8000,1.0000,0.0720,0.7672,http://commons.wikimedia.org/wiki/Special:FilePath/Moji%20Telecommunication%20Museum%20ac.jpg,33.9502780,130.9669440,Q11654990
3325,中山義秀記念文学館,福島縣,博物館,4.0,100,博物館,Fukushima Station,64.1,0.70,0.8000,1.0000,0.0724,0.7672,,37.2029170,140.2475000,Q11364267
3433,茨城縣自然博物館,茨城縣,都道府县立博物馆,4.0,100,都道府县立博物馆,Mito Station,64.6,0.70,0.8000,1.0000,0.0718,0.7672,http://commons.wikimedia.org/wiki/Special:FilePath/Ibaraki%20Nature%20Museum%20entrance.jpg,36.0050000,139.9163333,Q11342622
3444,取手市埋蔵文化財センター,茨城縣,埋藏文化財中心,4.0,100,埋藏文化財中心,Mito Station,64.1,0.70,0.8000,1.0000,0.0724,0.7672,,35.8900540,140.0827640,Q104696526
3527,Harmo美术馆,長野縣,美術館,4.0,100,美術館,Nagano Station,64.9,0.70,0.8000,1.0000,0.0716,0.7672,,36.0652400,138.0882400,Q28682337
3579,蓼科アミューズメント水族館,長野縣,水族館,4.0,100,水族館,Nagano Station,64.9,0.70,0.8000,1.0000,0.0715,0.7672,http://commons.wikimedia.org/wiki/Special:FilePath/Tateshina%20Amusement%20Aquarium%20in%202014-8-15%20No%2C25.JPG,36.0665720,138.3027640,Q11621781
3624,塩尻市立平出博物館,長野縣,考古博物館,4.0,100,考古博物館,Nagano Station,64.5,0.70,0.8000,1.0000,0.0720,0.7672,http://commons.wikimedia.org/wiki/Special:FilePath/Hira-ide%20Historic%20Site%20Park%20museum.jpg,36.0991667,137.9393333,Q79734934
3643,本洗馬歴史の里資料館,長野縣,歷史博物館,4.0,100,歷史博物館,Nagano Station,64.6,0.70,0.8000,1.0000,0.0719,0.7672,http://commons.wikimedia.org/wiki/Special:FilePath/Motoseba%20Historical%20Village%20Archive.jpg,36.1071944,137.9113333,Q60989582
3657,诹访湖博物馆,長野縣,博物館,4.0,100,博物館,Nagano Station,64.5,0.70,0.8000,1.0000,0.0719,0.7672,http://commons.wikimedia.org/wiki/Special:FilePath/Municipal%20Suwako%20museum%20and%20Shimaki%20Akahiko%20memorial%20museum.jpg,36.0672220,138.1008330,Q11631898
3734,MOA美術館,靜岡縣,私人博物館,4.0,100,私人博物館,Shizuoka Station,64.3,0.70,0.8000,1.0000,0.0721,0.7672,http://commons.wikimedia.org/wiki/Special:FilePath/231007%20MOA%20Museum%20of%20Art%20Atami%20Japan09s3.jpg,35.1093130,139.0752040,Q843638
3737,熱海秘宝館,靜岡縣,性博物馆,4.0,100,性博物馆,Shizuoka Station,64.2,0.70,0.8000,1.0000,0.0722,0.7672,http://commons.wikimedia.org/wiki/Special:FilePath/Atami%20Hihoukan%2C%20Atami%2C%20Shizuoka%2C%20Japan.JPG,35.0868333,139.0802222,Q65272704
3743,熱海城,靜岡縣,天守,4.0,100,天守,Shizuoka Station,64.1,0.70,0.8000,1.0000,0.0724,0.7672,http://commons.wikimedia.org/wiki/Special:FilePath/Atami%20Castle%2020120915.jpg,35.0863889,139.0786111,Q11257168
3898,海洋堂かっぱ館,高知縣,博物館,4.0,100,博物館,Kochi Station,64.9,0.70,0.8000,1.0000,0.0715,0.7672,,33.1626111,133.0385833,Q118411483
3922,大山自然歴史館,鳥取縣,博物館,4.0,100,博物館,Tottori Station,64.0,0.70,0.8000,1.0000,0.0724,0.7672,,35.3936940,133.5297560,Q132767592
666,砂川市郷土資料室,北海道,博物館,4.0,100,博物館,Sapporo Station,65.1,0.70,0.8000,1.0000,0.0713,0.7671,,43.4950530,141.9022410,Q104234965
792,冒險大世界,和歌山縣,水族館,4.0,100,水族館,Wakayama Station,65.0,0.70,0.8000,1.0000,0.0714,0.7671,http://commons.wikimedia.org/wiki/Special:FilePath/Panda%20Adventure%20World%20Shirahama.JPG,33.6677500,135.3757970,Q2587322
1321,月性展示館,山口縣,博物館,4.0,100,博物館,Yamaguchi Station,65.9,0.70,0.8000,1.0000,0.0705,0.7671,,33.9573920,132.1462590,Q104783682
1398,清河八郎紀念館,山形縣,人物紀念館,4.0,100,人物紀念館,Yamagata Station,65.1,0.70,0.8000,1.0000,0.0713,0.7671,http://commons.wikimedia.org/wiki/Special:FilePath/Hachiro%20Kiyokawa%20Memorial%201.jpg,38.7847778,140.0250833,Q48756832
1529,串原郷土館,岐阜縣,历史房屋博物馆,4.0,100,历史房屋博物馆,Gifu Station,65.7,0.70,0.8000,1.0000,0.0708,0.7671,,35.2369444,137.4485556,Q111430910
1839,なかた美術館,廣島縣,美術館,4.0,100,美術館,Hiroshima Station,65.3,0.70,0.8000,1.0000,0.0711,0.7671,http://commons.wikimedia.org/wiki/Special:FilePath/%E3%81%AA%E3%81%8B%E3%81%9F%E7%BE%8E%E8%A1%93%E9%A4%A8.jpg,34.4090830,133.1869780,Q11274070
1864,本因坊秀策囲碁記念館,廣島縣,人物紀念館,4.0,100,人物紀念館,Hiroshima Station,65.5,0.70,0.8000,1.0000,0.0710,0.7671,http://commons.wikimedia.org/wiki/Special:FilePath/Honinbo%20Shusaku%20Game%20of%20Go%20Memorial%2020180430-1.jpg,34.3281667,133.1836111,Q24866067
1903,尾道城,廣島縣,博物館,4.0,100,博物館,Hiroshima Station,65.9,0.70,0.8000,1.0000,0.0705,0.7671,http://commons.wikimedia.org/wiki/Special:FilePath/Onomichi%20castle05s3200.jpg,34.4073611,133.1936111,Q11465461
2109,田原市博物館,愛知縣,市立博物館,4.0,100,市立博物館,Nagoya Station,65.6,0.70,0.8000,1.0000,0.0708,0.7671,http://commons.wikimedia.org/wiki/Special:FilePath/Tahara%20Municipal%20Museum%20-%20Entrance2.jpg,34.6736310,137.2689830,Q11576253
2120,吉胡貝塚資料館,愛知縣,考古博物館,4.0,100,考古博物館,Nagoya Station,65.4,0.70,0.8000,1.0000,0.0711,0.7671,http://commons.wikimedia.org/wiki/Special:FilePath/Yoshigo%20kaizuka%20shiryoukan.JPG,34.6820640,137.2798010,Q132801916
2171,設楽原歴史資料館,愛知縣,歷史博物館,4.0,100,歷史博物館,Nagoya Station,65.2,0.70,0.8000,1.0000,0.0712,0.7671,http://commons.wikimedia.org/wiki/Special:FilePath/%E6%96%B0%E5%9F%8E%E5%B8%82%E8%A8%AD%E6%A5%BD%E5%8E%9F%E6%AD%B4%E5%8F%B2%E8%B3%87%E6%96%99%E9%A4%A8.JPG,34.9187500,137.5282500,Q104720628
2893,綱木美術館,熊本縣,美術館,4.0,100,美術館,Kumamoto Station,65.8,0.70,0.8000,1.0000,0.0706,0.7671,http://commons.wikimedia.org/wiki/Special:FilePath/Tsunagi%20Art%20Museum%2001.JPG,32.2316110,130.4577780,Q17216016
3302,ブリティッシュヒルズ,福島縣,主題公園,4.0,100,主題公園,Fukushima Station,65.4,0.70,0.8000,1.0000,0.0710,0.7671,http://commons.wikimedia.org/wiki/Special:FilePath/%E3%83%96%E3%83%AA%E3%83%86%E3%82%A3%E3%83%83%E3%82%B7%E3%83%A5%E3%83%92%E3%83%AB%E3%82%BA%20%E3%83%9E%E3%83%8A%E3%83%BC%E3%83%8F%E3%82%A6%E3%82%B9%2020150524.jpg,37.2583333,140.0611111,Q97312067
3552,三立服部美术馆,長野縣,美術館,4.0,100,美術館,Nagano Station,65.7,0.70,0.8000,1.0000,0.0707,0.7671,http://commons.wikimedia.org/wiki/Special:FilePath/160603%20Sunritz%20Hattori%20Museum%20of%20Art%20Suwa%20Nagano%20pref%20Japan01n.jpg,36.0551670,138.1118890,Q11306065
3575,北泽美术馆,長野縣,美術館,4.0,100,美術館,Nagano Station,65.7,0.70,0.8000,1.0000,0.0708,0.7671,http://commons.wikimedia.org/wiki/Special:FilePath/130607%20Kitazawa%20Museum%20of%20Art%20Suwa%20Japan01n.jpg,36.0558060,138.1117220,Q11403773
3674,市立岡谷蚕糸博物館,長野縣,博物館,4.0,100,博物館,Nagano Station,65.4,0.70,0.8000,1.0000,0.0710,0.7671,http://commons.wikimedia.org/wiki/Special:FilePath/Okaya%20Silk%20Museum%201.jpg,36.0655830,138.0473890,Q11480663
3728,富士モータースポーツミュージアム,靜岡縣,汽車博物館,4.0,100,汽車博物館,Shizuoka Station,65.3,0.70,0.8000,1.0000,0.0712,0.7671,,35.3678550,138.9184800,Q115472513
3732,野坂自動人偶美術館,靜岡縣,美術館,4.0,100,美術館,Shizuoka Station,65.9,0.70,0.8000,1.0000,0.0706,0.7671,,34.8894444,139.1043056,Q11645271
3760,池田20世紀美術館,靜岡縣,美術館,4.0,100,美術館,Shizuoka Station,65.6,0.70,0.8000,1.0000,0.0709,0.7671,http://commons.wikimedia.org/wiki/Special:FilePath/Research%20survey%20Ikeda%20Museum%20of%2020th%20Century%20Art%201975%201.png,34.9216675,139.1054655,Q11551651
3904,海洋堂ホビー館四万十,高知縣,玩具博物館,4.0,100,玩具博物館,Kochi Station,65.2,0.70,0.8000,1.0000,0.0712,0.7671,http://commons.wikimedia.org/wiki/Special:FilePath/%E6%B5%B7%E6%B4%8B%E5%A0%82%E3%83%9B%E3%83%93%E3%83%BC%E9%A4%A8%20-%20panoramio.jpg,33.1527500,133.0450556,Q118411189
65,福知山市佐藤太清記念美術館,京都府,美術館,4.0,100,美術館,Kyoto Station,66.8,0.70,0.8000,1.0000,0.0696,0.7670,http://commons.wikimedia.org/wiki/Special:FilePath/Taisei%20Sato%20Memorial%20Art%20Museum01st3200.jpg,35.2975000,135.1303330,Q11594325
151,丹波生活衣館,京都府,民俗博物館,4.0,100,民俗博物館,Kyoto Station,66.9,0.70,0.8000,1.0000,0.0695,0.7670,http://commons.wikimedia.org/wiki/Special:FilePath/%E4%B8%B9%E6%B3%A2%E7%94%9F%E6%B4%BB%E8%A1%A3%E9%A4%A8.png,35.2974420,135.1291390,Q137917525
165,舞鶴歸國紀念館,京都府,博物館,4.0,100,博物館,Kyoto Station,66.9,0.70,0.8000,1.0000,0.0696,0.7670,http://commons.wikimedia.org/wiki/Special:FilePath/Hikiage051012.jpg,35.5095000,135.3965830,Q11613714
712,世界最小水族館,千葉縣,水族館,4.0,100,水族館,Chiba Station,66.5,0.70,0.8000,1.0000,0.0699,0.7670,,35.7071111,140.8404167,Q85875396
779,大内かっぱハウス,千葉縣,博物館,4.0,100,博物館,Chiba Station,66.3,0.70,0.8000,1.0000,0.0701,0.7670,http://commons.wikimedia.org/wiki/Special:FilePath/%C5%8Cuchi%20Kappa%20House%2002.jpg,35.7351240,140.8317630,Q130342022
1193,大いちょう展望台,宮崎縣,觀景台,4.0,100,觀景台,Miyazaki Station,66.8,0.70,0.8000,1.0000,0.0696,0.7670,,32.4933333,131.2352778,Q124111909
1209,椎葉民俗芸能博物館,宮崎縣,民俗博物館,4.0,100,民俗博物館,Miyazaki Station,66.3,0.70,0.8000,1.0000,0.0702,0.7670,http://commons.wikimedia.org/wiki/Special:FilePath/%E6%A4%8E%E8%91%89%E6%B0%91%E6%97%8F%E8%8A%B8%E8%83%BD%E5%8D%9A%E7%89%A9%E9%A4%A8%20-%20panoramio.jpg,32.4638889,131.1552778,Q104784238
1525,中津川市苗木遠山史料館,岐阜縣,歷史博物館,4.0,100,歷史博物館,Gifu Station,66.7,0.70,0.8000,1.0000,0.0697,0.7670,http://commons.wikimedia.org/wiki/Special:FilePath/Naegi%20Toyama%20Historical%20Museum.jpg,35.5148417,137.4815528,Q48747312
1527,青邨記念館,岐阜縣,美術館,4.0,100,美術館,Gifu Station,66.5,0.70,0.8000,1.0000,0.0699,0.7670,,35.5125720,137.4797440,Q11662781
1747,二戸市立郷土資料館,岩手縣,博物館,4.0,100,博物館,Morioka Station,66.2,0.70,0.8000,1.0000,0.0702,0.7670,,40.2842500,141.2978889,Q106969378
1846,尾道市立美術館,廣島縣,美術館,4.0,100,美術館,Hiroshima Station,66.1,0.70,0.8000,1.0000,0.0703,0.7670,http://commons.wikimedia.org/wiki/Special:FilePath/Onomichi%20City%20Museum%20of%20Art.jpg,34.4099170,133.1958000,Q11465485
1899,尾道商業会議所記念館,廣島縣,博物館,4.0,100,博物館,Hiroshima Station,66.3,0.70,0.8000,1.0000,0.0701,0.7670,,34.4065550,133.1982100,Q123516765
2111,豊橋市交通児童館,愛知縣,児童館,4.0,100,児童館,Nagoya Station,66.4,0.70,0.8000,1.0000,0.0700,0.7670,http://commons.wikimedia.org/wiki/Special:FilePath/Toyohashi%20City%20Children%27s%20Traffic%20Center.JPG,34.7537222,137.4025556,Q22119706
2382,奧多摩水與綠接觸館,東京都,水廠博物館,4.0,100,水廠博物館,Tokyo Station,66.1,0.70,0.8000,1.0000,0.0704,0.7670,http://commons.wikimedia.org/wiki/Special:FilePath/Okutama%20Mizu-to-Midori-no-Fureaikan.jpg,35.7928060,139.0483330,Q11445650
2648,倉澤檜木,東京都,巨樹,4.0,100,巨樹,Tokyo Station,66.0,0.70,0.8000,1.0000,0.0704,0.7670,,35.8438060,139.0631940,Q11386833
3462,境町歴史民俗資料館,茨城縣,民俗博物館,4.0,100,民俗博物館,Mito Station,66.0,0.70,0.8000,1.0000,0.0704,0.7670,http://commons.wikimedia.org/wiki/Special:FilePath/History%20and%20Folklore%20Museum%20in%20Sakai%20Town.JPG,36.1208890,139.8084720,Q11429068
3523,諏訪市美術館,長野縣,美術館,4.0,100,美術館,Nagano Station,66.5,0.70,0.8000,1.0000,0.0699,0.7670,http://commons.wikimedia.org/wiki/Special:FilePath/130607%20Suwa%20City%20Museum%20of%20Art%20Suwa%20Japan01s3.jpg,36.0477690,138.1131310,Q109370433
3533,市立岡谷美術考古館,長野縣,考古博物館,4.0,100,考古博物館,Nagano Station,66.2,0.70,0.8000,1.0000,0.0702,0.7670,http://commons.wikimedia.org/wiki/Special:FilePath/Okaya%20Art%20%26%20Archaeological%20Museum.jpg,36.0588056,138.0470833,Q78129958
3611,イルフ童画館,長野縣,繪本博物館,4.0,100,繪本博物館,Nagano Station,66.0,0.70,0.8000,1.0000,0.0704,0.7670,http://commons.wikimedia.org/wiki/Special:FilePath/ILF%20Doga%20Museum.jpg,36.0598060,138.0487780,Q11287214
3660,上高地,長野縣,盆地,4.0,100,盆地,Nagano Station,66.4,0.70,0.8000,1.0000,0.0700,0.7670,http://commons.wikimedia.org/wiki/Special:FilePath/150920%20Gakusawa%20wetlands%20Kamikochi%20Japan03s3.jpg,36.2469694,137.6333333,Q1048234
3698,帆風美術館,青森縣,美術館,4.0,100,美術館,Aomori Station,66.9,0.70,0.8000,1.0000,0.0695,0.7670,,40.5470278,141.4359167,Q11480891
3781,濱松科学館,靜岡縣,科學博物館,4.0,100,科學博物館,Shizuoka Station,66.2,0.70,0.8000,1.0000,0.0702,0.7670,http://commons.wikimedia.org/wiki/Special:FilePath/HamamatsuSciMus.jpg,34.7049810,137.7398580,Q11557880
3788,浜松広報館,靜岡縣,博物館,4.0,100,博物館,Shizuoka Station,66.5,0.70,0.8000,1.0000,0.0699,0.7670,http://commons.wikimedia.org/wiki/Special:FilePath/JASDF-Hamamatsu-AirPark.jpg,34.7486389,137.7120833,Q11557862
3791,ねこの博物館,靜岡縣,博物館,4.0,100,博物館,Shizuoka Station,66.0,0.70,0.8000,1.0000,0.0704,0.7670,http://commons.wikimedia.org/wiki/Special:FilePath/The%20Cat%20Museum%20%28Shizuoka%29.jpg,34.8975000,139.1071389,Q85869307
3809,浜松市楽器博物館,靜岡縣,博物館,4.0,100,博物館,Shizuoka Station,66.3,0.70,0.8000,1.0000,0.0702,0.7670,http://commons.wikimedia.org/wiki/Special:FilePath/Hamamatsu%20Museum%20of%20Musical%20Instruments%2001.JPG,34.7066120,137.7385190,Q109727582
3819,伊豆オルゴール館,靜岡縣,博物館,4.0,100,博物館,Shizuoka Station,66.0,0.70,0.8000,1.0000,0.0704,0.7670,,34.8771667,139.1036944,Q28685015
3891,室户废校水族馆,高知縣,水族館,4.0,100,水族館,Kochi Station,66.1,0.70,0.8000,1.0000,0.0703,0.7670,http://commons.wikimedia.org/wiki/Special:FilePath/Muroto%20Schoolhouse%20Aquarium.jpg,33.3266330,134.1955200,Q56739393
66,福知山市児童科学館,京都府,科學博物館,4.0,100,科學博物館,Kyoto Station,67.2,0.70,0.8000,1.0000,0.0692,0.7669,,35.3122140,135.1363340,Q131431514
127,福知山鉄道館ポッポランド,京都府,鐵路博物館,4.0,100,鐵路博物館,Kyoto Station,67.4,0.70,0.8000,1.0000,0.0690,0.7669,http://commons.wikimedia.org/wiki/Special:FilePath/Fukuchiyama%20Poppoland%20frontview.jpg,35.3016670,135.1256110,Q11594351
162,福知山市治水記念館,京都府,博物館,4.0,100,博物館,Kyoto Station,67.6,0.70,0.8000,1.0000,0.0689,0.7669,,35.3035560,135.1254170,Q11594329
745,犬吠オーシャンランド,千葉縣,主題樂園,4.0,100,主題樂園,Chiba Station,67.6,0.70,0.8000,1.0000,0.0688,0.7669,,35.7053333,140.8531111,Q11571173
1469,熊谷榧つけちギャラリー,岐阜縣,美術館,4.0,100,美術館,Gifu Station,67.0,0.70,0.8000,1.0000,0.0695,0.7669,,35.6609000,137.4285170,Q11568737
1485,中津川市子ども科学館,岐阜縣,科學博物館,4.0,100,科學博物館,Gifu Station,67.9,0.70,0.8000,1.0000,0.0686,0.7669,http://commons.wikimedia.org/wiki/Special:FilePath/Nakatsugawa%20science%20museum.jpg,35.4998611,137.4976667,Q48747310
1492,熊谷守一つけち記念館,岐阜縣,人物紀念館,4.0,100,人物紀念館,Gifu Station,67.0,0.70,0.8000,1.0000,0.0695,0.7669,http://commons.wikimedia.org/wiki/Special:FilePath/Kumagai%20Morikazu%20Tsukechi%20Museum%20of%20Art%20%28exterior%29.jpg,35.6400806,137.4399167,Q24863867
1714,舊釜石礦山事務所,岩手縣,历史建筑,4.0,100,历史建筑,Morioka Station,67.8,0.70,0.8000,1.0000,0.0687,0.7669,http://commons.wikimedia.org/wiki/Special:FilePath/Kamaishi%20Kozan%20Office.jpg,39.2861110,141.7148060,Q60987381
1786,石見銀山資料館,島根縣,歷史博物館,4.0,100,歷史博物館,Matsue Station,67.6,0.70,0.8000,1.0000,0.0689,0.7669,http://commons.wikimedia.org/wiki/Special:FilePath/180505%20Iwami%20Ginzan%20Silver%20Mine%20Museum%20Oda%20Shimane%20pref%20Japan01s3.jpg,35.1220556,132.4478333,Q55530176
1868,府中市上下歴史文化資料館,廣島縣,历史房屋博物馆,4.0,100,历史房屋博物馆,Hiroshima Station,67.7,0.70,0.8000,1.0000,0.0687,0.7669,,34.6950700,133.1208480,Q104783563
1886,おのみち歴史博物館,廣島縣,歷史博物館,4.0,100,歷史博物館,Hiroshima Station,66.9,0.70,0.8000,1.0000,0.0695,0.7669,http://commons.wikimedia.org/wiki/Special:FilePath/Onomichi%20Historical%20Museum01s3200.jpg,34.4097667,133.2048722,Q11262079
2115,鳳来寺山自然科学博物館,愛知縣,自然歷史博物館,4.0,100,自然歷史博物館,Nagoya Station,67.2,0.70,0.8000,1.0000,0.0693,0.7669,http://commons.wikimedia.org/wiki/Special:FilePath/Houraijisan-Museum-of-Natural-History-1.jpg,34.9721940,137.5787530,Q11675278
2257,佐渡西三川ゴールドパーク,新潟縣,主題公園,4.0,100,主題公園,Niigata Station,67.2,0.70,0.8000,1.0000,0.0693,0.7669,http://commons.wikimedia.org/wiki/Special:FilePath/Sado%20Nishimikawa%20Gold%20Park.jpg,37.8980556,138.2963889,Q106242079
3329,橫手市增田漫畫美術館,秋田縣,動漫博物館,4.0,100,動漫博物館,Akita Station,67.4,0.70,0.8000,1.0000,0.0690,0.7669,http://commons.wikimedia.org/wiki/Special:FilePath/Yokote-Masuda%20Manga%20Museum%2020190503.jpg,39.2046667,140.5504722,Q38266963
3545,诹访市原田泰治美术馆,長野縣,美術館,4.0,100,美術館,Nagano Station,67.7,0.70,0.8000,1.0000,0.0688,0.7669,http://commons.wikimedia.org/wiki/Special:FilePath/140606%20Taizi%20Harada%20Art%20Museum%20Suwa%20Nagano%20pref%20Japan03s3.jpg,36.0388890,138.0983610,Q11631864
3745,伊豆ぐらんぱる公園,靜岡縣,主題樂園,4.0,100,主題樂園,Shizuoka Station,67.2,0.70,0.8000,1.0000,0.0693,0.7669,,34.9056389,139.1214167,Q97168213
3746,濱松市美術館,靜岡縣,美術館,4.0,100,美術館,Shizuoka Station,67.2,0.70,0.8000,1.0000,0.0692,0.7669,http://commons.wikimedia.org/wiki/Special:FilePath/Hamamatsu%20city%20museum.jpg,34.7118333,137.7237500,Q11557851
3766,奇怪少年少女博物馆,靜岡縣,主題公園,4.0,100,主題公園,Shizuoka Station,67.0,0.70,0.8000,1.0000,0.0695,0.7669,,34.8915560,139.1167944,Q11491638
3796,木下惠介記念館,靜岡縣,博物館,4.0,100,博物館,Shizuoka Station,67.5,0.70,0.8000,1.0000,0.0690,0.7669,http://commons.wikimedia.org/wiki/Special:FilePath/Keisuke%20Kinoshita%20Memorial%20Museum%20exterior%20ac%20%282%29.jpg,34.7046720,137.7247860,Q41480792
304,奧藤酒造鄉土館,兵庫縣,地方文化館,4.0,100,地方文化館,Kobe Station,69.0,0.70,0.8000,1.0000,0.0676,0.7668,http://commons.wikimedia.org/wiki/Special:FilePath/Okutoke%20Sakoshi%20Ako%20Hyogo03bs1950.jpg,34.7666940,134.4306110,Q11446112
368,鳴門漩渦,兵庫縣,渦流,4.0,100,渦流,Kobe Station,68.8,0.70,0.8000,1.0000,0.0677,0.7668,http://commons.wikimedia.org/wiki/Special:FilePath/Naruto%20Whirlpools%20taken%204-21-2008.jpg,34.2383333,134.6513889,Q1350120
388,舊坂越浦會所,兵庫縣,会所,4.0,100,会所,Kobe Station,68.9,0.70,0.8000,1.0000,0.0677,0.7668,http://commons.wikimedia.org/wiki/Special:FilePath/Kyusakoshiurakaijo01%201024.jpg,34.7664720,134.4317220,Q11511014
392,坂越市政廳,兵庫縣,博物館,4.0,100,博物館,Kobe Station,69.0,0.70,0.8000,1.0000,0.0675,0.7668,http://commons.wikimedia.org/wiki/Special:FilePath/Sakoshimachinamikan1024.jpg,34.7669170,134.4301330,Q11425573
429,木田金次郎美術館,北海道,美術館,4.0,100,美術館,Sapporo Station,68.6,0.70,0.8000,1.0000,0.0680,0.7668,,42.9839150,140.5151560,Q132541511
517,登別伊達時代村,北海道,主題公園,4.0,100,主題公園,Sapporo Station,69.0,0.70,0.8000,1.0000,0.0675,0.7668,http://commons.wikimedia.org/wiki/Special:FilePath/Noboribetsu%20Date%20Jidaimura.jpg,42.4638890,141.1606670,Q11579107
934,道の駅鯛生金山,大分縣,道之驛,4.0,100,道之驛,Oita Station,68.4,0.70,0.8000,1.0000,0.0682,0.7668,http://commons.wikimedia.org/wiki/Special:FilePath/Taio%20mine%20shoppingCenter.jpg,33.1291667,130.8826944,Q11641576
1372,東田川文化記念館,山形縣,博物館,4.0,100,博物館,Yamagata Station,68.5,0.70,0.8000,1.0000,0.0680,0.7668,http://commons.wikimedia.org/wiki/Special:FilePath/%E6%9D%B1%E7%94%B0%E5%B7%9D%E6%96%87%E5%8C%96%E8%A8%98%E5%BF%B5%E9%A4%A8%2847948371213%29.jpg,38.7674020,139.9024830,Q64143408
1373,鶴岡アートフォーラム,山形縣,美術館,4.0,100,美術館,Yamagata Station,68.8,0.70,0.8000,1.0000,0.0678,0.7668,http://commons.wikimedia.org/wiki/Special:FilePath/Tsuruoka%20Art%20Forum%2C%20Tsuruoka%2C%20Yamagata%2C%20Japan%2C%20July%202022.jpg,38.7263611,139.8248889,Q55525926
1374,大寶館,山形縣,洋樓,4.0,100,洋樓,Yamagata Station,68.9,0.70,0.8000,1.0000,0.0677,0.7668,http://commons.wikimedia.org/wiki/Special:FilePath/Taih%C5%8D-kan%20%28Tsuruoka%29.jpg,38.7275890,139.8250030,Q104696383
1382,真室川町立歴史民俗資料館,山形縣,博物館,4.0,100,博物館,Yamagata Station,68.0,0.70,0.8000,1.0000,0.0685,0.7668,http://commons.wikimedia.org/wiki/Special:FilePath/Mamurogawa%20Town%20Museum%20of%20History%20and%20Folklore%201.jpg,38.8576667,140.2501667,Q30924461
1384,鶴岡市立藤澤周平紀念館,山形縣,人物紀念館,4.0,100,人物紀念館,Yamagata Station,68.9,0.70,0.8000,1.0000,0.0677,0.7668,http://commons.wikimedia.org/wiki/Special:FilePath/Fujisawa%20Shuhei%20Museum%20in%20Tsuruoka%20Park.JPG,38.7277780,139.8250000,Q11675958
1637,妖精の森ガラス美術館,岡山縣,美術館,4.0,100,美術館,Okayama Station,68.5,0.70,0.8000,1.0000,0.0680,0.7668,http://commons.wikimedia.org/wiki/Special:FilePath/Yousei%20no%20mori%20Glass%20museum.JPG,35.2828320,133.9261830,Q132612251
1725,住田町民俗資料館,岩手縣,民俗博物館,4.0,100,民俗博物館,Morioka Station,68.2,0.70,0.8000,1.0000,0.0684,0.7668,http://commons.wikimedia.org/wiki/Special:FilePath/Sumita%20Town%20Museum.jpg,39.1978056,141.5882500,Q56822914
1768,石見銀山世界遺產中心,島根縣,礦業博物館,4.0,100,礦業博物館,Matsue Station,68.4,0.70,0.8000,1.0000,0.0682,0.7668,http://commons.wikimedia.org/wiki/Special:FilePath/180504%20Iwami%20Ginzan%20World%20Heritage%20Center%20Oda%20Shimane%20pref%20Japan02s5.jpg,35.1056667,132.4517222,Q55530487
1924,阿波池田うだつの家・たばこ資料館,德島縣,博物館,4.0,100,博物館,Tokushima Station,68.5,0.70,0.8000,1.0000,0.0680,0.7668,http://commons.wikimedia.org/wiki/Special:FilePath/Awa-Ikeda%20Udatsu%20House%20omoya%20ac%20%281%29.jpg,34.0294722,133.8090278,Q62608804
1964,四万十川学習センターおさかな館,愛媛縣,水族館,4.0,100,水族館,Matsuyama Station,68.1,0.70,0.8000,1.0000,0.0684,0.7668,http://commons.wikimedia.org/wiki/Special:FilePath/Osakanakan%20Matsuno.jpg,33.2291670,132.7102780,Q11419591
2808,東村立山と水の生活博物館,沖繩縣,博物館,4.0,100,博物館,Naha Bus Terminal,68.1,0.70,0.8000,1.0000,0.0684,0.7668,,26.6410690,128.1670560,Q104784476
3536,小海町高原美术馆,長野縣,美術館,4.0,100,美術館,Nagano Station,68.7,0.70,0.8000,1.0000,0.0678,0.7668,http://commons.wikimedia.org/wiki/Special:FilePath/Koumi-machi%20Kougen%20Museum%20of%20Art%2C%20Exhibition%20of%20%E2%80%9Dyour%20name%E2%80%9D%2020161113-140815.jpg,36.0592722,138.4400833,Q11462647
3561,SUWA玻璃之乡美术馆,長野縣,美術館,4.0,100,美術館,Nagano Station,69.0,0.70,0.8000,1.0000,0.0675,0.7668,http://commons.wikimedia.org/wiki/Special:FilePath/SUWA%20Glass-no-Sato%20Museum.JPG,36.0284170,138.0803330,Q11631824
3752,濱松市博物館,靜岡縣,市立博物館,4.0,100,市立博物館,Shizuoka Station,68.9,0.70,0.8000,1.0000,0.0677,0.7668,http://commons.wikimedia.org/wiki/Special:FilePath/Hamamatsu%20City%20Museum.jpg,34.7125833,137.7035833,Q17220609
216,朝來藝術之森美術館,兵庫縣,人物紀念館,4.0,100,人物紀念館,Kobe Station,69.8,0.70,0.8000,1.0000,0.0669,0.7667,http://commons.wikimedia.org/wiki/Special:FilePath/Asago%20Art%20Village%20Museum02n4272.jpg,35.2385000,134.8299170,Q11257182
299,朝來藝術之森,兵庫縣,雕塑公园,4.0,100,雕塑公园,Kobe Station,69.8,0.70,0.8000,1.0000,0.0668,0.7667,http://commons.wikimedia.org/wiki/Special:FilePath/Asago%20Art%20Village15n4272.jpg,35.2386111,134.8300000,Q720406
372,朝来市朝来歴史民俗資料館,兵庫縣,日本博物館,4.0,100,日本博物館,Kobe Station,70.2,0.70,0.8000,1.0000,0.0665,0.7667,http://commons.wikimedia.org/wiki/Special:FilePath/Map%20of%20Hyogo%20Prefecture%20Ja.svg,35.2408890,134.8267220,Q134318171
438,荒井記念美術館,北海道,纪念博物馆,4.0,100,纪念博物馆,Sapporo Station,69.3,0.70,0.8000,1.0000,0.0673,0.7667,,42.9500840,140.5146220,Q132544758
510,登別マリンパークニクス,北海道,水族館,4.0,100,水族館,Sapporo Station,69.6,0.70,0.8000,1.0000,0.0670,0.7667,http://commons.wikimedia.org/wiki/Special:FilePath/20181106%20Nixe%205427%20%2848435586636%29.jpg,42.4549720,141.1821940,Q11579106
715,銚子ポートタワー,千葉縣,觀光塔,4.0,100,觀光塔,Chiba Station,69.2,0.70,0.8000,1.0000,0.0674,0.7667,http://commons.wikimedia.org/wiki/Special:FilePath/Choshi%20Port%20Tower%20%289007277727%29.jpg,35.7409444,140.8628333,Q28690311
813,和歌山県世界遺産センター,和歌山縣,遊客中心,4.0,100,遊客中心,Wakayama Station,69.4,0.70,0.8000,1.0000,0.0672,0.7667,http://commons.wikimedia.org/wiki/Special:FilePath/Kumano%20Hongu%20Heritage%20Center.jpg,33.8383890,135.7755560,Q11417386
1386,松岡開墾場,山形縣,博物館,4.0,100,博物館,Yamagata Station,69.2,0.70,0.8000,1.0000,0.0674,0.7667,http://commons.wikimedia.org/wiki/Special:FilePath/Former%20Nishitagawa%20District%20Office%2020240413.jpg,38.7283472,139.8212778,Q11613201
1480,石徹白大杉,岐阜縣,巨樹,4.0,100,巨樹,Gifu Station,69.5,0.70,0.8000,1.0000,0.0671,0.7667,http://commons.wikimedia.org/wiki/Special:FilePath/Itoshiro%20oosugi%20from%20south%202008%206%2010.jpg,36.0337500,136.7609720,Q11586523
1810,仁摩沙博物館,島根縣,博物館,4.0,100,博物館,Matsue Station,69.4,0.70,0.8000,1.0000,0.0672,0.7667,http://commons.wikimedia.org/wiki/Special:FilePath/Sandmuseum%20Nima.jpg,35.1463890,132.4047220,Q11376381
1811,赤尾展望所,島根縣,觀景台,4.0,100,觀景台,Matsue Station,70.0,0.70,0.8000,1.0000,0.0667,0.7667,,36.0877778,132.9593889,Q66310909
1927,ひの字渓谷,德島縣,谷地,4.0,100,谷地,Tokushima Station,70.1,0.70,0.8000,1.0000,0.0666,0.7667,http://commons.wikimedia.org/wiki/Special:FilePath/%E3%81%B2%E3%81%AE%E5%AD%97%E6%B8%93%E8%B0%B7%2001%2020200802.jpg,33.9083333,133.8175000,Q107723579
1978,赤松遊園地,愛媛縣,主題樂園,4.0,100,主題樂園,Matsuyama Station,69.8,0.70,0.8000,1.0000,0.0669,0.7667,http://commons.wikimedia.org/wiki/Special:FilePath/%E8%B5%A4%E6%9D%BE%E9%81%8A%E5%9C%92%E5%9C%B0%20%282202856337%29.jpg,33.2397500,132.5336944,Q76283534
2080,豊橋市視聴覚教育センター,愛知縣,科學博物館,4.0,100,科學博物館,Nagoya Station,70.2,0.70,0.8000,1.0000,0.0665,0.7667,http://commons.wikimedia.org/wiki/Special:FilePath/%E8%B1%8A%E6%A9%8B%E5%B8%82%E8%A6%96%E8%81%B4%E8%A6%9A%E6%95%99%E8%82%B2%E3%82%BB%E3%83%B3%E3%82%BF%E3%83%BC.jpg,34.7294444,137.4315556,Q55525951
2226,豊橋市地下資源館,愛知縣,博物館,4.0,100,博物館,Nagoya Station,70.2,0.70,0.8000,1.0000,0.0665,0.7667,http://commons.wikimedia.org/wiki/Special:FilePath/Toyohashi-Museum-of-Natural-Resources-1.jpg,34.7291220,137.4313890,Q11633805
2946,石川縣能登島玻璃美術館,石川縣,美術館,4.0,100,美術館,Kanazawa Station,69.5,0.70,0.8000,1.0000,0.0671,0.7667,http://commons.wikimedia.org/wiki/Special:FilePath/Ishikawa%20Prefecture%20Notojima%20Glass%20Art%20Museum.jpg,37.1372222,136.9963889,Q11586039
2949,能登島臨海公園水族館,石川縣,水族館,4.0,100,水族館,Kanazawa Station,70.1,0.70,0.8000,1.0000,0.0666,0.7667,http://commons.wikimedia.org/wiki/Special:FilePath/Notojima%20Suizokukan.jpg,37.1491667,136.9822222,Q11275197
3617,茅野市尖石縄文考古館,長野縣,考古博物館,4.0,100,考古博物館,Nagano Station,70.1,0.70,0.8000,1.0000,0.0666,0.7667,http://commons.wikimedia.org/wiki/Special:FilePath/Togariishi%20Museum%20of%20Jomon%20Archaeology.jpg,36.0135667,138.2339639,Q28154556
3720,櫛引八幡宮国宝館,青森縣,宝物館,4.0,100,宝物館,Aomori Station,70.1,0.70,0.8000,1.0000,0.0666,0.7667,http://commons.wikimedia.org/wiki/Special:FilePath/Treasure%20museum%20of%20Kushihiki%20Hachiman-gu.jpg,40.4893760,141.4352480,Q104696239
3805,浜松市姫街道と銅鐸の歴史民俗資料館,靜岡縣,民俗博物館,4.0,100,民俗博物館,Shizuoka Station,69.5,0.70,0.8000,1.0000,0.0671,0.7667,http://commons.wikimedia.org/wiki/Special:FilePath/History%20and%20Folklore%20of%20Himekaido%20and%20Dotaku%20Museum.JPG,34.8104444,137.6521111,Q95754656
252,赤穗市立田淵紀念館,兵庫縣,美術館,4.0,100,美術館,Kobe Station,70.7,0.70,0.8000,1.0000,0.0660,0.7666,http://commons.wikimedia.org/wiki/Special:FilePath/Ako%20City%20Tabuchi%20Museum%20of%20Art03n3200.jpg,34.7307220,134.4068330,Q11635883
452,洞爺湖町立火山科学館,北海道,火山博物館,4.0,100,火山博物館,Sapporo Station,71.1,0.70,0.8000,1.0000,0.0657,0.7666,http://commons.wikimedia.org/wiki/Special:FilePath/Toyako%20volcano%20science%20museum.JPG,42.5639444,140.8151111,Q117312350
455,滝川市こども科学館,北海道,兒童博物館,4.0,100,兒童博物館,Sapporo Station,70.5,0.70,0.8000,1.0000,0.0662,0.7666,,43.5525180,141.9148890,Q132550120
478,知里幸恵 銀のしずく記念館,北海道,人物紀念館,4.0,100,人物紀念館,Sapporo Station,70.3,0.70,0.8000,1.0000,0.0664,0.7666,http://commons.wikimedia.org/wiki/Special:FilePath/Chiri%20Yukie%20Memorial%20Museum.jpg,42.4513611,141.1671389,Q109364441
628,滝川市郷土館,北海道,博物館,4.0,100,博物館,Sapporo Station,70.6,0.70,0.8000,1.0000,0.0661,0.7666,,43.5520180,141.9174110,Q28154411
662,滝川市美術自然史館,北海道,博物館,4.0,100,博物館,Sapporo Station,70.5,0.70,0.8000,1.0000,0.0662,0.7666,http://commons.wikimedia.org/wiki/Special:FilePath/Takikawa%20Museum%20of%20Art%20and%20Natural%20History%2002.jpg,43.5520120,141.9146470,Q28154206
1362,文下のケヤキ,山形縣,巨樹,4.0,100,巨樹,Yamagata Station,70.8,0.70,0.8000,1.0000,0.0660,0.7666,http://commons.wikimedia.org/wiki/Special:FilePath/Hodashi%20no%20Keyaki%20B.jpg,38.7653889,139.8515278,Q110777276
1394,庄内町亀ノ尾の里資料館,山形縣,博物館,4.0,100,博物館,Yamagata Station,70.9,0.70,0.8000,1.0000,0.0658,0.7666,,38.8103390,139.9401700,Q104696504
1701,宮古市崎山貝塚縄文の森ミュージアム,岩手縣,考古博物館,4.0,100,考古博物館,Morioka Station,70.5,0.70,0.8000,1.0000,0.0662,0.7666,http://commons.wikimedia.org/wiki/Special:FilePath/Sakiyama%20Shell%20midden%20sites%20museum%2C%20Miyako.jpg,39.6744110,141.9598510,Q104696352
1812,村上家資料館,島根縣,历史房屋博物馆,4.0,100,历史房屋博物馆,Matsue Station,70.3,0.70,0.8000,1.0000,0.0664,0.7666,,36.0956090,133.0978800,Q132420930
1821,海士町後鳥羽院資料館,島根縣,人物紀念館,4.0,100,人物紀念館,Matsue Station,70.5,0.70,0.8000,1.0000,0.0662,0.7666,http://commons.wikimedia.org/wiki/Special:FilePath/%E6%B5%B7%E5%A3%AB%E7%94%BA%E5%BE%8C%E9%B3%A5%E7%BE%BD%E9%99%A2%E8%B3%87%E6%96%99%E9%A4%A8%20ac.jpg,36.0973889,133.0988611,Q55530278
1982,宇和岛市立历史资料馆,愛媛縣,博物館,4.0,100,博物館,Matsuyama Station,70.7,0.70,0.8000,1.0000,0.0661,0.7666,http://commons.wikimedia.org/wiki/Special:FilePath/Uwajima%20city%20historical%20museum.jpg,33.2264361,132.5546469,Q11449139
2043,茶臼山 高原の美術館,愛知縣,美術館,4.0,100,美術館,Nagoya Station,70.8,0.70,0.8000,1.0000,0.0660,0.7666,,35.2209640,137.6582110,Q11618013
2129,豊橋市自然史博物館,愛知縣,自然歷史博物館,4.0,100,自然歷史博物館,Nagoya Station,70.8,0.70,0.8000,1.0000,0.0659,0.7666,http://commons.wikimedia.org/wiki/Special:FilePath/Nonhoi%20park1.jpg,34.7211389,137.4321111,Q55521274
2231,小千谷市錦鯉の里,新潟縣,水族館,4.0,100,水族館,Niigata Station,70.8,0.70,0.8000,1.0000,0.0659,0.7666,http://commons.wikimedia.org/wiki/Special:FilePath/Ojiya%20Nishikigoi%20no%20Sato%20ac%20%281%29.jpg,37.3111111,138.7952778,Q11650572
3671,八ヶ岳総合博物館,長野縣,博物館,4.0,100,博物館,Nagano Station,70.8,0.70,0.8000,1.0000,0.0659,0.7666,http://commons.wikimedia.org/wiki/Special:FilePath/Chino%20City%20Yatsugatake%20Museum%201.jpg,36.0058974,138.1791295,Q66360898
3706,八戸市博物館,青森縣,市立博物館,4.0,100,市立博物館,Aomori Station,71.1,0.70,0.8000,1.0000,0.0657,0.7666,http://commons.wikimedia.org/wiki/Special:FilePath/Hachinohe-city-museum.jpg,40.5085250,141.4644028,Q11391164
3757,鈴木歷史館,靜岡縣,博物館,4.0,100,博物館,Shizuoka Station,71.1,0.70,0.8000,1.0000,0.0657,0.7666,http://commons.wikimedia.org/wiki/Special:FilePath/Suzuki%20History%20Museum%2C%20Hamamatsu%20-%20Jul%207%2C%202013.jpg,34.6906667,137.6894722,Q11311748
3923,上淀白鳳之丘展示館,鳥取縣,考古博物館,4.0,100,考古博物館,Tottori Station,71.0,0.70,0.8000,1.0000,0.0658,0.7666,http://commons.wikimedia.org/wiki/Special:FilePath/Kamiyodo-Hakuhonooka.jpg,35.4536111,133.4430556,Q2945110
275,赤穗市立海洋科學館,兵庫縣,塩博物館,4.0,100,塩博物館,Kobe Station,71.5,0.70,0.8000,1.0000,0.0653,0.7665,http://commons.wikimedia.org/wiki/Special:FilePath/141115%20Ako%20Marine%20Science%20Museum%20Hyogo%20pref%20Japan02n.jpg,34.7339440,134.3982220,Q11635882
364,赤穗市立歴史博物館,兵庫縣,歷史博物館,4.0,100,歷史博物館,Kobe Station,72.4,0.70,0.8000,1.0000,0.0646,0.7665,http://commons.wikimedia.org/wiki/Special:FilePath/141206%20Ako%20City%20Museum%20of%20History%20Hyogo%20pref%20Japan02n.jpg,34.7473610,134.3904170,Q11635880
491,むかわ町穂別地球体験館,北海道,自然歷史博物館,4.0,100,自然歷史博物館,Sapporo Station,72.1,0.70,0.8000,1.0000,0.0648,0.7665,http://commons.wikimedia.org/wiki/Special:FilePath/Hobetsu%20Earth%20Experience%20Museum.jpg,42.7668139,142.1348833,Q11279539
605,穗别博物馆,北海道,古生物博物馆,4.0,100,古生物博物馆,Sapporo Station,72.2,0.70,0.8000,1.0000,0.0647,0.7665,http://commons.wikimedia.org/wiki/Special:FilePath/Hobetsu%20Museum.jpg,42.7661167,142.1357139,Q22120589
1337,日本ハワイ移民資料館,山口縣,博物館,4.0,100,博物館,Yamaguchi Station,72.0,0.70,0.8000,1.0000,0.0649,0.7665,http://commons.wikimedia.org/wiki/Special:FilePath/%E6%97%A5%E6%9C%AC%E3%83%8F%E3%83%AF%E3%82%A4%E7%A7%BB%E6%B0%91%E8%B3%87%E6%96%99%E9%A4%A8.JPG,33.9212400,132.2000800,Q11506736
1601,飛騨荘川の里,岐阜縣,民家園,4.0,100,民家園,Gifu Station,71.9,0.70,0.8000,1.0000,0.0650,0.7665,http://commons.wikimedia.org/wiki/Special:FilePath/Japan%2C%20Gebouwen%20foto%201354.jpg,36.0356944,136.9522222,Q11665918
1740,久慈琥珀博物館,岩手縣,古生物博物馆,4.0,100,古生物博物馆,Morioka Station,72.2,0.70,0.8000,1.0000,0.0647,0.7665,http://commons.wikimedia.org/wiki/Special:FilePath/Amber%20museumu%2C%20Kuji.jpg,40.1699170,141.7237780,Q74825456
1754,蟠龍峡,島根縣,觀光景點,4.0,100,觀光景點,Matsue Station,72.1,0.70,0.8000,1.0000,0.0648,0.7665,,34.9350833,132.6036667,Q55522621
1836,日本鄉土玩具博物館,廣島縣,玩具博物館,4.0,100,玩具博物館,Hiroshima Station,72.2,0.70,0.8000,1.0000,0.0647,0.7665,http://commons.wikimedia.org/wiki/Special:FilePath/Japan%20sweeping%20one%20museum.JPG,34.4506780,133.2602640,Q11509272
1880,日本鞋博物館,廣島縣,時裝博物館,4.0,100,時裝博物館,Hiroshima Station,72.3,0.70,0.8000,1.0000,0.0647,0.7665,http://commons.wikimedia.org/wiki/Special:FilePath/Japan%20sweeping%20one%20museum.JPG,34.4504310,133.2608750,Q11506184
1894,府中市歴史民俗資料館,廣島縣,民俗博物館,4.0,100,民俗博物館,Hiroshima Station,71.5,0.70,0.8000,1.0000,0.0653,0.7665,http://commons.wikimedia.org/wiki/Special:FilePath/Former%20Hall%20of%20Ashina%20District%2C%20gaikan.jpg,34.5621944,133.2297222,Q85880176
1971,宇和島市立伊達博物館,愛媛縣,博物館,4.0,100,博物館,Matsuyama Station,71.6,0.70,0.8000,1.0000,0.0653,0.7665,http://commons.wikimedia.org/wiki/Special:FilePath/Uwajima%20Date%20Museum%202.JPG,33.2159444,132.5626389,Q11449130
2221,豊橋市二川宿本陣資料館,愛知縣,博物館,4.0,100,博物館,Nagoya Station,71.8,0.70,0.8000,1.0000,0.0651,0.7665,http://commons.wikimedia.org/wiki/Special:FilePath/Futagawa-Yado.jpg,34.7233333,137.4497222,Q39152597
3431,篆刻美術館,茨城縣,美術館,4.0,100,美術館,Mito Station,72.0,0.70,0.8000,1.0000,0.0649,0.7665,http://commons.wikimedia.org/wiki/Special:FilePath/Stippling%20Museum%2001.JPG,36.1946944,139.7028056,Q17229236
3438,古河歷史博物館,茨城縣,歷史博物館,4.0,100,歷史博物館,Mito Station,72.3,0.70,0.8000,1.0000,0.0647,0.7665,http://commons.wikimedia.org/wiki/Special:FilePath/Koga%20History%20Museum%2001.JPG,36.1914210,139.7012580,Q11411385
3451,古河文學館,茨城縣,文學館,4.0,100,文學館,Mito Station,72.2,0.70,0.8000,1.0000,0.0648,0.7665,http://commons.wikimedia.org/wiki/Special:FilePath/Koga%20Literature%20Museum%2001.JPG,36.1916810,139.7019550,Q11411379
3472,里田原歴史民俗資料館,長崎縣,考古博物館,4.0,100,考古博物館,Nagasaki Station,72.3,0.70,0.8000,1.0000,0.0647,0.7665,,33.3583890,129.5911670,Q11644616
3477,鄭成功記念館,長崎縣,人物紀念館,4.0,100,人物紀念館,Nagasaki Station,72.2,0.70,0.8000,1.0000,0.0648,0.7665,http://commons.wikimedia.org/wiki/Special:FilePath/%E9%84%AD%E6%88%90%E5%8A%9F%E8%A8%98%E5%BF%B5%E9%A4%A8%E5%A4%96%E8%A6%B3.jpg,33.3310000,129.5203900,Q111274293
3480,平戸市切支丹資料館,長崎縣,歷史博物館,4.0,100,歷史博物館,Nagasaki Station,71.7,0.70,0.8000,1.0000,0.0652,0.7665,,33.2901110,129.4472220,Q11482968
3621,諏訪市博物館,長野縣,市立博物館,4.0,100,市立博物館,Nagano Station,71.7,0.70,0.8000,1.0000,0.0652,0.7665,http://commons.wikimedia.org/wiki/Special:FilePath/Suwa%20city%20musium%20%2C%20%E8%AB%8F%E8%A8%AA%E5%B8%82%E5%8D%9A%E7%89%A9%E9%A4%A8%20-%20panoramio.jpg,36.0002222,138.1214444,Q85883757
3638,神長官守矢史料館,長野縣,house archive,4.0,100,house archive,Nagano Station,72.2,0.70,0.8000,1.0000,0.0648,0.7665,http://commons.wikimedia.org/wiki/Special:FilePath/%E7%A5%9E%E9%95%B7%E5%AE%98%E5%AE%88%E7%9F%A2%E5%8F%B2%E6%96%99%E9%A4%A8%20%2851790275588%29.jpg,35.9955280,138.1280000,Q11591010
3943,植田正治寫真美術館,鳥取縣,美術館,4.0,100,美術館,Tottori Station,72.5,0.70,0.8000,1.0000,0.0645,0.7665,http://commons.wikimedia.org/wiki/Special:FilePath/Shoji%20Ueda%20Museum%20of%20Photography02n4592.jpg,35.3898610,133.4358330,Q9047014
383,赤穗市立民俗資料館,兵庫縣,民俗博物館,4.0,100,民俗博物館,Kobe Station,73.2,0.70,0.8000,1.0000,0.0640,0.7664,http://commons.wikimedia.org/wiki/Special:FilePath/Ako%20municipal%20fork%20culture%20museum05s1980.jpg,34.7498890,134.3822500,Q11635881
718,“渚の駅”たてやま,千葉縣,水族館,4.0,100,水族館,Chiba Station,73.2,0.70,0.8000,1.0000,0.0639,0.7664,http://commons.wikimedia.org/wiki/Special:FilePath/Nagisanoeki%20Tateyama.JPG,34.9897500,139.8546940,Q11256102
1390,アトク先生の館,山形縣,历史房屋博物馆,4.0,100,历史房屋博物馆,Yamagata Station,73.4,0.70,0.8000,1.0000,0.0638,0.7664,http://commons.wikimedia.org/wiki/Special:FilePath/Mikawa%20Town%20Cultural%20Exchange%20Hall%201.jpg,38.7933333,139.8507500,Q30933069
1702,熊之鼻展望台,岩手縣,风景点,4.0,100,风景点,Morioka Station,73.6,0.70,0.8000,1.0000,0.0636,0.7664,,39.8397861,141.9789611,Q20044034
2254,相川郷土博物館,新潟縣,礦業博物館,4.0,100,礦業博物館,Niigata Station,73.4,0.70,0.8000,1.0000,0.0638,0.7664,http://commons.wikimedia.org/wiki/Special:FilePath/Aikawa%20History%20Museum%20ac%20%281%29.jpg,38.0375000,138.2400000,Q85162625
2265,佐渡版画村美術館,新潟縣,美術館,4.0,100,美術館,Niigata Station,73.2,0.70,0.8000,1.0000,0.0639,0.7664,http://commons.wikimedia.org/wiki/Special:FilePath/Sado%20Hangamura%20Art%20Museum%20ac.jpg,38.0351390,138.2408890,Q11383307
3303,小峰城歴史館,福島縣,歷史博物館,4.0,100,歷史博物館,Fukushima Station,72.6,0.70,0.8000,1.0000,0.0644,0.7664,,37.1312950,140.2124770,Q104696512
3317,白河市歴史民俗資料館,福島縣,博物館,4.0,100,博物館,Fukushima Station,73.3,0.70,0.8000,1.0000,0.0638,0.7664,,37.1205800,140.2285330,Q104696511
3332,秋田犬の里,秋田縣,遊客中心,4.0,100,遊客中心,Akita Station,73.1,0.70,0.8000,1.0000,0.0641,0.7664,http://commons.wikimedia.org/wiki/Special:FilePath/Akita%20Dog%20Visitor%20Center%2020200613.jpg,40.2867389,140.5561278,Q110990382
3692,安藤昌益資料館,青森縣,人物紀念館,4.0,100,人物紀念館,Aomori Station,73.0,0.70,0.8000,1.0000,0.0641,0.7664,http://commons.wikimedia.org/wiki/Special:FilePath/Andoshoekimuseum.JPG,40.5107700,141.4919700,Q11451328
3697,むつ科学技術館,青森縣,科技博物館,4.0,100,科技博物館,Aomori Station,72.8,0.70,0.8000,1.0000,0.0642,0.7664,http://commons.wikimedia.org/wiki/Special:FilePath/%E3%82%80%E3%81%A4%E7%A7%91%E5%AD%A6%E6%8A%80%E8%A1%93%E9%A4%A8.jpg,41.3642780,141.2350420,Q17217142
3700,八戶市美術館,青森縣,美術館,4.0,100,美術館,Aomori Station,72.9,0.70,0.8000,1.0000,0.0642,0.7664,http://commons.wikimedia.org/wiki/Special:FilePath/Hachinohe%20Art%20Museum%202023.jpg,40.5117500,141.4913056,Q11391188
3710,はっち,青森縣,博物館,4.0,100,博物館,Aomori Station,72.9,0.70,0.8000,1.0000,0.0642,0.7664,http://commons.wikimedia.org/wiki/Special:FilePath/HachinohePortalMuseum%20hacchi.jpg,40.5100000,141.4905560,Q6386532
3816,濱名湖音樂盒博物館,靜岡縣,音楽博物館,4.0,100,音楽博物館,Shizuoka Station,73.6,0.70,0.8000,1.0000,0.0636,0.7664,,34.7699470,137.6204000,Q11557595
280,赤穂市立有年考古館,兵庫縣,考古博物館,4.0,100,考古博物館,Kobe Station,74.7,0.70,0.8000,1.0000,0.0627,0.7663,,34.8353056,134.3825556,Q85883880
625,Q138647692,北海道,博物館,4.0,100,博物館,Sapporo Station,74.9,0.70,0.8000,1.0000,0.0625,0.7663,,42.5453658,140.7718779,Q138647692
765,館山市立博物館,千葉縣,博物館,4.0,100,博物館,Chiba Station,74.0,0.70,0.8000,1.0000,0.0633,0.7663,http://commons.wikimedia.org/wiki/Special:FilePath/%E9%A4%A8%E5%B1%B1%E5%B8%82%E7%AB%8B%E5%8D%9A%E7%89%A9%E9%A4%A8%20-%20panoramio.jpg,34.9824900,139.8545100,Q71906226
1517,東山魁夷 心の旅路館,岐阜縣,美術館,4.0,100,美術館,Gifu Station,74.6,0.70,0.8000,1.0000,0.0628,0.7663,,35.5858861,137.5511500,Q11526757
1544,馬籠脇本陣史料館,岐阜縣,地方文化館,4.0,100,地方文化館,Gifu Station,74.6,0.70,0.8000,1.0000,0.0628,0.7663,http://commons.wikimedia.org/wiki/Special:FilePath/%E9%A6%AC%E7%B1%A0%E8%84%87%E6%9C%AC%E9%99%A3%E5%8F%B2%E6%96%99%E9%A4%A8%20%28%E5%B2%90%E9%98%9C%E7%9C%8C%E4%B8%AD%E6%B4%A5%E5%B7%9D%E5%B8%82%E9%A6%AC%E7%B1%A0%29%20-%20Panoramio%2051956333.jpg,35.5270020,137.5676920,Q107158498
1552,藤村紀念館,岐阜縣,人物紀念館,4.0,100,人物紀念館,Gifu Station,74.6,0.70,0.8000,1.0000,0.0628,0.7663,http://commons.wikimedia.org/wiki/Special:FilePath/Magome-Juku%20Touson%20Memorial%20Hall.jpg,35.5267944,137.5673444,Q11624320
1646,ヒルゼン高原センター,岡山縣,主題樂園,4.0,100,主題樂園,Okayama Station,74.1,0.70,0.8000,1.0000,0.0632,0.7663,http://commons.wikimedia.org/wiki/Special:FilePath/Hiruzen%20Kogen%20Center.jpg,35.2908890,133.6353360,Q11330326
1678,真庭市蒜山ミュージアム,岡山縣,博物館,4.0,100,博物館,Okayama Station,74.1,0.70,0.8000,1.0000,0.0632,0.7663,,35.2916140,133.6370160,Q132618778
1734,軽米町歴史民俗資料館,岩手縣,地方文化館,4.0,100,地方文化館,Morioka Station,74.0,0.70,0.8000,1.0000,0.0633,0.7663,,40.3204500,141.4565400,Q123516953
1735,東北紐西蘭村,岩手縣,主題公園,4.0,100,主題公園,Morioka Station,74.1,0.70,0.8000,1.0000,0.0632,0.7663,,39.0361944,141.0864722,Q11272918
1943,平家屋敷民俗資料館,德島縣,历史房屋博物馆,4.0,100,历史房屋博物馆,Tokushima Station,74.1,0.70,0.8000,1.0000,0.0632,0.7663,http://commons.wikimedia.org/wiki/Special:FilePath/150503%20The%20Folklore%20Museum%20of%20the%20Heike%20Estate%20Miyoshi%20Tokushima%20pref%20Japan02s3.jpg,33.8832778,133.7812778,Q65266462
3491,平戸温泉,長崎縣,温泉镇,4.0,100,温泉镇,Nagasaki Station,74.7,0.70,0.8000,1.0000,0.0628,0.7663,,33.3496990,129.5053720,Q108611178
3695,八戸市埋蔵文化財センター 是川縄文館,青森縣,埋藏文化財中心,4.0,100,埋藏文化財中心,Aomori Station,74.7,0.70,0.8000,1.0000,0.0627,0.7663,http://commons.wikimedia.org/wiki/Special:FilePath/Korekawajomonkan.jpg,40.4755556,141.4883611,Q11391172
3772,濱名湖PalPal,靜岡縣,主題樂園,4.0,100,主題樂園,Shizuoka Station,74.1,0.70,0.8000,1.0000,0.0632,0.7663,http://commons.wikimedia.org/wiki/Special:FilePath/Kanzanji%20ropeway.JPG,34.7638530,137.6167080,Q11557598
3887,杉の大スギ,高知縣,巨樹,4.0,100,巨樹,Kochi Station,74.2,0.70,0.8000,1.0000,0.0631,0.7663,http://commons.wikimedia.org/wiki/Special:FilePath/Sugi%20no%20Osugi%2C%20gaikan-3.jpg,34.0628060,133.0067860,Q11521661
270,ムーセ旧居,兵庫縣,历史房屋博物馆,4.0,100,历史房屋博物馆,Kobe Station,75.5,0.70,0.8000,1.0000,0.0621,0.7662,http://commons.wikimedia.org/wiki/Special:FilePath/Muse6611.JPG,35.2444720,134.7177220,Q11343225
367,神子畑交流館,兵庫縣,遊客中心,4.0,100,遊客中心,Kobe Station,75.5,0.70,0.8000,1.0000,0.0621,0.7662,http://commons.wikimedia.org/wiki/Special:FilePath/%E7%A5%9E%E5%AD%90%E7%95%91%E4%BA%A4%E6%B5%81%E9%A4%A8%20%E9%A7%90%E8%BB%8A%E5%A0%B4%E3%81%8B%E3%82%89.jpg,35.2433333,134.7170833,Q99745066
519,登別市郷土資料館,北海道,地方文化館,4.0,100,地方文化館,Sapporo Station,75.3,0.70,0.8000,1.0000,0.0622,0.7662,http://commons.wikimedia.org/wiki/Special:FilePath/Noboribetsu%20Local%20History%20Museum.jpg,42.4205667,141.0820278,Q11579120
621,神恵内村郷土資料館,北海道,博物館,4.0,100,博物館,Sapporo Station,76.0,0.70,0.8000,1.0000,0.0617,0.7662,,43.1482520,140.4204850,Q104236395
1141,南三陸町民俗資料館,宮城縣,旧学校施設,4.0,100,旧学校施設,Sendai Station,75.6,0.70,0.8000,1.0000,0.0621,0.7662,http://commons.wikimedia.org/wiki/Special:FilePath/Minamisanriku%20minzoku%20Museum.jpg,38.7191667,141.5229167,Q60988262
1349,内藤秀因水彩画記念館,山形縣,美術館,4.0,100,美術館,Yamagata Station,76.2,0.70,0.8000,1.0000,0.0616,0.7662,http://commons.wikimedia.org/wiki/Special:FilePath/ShonaiTown%20Naitoshuin%20Watercolor%20painting%20Memorial%201.jpg,38.8487222,139.9044722,Q48756817
1366,松山文化伝承館,山形縣,文化博物館,4.0,100,文化博物館,Yamagata Station,75.1,0.70,0.8000,1.0000,0.0624,0.7662,http://commons.wikimedia.org/wiki/Special:FilePath/Matsuyama%20Culture%20%26%20Tradition%20Hall%201.jpg,38.8601667,139.9588333,Q28475496
1560,小坂郷土館,岐阜縣,博物館,4.0,100,博物館,Gifu Station,75.4,0.70,0.8000,1.0000,0.0622,0.7662,,35.9163889,137.3103611,Q104783877
1711,三船十段記念館,岩手縣,人物紀念館,4.0,100,人物紀念館,Morioka Station,75.8,0.70,0.8000,1.0000,0.0619,0.7662,http://commons.wikimedia.org/wiki/Special:FilePath/Kuji%20City%20Mifune%20Judan%20Memorial%20Hall%201.jpg,40.1880833,141.7587583,Q11356960
1748,奥州市牛の博物館,岩手縣,博物館,4.0,100,博物館,Morioka Station,75.0,0.70,0.8000,1.0000,0.0625,0.7662,http://commons.wikimedia.org/wiki/Special:FilePath/The%20Cattle%20Museum.jpg,39.0269440,141.1240280,Q11445753
1874,みろくの里,廣島縣,主題樂園,4.0,100,主題樂園,Hiroshima Station,76.2,0.70,0.8000,1.0000,0.0615,0.7662,,34.4205833,133.3059444,Q11279374
1945,道之站大歩危,德島縣,道之驛,4.0,100,道之驛,Tokushima Station,76.0,0.70,0.8000,1.0000,0.0617,0.7662,http://commons.wikimedia.org/wiki/Special:FilePath/Michinoeki%20Oboke%2001.JPG,33.8815833,133.7600556,Q11641228
2214,東栄町立博物館,愛知縣,博物館,4.0,100,博物館,Nagoya Station,75.7,0.70,0.8000,1.0000,0.0619,0.7662,http://commons.wikimedia.org/wiki/Special:FilePath/%E6%9D%B1%E6%A0%84%E7%94%BA%E5%8D%9A%E7%89%A9%E9%A4%A8%202018%E5%B9%B46%E6%9C%88%20ac.jpg,35.0684167,137.7045278,Q55535195
3128,山川登美子紀念館,福井縣,历史房屋博物馆,4.0,100,历史房屋博物馆,Fukui Station,76.0,0.70,0.8000,1.0000,0.0617,0.7662,http://commons.wikimedia.org/wiki/Special:FilePath/Tomiko%20Yamakawa%20Memorial%20Museum01nt3200.jpg,35.4985080,135.7470810,Q11468309
3137,福井縣立若狹歷史博物館,福井縣,都道府县立博物馆,4.0,100,都道府县立博物馆,Fukui Station,75.5,0.70,0.8000,1.0000,0.0621,0.7662,http://commons.wikimedia.org/wiki/Special:FilePath/Wakasa%20history%20museum.JPG,35.4841500,135.7849083,Q17230044
3258,事故歷史展示館,福島縣,鐵路博物館,4.0,100,鐵路博物館,Fukushima Station,75.7,0.70,0.8000,1.0000,0.0619,0.7662,,37.1006944,140.2174722,Q11371180
3338,大館郷土博物館,秋田縣,地方文化館,4.0,100,地方文化館,Akita Station,75.5,0.70,0.8000,1.0000,0.0621,0.7662,http://commons.wikimedia.org/wiki/Special:FilePath/%C3%94date%20kyodo%20hakibutukan.jpg,40.3002220,140.5822500,Q20043438
3502,松浦史料博物馆,長崎縣,历史房屋博物馆,4.0,100,历史房屋博物馆,Nagasaki Station,75.1,0.70,0.8000,1.0000,0.0624,0.7662,http://commons.wikimedia.org/wiki/Special:FilePath/Matsura%20Museum%201.jpg,33.3729420,129.5522780,Q11531777
3522,八ヶ岳美術館,長野縣,民俗博物館,4.0,100,民俗博物館,Nagano Station,75.5,0.70,0.8000,1.0000,0.0621,0.7662,http://commons.wikimedia.org/wiki/Special:FilePath/Yatsugatake%20Museum%20of%20Art.JPG,35.9680556,138.2768333,Q11390430
3576,康耀堂美術館,長野縣,美術館,4.0,100,美術館,Nagano Station,75.5,0.70,0.8000,1.0000,0.0621,0.7662,,35.9680556,138.2768333,Q84468012
3991,日本マンダリンセンター,鹿兒島縣,食物博物館,4.0,100,食物博物館,Kagoshima-Chuo Station,76.2,0.70,0.8000,1.0000,0.0616,0.7662,,32.1986320,130.1856920,Q133054732
157,日本的鬼之交流博物館,京都府,博物館,4.0,100,博物館,Kyoto Station,76.7,0.70,0.8000,1.0000,0.0612,0.7661,,35.4590280,135.1444440,Q11506183
502,宮尾登美子文学記念館,北海道,文學館,4.0,100,文學館,Sapporo Station,77.0,0.70,0.8000,1.0000,0.0610,0.7661,http://commons.wikimedia.org/wiki/Special:FilePath/Tomiko%20miyao%20memorials%20literature.jpg,42.4716667,140.8733333,Q11454073
635,伊達市噴火湾文化研究所,北海道,博物館,4.0,100,博物館,Sapporo Station,76.8,0.70,0.8000,1.0000,0.0611,0.7661,,42.4811790,140.8551200,Q104236483
648,だて歴史文化ミュージアム,北海道,博物館,4.0,100,博物館,Sapporo Station,77.0,0.70,0.8000,1.0000,0.0610,0.7661,,42.4713889,140.8736111,Q65560391
1083,十津川村歴史民俗資料館,奈良縣,地方文化館,4.0,100,地方文化館,Nara Station,77.0,0.70,0.8000,1.0000,0.0610,0.7661,,33.9886930,135.7931180,Q104721810
1199,內藤紀念館,宮崎縣,博物館,4.0,100,博物館,Miyazaki Station,77.1,0.70,0.8000,1.0000,0.0609,0.7661,http://commons.wikimedia.org/wiki/Special:FilePath/Nobeoka%20Castle%20Naito%20Memorial%20Museum%202023.jpg,32.5818060,131.6587500,Q11394557
1402,鶴岡市立加茂水族館,山形縣,水族館,4.0,100,水族館,Yamagata Station,77.5,0.70,0.8000,1.0000,0.0606,0.7661,http://commons.wikimedia.org/wiki/Special:FilePath/Kamo%20Aquarium%2020160505.jpg,38.7622220,139.7249720,Q11675955
1875,赤坂遊園,廣島縣,主題樂園,4.0,100,主題樂園,Hiroshima Station,76.6,0.70,0.8000,1.0000,0.0613,0.7661,,34.4765000,133.3051111,Q11635438
2252,木村茶道美術館,新潟縣,美術館,4.0,100,美術館,Niigata Station,76.5,0.70,0.8000,1.0000,0.0614,0.7661,,37.3597222,138.5447222,Q28669360
2305,柏崎市立博物館,新潟縣,博物館,4.0,100,博物館,Niigata Station,76.6,0.70,0.8000,1.0000,0.0613,0.7661,http://commons.wikimedia.org/wiki/Special:FilePath/Kashiwazaki%20City%20Museum%2C%20Kashiwazaki%2C%20Niigata%2C%20Japan%2C%20November%202023.jpg,37.3591667,138.5427778,Q87396765
3254,いわき市アンモナイトセンター,福島縣,古生物博物馆,4.0,100,古生物博物馆,Fukushima Station,77.2,0.70,0.8000,1.0000,0.0608,0.7661,http://commons.wikimedia.org/wiki/Special:FilePath/Iwaki%20city%20anmonite%20center%20appearance.jpg,37.1756111,140.9434444,Q114231317
3298,いわき市立草野心平記念文学館,福島縣,人物紀念館,4.0,100,人物紀念館,Fukushima Station,76.9,0.70,0.8000,1.0000,0.0610,0.7661,http://commons.wikimedia.org/wiki/Special:FilePath/Kusano%20Shinpei%20Memorial%20Centre%2CIwaki%20City.JPG,37.1289720,140.8332220,Q11260170
3312,アウシュヴィッツ平和博物館,福島縣,博物館,4.0,100,博物館,Fukushima Station,77.0,0.70,0.8000,1.0000,0.0610,0.7661,,37.0956940,140.1884720,Q11282592
3354,鹿角市歴史民俗資料館,秋田縣,博物館,4.0,100,博物館,Akita Station,77.2,0.70,0.8000,1.0000,0.0608,0.7661,http://commons.wikimedia.org/wiki/Special:FilePath/Kazuno%20City%20Museum%20of%20History%20and%20Folklore%20001.jpg,40.1907222,140.7920000,Q135476486
3504,松浦市立埋蔵文化財センター,長崎縣,埋藏文化財中心,4.0,100,埋藏文化財中心,Nagasaki Station,76.8,0.70,0.8000,1.0000,0.0611,0.7661,http://commons.wikimedia.org/wiki/Special:FilePath/753takasima%20iriguti%20P11007532.jpg,33.4366110,129.7623890,Q11531803
3699,八戸市水産科学館,青森縣,科學博物館,4.0,100,科學博物館,Aomori Station,76.9,0.70,0.8000,1.0000,0.0611,0.7661,http://commons.wikimedia.org/wiki/Special:FilePath/Marient.jpg,40.5397222,141.5627778,Q11391175
120,魚知識館,京都府,水族館,4.0,100,水族館,Kyoto Station,78.2,0.70,0.8000,1.0000,0.0601,0.7660,,35.5561539,135.2552281,Q11673927
1691,鯨魚和海之科學館,岩手縣,科學博物館,4.0,100,科學博物館,Morioka Station,77.7,0.70,0.8000,1.0000,0.0604,0.7660,http://commons.wikimedia.org/wiki/Special:FilePath/Museum%20of%20whale%20and%20sea.jpg,39.4365556,141.9756389,Q60986214
1745,中尊寺讃衡蔵,岩手縣,博物館,4.0,100,博物館,Morioka Station,77.9,0.70,0.8000,1.0000,0.0603,0.7660,http://commons.wikimedia.org/wiki/Special:FilePath/Chuson-ji%20Sankozo%20Museum%2001.jpg,39.0014500,141.1005800,Q123474160
2008,四国中央市歴史考古博物館,愛媛縣,考古博物館,4.0,100,考古博物館,Matsuyama Station,78.7,0.70,0.8000,1.0000,0.0597,0.7660,http://commons.wikimedia.org/wiki/Special:FilePath/Museum%20of%20History%20and%20Archeology%20at%20Shikokuchuo%20City%20-%20Entrance.jpg,34.0097910,133.5798670,Q123528025
3941,米子市埋蔵文化財センター,鳥取縣,埋藏文化財中心,4.0,100,埋藏文化財中心,Tottori Station,78.4,0.70,0.8000,1.0000,0.0600,0.7660,,35.4009590,133.3679770,Q132916992
3945,米子市福市考古資料館,鳥取縣,考古博物館,4.0,100,考古博物館,Tottori Station,78.4,0.70,0.8000,1.0000,0.0600,0.7660,,35.4046460,133.3673110,Q104721871
24,三重县立熊野古道纪念中心,三重縣,遊客中心,4.0,100,遊客中心,Tsu Station,79.5,0.70,0.8000,1.0000,0.0592,0.7659,http://commons.wikimedia.org/wiki/Special:FilePath/Kumano%20Kod%C5%8D%20Center%20and%20Mount%20Tengura.JPG,34.0617500,136.2145833,Q47015845
49,尾鷲市立天文科学館,三重縣,天文博物館,4.0,100,天文博物館,Tsu Station,79.1,0.70,0.8000,1.0000,0.0594,0.7659,http://commons.wikimedia.org/wiki/Special:FilePath/NakamurayamaCastle%E4%BA%8C%E3%81%AE%E4%B8%B8.JPG,34.0723890,136.1930280,Q11465552
171,宮津市立前尾記念文庫,京都府,博物館,4.0,100,博物館,Kyoto Station,79.8,0.70,0.8000,1.0000,0.0590,0.7659,http://commons.wikimedia.org/wiki/Special:FilePath/Miyazu%20City%20Maeo%20Memorial%20Library%20exterior%20ac.jpg,35.5380830,135.1972780,Q48761574
1742,釣鐘洞,岩手縣,天然拱,4.0,100,天然拱,Morioka Station,79.7,0.70,0.8000,1.0000,0.0591,0.7659,http://commons.wikimedia.org/wiki/Special:FilePath/Tsuriganedo.jpg,40.1784720,141.8340280,Q11272526
1753,毛越寺宝物館,岩手縣,博物館,4.0,100,博物館,Morioka Station,79.5,0.70,0.8000,1.0000,0.0592,0.7659,http://commons.wikimedia.org/wiki/Special:FilePath/Cultural%20Assets%20Repository%20-%20Motsuji%2C%20Hiraizumi%2C%20Iwate%20-%20DSC04628.jpg,38.9868940,141.1087690,Q127603206
1773,水の国,島根縣,博物館,4.0,100,博物館,Matsue Station,80.2,0.70,0.8000,1.0000,0.0587,0.7659,http://commons.wikimedia.org/wiki/Special:FilePath/Mizunokuni%20park%20and%20museum.JPG,34.9643056,132.4268889,Q11548167
1906,庄原市立比和自然科学博物館,廣島縣,博物館,4.0,100,博物館,Hiroshima Station,80.1,0.70,0.8000,1.0000,0.0587,0.7659,,34.9831920,132.9862460,Q108299880
2297,日本海フィッシャーマンズケープ,新潟縣,觀光景點,4.0,100,觀光景點,Niigata Station,80.2,0.70,0.8000,1.0000,0.0587,0.7659,,37.3494444,138.4911111,Q104419568
125,天橋立View Land,京都府,主題公園,4.0,100,主題公園,Kyoto Station,81.9,0.70,0.8000,1.0000,0.0575,0.7658,http://commons.wikimedia.org/wiki/Special:FilePath/%E3%83%AA%E3%83%95%E3%83%88%E5%B1%B1%E9%A0%82%E9%A7%85.jpg,35.5525000,135.1817500,Q11442700
143,加悅SL廣場,京都府,鉄道公園,4.0,100,鉄道公園,Kyoto Station,81.8,0.70,0.8000,1.0000,0.0576,0.7658,http://commons.wikimedia.org/wiki/Special:FilePath/%E5%8A%A0%E6%82%A6SL%E5%BA%83%E5%A0%B4%20%E9%A7%85%E8%88%8E%20%E5%B1%95%E7%A4%BA%E5%AE%A42.jpg,35.4814170,135.0928060,Q11398627
580,沙流川歴史館,北海道,歷史博物館,4.0,100,歷史博物館,Sapporo Station,81.3,0.70,0.8000,1.0000,0.0579,0.7658,http://commons.wikimedia.org/wiki/Special:FilePath/Sarugawa%20museum.jpg,42.6373610,142.1558890,Q11553075
618,二風谷アイヌ文化博物館,北海道,アイヌ博物館,4.0,100,アイヌ博物館,Sapporo Station,81.4,0.70,0.8000,1.0000,0.0579,0.7658,http://commons.wikimedia.org/wiki/Special:FilePath/Nibutani%20Ainu%20Culture%20Museum.JPG,42.6369320,142.1567210,Q11371926
619,萱野茂二風谷アイヌ資料館,北海道,アイヌ博物館,4.0,100,アイヌ博物館,Sapporo Station,81.8,0.70,0.8000,1.0000,0.0576,0.7658,http://commons.wikimedia.org/wiki/Special:FilePath/P1040186-2.jpg,42.6353060,142.1615560,Q11620529
1723,釜石市立鉄の歴史館,岩手縣,工业博物馆,4.0,100,工业博物馆,Morioka Station,81.8,0.70,0.8000,1.0000,0.0576,0.7658,http://commons.wikimedia.org/wiki/Special:FilePath/Museum%20Iron%20History%20%2C%20Kamaishi.jpg,39.2555000,141.8941389,Q55536221
1726,石と賢治のミュージアム,岩手縣,鉱物博物館,4.0,100,鉱物博物館,Morioka Station,80.9,0.70,0.8000,1.0000,0.0582,0.7658,http://commons.wikimedia.org/wiki/Special:FilePath/230729%20Museum%20of%20Stones%20and%20Kenji%20Ichinoseki%20Iwate%20pref%20Japan02s3.jpg,38.9786111,141.2383333,Q11584728
1728,もぐらんぴあ,岩手縣,水族館,4.0,100,水族館,Morioka Station,81.8,0.70,0.8000,1.0000,0.0576,0.7658,http://commons.wikimedia.org/wiki/Special:FilePath/Mogurampia%201.jpg,40.2212890,141.8157220,Q11279914
1856,広島県立歴史博物館,廣島縣,都道府县立博物馆,4.0,100,都道府县立博物馆,Hiroshima Station,81.7,0.70,0.8000,1.0000,0.0577,0.7658,http://commons.wikimedia.org/wiki/Special:FilePath/Hiroshima%20Prefectural%20Museum%20of%20History01s2040.jpg,34.4897222,133.3588889,Q5771293
1861,ふくやま美術館,廣島縣,美術館,4.0,100,美術館,Hiroshima Station,81.7,0.70,0.8000,1.0000,0.0577,0.7658,http://commons.wikimedia.org/wiki/Special:FilePath/Fukuyama%20Museum%20of%20Art02s2040.jpg,34.4909670,133.3590390,Q11277001
1877,福山市人権平和資料館,廣島縣,人権博物館,4.0,100,人権博物館,Hiroshima Station,81.7,0.70,0.8000,1.0000,0.0577,0.7658,http://commons.wikimedia.org/wiki/Special:FilePath/Fukuyama-shi%20jinken-heiwa%20shiryokan02s2040.jpg,34.4929310,133.3585500,Q11592024
1881,ふくやま文学館,廣島縣,文學館,4.0,100,文學館,Hiroshima Station,81.7,0.70,0.8000,1.0000,0.0577,0.7658,http://commons.wikimedia.org/wiki/Special:FilePath/Fukuyama%20Museum%20of%20Literature%20Fukuyama%20Hiroshima%20pref%20Japan01s5.jpg,34.4924722,133.3584167,Q11277000
1892,ふくやま書道美術館,廣島縣,書法美術館,4.0,100,書法美術館,Hiroshima Station,81.7,0.70,0.8000,1.0000,0.0577,0.7658,,34.4911756,133.3591010,Q121354170
3930,山陰歷史館,鳥取縣,歷史博物館,4.0,100,歷史博物館,Tottori Station,81.4,0.70,0.8000,1.0000,0.0579,0.7658,http://commons.wikimedia.org/wiki/Special:FilePath/Sanin%20history%20of%20museum01s4592.jpg,35.4292500,133.3303330,Q11471126
3942,米子市美術館,鳥取縣,美術館,4.0,100,美術館,Tottori Station,81.4,0.70,0.8000,1.0000,0.0579,0.7658,http://commons.wikimedia.org/wiki/Special:FilePath/Yonago%20City%20Museum%20of%20Art02nt3200.jpg,35.4287000,133.3310000,Q6355904
113,加悦鉄道資料館,京都府,鐵路博物館,4.0,100,鐵路博物館,Kyoto Station,83.4,0.70,0.8000,1.0000,0.0566,0.7657,http://commons.wikimedia.org/wiki/Special:FilePath/Kaya%20Railway%20Museum%20ac.jpg,35.5040833,135.0947500,Q76445246
169,与謝野町立古墳公園はにわ資料館,京都府,博物館,4.0,100,博物館,Kyoto Station,82.9,0.70,0.8000,1.0000,0.0569,0.7657,,35.5064470,135.1046580,Q104721110
373,佐用の大イチョウ,兵庫縣,巨樹,4.0,100,巨樹,Kobe Station,82.8,0.70,0.8000,1.0000,0.0569,0.7657,http://commons.wikimedia.org/wiki/Special:FilePath/Ginkgo%20tree%20at%20Sayo%20200103.jpg,35.0054722,134.3623056,Q111817882
382,おじの大和ミュージアム,兵庫縣,海軍博物館,4.0,100,海軍博物館,Kobe Station,83.4,0.70,0.8000,1.0000,0.0566,0.7657,,35.3084722,134.6801667,Q108070220
568,蘭越町貝の館,北海道,動物学博物館,4.0,100,動物学博物館,Sapporo Station,82.5,0.70,0.8000,1.0000,0.0572,0.7657,http://commons.wikimedia.org/wiki/Special:FilePath/Shell%20fish%20museum%20of%20Rankoshi.JPG,42.8806667,140.3700278,Q17212946
670,史跡 北黄金貝塚情報センター,北海道,博物館,4.0,100,博物館,Sapporo Station,82.4,0.70,0.8000,1.0000,0.0572,0.7657,http://commons.wikimedia.org/wiki/Special:FilePath/%E5%8C%97%E9%BB%84%E9%87%91%E8%B2%9D%E5%A1%9A%E6%83%85%E5%A0%B1%E3%82%BB%E3%83%B3%E3%82%BF%E3%83%BC.jpg,42.4024730,140.9100650,Q104236548
1146,気仙沼市大谷鉱山歴史資料館,宮城縣,礦業博物館,4.0,100,礦業博物館,Sendai Station,83.4,0.70,0.8000,1.0000,0.0566,0.7657,http://commons.wikimedia.org/wiki/Special:FilePath/Oya%20Gold%20Mine%20Historical%20Museum.jpg,38.8146670,141.5273610,Q11548030
1602,MIBOROダムサイドパーク 御母衣電力館・荘川桜記念館,岐阜縣,エネルギー博物館,4.0,100,エネルギー博物館,Gifu Station,83.0,0.70,0.8000,1.0000,0.0568,0.7657,,36.1451667,136.9085000,Q112622790
1835,福山自動車時計博物館,廣島縣,時計博物館,4.0,100,時計博物館,Hiroshima Station,82.2,0.70,0.8000,1.0000,0.0574,0.7657,http://commons.wikimedia.org/wiki/Special:FilePath/Fukuyama%20Auto%20%26%20Clock%20Museum%2020120526-1.JPG,34.4978250,133.3631110,Q11592098
1857,いろは丸展示館,廣島縣,海事博物館,4.0,100,海事博物館,Hiroshima Station,83.1,0.70,0.8000,1.0000,0.0568,0.7657,http://commons.wikimedia.org/wiki/Special:FilePath/Irohamaru%20tenjikan03b4592.jpg,34.3826390,133.3807220,Q11260091
1860,中川美术馆,廣島縣,美術館,4.0,100,美術館,Hiroshima Station,82.0,0.70,0.8000,1.0000,0.0575,0.7657,http://commons.wikimedia.org/wiki/Special:FilePath/Nakagawa%20mu.JPG,34.3981920,133.3686190,Q11364934
1871,法宣寺の天蓋マツ,廣島縣,松樹,4.0,100,松樹,Hiroshima Station,83.0,0.70,0.8000,1.0000,0.0568,0.7657,http://commons.wikimedia.org/wiki/Special:FilePath/Houseji%20no%20Tengai-matsu%2C%20%E6%B3%95%E5%AE%A3%E5%AF%BA%E3%81%AE%E5%A4%A9%E8%93%8B%E3%83%9E%E3%83%84%20Pine%20tree%20forming%20a%20canopy%20in%20Hosen-ji%20temple.jpg,34.3850780,133.3795030,Q17230203
1882,ホロコースト記念館,廣島縣,ホロコースト記念館,4.0,100,ホロコースト記念館,Hiroshima Station,82.1,0.70,0.8000,1.0000,0.0574,0.7657,http://commons.wikimedia.org/wiki/Special:FilePath/Holocaust%20Education%20Center%20in%20Fukuyama%20Hiroshima%2001.jpg,34.5208330,133.3576670,Q11338087
1887,鞆の浦歴史民俗資料館,廣島縣,民俗博物館,4.0,100,民俗博物館,Hiroshima Station,83.2,0.70,0.8000,1.0000,0.0567,0.7657,http://commons.wikimedia.org/wiki/Special:FilePath/Tomonoura%20rekishiminzoku%20shiryokan01s2040.jpg,34.3842810,133.3817470,Q11663862
2014,霧の森茶フェミュージアム,愛媛縣,茶博物館,4.0,100,茶博物館,Matsuyama Station,82.7,0.70,0.8000,1.0000,0.0570,0.7657,,33.9245820,133.6410650,Q123536897
2809,伊是名村ふれあい民俗館,沖繩縣,民俗博物館,4.0,100,民俗博物館,Naha Bus Terminal,83.2,0.70,0.8000,1.0000,0.0567,0.7657,http://commons.wikimedia.org/wiki/Special:FilePath/Izenamuse.jpg,26.9227400,127.9409370,Q132156661
101,京都府立丹後郷土資料館,京都府,建築物,4.0,100,建築物,Kyoto Station,84.5,0.70,0.8000,1.0000,0.0559,0.7656,http://commons.wikimedia.org/wiki/Special:FilePath/Kyoto%20Prefectural%20Tango%20Folk%20Museum%EF%BC%93.jpg,35.5797222,135.1785556,Q104721140
161,夜久野町化石・郷土資料館,京都府,博物館,4.0,100,博物館,Kyoto Station,84.9,0.70,0.8000,1.0000,0.0556,0.7656,http://commons.wikimedia.org/wiki/Special:FilePath/%E5%A4%9C%E4%B9%85%E9%87%8E%E7%94%BA%E5%8C%96%E7%9F%B3%E3%83%BB%E9%83%B7%E5%9C%9F%E8%B3%87%E6%96%99%E9%A4%A8.jpg,35.3383333,134.9297500,Q131352233
359,糸井の大カツラ,兵庫縣,巨樹,4.0,100,巨樹,Kobe Station,84.7,0.70,0.8000,1.0000,0.0557,0.7656,http://commons.wikimedia.org/wiki/Special:FilePath/Itoi-no-Okatsura%20L.jpg,35.4117222,134.9207778,Q56605236
499,星の降る里百年記念館,北海道,地方文化館,4.0,100,地方文化館,Sapporo Station,84.8,0.70,0.8000,1.0000,0.0557,0.7656,http://commons.wikimedia.org/wiki/Special:FilePath/Hoshi%20no%20furu%20Hyakunen%20Museum.jpg,43.5259180,142.1889360,Q104238072
555,室蘭市民俗資料館,北海道,市立博物館,4.0,100,市立博物館,Sapporo Station,84.4,0.70,0.8000,1.0000,0.0559,0.7656,,42.3689290,140.9509800,Q123126930
1355,土門拳記念館,山形縣,人物紀念館,4.0,100,人物紀念館,Yamagata Station,83.8,0.70,0.8000,1.0000,0.0563,0.7656,http://commons.wikimedia.org/wiki/Special:FilePath/Ken%20Domon%20Museum%20of%20Photography%2C%2022%20September%202009%2C%20002.jpg,38.8912990,139.8237160,Q3539675
1371,酒田市美術館,山形縣,美術館,4.0,100,美術館,Yamagata Station,84.3,0.70,0.8000,1.0000,0.0560,0.7656,http://commons.wikimedia.org/wiki/Special:FilePath/Sakata-city%20Art.JPG,38.8930556,139.8158333,Q22118833
1697,一関市博物館,岩手縣,市立博物館,4.0,100,市立博物館,Morioka Station,84.3,0.70,0.8000,1.0000,0.0560,0.7656,http://commons.wikimedia.org/wiki/Special:FilePath/230727%20Ichinoseki%20City%20Museum%20Ichinoseki%20Iwate%20pref%20Japan02s3.jpg,38.9465560,141.0517500,Q11353256
1817,邑南町鄉土館,島根縣,地方文化館,4.0,100,地方文化館,Matsue Station,84.2,0.70,0.8000,1.0000,0.0560,0.7656,,34.8506390,132.5195650,Q132420850
1832,瑞穂ハンザケ自然館,島根縣,自然歷史博物館,4.0,100,自然歷史博物館,Matsue Station,84.5,0.70,0.8000,1.0000,0.0559,0.7656,,34.8498790,132.5167880,Q132420839
3733,豊田佐吉記念館,靜岡縣,人物紀念館,4.0,100,人物紀念館,Shizuoka Station,83.8,0.70,0.8000,1.0000,0.0563,0.7656,http://commons.wikimedia.org/wiki/Special:FilePath/Toyota%20Sakichi%20Birthplace.JPG,34.7103778,137.5278611,Q38266991
659,妹背牛町郷土館,北海道,博物館,4.0,100,博物館,Sapporo Station,85.7,0.70,0.8000,1.0000,0.0551,0.7655,,43.6963850,141.9656160,Q132552414
1296,星野哲郎記念館,山口縣,人物紀念館,4.0,100,人物紀念館,Yamaguchi Station,85.8,0.70,0.8000,1.0000,0.0550,0.7655,http://commons.wikimedia.org/wiki/Special:FilePath/%E6%98%9F%E9%87%8E%E5%93%B2%E9%83%8E%E8%A8%98%E5%BF%B5%E9%A4%A8%20%E5%85%A5%E5%8F%A3.JPG,33.9080830,132.3550280,Q11513103
1358,本間美術館,山形縣,美術館,4.0,100,美術館,Yamagata Station,86.0,0.70,0.8000,1.0000,0.0549,0.7655,http://commons.wikimedia.org/wiki/Special:FilePath/Homma%20Museum%20of%20Art.jpg,38.9234020,139.8421070,Q11521018
1365,相馬樓,山形縣,料亭,4.0,100,料亭,Yamagata Station,86.0,0.70,0.8000,1.0000,0.0549,0.7655,http://commons.wikimedia.org/wiki/Special:FilePath/Soma-Ro%20180421.jpg,38.9194167,139.8332778,Q48755105
1379,酒田市立資料館,山形縣,市立博物館,4.0,100,市立博物館,Yamagata Station,85.3,0.70,0.8000,1.0000,0.0554,0.7655,http://commons.wikimedia.org/wiki/Special:FilePath/Sakata%20City%20Museum%201.jpg,38.9152444,139.8417028,Q28693175
1567,飛騨位山文化交流館,岐阜縣,圖書館,4.0,100,圖書館,Gifu Station,86.7,0.70,0.8000,1.0000,0.0545,0.7655,http://commons.wikimedia.org/wiki/Special:FilePath/Takayama%20City%20Library%20Ichinomiya%20Branch%20calil.jpg,36.0829610,137.2386100,Q133264896
2261,新潟県立こども自然王国,新潟縣,主題樂園,4.0,100,主題樂園,Niigata Station,86.7,0.70,0.8000,1.0000,0.0546,0.7655,,37.2108333,138.6330556,Q63170507
3131,若狹高濱ELDOLAND,福井縣,科學博物館,4.0,100,科學博物館,Fukui Station,85.6,0.70,0.8000,1.0000,0.0552,0.7655,http://commons.wikimedia.org/wiki/Special:FilePath/Wakasa-Takahama%20Eldoland.jpg,35.4899170,135.5893330,Q11616614
3157,若州一滴文庫,福井縣,文學館,4.0,100,文學館,Fukui Station,86.6,0.70,0.8000,1.0000,0.0546,0.7655,http://commons.wikimedia.org/wiki/Special:FilePath/150725%20Jakushu%20Itteki-bunko%20Ooi%20Fukui%20pref%20Japan01s3.jpg,35.4646389,135.6073889,Q21015404
3307,いわき回廊美術館,福島縣,美術館,4.0,100,美術館,Fukushima Station,86.5,0.70,0.8000,1.0000,0.0546,0.7655,,37.0704440,140.9273610,Q17193670
3343,小坂町総合博物館郷土館,秋田縣,地方文化館,4.0,100,地方文化館,Akita Station,85.2,0.70,0.8000,1.0000,0.0554,0.7655,http://commons.wikimedia.org/wiki/Special:FilePath/Kosaka%20Museum%20Kyodokan.jpg,40.3238610,140.7409440,Q11459440
3613,井戸尻考古館,長野縣,考古博物館,4.0,100,考古博物館,Nagano Station,85.4,0.70,0.8000,1.0000,0.0553,0.7655,,35.8779740,138.2769560,Q132830167
3679,はごろも自然遊園地,青森縣,主題樂園,4.0,100,主題樂園,Aomori Station,85.9,0.70,0.8000,1.0000,0.0550,0.7655,,40.4765000,141.6415278,Q11275410
509,市立室蘭水族館,北海道,水族館,4.0,100,水族館,Sapporo Station,87.6,0.70,0.8000,1.0000,0.0540,0.7654,http://commons.wikimedia.org/wiki/Special:FilePath/Muroran%20Aquarium%2840848993613%29.jpg,42.3397500,140.9437500,Q11480658
1698,陸前高田市立博物館,岩手縣,市立博物館,4.0,100,市立博物館,Morioka Station,87.2,0.70,0.8000,1.0000,0.0542,0.7654,http://commons.wikimedia.org/wiki/Special:FilePath/Rikuzentakata%20City%20Museum.jpg,39.0155560,141.6280560,Q117068227
1720,東日本大震災海嘯傳承館,岩手縣,海嘯博物館,4.0,100,海嘯博物館,Morioka Station,88.0,0.70,0.8000,1.0000,0.0538,0.7654,http://commons.wikimedia.org/wiki/Special:FilePath/Michinoeki%20Takatamatsubara%20and%20Iwate%20Tsunami%20Memorial%20Museum.jpg,39.0073611,141.6271389,Q109254635
1756,今井美術館,島根縣,美術館,4.0,100,美術館,Matsue Station,87.1,0.70,0.8000,1.0000,0.0543,0.7654,,34.9546040,132.3349750,Q132396679
3287,いわき市立美術館,福島縣,美術館,4.0,100,美術館,Fukushima Station,86.8,0.70,0.8000,1.0000,0.0544,0.7654,http://commons.wikimedia.org/wiki/Special:FilePath/Iwaki%20City%20Art%20Museum.jpg,37.0518060,140.8895560,Q11260168
3910,山陰伯耆国米子アジア博物館,鳥取縣,アジア美術館,4.0,100,アジア美術館,Tottori Station,86.9,0.70,0.8000,1.0000,0.0544,0.7654,,35.4949320,133.2657190,Q130808021
276,絲綢溫泉,兵庫縣,温泉镇,4.0,100,温泉镇,Kobe Station,88.7,0.70,0.8000,1.0000,0.0534,0.7653,,35.4580280,134.9661670,Q11308360
457,DENZAI環境科学館,北海道,科學博物館,4.0,100,科學博物館,Sapporo Station,89.5,0.70,0.8000,1.0000,0.0529,0.7653,,42.3133900,140.9739160,Q123126971
465,室蘭市青少年科学館,北海道,科學博物館,4.0,100,科學博物館,Sapporo Station,89.4,0.70,0.8000,1.0000,0.0530,0.7653,http://commons.wikimedia.org/wiki/Special:FilePath/%E5%AE%A4%E8%98%AD%E5%B8%82%E9%9D%92%E5%B0%91%E5%B9%B4%E7%A7%91%E5%AD%A6%E9%A4%A8.jpg,42.3141670,140.9736390,Q11453087
638,北の国から資料館,北海道,博物館,4.0,100,博物館,Sapporo Station,89.8,0.70,0.8000,1.0000,0.0528,0.7653,http://commons.wikimedia.org/wiki/Special:FilePath/Kitanokunikara%20Museum%2001.JPG,43.3488610,142.3895280,Q11400781
667,増毛町総合交流促進施設元陣屋,北海道,博物館,4.0,100,博物館,Sapporo Station,88.6,0.70,0.8000,1.0000,0.0534,0.7653,,43.8553110,141.5228430,Q104236175
810,周參見町立蝦和蟹之水族館,和歌山縣,水族館,4.0,100,水族館,Wakayama Station,88.8,0.70,0.8000,1.0000,0.0533,0.7653,,33.5045560,135.5888060,Q17219170
822,熊野那智大社宝物殿,和歌山縣,宝物館,4.0,100,宝物館,Wakayama Station,89.9,0.70,0.8000,1.0000,0.0527,0.7653,http://commons.wikimedia.org/wiki/Special:FilePath/Kumano-Nachi-shrine003.JPG,33.6684490,135.8902210,Q133288792
1131,気仙沼市東日本大震災遺構・伝承館,宮城縣,旧学校施設,4.0,100,旧学校施設,Sendai Station,88.5,0.70,0.8000,1.0000,0.0535,0.7653,http://commons.wikimedia.org/wiki/Special:FilePath/Ruins%20of%20the%20Great%20East%20Japan%20Earthquake%20Kesennuma%20City%20Memorial%20Museum.jpg,38.8312500,141.5909722,Q105944997
1166,リアス・アーク美術館,宮城縣,美術館,4.0,100,美術館,Sendai Station,90.2,0.70,0.8000,1.0000,0.0525,0.7653,http://commons.wikimedia.org/wiki/Special:FilePath/Riasu%20ark%20museum.jpg,38.8810278,141.5501111,Q61398113
1751,せんまや街角資料館,岩手縣,博物館,4.0,100,博物館,Morioka Station,88.5,0.70,0.8000,1.0000,0.0535,0.7653,http://commons.wikimedia.org/wiki/Special:FilePath/Senmaya%20Museume%2CIchinoseki%2CIwate.jpg,38.9203056,141.3318333,Q56822933
1757,大元神樂傳承館,島根縣,博物館,4.0,100,博物館,Matsue Station,89.3,0.70,0.8000,1.0000,0.0530,0.7653,,34.9400230,132.3185510,Q132396774
2239,越後妻有里山現代美術館MonET,新潟縣,現代美術館,4.0,100,現代美術館,Niigata Station,90.0,0.70,0.8000,1.0000,0.0526,0.7653,http://commons.wikimedia.org/wiki/Special:FilePath/Echigo-Tsumari%20Satoyama%20Museum%20of%20Contemporary%20Art%20KINARE.JPG,37.1388889,138.7602778,Q28686072
2282,十日町市博物館,新潟縣,市立博物館,4.0,100,市立博物館,Niigata Station,89.9,0.70,0.8000,1.0000,0.0527,0.7653,http://commons.wikimedia.org/wiki/Special:FilePath/Tokamachi%20City%20Museum.JPG,37.1408333,138.7558333,Q15867362
3278,いわき市石炭・化石館,福島縣,礦業博物館,4.0,100,礦業博物館,Fukushima Station,89.3,0.70,0.8000,1.0000,0.0530,0.7653,http://commons.wikimedia.org/wiki/Special:FilePath/%E3%81%84%E3%82%8F%E3%81%8D%E5%B8%82%E7%9F%B3%E7%82%AD%E5%8C%96%E7%9F%B3%E9%A4%A8.JPG,37.0125000,140.8483333,Q11260157
3284,玉梨温泉,福島縣,温泉镇,4.0,100,温泉镇,Fukushima Station,88.7,0.70,0.8000,1.0000,0.0534,0.7653,,37.4215833,139.5446389,Q108070085
3297,いわき市考古資料館,福島縣,考古博物館,4.0,100,考古博物館,Fukushima Station,90.2,0.70,0.8000,1.0000,0.0525,0.7653,http://commons.wikimedia.org/wiki/Special:FilePath/Iwaki%20City%20Archaeological%20Museum.JPG,36.9968610,140.8253890,Q4981824
3936,海とくらしの史料館,鳥取縣,博物館,4.0,100,博物館,Tottori Station,89.2,0.70,0.8000,1.0000,0.0531,0.7653,http://commons.wikimedia.org/wiki/Special:FilePath/Umitokurashinoshiryoukan.jpg,35.5470830,133.2418890,Q17227783
214,伊藤清永記念館,兵庫縣,人物紀念館,4.0,100,人物紀念館,Kobe Station,91.3,0.70,0.8000,1.0000,0.0519,0.7652,http://commons.wikimedia.org/wiki/Special:FilePath/Ito%20kiyonaga%20memorial%20museum%20of%20art01st3200.jpg,35.4618330,134.8728610,Q11380269
259,豐岡市立出石家老屋敷,兵庫縣,武家地,4.0,100,武家地,Kobe Station,91.3,0.70,0.8000,1.0000,0.0519,0.7652,http://commons.wikimedia.org/wiki/Special:FilePath/Izushi%20Karo%20Yashiki04n4592.jpg,35.4618330,134.8728610,Q11633437
289,豐岡市立出石史料館,兵庫縣,历史房屋博物馆,4.0,100,历史房屋博物馆,Kobe Station,91.4,0.70,0.8000,1.0000,0.0518,0.7652,http://commons.wikimedia.org/wiki/Special:FilePath/221028%20Izushi%20Museum%20Toyooka%20Hyogo%20pref%20Japan01s3.jpg,35.4636940,134.8753060,Q11633436
328,山田風太郎紀念館,兵庫縣,人物紀念館,4.0,100,人物紀念館,Kobe Station,91.5,0.70,0.8000,1.0000,0.0518,0.7652,http://commons.wikimedia.org/wiki/Special:FilePath/Futaro%20Yamada%20Museum-b.jpg,35.3763060,134.6439170,Q11470745
366,日本・蒙古民族博物館,兵庫縣,民族誌学博物館,4.0,100,民族誌学博物館,Kobe Station,91.9,0.70,0.8000,1.0000,0.0516,0.7652,http://commons.wikimedia.org/wiki/Special:FilePath/Japan%20Mongolia%20Folk%20Museum%20ac%20%285%29.jpg,35.4925560,134.9946390,Q11507072
397,明治館 (豐岡市),兵庫縣,博物館,4.0,100,博物館,Kobe Station,91.2,0.70,0.8000,1.0000,0.0520,0.7652,http://commons.wikimedia.org/wiki/Special:FilePath/Izushi%20Meiji-Kan%202021-02%20ac.jpg,35.4621667,134.8769444,Q11512415
431,アートホール東洲館,北海道,美術館,4.0,100,美術館,Sapporo Station,91.6,0.70,0.8000,1.0000,0.0518,0.7652,,43.7211667,142.0425278,Q11285668
516,カナディアンワールド公園,北海道,公園,4.0,100,公園,Sapporo Station,90.7,0.70,0.8000,1.0000,0.0523,0.7652,http://commons.wikimedia.org/wiki/Special:FilePath/CanadianWorldPark.jpg,43.5661111,142.2391667,Q11294440
591,日高山脈博物館,北海道,地質学博物館,4.0,100,地質学博物館,Sapporo Station,91.3,0.70,0.8000,1.0000,0.0519,0.7652,http://commons.wikimedia.org/wiki/Special:FilePath/Hidaka%20Mountains%20Museum%20in%20Hidaka%2C%20Hokkaido%2C%20Japan.jpg,42.8771120,142.4422770,Q11510809
798,佐藤春夫纪念馆,和歌山縣,历史房屋博物馆,4.0,100,历史房屋博物馆,Wakayama Station,91.9,0.70,0.8000,1.0000,0.0516,0.7652,http://commons.wikimedia.org/wiki/Special:FilePath/Sato%20Haruo%20Memorial%20Museum03s1800.jpg,33.7318610,135.9846330,Q11384093
806,熊野速玉神社のナギ,和歌山縣,神木,4.0,100,神木,Wakayama Station,91.9,0.70,0.8000,1.0000,0.0516,0.7652,http://commons.wikimedia.org/wiki/Special:FilePath/Sacred%20Nagi%20Tree%20of%20Kumano%20Hayatama%20Taisha%20%281%29.jpg,33.7316670,135.9839720,Q7397301
1210,天岩戸神社徴古館,宮崎縣,宝物館,4.0,100,宝物館,Miyazaki Station,91.3,0.70,0.8000,1.0000,0.0519,0.7652,,32.7342000,131.3496670,Q133297566
1280,陸奥記念館,山口縣,海軍博物館,4.0,100,海軍博物館,Yamaguchi Station,91.6,0.70,0.8000,1.0000,0.0518,0.7652,http://commons.wikimedia.org/wiki/Special:FilePath/MUTSU%20SHUBYOU.JPG,33.9506389,132.4375000,Q11658604
1322,なぎさ水族館,山口縣,水族館,4.0,100,水族館,Yamaguchi Station,91.6,0.70,0.8000,1.0000,0.0518,0.7652,http://commons.wikimedia.org/wiki/Special:FilePath/NagisaAquarium.jpg,33.9512500,132.4379167,Q48752477
1488,茶の湯美術館,岐阜縣,美術館,4.0,100,美術館,Gifu Station,90.8,0.70,0.8000,1.0000,0.0522,0.7652,http://commons.wikimedia.org/wiki/Special:FilePath/Takayama%20chanoyu%20museum.jpg,36.1208889,137.2496944,Q57312937
1513,飛驒民俗村,岐阜縣,民俗博物館,4.0,100,民俗博物館,Gifu Station,91.3,0.70,0.8000,1.0000,0.0519,0.7652,http://commons.wikimedia.org/wiki/Special:FilePath/JP-Takayama-hida-no-sato-2.jpg,36.1322472,137.2344389,Q5751493
1535,飛騨高山美術館,岐阜縣,美術館,4.0,100,美術館,Gifu Station,92.0,0.70,0.8000,1.0000,0.0516,0.7652,http://commons.wikimedia.org/wiki/Special:FilePath/Hida%20Takayama%20Museum%20of%20Art.JPG,36.1369610,137.2407530,Q11665929
1564,ミュージアム飛騨,岐阜縣,博物館,4.0,100,博物館,Gifu Station,91.0,0.70,0.8000,1.0000,0.0521,0.7652,http://commons.wikimedia.org/wiki/Special:FilePath/%E3%83%9F%E3%83%A5%E3%83%BC%E3%82%B8%E3%82%A2%E3%83%A0%E9%A3%9B%E9%A8%A8.jpg,36.1205720,137.2541360,Q11471429
2917,海洋漁業科學館,石川縣,科學博物館,4.0,100,科學博物館,Kanazawa Station,91.5,0.70,0.8000,1.0000,0.0518,0.7652,,37.2968060,137.1485830,Q11559002
3261,スパリゾートハワイアンズ,福島縣,水上遊樂園,4.0,100,水上遊樂園,Fukushima Station,90.3,0.70,0.8000,1.0000,0.0525,0.7652,http://commons.wikimedia.org/wiki/Special:FilePath/Spa%20Resort%20Hawaiians%20appearance.Jan.2014.JPG,36.9936340,140.8165200,Q7572157
3573,信州高遠美術館,長野縣,美術館,4.0,100,美術館,Nagano Station,91.0,0.70,0.8000,1.0000,0.0521,0.7652,http://commons.wikimedia.org/wiki/Special:FilePath/Takato%20Ina%20Takato%20Museum%20of%20Art-a.JPG,35.8313056,138.0627222,Q28328237
3636,伊那市立高遠町歴史博物館,長野縣,歷史博物館,4.0,100,歷史博物館,Nagano Station,91.1,0.70,0.8000,1.0000,0.0520,0.7652,http://commons.wikimedia.org/wiki/Special:FilePath/Municipal%20Takatomachi%20Historical%20Museum.jpg,35.8301940,138.0641670,Q28692222
3661,上伊那郷土館,長野縣,博物館,4.0,100,博物館,Nagano Station,91.8,0.70,0.8000,1.0000,0.0516,0.7652,,35.8388000,137.9563000,Q105085751
3672,伊那市創造館,長野縣,博物館,4.0,100,博物館,Nagano Station,91.8,0.70,0.8000,1.0000,0.0516,0.7652,,35.8387219,137.9565831,Q105086419
3907,日南町美術館,鳥取縣,美術館,4.0,100,美術館,Tottori Station,91.1,0.70,0.8000,1.0000,0.0520,0.7652,,35.1639110,133.3065390,Q132452201
38,熊野石蔵美術館,三重縣,美術館,4.0,100,美術館,Tsu Station,93.8,0.70,0.8000,1.0000,0.0506,0.7651,,33.9848060,136.0411940,Q11568938
809,西村伊作記念館,和歌山縣,历史房屋博物馆,4.0,100,历史房屋博物馆,Wakayama Station,92.8,0.70,0.8000,1.0000,0.0511,0.7651,http://commons.wikimedia.org/wiki/Special:FilePath/Former%20Nishimura%20House%202021-10%20ac%20%281%29.jpg,33.7278610,135.9926390,Q11628672
1133,武山米店炊飯博物館,宮城縣,公司博物館,4.0,100,公司博物館,Sendai Station,93.7,0.70,0.8000,1.0000,0.0507,0.7651,http://commons.wikimedia.org/wiki/Special:FilePath/Takeyama%20Rice%20Museum.jpg,38.9069444,141.5727778,Q59760131
1155,冰水族馆,宮城縣,水族館,4.0,100,水族館,Sendai Station,93.5,0.70,0.8000,1.0000,0.0508,0.7651,http://commons.wikimedia.org/wiki/Special:FilePath/Kesennuma%20uminoiti.jpg,38.9001000,141.5800000,Q7741262
1191,鲨鱼博物馆,宮城縣,博物館,4.0,100,博物館,Sendai Station,93.5,0.70,0.8000,1.0000,0.0508,0.7651,http://commons.wikimedia.org/wiki/Special:FilePath/Kesennuma%20uminoiti.jpg,38.9008362,141.5793556,Q61058058
1459,藤井美術民芸館,岐阜縣,民俗博物館,4.0,100,民俗博物館,Gifu Station,93.4,0.70,0.8000,1.0000,0.0508,0.7651,http://commons.wikimedia.org/wiki/Special:FilePath/Fujii%20Bijutsu%20Mingei-kan02ds3200.jpg,36.1428190,137.2592060,Q11622863
1473,日下部民藝館,岐阜縣,历史房屋博物馆,4.0,100,历史房屋博物馆,Gifu Station,93.7,0.70,0.8000,1.0000,0.0507,0.7651,http://commons.wikimedia.org/wiki/Special:FilePath/Maison%20Kusakabe-02.jpg,36.1464350,137.2584590,Q111218301
1494,高山市風土記の丘学習センター,岐阜縣,埋藏文化財中心,4.0,100,埋藏文化財中心,Gifu Station,93.6,0.70,0.8000,1.0000,0.0507,0.7651,,36.1606111,137.2226667,Q120636023
1504,飛驒國分寺大銀杏樹,岐阜縣,巨樹,4.0,100,巨樹,Gifu Station,93.2,0.70,0.8000,1.0000,0.0509,0.7651,http://commons.wikimedia.org/wiki/Special:FilePath/%E9%A3%9B%E9%A8%A8%E5%9B%BD%E5%88%86%E5%AF%BA%20%E5%A4%A7%E9%8A%80%E6%9D%8F.01.JPG,36.1433060,137.2538330,Q17224631
1539,飛騨高山まちの博物館,岐阜縣,地方文化館,4.0,100,地方文化館,Gifu Station,93.4,0.70,0.8000,1.0000,0.0508,0.7651,http://commons.wikimedia.org/wiki/Special:FilePath/260124%20Takayama%20Museum%20of%20History%20and%20Art%20Takayama%20Gifu%20pref%20Japan01s3.jpg,36.1422080,137.2613750,Q11665924
1563,光ミュージアム,岐阜縣,博物館,4.0,100,博物館,Gifu Station,93.6,0.70,0.8000,1.0000,0.0507,0.7651,http://commons.wikimedia.org/wiki/Special:FilePath/Hikari%20museum.jpg,36.1559722,137.2342778,Q5760427
1573,高山市政記念館,岐阜縣,博物館,4.0,100,博物館,Gifu Station,93.1,0.70,0.8000,1.0000,0.0510,0.7651,http://commons.wikimedia.org/wiki/Special:FilePath/Takayama%20City%20Memorial%20Hall01st3200.jpg,36.1398390,137.2599610,Q11669357
1604,高山祭屋台会館,岐阜縣,山車会館,4.0,100,山車会館,Gifu Station,93.9,0.70,0.8000,1.0000,0.0505,0.7651,http://commons.wikimedia.org/wiki/Special:FilePath/Takayama%20Festival%20Float%20Exhibition%20Hall%20%2C%20%E9%AB%98%E5%B1%B1%E7%A5%AD%E5%B1%8B%E5%8F%B0%E4%BC%9A%E9%A4%A8%20-%20panoramio.jpg,36.1483850,137.2601081,Q123476040
1791,隱岐鄉土館,島根縣,地方文化館,4.0,100,地方文化館,Matsue Station,92.3,0.70,0.8000,1.0000,0.0514,0.7651,http://commons.wikimedia.org/wiki/Special:FilePath/Oki%20Kyodo-kan.jpg,36.2799960,133.2499560,Q24868915
2273,米西拉藝術館,新潟縣,美術館,4.0,100,美術館,Niigata Station,92.1,0.70,0.8000,1.0000,0.0515,0.7651,,37.1094167,138.8043611,Q11342307
2744,大石林山,沖繩縣,觀光景點,4.0,100,觀光景點,Naha Bus Terminal,92.2,0.70,0.8000,1.0000,0.0514,0.7651,http://commons.wikimedia.org/wiki/Special:FilePath/Daisekirinzan.jpg,26.8619444,128.2551389,Q55434454
2757,久米島博物館,沖繩縣,博物館,4.0,100,博物館,Naha Bus Terminal,92.4,0.70,0.8000,1.0000,0.0513,0.7651,,26.3416430,126.7637780,Q28154171
2924,石川縣輪島漆藝美術館,石川縣,美術館,4.0,100,美術館,Kanazawa Station,92.8,0.70,0.8000,1.0000,0.0511,0.7651,http://commons.wikimedia.org/wiki/Special:FilePath/%E7%9F%B3%E5%B7%9D%E7%9C%8C%E8%BC%AA%E5%B3%B6%E6%BC%86%E8%8A%B8%E7%BE%8E%E8%A1%93%E9%A4%A8%E5%A4%96%E8%A6%B3.jpg,37.3898610,136.8920830,Q11586047
2944,輪島塗会館,石川縣,工藝博物館,4.0,100,工藝博物館,Kanazawa Station,93.5,0.70,0.8000,1.0000,0.0508,0.7651,http://commons.wikimedia.org/wiki/Special:FilePath/Wajima-nuri%20Kaikan%20ac.jpg,37.3940930,136.9001720,Q104709114
2978,輪島キリコ会館,石川縣,山車会館,4.0,100,山車会館,Kanazawa Station,93.9,0.70,0.8000,1.0000,0.0505,0.7651,http://commons.wikimedia.org/wiki/Special:FilePath/Wajima%20Kiriko%20Art%20Museum%20ac%20%283%29.jpg,37.3970620,136.9076550,Q113163171
3265,いわき市暮らしの伝承郷,福島縣,民俗博物館,4.0,100,民俗博物館,Fukushima Station,92.2,0.70,0.8000,1.0000,0.0515,0.7651,http://commons.wikimedia.org/wiki/Special:FilePath/Iwaki%20city%20Kurashi-no-denshogo.JPG,37.0083610,140.9150000,Q11260150
3323,奥会津博物館,福島縣,博物館,4.0,100,博物館,Fukushima Station,94.0,0.70,0.8000,1.0000,0.0505,0.7651,http://commons.wikimedia.org/wiki/Special:FilePath/Old%20Otake-ke%20house.JPG,37.1461110,139.7202780,Q11445606
164,丹後震災記念館,京都府,博物館,4.0,100,博物館,Kyoto Station,95.6,0.70,0.8000,1.0000,0.0497,0.7650,http://commons.wikimedia.org/wiki/Special:FilePath/%E4%B8%B9%E5%BE%8C%E9%9C%87%E7%81%BD%E8%A8%98%E5%BF%B5%E9%A4%A8%20ac.jpg,35.6258056,135.0561111,Q48757439
282,但馬國府、國分寺館,兵庫縣,考古博物館,4.0,100,考古博物館,Kobe Station,95.5,0.70,0.8000,1.0000,0.0498,0.7650,http://commons.wikimedia.org/wiki/Special:FilePath/TajimaKokufu%20and%20Kokubunji-Kan.jpg,35.4697220,134.7674720,Q11381627
330,植村直己冒險館,兵庫縣,人物紀念館,4.0,100,人物紀念館,Kobe Station,95.9,0.70,0.8000,1.0000,0.0495,0.7650,http://commons.wikimedia.org/wiki/Special:FilePath/130914%20Uemura%20Naomi%20Memorial%20Museum%20Toyooka%20Hyogo%20pref%20Japan01s3.jpg,35.4613890,134.7321670,Q11540592
2229,鉢&田島征三・絵本と木の実の美術館,新潟縣,美術館,4.0,100,美術館,Niigata Station,94.7,0.70,0.8000,1.0000,0.0502,0.7650,http://commons.wikimedia.org/wiki/Special:FilePath/Hachi%20%26%20Seizo%20Tashima%20Museum%20of%20Picture%20Book%20Art.jpg,37.1125000,138.6936111,Q28686116
2243,まつだい「農舞台」,新潟縣,美術館,4.0,100,美術館,Niigata Station,95.3,0.70,0.8000,1.0000,0.0498,0.7650,http://commons.wikimedia.org/wiki/Special:FilePath/Matsudai%20Nohbutai.jpg,37.1316667,138.6150000,Q28686074
3518,五島觀光歴史資料館,長崎縣,博物館,4.0,100,博物館,Nagasaki Station,96.0,0.70,0.8000,1.0000,0.0495,0.7650,http://commons.wikimedia.org/wiki/Special:FilePath/Gotoh%20tourism-history-museum-20150427.png,32.6939530,128.8468940,Q11372346
1797,久見竹島歴史館,島根縣,歷史博物館,4.0,100,歷史博物館,Matsue Station,96.5,0.70,0.8000,1.0000,0.0493,0.7649,,36.3211030,133.2312560,Q132196874
2778,伊平屋村歴史民俗資料館,沖繩縣,地方文化館,4.0,100,地方文化館,Naha Bus Terminal,96.2,0.70,0.8000,1.0000,0.0494,0.7649,,27.0379440,127.9681220,Q132156591
3310,絵本美術館「まどのそとのそのまたむこう」,福島縣,繪本博物館,4.0,100,繪本博物館,Fukushima Station,97.7,0.70,0.8000,1.0000,0.0487,0.7649,,36.9737222,140.9664167,Q7191151
3473,堂崎天主堂,長崎縣,キリスト教博物館,4.0,100,キリスト教博物館,Nagasaki Station,96.6,0.70,0.8000,1.0000,0.0492,0.7649,http://commons.wikimedia.org/wiki/Special:FilePath/Douzaki%20Church%20in%20Nagasaki.JPG,32.7558610,128.8371940,Q11427886
3623,木曽福島郷土館,長野縣,地方文化館,4.0,100,地方文化館,Nagano Station,98.0,0.70,0.8000,1.0000,0.0486,0.7649,,35.8541667,137.7022222,Q55524329
379,和池の大カツラ,兵庫縣,巨樹,4.0,100,巨樹,Kobe Station,99.2,0.70,0.8000,1.0000,0.0480,0.7648,http://commons.wikimedia.org/wiki/Special:FilePath/Great%20katsura%20of%20wachi01s3000.jpg,35.4203610,134.5704720,Q11417751
386,兵庫縣立木之殿堂,兵庫縣,博物館,4.0,100,博物館,Kobe Station,99.5,0.70,0.8000,1.0000,0.0479,0.7648,http://commons.wikimedia.org/wiki/Special:FilePath/201121%20The%20Museum%20for%20wood%20culture%20Kami%20Hyogo%20pref%20Japan02s3.jpg,35.4280556,134.5797222,Q11393028
551,土の館,北海道,農業博物館,4.0,100,農業博物館,Sapporo Station,99.3,0.70,0.8000,1.0000,0.0479,0.7648,http://commons.wikimedia.org/wiki/Special:FilePath/Museum%20of%20Soils%20and%20Plows%20of%20the%20World%20Kamifurano%20Hokkaido%20Japan01s3.jpg,43.4629160,142.4518010,Q133264926
607,麓郷の森,北海道,觀光景點,4.0,100,觀光景點,Sapporo Station,100.2,0.70,0.8000,1.0000,0.0475,0.7648,http://commons.wikimedia.org/wiki/Special:FilePath/%E9%BA%93%E9%83%B7%E3%81%AE%E6%A3%AE%20%E9%BB%92%E6%9D%BF%E4%BA%94%E9%83%8E%E3%81%AE%E4%B8%B8%E5%A4%AA%E5%B0%8F%E5%B1%8B%20Akiyoshi%27s%20RoomP6220389.jpg,43.3124278,142.5405278,Q11677337
640,留萌市海之故里館,北海道,博物館,4.0,100,博物館,Sapporo Station,100.1,0.70,0.8000,1.0000,0.0476,0.7648,http://commons.wikimedia.org/wiki/Special:FilePath/Uminofurusatokan.JPG,43.9460960,141.6297260,Q11578560
653,上富良野町郷土館,北海道,博物館,4.0,100,博物館,Sapporo Station,100.2,0.70,0.8000,1.0000,0.0475,0.7648,http://commons.wikimedia.org/wiki/Special:FilePath/Kamifuranocho%20Folk%20Museum%20Kamifurano%20Hokkaido%20Japan01s.jpg,43.4582300,142.4663000,Q104205678
801,太地町立石垣紀念館,和歌山縣,美術館,4.0,100,美術館,Wakayama Station,98.6,0.70,0.8000,1.0000,0.0483,0.7648,,33.6016944,135.9428889,Q22119215
803,鯨魚博物館,和歌山縣,博物館,4.0,100,博物館,Wakayama Station,98.8,0.70,0.8000,1.0000,0.0482,0.7648,http://commons.wikimedia.org/wiki/Special:FilePath/Taiji%20Whale%20Museum%20201908-2.jpg,33.6019170,135.9458060,Q11265357
1506,飛騨の匠文化館,岐阜縣,工藝博物館,4.0,100,工藝博物館,Gifu Station,99.8,0.70,0.8000,1.0000,0.0477,0.7648,,36.2360800,137.1856500,Q104710298
1520,飛驒市美術館,岐阜縣,美術館,4.0,100,美術館,Gifu Station,100.1,0.70,0.8000,1.0000,0.0476,0.7648,http://commons.wikimedia.org/wiki/Special:FilePath/Hida%20City%20Art%20Museum%20ac%20%282%29.jpg,36.2380556,137.1901389,Q117231494
1713,岩手サファリパーク,岩手縣,野生动物园,4.0,100,野生动物园,Morioka Station,99.7,0.70,0.8000,1.0000,0.0477,0.7648,,38.8099170,141.2589440,Q11474596
2263,塩沢つむぎ記念館,新潟縣,零售店,4.0,100,零售店,Niigata Station,98.6,0.70,0.8000,1.0000,0.0482,0.7648,http://commons.wikimedia.org/wiki/Special:FilePath/Shiozawa%20Tsumugi%20Pavilion.JPG,37.0410423,138.8497244,Q102442450
2285,十日町市立里山科学館 越後松之山「森の学校」キョロロ,新潟縣,自然歷史博物館,4.0,100,自然歷史博物館,Niigata Station,98.5,0.70,0.8000,1.0000,0.0483,0.7648,http://commons.wikimedia.org/wiki/Special:FilePath/%E8%B6%8A%E5%BE%8C%E6%9D%BE%E4%B9%8B%E5%B1%B1%E6%A3%AE%E3%81%AE%E5%AD%A6%E6%A0%A1%20%E3%82%AD%E3%83%A7%E3%83%AD%E3%83%AD1.jpg,37.0997222,138.6172222,Q11405091
2288,鈴木牧之記念館,新潟縣,人物紀念館,4.0,100,人物紀念館,Niigata Station,98.5,0.70,0.8000,1.0000,0.0483,0.7648,http://commons.wikimedia.org/wiki/Special:FilePath/Suzuki%20Bokushi%20Memorial%20Hall.JPG,37.0422969,138.8522358,Q102240298
3274,磐城水族馆,福島縣,水族館,4.0,100,水族館,Fukushima Station,98.3,0.70,0.8000,1.0000,0.0484,0.7648,http://commons.wikimedia.org/wiki/Special:FilePath/Aquamarine%20Fukushima%2020100124.JPG,36.9427500,140.9015000,Q4782699
3291,いわき・ら・ら・ミュウ,福島縣,道之驛,4.0,100,道之驛,Fukushima Station,98.3,0.70,0.8000,1.0000,0.0484,0.7648,http://commons.wikimedia.org/wiki/Special:FilePath/Iwaki%20Lalamew%201.JPG,36.9443330,140.9054720,Q767776
3295,いわきマリンタワー,福島縣,觀光塔,4.0,100,觀光塔,Fukushima Station,99.3,0.70,0.8000,1.0000,0.0479,0.7648,http://commons.wikimedia.org/wiki/Special:FilePath/%E3%81%84%E3%82%8F%E3%81%8D%E3%83%9E%E3%83%AA%E3%83%B3%E3%82%BF%E3%83%AF%E3%83%BC.jpg,36.9393890,140.9200000,Q11260116
3606,山村代官屋敷,長野縣,历史房屋博物馆,4.0,100,历史房屋博物馆,Nagano Station,98.4,0.70,0.8000,1.0000,0.0484,0.7648,http://commons.wikimedia.org/wiki/Special:FilePath/%E6%9C%A8%E6%9B%BD%E7%94%BA%E5%B1%B1%E6%9D%91%E4%BB%A3%E5%AE%98%E5%B1%8B%E6%95%B7%20ac%20%282%29.jpg,35.8518611,137.6981944,Q55521349
166,琴引濱鳴砂文化館,京都府,博物館,4.0,100,博物館,Kyoto Station,101.6,0.70,0.8000,1.0000,0.0469,0.7647,http://commons.wikimedia.org/wiki/Special:FilePath/Kotohikihama%20Nakisuna%20Bunkakan%20exterior%20ac.jpg,35.6975830,135.0571940,Q64026339
610,沼田町化石体験館,北海道,古生物博物馆,4.0,100,古生物博物馆,Sapporo Station,102.2,0.70,0.8000,1.0000,0.0466,0.7647,,43.8882210,141.9245810,Q108662694
799,落合博滿野球紀念館,和歌山縣,人物紀念館,4.0,100,人物紀念館,Wakayama Station,100.8,0.70,0.8000,1.0000,0.0473,0.7647,http://commons.wikimedia.org/wiki/Special:FilePath/Hiromitsu%20Ochiai%20Baseball%20Hall%202019-11-30.jpg,33.5861390,135.9578330,Q11620580
823,串本應拳蘆雪館,和歌山縣,美術館,4.0,100,美術館,Wakayama Station,100.6,0.70,0.8000,1.0000,0.0474,0.7647,http://commons.wikimedia.org/wiki/Special:FilePath/Kushimoto%20oukyo%20rosetsu.JPG,33.4704440,135.7782780,Q11367892
1568,福来記念・山本資料館,岐阜縣,博物館,4.0,100,博物館,Gifu Station,100.7,0.70,0.8000,1.0000,0.0473,0.7647,http://commons.wikimedia.org/wiki/Special:FilePath/%E9%A3%9B%E9%A8%A8%E7%A6%8F%E6%9D%A5%E5%BF%83%E7%90%86%E5%AD%A6%E7%A0%94%E7%A9%B6%E6%89%80%E3%83%BB%E7%A6%8F%E6%9D%A5%E8%A8%98%E5%BF%B5%E5%B1%B1%E6%9C%AC%E8%B3%87%E6%96%99%E9%A4%A8.jpg,36.2250460,137.2405390,Q131911113
1782,石見安達美術館,島根縣,美術館,4.0,100,美術館,Matsue Station,100.7,0.70,0.8000,1.0000,0.0473,0.7647,,34.9601120,132.1421810,Q123472463
1794,島根海洋館AQUAS,島根縣,水族館,4.0,100,水族館,Matsue Station,100.6,0.70,0.8000,1.0000,0.0474,0.7647,http://commons.wikimedia.org/wiki/Special:FilePath/Public%20aquariums%20in%20Aquas.JPG,34.9594440,132.1445830,Q11476470
3319,ただみ・モノとくらしのミュージアム,福島縣,博物館,4.0,100,博物館,Fukushima Station,102.2,0.70,0.8000,1.0000,0.0466,0.7647,http://commons.wikimedia.org/wiki/Special:FilePath/Aizu%20Tadami%20Old%20Material%20Museum.jpg,37.3102000,139.4447361,Q11381224
86,ヒカリ美術館,京都府,美術館,4.0,100,美術館,Kyoto Station,102.7,0.70,0.8000,1.0000,0.0464,0.7646,http://commons.wikimedia.org/wiki/Special:FilePath/Hikaribijyutukan.jpg,35.6442000,134.9650000,Q61818339
114,京丹後市立郷土資料館,京都府,地方文化館,4.0,100,地方文化館,Kyoto Station,102.5,0.70,0.8000,1.0000,0.0465,0.7646,http://commons.wikimedia.org/wiki/Special:FilePath/Kyodoshiryokan%20kyotango.jpg,35.6524720,134.9778060,Q11374217
401,村岡民俗資料館まほろば,兵庫縣,博物館,4.0,100,博物館,Kobe Station,102.8,0.70,0.8000,1.0000,0.0464,0.7646,http://commons.wikimedia.org/wiki/Special:FilePath/Mahoroba02s2816.jpg,35.4719440,134.5961670,Q11523199
432,新星館 須田剋太・島岡達三美術館,北海道,历史房屋博物馆,4.0,100,历史房屋博物馆,Sapporo Station,103.8,0.70,0.8000,1.0000,0.0460,0.7646,,43.5214722,142.4723333,Q11502473
791,土耳其紀念館,和歌山縣,博物館,4.0,100,博物館,Wakayama Station,104.9,0.70,0.8000,1.0000,0.0455,0.7646,http://commons.wikimedia.org/wiki/Special:FilePath/Turkish%20Memorial%20and%20Museum%20Kushimoto%20Wakayama%20pref%20Japan02-b.jpg,33.4691670,135.8586110,Q11322055
2245,坂口記念館,新潟縣,人物紀念館,4.0,100,人物紀念館,Niigata Station,103.1,0.70,0.8000,1.0000,0.0462,0.7646,http://commons.wikimedia.org/wiki/Special:FilePath/Sakaguchikinenkan.jpg,37.1805556,138.3425000,Q11425083
2940,南惣美術館,石川縣,美術館,4.0,100,美術館,Kanazawa Station,102.9,0.70,0.8000,1.0000,0.0463,0.7646,,37.4410000,137.0671770,Q132890597
3324,いわき市勿来関文学歴史館,福島縣,博物館,4.0,100,博物館,Fukushima Station,102.7,0.70,0.8000,1.0000,0.0464,0.7646,,36.8667320,140.7803880,Q104696519
3644,木曽町御嶽山ビジターセンター,長野縣,遊客中心,4.0,100,遊客中心,Nagano Station,103.3,0.70,0.8000,1.0000,0.0462,0.7646,,35.8229866,137.6479218,Q125661754
3666,駒ケ根高原美術館,長野縣,博物館,4.0,100,博物館,Nagano Station,104.3,0.70,0.8000,1.0000,0.0458,0.7646,http://commons.wikimedia.org/wiki/Special:FilePath/Komagane%20Kogen%20Art%20Museum.jpg,35.7352370,137.8981460,Q87675478
3667,駒ヶ根市立博物館,長野縣,博物館,4.0,100,博物館,Nagano Station,103.4,0.70,0.8000,1.0000,0.0461,0.7646,http://commons.wikimedia.org/wiki/Special:FilePath/Komagane%20City%20Museum.jpg,35.7364444,137.9298056,Q55524325
3881,宿毛歴史館,高知縣,歷史博物館,4.0,100,歷史博物館,Kochi Station,102.9,0.70,0.8000,1.0000,0.0464,0.7646,,32.9387370,132.7306630,Q123472706
3892,ジョン万次郎資料館,高知縣,人物紀念館,4.0,100,人物紀念館,Kochi Station,104.1,0.70,0.8000,1.0000,0.0458,0.7646,http://commons.wikimedia.org/wiki/Special:FilePath/%E3%82%B8%E3%83%A7%E3%83%B3%E4%B8%87%E6%AC%A1%E9%83%8E%E8%B3%87%E6%96%99%E9%A4%A8%20Sep%206%2C%202019.jpg,32.7814444,132.9327778,Q121047072
355,玄武洞博物館,兵庫縣,地質学博物館,4.0,100,地質学博物館,Kobe Station,106.7,0.70,0.8000,1.0000,0.0448,0.7645,http://commons.wikimedia.org/wiki/Special:FilePath/Genbudo%20Museum%20in%20Genbudo%20Park%20Toyooka%20Hyogo.JPG,35.5889720,134.8035000,Q11572292
560,拓真館,北海道,藝廊,4.0,100,藝廊,Sapporo Station,105.5,0.70,0.8000,1.0000,0.0453,0.7645,http://commons.wikimedia.org/wiki/Special:FilePath/Takushin-kan%20%E7%BE%8E%E7%91%9B%EF%BC%8D%E6%8B%93%E7%9C%9F%E9%A4%A8%20P6300055.jpg,43.5300000,142.4894444,Q30066271
786,日美修交紀念館,和歌山縣,博物館,4.0,100,博物館,Wakayama Station,105.2,0.70,0.8000,1.0000,0.0454,0.7645,http://commons.wikimedia.org/wiki/Special:FilePath/180428%20United%20States%E2%80%93Japan%20Friendship%20Memorial%20Museum02s10.jpg,33.4618060,135.8522780,Q11510122
1566,大橋コレクション館,岐阜縣,博物館,4.0,100,博物館,Gifu Station,105.2,0.70,0.8000,1.0000,0.0454,0.7645,http://commons.wikimedia.org/wiki/Special:FilePath/Ohashi%20Collection%20Kan%20Museum.jpg,36.1839000,137.4248640,Q11436531
3172,童話館,福岡縣,美術館,4.0,100,美術館,Hakata Station,106.2,0.70,0.8000,1.0000,0.0450,0.7645,,32.7521940,129.8738330,Q11598468
3639,長野県立御嶽山ビジターセンター,長野縣,遊客中心,4.0,100,遊客中心,Nagano Station,105.4,0.70,0.8000,1.0000,0.0453,0.7645,,35.8731810,137.5030509,Q125661722
3877,高知県立足摺海洋館,高知縣,水族館,4.0,100,水族館,Kochi Station,106.9,0.70,0.8000,1.0000,0.0447,0.7645,http://commons.wikimedia.org/wiki/Special:FilePath/Ashizuri%20Aquarium%20SATOUMI.jpg,32.7913330,132.8628610,Q99611864
1801,濱田市濱田鄉土資料館,島根縣,地方文化館,4.0,100,地方文化館,Matsue Station,108.0,0.70,0.8000,1.0000,0.0442,0.7644,,34.9003850,132.0955110,Q132420814
1824,濱田市金城民俗資料館,島根縣,地方文化館,4.0,100,地方文化館,Matsue Station,109.6,0.70,0.8000,1.0000,0.0436,0.7644,,34.7781270,132.1977380,Q132420821
1829,濱田市金城歷史民俗資料館,島根縣,地方文化館,4.0,100,地方文化館,Matsue Station,109.6,0.70,0.8000,1.0000,0.0436,0.7644,,34.7782850,132.1983450,Q132420829
2269,上越市立水族博物館,新潟縣,水族館,4.0,100,水族館,Niigata Station,109.9,0.70,0.8000,1.0000,0.0435,0.7644,http://commons.wikimedia.org/wiki/Special:FilePath/Joetsu%20Aquarium%20Umigatari.jpg,37.1735000,138.2329722,Q11360163
2303,津南町歴史民俗資料館,新潟縣,博物館,4.0,100,博物館,Niigata Station,107.6,0.70,0.8000,1.0000,0.0444,0.7644,,36.9964610,138.6684550,Q104708789
3901,足摺海底館,高知縣,觀光塔,4.0,100,觀光塔,Kochi Station,107.6,0.70,0.8000,1.0000,0.0444,0.7644,http://commons.wikimedia.org/wiki/Special:FilePath/%E8%B6%B3%E6%91%BA%E6%B5%B7%E5%BA%95%E9%A4%A8.jpg,32.7859722,132.8601389,Q48748845
239,城崎美術館,兵庫縣,宗教博物馆,4.0,100,宗教博物馆,Kobe Station,110.6,0.70,0.8000,1.0000,0.0433,0.7643,http://commons.wikimedia.org/wiki/Special:FilePath/Kinosaki%20museum01%202816.jpg,35.6250560,134.8006390,Q11426144
268,城崎溫泉,兵庫縣,温泉镇,4.0,100,温泉镇,Kobe Station,110.9,0.70,0.8000,1.0000,0.0431,0.7643,http://commons.wikimedia.org/wiki/Special:FilePath/Kinosaki%20onsen02%201920.jpg,35.6277780,134.8000000,Q11426141
295,城崎稻桿工藝品承館,兵庫縣,工藝博物館,4.0,100,工藝博物館,Kobe Station,110.4,0.70,0.8000,1.0000,0.0433,0.7643,http://commons.wikimedia.org/wiki/Special:FilePath/Kinosaki%20mugiwara2048.jpg,35.6254720,134.8086940,Q11426145
307,城崎文藝館,兵庫縣,文學館,4.0,100,文學館,Kobe Station,110.3,0.70,0.8000,1.0000,0.0434,0.7643,http://commons.wikimedia.org/wiki/Special:FilePath/Kinosaki%20bungei01%202816.jpg,35.6252220,134.8106670,Q11426143
329,太田垣士郎資料館,兵庫縣,人物紀念館,4.0,100,人物紀念館,Kobe Station,110.8,0.70,0.8000,1.0000,0.0432,0.7643,http://commons.wikimedia.org/wiki/Special:FilePath/Otagaki%20shiro2816.jpg,35.6268890,134.8019170,Q11444157
412,雪の美術館,北海道,廃止された博物館,4.0,100,廃止された博物館,Sapporo Station,110.0,0.70,0.8000,1.0000,0.0435,0.7643,http://commons.wikimedia.org/wiki/Special:FilePath/Snow%20Crystals%20Museum-20160725-1.jpg,43.7717222,142.3084722,Q11659823
450,旭川市科学館サイパル,北海道,公開天文台,4.0,100,公開天文台,Sapporo Station,112.4,0.70,0.8000,1.0000,0.0426,0.7643,http://commons.wikimedia.org/wiki/Special:FilePath/%E3%82%B5%E3%82%A4%E3%83%91%E3%83%AB.JPG,43.7563056,142.3705000,Q11511737
495,優佳良織工芸館,北海道,工藝博物館,4.0,100,工藝博物館,Sapporo Station,110.0,0.70,0.8000,1.0000,0.0435,0.7643,http://commons.wikimedia.org/wiki/Special:FilePath/Yukara%20Ori%20Craft%20Museum-20160725.jpg,43.7719444,142.3083333,Q11387679
507,三浦綾子記念文学館,北海道,人物紀念館,4.0,100,人物紀念館,Sapporo Station,110.8,0.70,0.8000,1.0000,0.0432,0.7643,http://commons.wikimedia.org/wiki/Special:FilePath/AyakoMiuraMemorial.jpg,43.7535830,142.3478330,Q11356532
543,旭川市博物館,北海道,市立博物館,4.0,100,市立博物館,Sapporo Station,111.4,0.70,0.8000,1.0000,0.0429,0.7643,http://commons.wikimedia.org/wiki/Special:FilePath/%E6%97%AD%E5%B7%9D%E5%B8%82%E5%8D%9A%E7%89%A9%E9%A4%A8.jpg,43.7594444,142.3505556,Q11511727
559,国際染織美術館,北海道,織物博物館,4.0,100,織物博物館,Sapporo Station,109.9,0.70,0.8000,1.0000,0.0435,0.7643,http://commons.wikimedia.org/wiki/Special:FilePath/International%20Dyeing%20and%20Weaving%20Art%20Museum-20160725.jpg,43.7720278,142.3077222,Q11422465
639,旭川市大雪水晶館,北海道,博物館,4.0,100,博物館,Sapporo Station,111.5,0.70,0.8000,1.0000,0.0429,0.7643,http://commons.wikimedia.org/wiki/Special:FilePath/%E6%97%AD%E5%B7%9D%E5%B8%82%E5%8D%9A%E7%89%A9%E9%A4%A8.jpg,43.7597222,142.3508333,Q11511731
1761,濱田市世界兒童美術館,島根縣,美術館,4.0,100,美術館,Matsue Station,110.4,0.70,0.8000,1.0000,0.0433,0.7643,http://commons.wikimedia.org/wiki/Special:FilePath/Hamada%20children%27%20museum%20of%20art.jpg,34.8864167,132.0754444,Q11557958
2230,春日山城跡ものがたり館,新潟縣,歷史博物館,4.0,100,歷史博物館,Niigata Station,112.3,0.70,0.8000,1.0000,0.0426,0.7643,,37.1530230,138.2222700,Q123516557
2238,NASPAコスモスガーデン,新潟縣,主題公園,4.0,100,主題公園,Niigata Station,111.6,0.70,0.8000,1.0000,0.0429,0.7643,http://commons.wikimedia.org/wiki/Special:FilePath/NASPA%E3%82%B3%E3%82%B9%E3%83%A2%E3%82%B92.jpg,36.9277170,138.8132280,Q11234463
2247,上越科学館,新潟縣,科學博物館,4.0,100,科學博物館,Niigata Station,110.5,0.70,0.8000,1.0000,0.0433,0.7643,http://commons.wikimedia.org/wiki/Special:FilePath/Joetsu%20Science%20Museum%20April2020.jpg,37.1538889,138.2522222,Q78058843
2470,伊豆大島火山博物館,東京都,火山博物館,4.0,100,火山博物館,Tokyo Station,110.6,0.70,0.8000,1.0000,0.0433,0.7643,http://commons.wikimedia.org/wiki/Special:FilePath/Izu%20Oshima%20Volcano%20Museum.jpg,34.7440000,139.3600278,Q111984533
3488,松永安左エ門記念館,長崎縣,人物紀念館,4.0,100,人物紀念館,Nagasaki Station,111.0,0.70,0.8000,1.0000,0.0431,0.7643,http://commons.wikimedia.org/wiki/Special:FilePath/Iki%20City%20Matsunaga%20Museum.jpg,33.7449722,129.7514444,Q21654699
294,城崎海洋世界,兵庫縣,水族館,4.0,100,水族館,Kobe Station,113.2,0.70,0.8000,1.0000,0.0423,0.7642,http://commons.wikimedia.org/wiki/Special:FilePath/Kinosaki%20Marine%20World001.jpg,35.6558330,134.8248610,Q11426136
404,北海道立旭川美術館,北海道,都道府县立博物馆,4.0,100,都道府县立博物馆,Sapporo Station,112.8,0.70,0.8000,1.0000,0.0424,0.7642,http://commons.wikimedia.org/wiki/Special:FilePath/%E5%8C%97%E6%B5%B7%E9%81%93%E7%AB%8B%E6%97%AD%E5%B7%9D%E7%BE%8E%E8%A1%93%E9%A4%A8.JPG,43.7741390,142.3553610,Q11402968
485,十勝岳望岳台,北海道,觀景台,4.0,100,觀景台,Sapporo Station,113.3,0.70,0.8000,1.0000,0.0423,0.7642,,43.4485833,142.6491944,Q11404903
521,北鎮記念館,北海道,軍事博物館,4.0,100,軍事博物館,Sapporo Station,114.5,0.70,0.8000,1.0000,0.0418,0.7642,http://commons.wikimedia.org/wiki/Special:FilePath/Hokuchin%20Museum.jpg,43.7884000,142.3649000,Q11404346
534,ピリカ旧石器文化館,北海道,考古博物館,4.0,100,考古博物館,Sapporo Station,114.5,0.70,0.8000,1.0000,0.0418,0.7642,,42.4772100,140.2018315,Q132223826
614,川村カ子トアイヌ記念館,北海道,アイヌ博物館,4.0,100,アイヌ博物館,Sapporo Station,113.2,0.70,0.8000,1.0000,0.0423,0.7642,,43.7872750,142.3435390,Q11478739
677,新ひだか町博物館,北海道,博物館,4.0,100,博物館,Sapporo Station,115.2,0.70,0.8000,1.0000,0.0416,0.7642,,42.3438760,142.3583330,Q104240646
1491,奧飛驒溫泉鄉,岐阜縣,温泉郷,4.0,100,温泉郷,Gifu Station,115.4,0.70,0.8000,1.0000,0.0415,0.7642,,36.2380000,137.5260000,Q5371109
1526,平湯民俗館,岐阜縣,历史房屋博物馆,4.0,100,历史房屋博物馆,Gifu Station,113.0,0.70,0.8000,1.0000,0.0424,0.7642,http://commons.wikimedia.org/wiki/Special:FilePath/Hirayu-minzokukan02ds3872.jpg,36.1919028,137.5543139,Q11483232
2248,小林古径記念美術館,新潟縣,人物紀念館,4.0,100,人物紀念館,Niigata Station,114.0,0.70,0.8000,1.0000,0.0420,0.7642,http://commons.wikimedia.org/wiki/Special:FilePath/Joetsu%20Municipal%20Museum.JPG,37.1106389,138.2549444,Q11461452
2253,上越市立歴史博物館,新潟縣,歷史博物館,4.0,100,歷史博物館,Niigata Station,113.9,0.70,0.8000,1.0000,0.0420,0.7642,http://commons.wikimedia.org/wiki/Special:FilePath/Joetsu%20Municipal%20Museum.JPG,37.1116920,138.2551900,Q104708807
2266,上越清里星のふるさと館,新潟縣,天文博物館,4.0,100,天文博物館,Niigata Station,115.2,0.70,0.8000,1.0000,0.0416,0.7642,http://commons.wikimedia.org/wiki/Special:FilePath/Joetsu%20Kiyosato%20Star%20Town%20Museum%20exterior%20in%202013-09-06.jpg,37.0358330,138.3650000,Q11360174
2283,上越市立総合博物館,新潟縣,市立博物館,4.0,100,市立博物館,Niigata Station,113.9,0.70,0.8000,1.0000,0.0420,0.7642,http://commons.wikimedia.org/wiki/Special:FilePath/Joetsu%20Municipal%20Museum.JPG,37.1117222,138.2551667,Q11360168
3481,壹岐市立一支国博物館,長崎縣,博物館,4.0,100,博物館,Nagasaki Station,113.4,0.70,0.8000,1.0000,0.0422,0.7642,http://commons.wikimedia.org/wiki/Special:FilePath/Iki%20City%20Ikikoku%20Museum.jpg,33.7676110,129.7553610,Q11429588
3486,原の辻ガイダンス,長崎縣,考古博物館,4.0,100,考古博物館,Nagasaki Station,113.0,0.70,0.8000,1.0000,0.0424,0.7642,http://commons.wikimedia.org/wiki/Special:FilePath/Harunotsuji%20Guidance.JPG,33.7634720,129.7489440,Q11409338
3578,アンフォルメル中川村美術館,長野縣,美術館,4.0,100,美術館,Nagano Station,112.8,0.70,0.8000,1.0000,0.0425,0.7642,http://commons.wikimedia.org/wiki/Special:FilePath/INFORMEL%20NAKAGAWAMURA%20MUSEUM%2C%20main%20building%20and%20symbol%20tower%20exterior%20in%202012-11-24.jpg,35.6466110,137.9546810,Q11285428
3656,ハチ博物館,長野縣,博物館,4.0,100,博物館,Nagano Station,114.1,0.70,0.8000,1.0000,0.0420,0.7642,http://commons.wikimedia.org/wiki/Special:FilePath/Bee%20Museum%2C%20entrance.jpg,35.6358000,137.9487390,Q11326402
39,道の駅紀宝町ウミガメ公園,三重縣,水族館,4.0,100,水族館,Tsu Station,116.0,0.70,0.8000,1.0000,0.0413,0.7641,http://commons.wikimedia.org/wiki/Special:FilePath/Michinoeki24003%20Kiho%20town.jpg,33.7697778,136.0285000,Q11641448
305,有趣昆蟲化石館,兵庫縣,科學博物館,4.0,100,科學博物館,Kobe Station,116.0,0.70,0.8000,1.0000,0.0413,0.7641,http://commons.wikimedia.org/wiki/Special:FilePath/Omoshiro%20Insect%20Fossil%20Museum.jpg,35.5303056,134.4406389,Q11262500
391,夢千代館,兵庫縣,博物館,4.0,100,博物館,Kobe Station,116.0,0.70,0.8000,1.0000,0.0413,0.7641,http://commons.wikimedia.org/wiki/Special:FilePath/Yumechiyokan%202026-02%20ac%20%281%29.jpg,35.5563611,134.4873611,Q11431582
402,香美町立ジオパークと海の文化館,兵庫縣,博物館,4.0,100,博物館,Kobe Station,118.4,0.70,0.8000,1.0000,0.0405,0.7641,http://commons.wikimedia.org/wiki/Special:FilePath/Umino-Bunka%20kan001.JPG,35.6483890,134.6390280,Q11667705
503,井上靖纪念馆,北海道,人物紀念館,4.0,100,人物紀念館,Sapporo Station,115.7,0.70,0.8000,1.0000,0.0414,0.7641,http://commons.wikimedia.org/wiki/Special:FilePath/Yasushi-Inoue-Gedankstaette.jpg,43.8052220,142.3636110,Q11373285
513,市立旭川郷土博物館,北海道,地方文化館,4.0,100,地方文化館,Sapporo Station,115.8,0.70,0.8000,1.0000,0.0414,0.7641,,43.8052111,142.3647000,Q106967657
570,旭川拉麵村,北海道,商號,4.0,100,商號,Sapporo Station,116.9,0.70,0.8000,1.0000,0.0410,0.7641,,43.7819444,142.4144444,Q11087091
586,中原悌二郎記念旭川市彫刻美術館,北海道,人物紀念館,4.0,100,人物紀念館,Sapporo Station,115.8,0.70,0.8000,1.0000,0.0414,0.7641,http://commons.wikimedia.org/wiki/Special:FilePath/Asahikawa%20Museum%20of%20Sculpture.JPG,43.8052120,142.3647000,Q4803387
616,新ひだか町アイヌ民俗資料館,北海道,アイヌ博物館,4.0,100,アイヌ博物館,Sapporo Station,117.3,0.70,0.8000,1.0000,0.0409,0.7641,http://commons.wikimedia.org/wiki/Special:FilePath/01%E6%96%B0%E3%81%B2%E3%81%A0%E3%81%8B%E3%82%A2%E3%82%A4%E3%83%8C%E8%B3%87%E6%96%99%E9%A4%A8IMG%206310.jpg,42.3303060,142.3768060,Q17217927
645,東川町郷土館,北海道,博物館,4.0,100,博物館,Sapporo Station,117.1,0.70,0.8000,1.0000,0.0410,0.7641,,43.6995950,142.5110120,Q11526802
651,旭川兵村記念館,北海道,博物館,4.0,100,博物館,Sapporo Station,117.7,0.70,0.8000,1.0000,0.0408,0.7641,,43.7695650,142.4422670,Q28154406
1516,飛騨みやがわ考古民俗館,岐阜縣,民俗博物館,4.0,100,民俗博物館,Gifu Station,115.8,0.70,0.8000,1.0000,0.0414,0.7641,,36.3907778,137.1842500,Q108403882
446,サホロリゾート ベア・マウンテン,北海道,クマ牧場,4.0,100,クマ牧場,Sapporo Station,118.9,0.70,0.8000,1.0000,0.0404,0.7640,http://commons.wikimedia.org/wiki/Special:FilePath/Sahoro%20Resort%20Bear%20Mountain%20%E3%82%B5%E3%83%9B%E3%83%AD%E3%83%AA%E3%82%BE%E3%83%BC%E3%83%88%20%E3%83%99%E3%82%A2%E3%83%9E%E3%82%A6%E3%83%B3%E3%83%86%E3%83%B306.jpg,43.1780556,142.8077778,Q11305053
523,鷹栖町郷土資料館,北海道,地方文化館,4.0,100,地方文化館,Sapporo Station,118.8,0.70,0.8000,1.0000,0.0404,0.7640,,43.8465950,142.3589260,Q133264692
622,小平町郷土資料館,北海道,博物館,4.0,100,博物館,Sapporo Station,121.3,0.70,0.8000,1.0000,0.0396,0.7640,http://commons.wikimedia.org/wiki/Special:FilePath/Straw%20boots.JPG,44.1369623,141.6551387,Q130736368
265,以命亭,兵庫縣,历史房屋博物馆,4.0,100,历史房屋博物馆,Kobe Station,124.1,0.70,0.8000,1.0000,0.0387,0.7639,http://commons.wikimedia.org/wiki/Special:FilePath/Imeitei02s2816.jpg,35.6249720,134.4535830,Q11378328
322,加藤文太郎紀念圖書館,兵庫縣,市区町村立図書館,4.0,100,市区町村立図書館,Kobe Station,124.0,0.70,0.8000,1.0000,0.0388,0.7639,http://commons.wikimedia.org/wiki/Special:FilePath/Kato%20buntaro02s2816.jpg,35.6245830,134.4544170,Q11399242
369,山陰海岸ジオパーク館,兵庫縣,地質学博物館,4.0,100,地質学博物館,Kobe Station,124.8,0.70,0.8000,1.0000,0.0385,0.7639,http://commons.wikimedia.org/wiki/Special:FilePath/San-in%20Kaigan%20Geopark%20Kan%20Hyogo%20Japan.JPG,35.6285278,134.4459722,Q11471127
381,濱坂溫泉鄉,兵庫縣,温泉郷,4.0,100,温泉郷,Kobe Station,123.7,0.70,0.8000,1.0000,0.0389,0.7639,,35.6200000,134.4520000,Q11557619
3642,中央構造線博物館,長野縣,地質学博物館,4.0,100,地質学博物館,Nagano Station,121.6,0.70,0.8000,1.0000,0.0395,0.7639,http://commons.wikimedia.org/wiki/Special:FilePath/Median%20Tectonic%20Line%20Museum.jpg,35.5562500,138.0384720,Q11363715
644,八雲町郷土資料館,北海道,博物館,4.0,100,博物館,Sapporo Station,126.6,0.70,0.8000,1.0000,0.0380,0.7638,http://commons.wikimedia.org/wiki/Special:FilePath/Yamuko%20Town%20Museum.jpg,42.2545440,140.2682560,Q11391845
649,Q138647708,北海道,博物館,4.0,100,博物館,Sapporo Station,128.3,0.70,0.8000,1.0000,0.0375,0.7638,,41.9584669,140.9246605,Q138647708
1828,石正美術館,島根縣,美術館,4.0,100,美術館,Matsue Station,125.9,0.70,0.8000,1.0000,0.0382,0.7638,,34.7842770,131.9566635,Q132396991
497,函館市縄文文化交流センター,北海道,考古博物館,4.0,100,考古博物館,Sapporo Station,131.1,0.70,0.8000,1.0000,0.0367,0.7637,http://commons.wikimedia.org/wiki/Special:FilePath/Michinoeki%20jyoumonRoman.JPG,41.9279214,140.9447497,Q28685000
3538,飯田市川本喜八郎人形美術館,長野縣,美術館,4.0,100,美術館,Nagano Station,129.6,0.70,0.8000,1.0000,0.0371,0.7637,http://commons.wikimedia.org/wiki/Special:FilePath/Iida%20City%20Kawamoto%20Kihachiro%20Puppet%20Museum.jpg,35.5149420,137.8256940,Q11666522
3556,飯田市美術博物館,長野縣,市立博物館,4.0,100,市立博物館,Nagano Station,129.8,0.70,0.8000,1.0000,0.0371,0.7637,http://commons.wikimedia.org/wiki/Special:FilePath/Iida%20City%20Museum%20exterior%20ac%20%281%29.jpg,35.5120420,137.8302100,Q11666529
3619,飯田市考古博物館,長野縣,考古博物館,4.0,100,考古博物館,Nagano Station,129.2,0.70,0.8000,1.0000,0.0373,0.7637,,35.5164480,137.8371100,Q104709726
3996,屋久島町歴史民俗資料館,鹿兒島縣,民俗博物館,4.0,100,民俗博物館,Kagoshima-Chuo Station,129.4,0.70,0.8000,1.0000,0.0372,0.7637,http://commons.wikimedia.org/wiki/Special:FilePath/Yakushima%20History%20and%20Folk%20Museum.jpg,30.4205980,130.5689460,Q127608800
433,神田日勝記念美術館,北海道,美術館,4.0,100,美術館,Sapporo Station,133.2,0.70,0.8000,1.0000,0.0362,0.7636,http://commons.wikimedia.org/wiki/Special:FilePath/Kandanissho%20memorial%20museum%20of%20art.jpg,43.0967170,142.9900940,Q123252986
477,塩狩峠記念館,北海道,历史房屋博物馆,4.0,100,历史房屋博物馆,Sapporo Station,133.9,0.70,0.8000,1.0000,0.0360,0.7636,http://commons.wikimedia.org/wiki/Special:FilePath/Shiokari%20Mountain%20Pass%20Memorial%20Hall.jpg,43.9686111,142.4545556,Q107437271
661,和寒町郷土資料館,北海道,博物館,4.0,100,博物館,Sapporo Station,136.8,0.70,0.8000,1.0000,0.0353,0.7635,http://commons.wikimedia.org/wiki/Special:FilePath/%E5%92%8C%E5%AF%92%E7%94%BA%E9%83%B7%E5%9C%9F%E8%B3%87%E6%96%99%E9%A4%A8%E6%AD%A3%E9%9D%A2.jpg,44.0298333,142.4105833,Q11417220
3609,満蒙開拓平和記念館,長野縣,和平博物館,4.0,100,和平博物館,Nagano Station,139.3,0.70,0.8000,1.0000,0.0346,0.7635,http://commons.wikimedia.org/wiki/Special:FilePath/Manchuria%20pioneer%20Peace%20Memorial%20Hall%201.JPG,35.4417500,137.7489170,Q17210960
3651,小笠原資料館,長野縣,博物館,4.0,100,博物館,Nagano Station,137.7,0.70,0.8000,1.0000,0.0350,0.7635,http://commons.wikimedia.org/wiki/Special:FilePath/Ogasawara%20klan%20museum.jpg,35.4464000,137.7949000,Q123418594
4003,たねがしま赤米館,鹿兒島縣,博物館,4.0,100,博物館,Kagoshima-Chuo Station,138.5,0.70,0.8000,1.0000,0.0348,0.7635,http://commons.wikimedia.org/wiki/Special:FilePath/%E8%B5%A4%E7%B1%B3%E9%A4%A8IMGP1500.JPG,30.3845810,130.9350130,Q132154037
496,大雪展望台,北海道,觀景台,4.0,100,觀景台,Sapporo Station,143.6,0.70,0.8000,1.0000,0.0336,0.7634,http://commons.wikimedia.org/wiki/Special:FilePath/Bells%20of%20Espoir%2C%20Daisetsu%20Observatory.jpg,43.8568333,142.7606389,Q11441802
652,北斗市郷土資料館,北海道,博物館,4.0,100,博物館,Sapporo Station,144.0,0.70,0.8000,1.0000,0.0336,0.7634,http://commons.wikimedia.org/wiki/Special:FilePath/Amount%20Hokuto%20Town%20Hall.jpg,41.8835230,140.6439180,Q85766966
675,苫前町郷土資料館,北海道,博物館,4.0,100,博物館,Sapporo Station,140.0,0.70,0.8000,1.0000,0.0345,0.7634,,44.3077740,141.6585760,Q104239862
1765,島根縣藝術文化中心,島根縣,音乐演出场所,4.0,100,音乐演出场所,Matsue Station,141.4,0.70,0.8000,1.0000,0.0342,0.7634,http://commons.wikimedia.org/wiki/Special:FilePath/Grand%20Toit.jpg,34.6728490,131.8478100,Q11476530
1798,益田市立雪舟之鄉記念館,島根縣,美術館,4.0,100,美術館,Matsue Station,140.5,0.70,0.8000,1.0000,0.0344,0.7634,,34.6850280,131.8475000,Q17222556
1804,島根縣立石見美術館,島根縣,美術館,4.0,100,美術館,Matsue Station,141.3,0.70,0.8000,1.0000,0.0342,0.7634,http://commons.wikimedia.org/wiki/Special:FilePath/Grand%20Toit.jpg,34.6729836,131.8480842,Q132396562
2234,フォッサマグナミュージアム,新潟縣,地質学博物館,4.0,100,地質学博物館,Niigata Station,144.1,0.70,0.8000,1.0000,0.0335,0.7634,http://commons.wikimedia.org/wiki/Special:FilePath/Fossa%20Magna%20Museum.JPG,37.0255560,137.8700830,Q11332823
2277,谷村美術館,新潟縣,美術館,4.0,100,美術館,Niigata Station,142.5,0.70,0.8000,1.0000,0.0339,0.7634,,37.0420270,137.8761100,Q123517194
3950,屋久島世界遺産センター,鹿兒島縣,遊客中心,4.0,100,遊客中心,Kagoshima-Chuo Station,142.0,0.70,0.8000,1.0000,0.0340,0.7634,http://commons.wikimedia.org/wiki/Special:FilePath/Yakushima%20World%20Heritage%20Centre.jpg,30.3087810,130.6316240,Q127416300
3970,屋久町立屋久杉自然館,鹿兒島縣,自然歷史博物館,4.0,100,自然歷史博物館,Kagoshima-Chuo Station,142.0,0.70,0.8000,1.0000,0.0340,0.7634,http://commons.wikimedia.org/wiki/Special:FilePath/Yakusugi%20Shizenkan%20%28Yakusugi%20Museum%29.jpg,30.3090900,130.6329000,Q127416253
3993,宇宙科学技術館,鹿兒島縣,宇宙工学博物館,4.0,100,宇宙工学博物館,Kagoshima-Chuo Station,140.2,0.70,0.8000,1.0000,0.0344,0.7634,http://commons.wikimedia.org/wiki/Special:FilePath/%E5%AE%87%E5%AE%99%E7%A7%91%E5%AD%A6%E6%8A%80%E8%A1%93%E9%A4%A8.jpg,30.3748330,130.9575000,Q11449353
544,層雲峽溫泉,北海道,単純温泉,4.0,100,単純温泉,Sapporo Station,148.3,0.70,0.8000,1.0000,0.0326,0.7633,http://commons.wikimedia.org/wiki/Special:FilePath/Sounkyo%20Promenade.JPG,43.7269500,142.9479200,Q11465750
626,士別市立博物館,北海道,博物館,4.0,100,博物館,Sapporo Station,147.3,0.70,0.8000,1.0000,0.0328,0.7633,,44.1666667,142.3751111,Q109524390
2264,長者ケ原考古館,新潟縣,考古博物館,4.0,100,考古博物館,Niigata Station,144.4,0.70,0.8000,1.0000,0.0335,0.7633,http://commons.wikimedia.org/wiki/Special:FilePath/Chojagahara%20Archeological%20Museum.JPG,37.0246111,137.8678061,Q11653568
405,北海道立函館美術館,北海道,都道府县立博物馆,4.0,100,都道府县立博物馆,Sapporo Station,150.0,0.70,0.8000,1.0000,0.0323,0.7632,http://commons.wikimedia.org/wiki/Special:FilePath/Hakodate%20Museum%20of%20Art%20Hokkaido%20Japan04s3.jpg,41.7934167,140.7546389,Q22120303
425,北海道立帶廣美術館,北海道,美術館,4.0,100,美術館,Sapporo Station,150.3,0.70,0.8000,1.0000,0.0322,0.7632,http://commons.wikimedia.org/wiki/Special:FilePath/131012%20Hokkaido%20Obihiro%20Museum%20of%20Art01s3.jpg,42.9045830,143.1855280,Q11402964
445,はこだてみらい館,北海道,科學博物館,4.0,100,科學博物館,Sapporo Station,152.9,0.70,0.8000,1.0000,0.0317,0.7632,,41.7728710,140.7284920,Q131431537
449,帶廣市兒童會館,北海道,公開天文台,4.0,100,公開天文台,Sapporo Station,150.4,0.70,0.8000,1.0000,0.0322,0.7632,http://commons.wikimedia.org/wiki/Special:FilePath/131012%20Obihiro%20Municipal%20Children%20Hall01s3.jpg,42.9052778,143.1861111,Q21652708
500,函館市青函連絡船紀念館摩周丸,北海道,博物館船,4.0,100,博物館船,Sapporo Station,153.0,0.70,0.8000,1.0000,0.0316,0.7632,http://commons.wikimedia.org/wiki/Special:FilePath/Mashu-maru%20zenkei.JPG,41.7729440,140.7218890,Q11396003
526,五稜郭塔,北海道,觀光塔,4.0,100,觀光塔,Sapporo Station,149.9,0.70,0.8000,1.0000,0.0323,0.7632,http://commons.wikimedia.org/wiki/Special:FilePath/Goryokaku%20Tower%20Hakodate%20Hokkaido%20Japan01n.jpg,41.7946890,140.7540030,Q17222936
546,馬の資料館,北海道,農業博物館,4.0,100,農業博物館,Sapporo Station,150.0,0.70,0.8000,1.0000,0.0323,0.7632,http://commons.wikimedia.org/wiki/Special:FilePath/Obihiro%20Racecourse%20Museum%20of%20Horses.jpg,42.9214566,143.1842459,Q104236770
547,帶廣百年紀念館,北海道,市立博物館,4.0,100,市立博物館,Sapporo Station,150.4,0.70,0.8000,1.0000,0.0322,0.7632,http://commons.wikimedia.org/wiki/Special:FilePath/131012%20Obihiro%20Centennial%20City%20Museum01s3.jpg,42.9069444,143.1863889,Q21652713
617,函馆市北洋资料馆,北海道,漁業博物館,4.0,100,漁業博物館,Sapporo Station,149.9,0.70,0.8000,1.0000,0.0323,0.7632,http://commons.wikimedia.org/wiki/Special:FilePath/Hakodate%20Citizens%20Arts%20Hall%20Hokkaido%20Japan01bs.jpg,41.7936667,140.7560000,Q11395994
407,中札内美術村,北海道,庭園,4.0,100,庭園,Sapporo Station,153.9,0.70,0.8000,1.0000,0.0315,0.7631,http://commons.wikimedia.org/wiki/Special:FilePath/131013%20Nakasatsunai%20Art%20Village%20Hokkaido%20Japan00s3.jpg,42.6775000,143.1625000,Q17225728
480,函館市文學館,北海道,文學館,4.0,100,文學館,Sapporo Station,154.0,0.70,0.8000,1.0000,0.0315,0.7631,http://commons.wikimedia.org/wiki/Special:FilePath/Hakodate%20City%20Museum%20of%20Literature02n.jpg,41.7663350,140.7132370,Q926475
539,十勝ヒルズ,北海道,主題公園,4.0,100,主題公園,Sapporo Station,155.7,0.70,0.8000,1.0000,0.0311,0.7631,http://commons.wikimedia.org/wiki/Special:FilePath/Tokachi%20Hills%2C%20Makubetsu%2C%20Hokkaido%20-%20Aug%2013%2C%202025%20%281%29.jpg,42.8633333,143.2433333,Q30576578
548,函館市北方民族資料館,北海道,银行建筑物,4.0,100,银行建筑物,Sapporo Station,153.9,0.70,0.8000,1.0000,0.0315,0.7631,http://commons.wikimedia.org/wiki/Special:FilePath/Hakodate%20City%20Museum%20of%20Northern%20Peoples01n.jpg,41.7671320,140.7119650,Q27644574
550,十勝川溫泉,北海道,温泉镇,4.0,100,温泉镇,Sapporo Station,158.9,0.70,0.8000,1.0000,0.0305,0.7631,http://commons.wikimedia.org/wiki/Special:FilePath/131012%20Tokachigawa%20Onsen%20Otofuke%20Hokkaido%20Japan01s3.jpg,42.9341667,143.2961111,Q11404905
554,市立函館博物館,北海道,市立博物館,4.0,100,市立博物館,Sapporo Station,155.0,0.70,0.8000,1.0000,0.0312,0.7631,http://commons.wikimedia.org/wiki/Special:FilePath/Hakodate%20City%20Museum%20in%20May%202024.jpg,41.7559440,140.7146390,Q11480647
564,箱館高田屋嘉兵衛資料館,北海道,人物紀念館,4.0,100,人物紀念館,Sapporo Station,153.9,0.70,0.8000,1.0000,0.0315,0.7631,,41.7658740,140.7176050,Q104236424
588,北海道坂本龍馬記念館,北海道,人物紀念館,4.0,100,人物紀念館,Sapporo Station,154.1,0.70,0.8000,1.0000,0.0314,0.7631,http://commons.wikimedia.org/wiki/Special:FilePath/Hokkaido%20Sakamoto%20Ryoma%20Museum.jpg,41.7638420,140.7186390,Q11402650
600,北島三郎紀念館,北海道,人物紀念館,4.0,100,人物紀念館,Sapporo Station,154.0,0.70,0.8000,1.0000,0.0315,0.7631,http://commons.wikimedia.org/wiki/Special:FilePath/Kitajima%20Saburo%20Museum%2001.jpg,41.7666110,140.7130560,Q17228241
630,厚沢部町郷土資料館,北海道,博物館,4.0,100,博物館,Sapporo Station,157.4,0.70,0.8000,1.0000,0.0308,0.7631,,41.9216700,140.2264190,Q104236749
637,幕別町ふるさと館,北海道,博物館,4.0,100,博物館,Sapporo Station,156.1,0.70,0.8000,1.0000,0.0310,0.7631,,42.8995150,143.2562990,Q104237185
524,浦河町立郷土博物館,北海道,地方文化館,4.0,100,地方文化館,Sapporo Station,159.5,0.70,0.8000,1.0000,0.0304,0.7630,,42.1437560,142.8400130,Q132533520
1762,津和野町郷土館,島根縣,地方文化館,4.0,100,地方文化館,Matsue Station,161.7,0.70,0.8000,1.0000,0.0300,0.7630,http://commons.wikimedia.org/wiki/Special:FilePath/Tsuwano%20Town%20Local%20History%20Museum%2020170503.jpg,34.4655250,131.7735280,Q104721885
1763,森鷗外記念館,島根縣,人物紀念館,4.0,100,人物紀念館,Matsue Station,162.7,0.70,0.8000,1.0000,0.0298,0.7630,http://commons.wikimedia.org/wiki/Special:FilePath/View%20of%20Mori%20Ogai%20Memorial%20Museum.jpg,34.4573160,131.7685580,Q120669454
1783,安野光雅美術館,島根縣,美術館,4.0,100,美術館,Matsue Station,161.1,0.70,0.8000,1.0000,0.0301,0.7630,http://commons.wikimedia.org/wiki/Special:FilePath/Anno%20Mitsumasa%20Art%20Museum%2020170503.jpg,34.4719810,131.7743200,Q132396460
1795,杜塾美術館,島根縣,美術館,4.0,100,美術館,Matsue Station,161.8,0.70,0.8000,1.0000,0.0300,0.7630,http://commons.wikimedia.org/wiki/Special:FilePath/Morijuku%20Art%20Museum%2020170503-2.jpg,34.4644870,131.7733830,Q132396423
1825,桑原史成写真美術館,島根縣,攝影博物館,4.0,100,攝影博物館,Matsue Station,161.1,0.70,0.8000,1.0000,0.0301,0.7630,http://commons.wikimedia.org/wiki/Special:FilePath/Kuwabara%20Shisei%20Photographic%20Art%20Museum%2020170503-2.jpg,34.4723240,131.7741550,Q132449680
2456,神引展望台,東京都,觀景台,4.0,100,觀景台,Tokyo Station,159.2,0.70,0.8000,1.0000,0.0305,0.7630,http://commons.wikimedia.org/wiki/Special:FilePath/Kanbiki%20Observatory%2C%20Shikinejima%2C%20Tokyo%2C%20Japan.JPG,34.3262335,139.2035085,Q117253775
482,江差町鄉土資料館,北海道,地方文化館,4.0,100,地方文化館,Sapporo Station,166.9,0.70,0.8000,1.0000,0.0291,0.7629,http://commons.wikimedia.org/wiki/Special:FilePath/Hiyamanishi%20gun-office.JPG,41.8681940,140.1287500,Q11550930
613,忠類ナウマン象記念館,北海道,古生物博物馆,4.0,100,古生物博物馆,Sapporo Station,168.8,0.70,0.8000,1.0000,0.0288,0.7629,http://commons.wikimedia.org/wiki/Special:FilePath/Churui%20naumanzou%20museum.jpg,42.5579760,143.3001060,Q85752435
624,江差追分会館・江差山車会館,北海道,山車会館,4.0,100,山車会館,Sapporo Station,167.0,0.70,0.8000,1.0000,0.0291,0.7629,http://commons.wikimedia.org/wiki/Special:FilePath/02-%E6%B1%9F%E5%B7%AE%E8%BF%BD%E5%88%86%E4%BC%9A%E9%A4%A8%E3%83%BB%E4%BC%9D%E7%BF%92%E6%BC%94%E7%A4%BA%E5%AE%A4%E6%A3%9F.jpg,41.8687222,140.1266667,Q48748731
676,名寄市北國博物館,北海道,博物館,4.0,100,博物館,Sapporo Station,167.6,0.70,0.8000,1.0000,0.0290,0.7629,http://commons.wikimedia.org/wiki/Special:FilePath/Nayoro%20City%20Kitaguni%20Museum.jpg,44.3415470,142.4673500,Q70203108
3487,長崎縣立對馬歷史民俗資料館,長崎縣,民俗博物館,4.0,100,民俗博物館,Nagasaki Station,170.2,0.70,0.8000,1.0000,0.0285,0.7629,http://commons.wikimedia.org/wiki/Special:FilePath/Nagasaki%20Prefectural%20Tsushima%20Historical%20Museum.jpg,34.2036940,129.2875560,Q18337566
3519,対馬博物館,長崎縣,博物館,4.0,100,博物館,Nagasaki Station,170.2,0.70,0.8000,1.0000,0.0285,0.7629,http://commons.wikimedia.org/wiki/Special:FilePath/Tsushima%20Museum.jpg,34.2037010,129.2879450,Q97312460
505,木古内町郷土資料館,北海道,旧学校施設,4.0,100,旧学校施設,Sapporo Station,173.4,0.70,0.8000,1.0000,0.0280,0.7628,http://commons.wikimedia.org/wiki/Special:FilePath/Kikonai%20Town%20Museum.JPG,41.6713420,140.4128420,Q85774341
577,遠軽町埋蔵文化財センター,北海道,埋藏文化財中心,4.0,100,埋藏文化財中心,Sapporo Station,174.2,0.70,0.8000,1.0000,0.0279,0.7628,,43.8866240,143.1927290,Q133249040
658,稲穂ふれあい研修センター内 奥尻町歴史民俗資料館,北海道,博物館,4.0,100,博物館,Sapporo Station,173.6,0.70,0.8000,1.0000,0.0280,0.7628,,42.2400600,139.5513780,Q104240125
678,美深町郷土博物館,北海道,博物館,4.0,100,博物館,Sapporo Station,176.0,0.70,0.8000,1.0000,0.0276,0.7628,,44.4811550,142.3402710,Q104234557
611,足寄動物化石博物館,北海道,古生物博物馆,4.0,100,古生物博物馆,Sapporo Station,178.8,0.70,0.8000,1.0000,0.0272,0.7627,,43.2311194,143.5433722,Q11636869
627,伝承遊学館,北海道,博物館,4.0,100,博物館,Sapporo Station,181.5,0.70,0.8000,1.0000,0.0268,0.7627,,44.5423350,142.3230410,Q104234425
472,山之水族館,北海道,水族館,4.0,100,水族館,Sapporo Station,189.6,0.70,0.8000,1.0000,0.0257,0.7626,http://commons.wikimedia.org/wiki/Special:FilePath/Yama-no-aquarium.jpg,43.7542780,143.5002780,Q11465797
473,丸瀬布森林公園いこいの森,北海道,森林公園,4.0,100,森林公園,Sapporo Station,186.7,0.70,0.8000,1.0000,0.0261,0.7626,http://commons.wikimedia.org/wiki/Special:FilePath/Amemiya%2021gou%20Steam%20Locomotive%20Hokkaido%20Japan.jpg,43.9314167,143.3361389,Q11368387
571,北見瀧之上站,北海道,鐵路車站,4.0,100,鐵路車站,Sapporo Station,186.6,0.70,0.8000,1.0000,0.0261,0.7626,http://commons.wikimedia.org/wiki/Special:FilePath/Kitami-Takinoue%20station%20building.jpg,44.1937500,143.0708333,Q11404041
634,えりも町郷土資料館,北海道,博物館,4.0,100,博物館,Sapporo Station,188.9,0.70,0.8000,1.0000,0.0258,0.7626,,42.0093930,143.1535540,Q104237892
647,浦幌町立博物館,北海道,博物館,4.0,100,博物館,Sapporo Station,190.0,0.70,0.8000,1.0000,0.0256,0.7626,,42.8098270,143.6579070,Q104239175
3492,豊玉町郷土館,長崎縣,考古博物館,4.0,100,考古博物館,Nagasaki Station,189.7,0.70,0.8000,1.0000,0.0257,0.7626,http://commons.wikimedia.org/wiki/Special:FilePath/Tsushima%20City%20Toyotama%20Museum.jpg,34.3946806,129.3193667,Q18337535
434,置戶波波美術館,北海道,美術館,4.0,100,美術館,Sapporo Station,193.2,0.70,0.8000,1.0000,0.0252,0.7625,http://commons.wikimedia.org/wiki/Special:FilePath/%E7%BD%AE%E6%88%B8%E3%81%BD%E3%81%A3%E3%81%BD%E7%B5%B5%E7%94%BB%E9%A4%A8.jpg,43.6769444,143.5895833,Q30922602
489,福島町青函トンネル記念館,北海道,科技博物館,4.0,100,科技博物館,Sapporo Station,197.8,0.70,0.8000,1.0000,0.0247,0.7625,http://commons.wikimedia.org/wiki/Special:FilePath/Seikan%20Tunnel%20Museum%20of%20Fukushima%20Town.jpg,41.4852500,140.2546390,Q11593178
511,トロッコ王国美深,北海道,主題公園,4.0,100,主題公園,Sapporo Station,191.3,0.70,0.8000,1.0000,0.0255,0.7625,http://commons.wikimedia.org/wiki/Special:FilePath/Bifuka%20Torokko%20Oukoku%20draisines.jpg,44.5475000,142.5698330,Q11322179
587,横綱千代の山・千代の富士記念館,北海道,人物紀念館,4.0,100,人物紀念館,Sapporo Station,198.4,0.70,0.8000,1.0000,0.0246,0.7625,http://commons.wikimedia.org/wiki/Special:FilePath/Yokozuna%20Ciyonoyama-Chiyonofuji%20kinenkan.jpg,41.4791110,140.2555830,Q11543443
636,中川町エコミュージアムセンター,北海道,博物館,4.0,100,博物館,Sapporo Station,194.3,0.70,0.8000,1.0000,0.0251,0.7625,,44.7448056,142.0351667,Q85875502
642,奥尻島津波館,北海道,博物館,4.0,100,博物館,Sapporo Station,192.3,0.70,0.8000,1.0000,0.0253,0.7625,,42.0541450,139.4496530,Q104240265
3474,峰町歴史民俗資料館,長崎縣,考古博物館,4.0,100,考古博物館,Nagasaki Station,197.7,0.70,0.8000,1.0000,0.0247,0.7625,http://commons.wikimedia.org/wiki/Special:FilePath/Tsushima%20City%20Mine%20Historical%20Museum.jpg,34.4695470,129.3163810,Q18339489
461,北海道立オホーツク流氷科学センター,北海道,科學博物館,4.0,100,科學博物館,Sapporo Station,214.7,0.70,0.8000,1.0000,0.0228,0.7623,http://commons.wikimedia.org/wiki/Special:FilePath/Michinoeki%20Okhotsk%20monbetsu.jpg,44.3283260,143.3750150,Q132551264
532,松前町郷土資料館,北海道,地方文化館,4.0,100,地方文化館,Sapporo Station,208.2,0.70,0.8000,1.0000,0.0234,0.7623,http://commons.wikimedia.org/wiki/Special:FilePath/Byobu%20of%20Matsumae%20by%20Kodama%20Teiryo.jpg,41.4357570,140.1121420,Q66363170
540,オホーツクとっかりセンター,北海道,水族館,4.0,100,水族館,Sapporo Station,215.0,0.70,0.8000,1.0000,0.0227,0.7623,,44.3335830,143.3735280,Q11292366
643,湧別町ふるさと館JRY,北海道,博物館,4.0,100,博物館,Sapporo Station,216.6,0.70,0.8000,1.0000,0.0226,0.7623,http://commons.wikimedia.org/wiki/Special:FilePath/Yubetsu-Furusato-JRY.JPG,44.1597670,143.5805800,Q104239002
669,紋別市立博物館,北海道,博物館,4.0,100,博物館,Sapporo Station,215.3,0.70,0.8000,1.0000,0.0227,0.7623,http://commons.wikimedia.org/wiki/Special:FilePath/Mombetsu%20city%20museum.jpg,44.3554722,143.3530278,Q105728168
3503,上対馬町歴史民俗資料室,長崎縣,民俗博物館,4.0,100,民俗博物館,Nagasaki Station,214.9,0.70,0.8000,1.0000,0.0227,0.7623,http://commons.wikimedia.org/wiki/Special:FilePath/Kamitsushima%20Historical%20Museum.jpg,34.6538610,129.4585000,Q18337565
409,道の駅愛ランド湧別,北海道,主題樂園,4.0,100,主題樂園,Sapporo Station,224.3,0.70,0.8000,1.0000,0.0218,0.7622,http://commons.wikimedia.org/wiki/Special:FilePath/Michinoeki%20Ailand%20Yubetsu.jpg,44.1307500,143.7192222,Q11641304
410,きたみファミリーランド,北海道,主題樂園,4.0,100,主題樂園,Sapporo Station,221.0,0.70,0.8000,1.0000,0.0221,0.7622,,43.7558101,143.9188439,Q109603910
418,北網圏北見文化センター,北海道,歷史博物館,4.0,100,歷史博物館,Sapporo Station,222.3,0.70,0.8000,1.0000,0.0220,0.7622,http://commons.wikimedia.org/wiki/Special:FilePath/HokumoukenKitamiBunkaCenter.JPG,43.8183333,143.9036111,Q11403934
423,釧路湿原美術館,北海道,纪念博物馆,4.0,100,纪念博物馆,Sapporo Station,227.1,0.70,0.8000,1.0000,0.0215,0.7622,,43.1431190,144.1463100,Q133282721
487,ピアソン記念館,北海道,历史房屋博物馆,4.0,100,历史房屋博物馆,Sapporo Station,220.6,0.70,0.8000,1.0000,0.0222,0.7622,http://commons.wikimedia.org/wiki/Special:FilePath/Pierson%20museum.jpg,43.8064722,143.8868889,Q11331252
515,利尻町立博物館,北海道,地方文化館,4.0,100,地方文化館,Sapporo Station,227.6,0.70,0.8000,1.0000,0.0215,0.7622,,45.1128740,141.2160700,Q132184263
578,阿寒湖畔ビジターセンター,北海道,自然中心,4.0,100,自然中心,Sapporo Station,226.4,0.70,0.8000,1.0000,0.0216,0.7622,,43.4351980,144.1010273,Q133283586
608,金田心象書道美術館,北海道,書法美術館,4.0,100,書法美術館,Sapporo Station,220.6,0.70,0.8000,1.0000,0.0222,0.7622,http://commons.wikimedia.org/wiki/Special:FilePath/Kaneda%20Shinsho%20Calligraphy%20Museum%20190526.jpg,45.0206423,141.8458333,Q135972011
632,北見ハッカ記念館,北海道,博物館,4.0,100,博物館,Sapporo Station,220.8,0.70,0.8000,1.0000,0.0221,0.7622,http://commons.wikimedia.org/wiki/Special:FilePath/Kitami%20mint%20memorial%20museum001.jpg,43.7997222,143.8938889,Q22118516
674,阿寒国際ツルセンター,北海道,博物館,4.0,100,博物館,Sapporo Station,227.3,0.70,0.8000,1.0000,0.0215,0.7622,http://commons.wikimedia.org/wiki/Special:FilePath/Japanse%20kraanvogels%20in%20Akan%20International%20Crane%20Centre%2C%20-24%20februari%202012%20a.jpg,43.1429000,144.1492050,Q123127197
549,Bihoro Aviation Park,北海道,航空博物館,4.0,100,航空博物館,Sapporo Station,235.4,0.70,0.8000,1.0000,0.0208,0.7621,,43.8157724,144.0786635,Q28154110
595,マリモ展示観察センター,北海道,自然中心,4.0,100,自然中心,Sapporo Station,227.6,0.70,0.8000,1.0000,0.0215,0.7621,,43.4695590,144.1081050,Q133283612
654,美幌博物館,北海道,博物館,4.0,100,博物館,Sapporo Station,236.9,0.70,0.8000,1.0000,0.0207,0.7621,,43.8359880,144.0884510,Q104239738
656,オホーツクミュージアムえさし,北海道,博物館,4.0,100,博物館,Sapporo Station,230.3,0.70,0.8000,1.0000,0.0213,0.7621,http://commons.wikimedia.org/wiki/Special:FilePath/OME%20-%20outside.jpg,44.9439940,142.5718960,Q26257945
411,北海道立釧路藝術館,北海道,都道府县立博物馆,4.0,100,都道府县立博物馆,Sapporo Station,246.4,0.70,0.8000,1.0000,0.0199,0.7620,http://commons.wikimedia.org/wiki/Special:FilePath/Kushiro%20Art%20Museum%20Hokkaido%20Japan01s5.jpg,42.9827220,144.3798060,Q11402997
417,釧路市立美術館,北海道,美術館,4.0,100,美術館,Sapporo Station,246.9,0.70,0.8000,1.0000,0.0198,0.7620,http://commons.wikimedia.org/wiki/Special:FilePath/Manabot%20Nusamai%20Kushiro%20Hokkaido%20Japan02n.jpg,42.9780280,144.3860000,Q11648286
451,北見市ところ遺跡の森,北海道,戶外博物館,4.0,100,戶外博物館,Sapporo Station,241.8,0.70,0.8000,1.0000,0.0203,0.7620,http://commons.wikimedia.org/wiki/Special:FilePath/Tokoro%20Site%20%28Tokoro%20Forest%20Park%20of%20Archaeological%20Sites%29.jpg,44.1249390,143.9759850,Q123127795
464,釧路市こども遊学館,北海道,科學博物館,4.0,100,科學博物館,Sapporo Station,246.3,0.70,0.8000,1.0000,0.0199,0.7620,http://commons.wikimedia.org/wiki/Special:FilePath/%E3%81%93%E3%81%A9%E3%82%82%E9%81%8A%E5%AD%A6%E9%A4%A8.jpg,42.9866667,144.3788889,Q11648277
538,ところ遺跡の館,北海道,考古博物館,4.0,100,考古博物館,Sapporo Station,241.6,0.70,0.8000,1.0000,0.0203,0.7620,,44.1251820,143.9732170,Q123127809
552,釧路市立博物館,北海道,市立博物館,4.0,100,市立博物館,Sapporo Station,248.4,0.70,0.8000,1.0000,0.0197,0.7620,http://commons.wikimedia.org/wiki/Special:FilePath/Kushiro%20Museum.jpg,42.9746290,144.4035820,Q11648285
557,港文館,北海道,海事博物館,4.0,100,海事博物館,Sapporo Station,246.6,0.70,0.8000,1.0000,0.0199,0.7620,http://commons.wikimedia.org/wiki/Special:FilePath/Kobunkan%20Kushiro%20Hokkaido%20Japan01bs.jpg,42.9801667,144.3822222,Q11563081
569,浜頓別クッチャロ湖水鳥観察館,北海道,自然中心,4.0,100,自然中心,Sapporo Station,242.0,0.70,0.8000,1.0000,0.0202,0.7620,,45.1245810,142.3460520,Q132160492
615,弟子屈町屈斜路コタンアイヌ民族資料館,北海道,アイヌ博物館,4.0,100,アイヌ博物館,Sapporo Station,248.2,0.70,0.8000,1.0000,0.0197,0.7620,http://commons.wikimedia.org/wiki/Special:FilePath/Teshikaga%20Town%20Kussharo%20Kotan%20Ainu%20Museum.jpg,43.5637222,144.3422500,Q11487391
415,網走市立美術館,北海道,美術館,4.0,100,美術館,Sapporo Station,257.7,0.70,0.8000,1.0000,0.0190,0.7619,http://commons.wikimedia.org/wiki/Special:FilePath/Abashiri%20Municipal%20Art%20Museum01s3.jpg,44.0193330,144.2676390,Q11607218
463,鄂霍次克流冰館,北海道,科學博物館,4.0,100,科學博物館,Sapporo Station,254.9,0.70,0.8000,1.0000,0.0192,0.7619,http://commons.wikimedia.org/wiki/Special:FilePath/Tentozan02.JPG,44.0010560,144.2397780,Q11292382
471,モヨロ貝塚館,北海道,考古博物館,4.0,100,考古博物館,Sapporo Station,258.1,0.70,0.8000,1.0000,0.0190,0.7619,http://commons.wikimedia.org/wiki/Special:FilePath/2013%E5%B9%B44%E6%9C%88%E3%83%A2%E3%83%A8%E3%83%AD%E8%B2%9D%E5%A1%9A%E9%A4%A8.jpg,44.0246600,144.2692440,Q132199866
486,稚內市開基百年記念塔及北方紀念館,北海道,觀光塔,4.0,100,觀光塔,Sapporo Station,262.3,0.70,0.8000,1.0000,0.0187,0.7619,http://commons.wikimedia.org/wiki/Special:FilePath/Exploitation%20100years%20commemoration%20tower.JPG,45.4169170,141.6633330,Q11596338
504,北海道立北方民族博物館,北海道,都道府县立博物馆,4.0,100,都道府县立博物馆,Sapporo Station,254.7,0.70,0.8000,1.0000,0.0193,0.7619,http://commons.wikimedia.org/wiki/Special:FilePath/130713%20Hokkaido%20Museum%20of%20Northern%20Peoples%20Abashiri%20Hokkaido%20Japan02s3.jpg,43.9967500,144.2396670,Q11402956
527,細岡展望台,北海道,觀景台,4.0,100,觀景台,Sapporo Station,251.6,0.70,0.8000,1.0000,0.0195,0.7619,http://commons.wikimedia.org/wiki/Special:FilePath/Kushirositsugen%20Hosooka%20Tenboudai.jpg,43.0981111,144.4493333,Q11605826
541,網走市立郷土博物館,北海道,地方文化館,4.0,100,地方文化館,Sapporo Station,257.8,0.70,0.8000,1.0000,0.0190,0.7619,http://commons.wikimedia.org/wiki/Special:FilePath/Abashiri%20City%20Folk%20Museum01s5.jpg,44.0177222,144.2691111,Q11607220
563,東藻琴乳酪館,北海道,チーズ工場,4.0,100,チーズ工場,Sapporo Station,251.8,0.70,0.8000,1.0000,0.0195,0.7619,http://commons.wikimedia.org/wiki/Special:FilePath/Higashimokoto%20Nyurakukan%202.jpg,43.8383611,144.2849167,Q22337430
574,大鵬相撲紀念館,北海道,體育博物館,4.0,100,體育博物館,Sapporo Station,257.4,0.70,0.8000,1.0000,0.0191,0.7619,,43.6353030,144.4375970,Q11487390
576,濤沸湖水鳥・湿地センター,北海道,自然中心,4.0,100,自然中心,Sapporo Station,261.7,0.70,0.8000,1.0000,0.0187,0.7619,,43.9524730,144.3586230,Q132160326
589,博物館網走監獄,北海道,監獄博物館,4.0,100,監獄博物館,Sapporo Station,253.9,0.70,0.8000,1.0000,0.0193,0.7619,http://commons.wikimedia.org/wiki/Special:FilePath/130713%20Abashiri%20Prison%20Museum%20Abashiri%20Hokkaido%20Japan04n.jpg,43.9956940,144.2292780,Q11409007
596,川湯ビジターセンター,北海道,自然中心,4.0,100,自然中心,Sapporo Station,257.1,0.70,0.8000,1.0000,0.0191,0.7619,http://commons.wikimedia.org/wiki/Special:FilePath/Kawayu%20Eco-Museum%20Center.jpg,43.6366460,144.4337620,Q133283713
597,稚内市樺太記念館,北海道,歷史博物館,4.0,100,歷史博物館,Sapporo Station,261.4,0.70,0.8000,1.0000,0.0188,0.7619,http://commons.wikimedia.org/wiki/Special:FilePath/Wakkanai%20Fukukoichiba%2018-06-02%202.jpg,45.4082160,141.6766420,Q68888166
454,稚内市青少年科学館,北海道,天象儀,4.0,100,天象儀,Sapporo Station,265.7,0.70,0.8000,1.0000,0.0185,0.7618,http://commons.wikimedia.org/wiki/Special:FilePath/Wakkanai%20municipal%20youth%20science%20museum%20and%20NOSHAPPU%20Kan-ryu%20aquarium.JPG,45.4489850,141.6452060,Q132555459
490,稚内市立ノシャップ寒流水族館,北海道,水族館,4.0,100,水族館,Sapporo Station,265.7,0.70,0.8000,1.0000,0.0185,0.7618,http://commons.wikimedia.org/wiki/Special:FilePath/Wakkanai%20municipal%20youth%20science%20museum%20and%20NOSHAPPU%20Kan-ryu%20aquarium.JPG,45.4493333,141.6449167,Q11596319
657,厚岸町太田屯田開拓記念館,北海道,博物館,4.0,100,博物館,Sapporo Station,279.1,0.70,0.8000,1.0000,0.0176,0.7618,,43.0935000,144.7879722,Q55541826
2780,平安名埼燈塔,沖繩縣,觀景台,4.0,100,觀景台,Naha Bus Terminal,277.1,0.70,0.8000,1.0000,0.0177,0.7618,http://commons.wikimedia.org/wiki/Special:FilePath/Miyako%20higashi%20hennazaki%20lighthouse.JPG,24.7194444,125.4686111,Q11060860
2792,宮古島海宝館,沖繩縣,自然歷史博物館,4.0,100,自然歷史博物館,Naha Bus Terminal,279.6,0.70,0.8000,1.0000,0.0176,0.7618,http://commons.wikimedia.org/wiki/Special:FilePath/Miyako%20kaihokan%201.jpg,24.7300280,125.4294170,Q48751932
518,厚岸町郷土館,北海道,地方文化館,4.0,100,地方文化館,Sapporo Station,283.5,0.70,0.8000,1.0000,0.0173,0.7617,,43.0327650,144.8392190,Q105473971
536,開陽台,北海道,觀景台,4.0,100,觀景台,Sapporo Station,291.0,0.70,0.8000,1.0000,0.0169,0.7617,http://commons.wikimedia.org/wiki/Special:FilePath/Kaiyodai%202.jpg,43.6130560,144.8705560,Q11655331
553,厚岸町海事記念館,北海道,海事博物館,4.0,100,海事博物館,Sapporo Station,284.2,0.70,0.8000,1.0000,0.0173,0.7617,http://commons.wikimedia.org/wiki/Special:FilePath/Akkeshi%20Maritime%20Museum.jpg,43.0511960,144.8491270,Q104239410
567,厚岸水鳥観察館,北海道,自然中心,4.0,100,自然中心,Sapporo Station,285.2,0.70,0.8000,1.0000,0.0172,0.7617,,43.0967360,144.8627630,Q132160473
623,中標津町郷土館,北海道,博物館,4.0,100,博物館,Sapporo Station,297.8,0.70,0.8000,1.0000,0.0165,0.7617,,43.5535040,144.9707800,Q11366289
664,斜里町立知床博物館,北海道,博物館,4.0,100,博物館,Sapporo Station,283.9,0.70,0.8000,1.0000,0.0173,0.7617,http://commons.wikimedia.org/wiki/Special:FilePath/Shiretoko%20Museum%20-%20entrance.jpg,43.9131670,144.6729840,Q26257944
2763,上野德國文化村,沖繩縣,主題公園,4.0,100,主題公園,Naha Bus Terminal,289.0,0.70,0.8000,1.0000,0.0170,0.7617,http://commons.wikimedia.org/wiki/Special:FilePath/Uenodoitsubunkamura.jpg,24.7193361,125.3226472,Q10947551
2797,宮古島市総合博物館,沖繩縣,市立博物館,4.0,100,市立博物館,Naha Bus Terminal,284.5,0.70,0.8000,1.0000,0.0173,0.7617,http://commons.wikimedia.org/wiki/Special:FilePath/Miyako%20paantou.jpg,24.7964680,125.3177170,Q30593667
444,標津鮭魚科學館,北海道,水族館,4.0,100,水族館,Sapporo Station,311.4,0.70,0.8000,1.0000,0.0158,0.7616,http://commons.wikimedia.org/wiki/Special:FilePath/Shibetsu%20Salmon%20Museum.JPG,43.6600830,145.1161390,Q11542208
514,羅臼町郷土資料館,北海道,地方文化館,4.0,100,地方文化館,Sapporo Station,315.2,0.70,0.8000,1.0000,0.0156,0.7616,http://commons.wikimedia.org/wiki/Special:FilePath/Luminous%20moss%20in%20Makkausu%20Cave%2C%20Rausu%2C%20Hokkaido.JPG,43.8806836,145.0936291,Q85796118
565,知床世界遺產中心,北海道,遊客中心,4.0,100,遊客中心,Sapporo Station,313.7,0.70,0.8000,1.0000,0.0157,0.7616,http://commons.wikimedia.org/wiki/Special:FilePath/Shiretoko%20World%20Heritage%20Conservation%20Center01n.jpg,44.0695000,144.9911940,Q11584569
631,北方領土館,北海道,博物館,4.0,100,博物館,Sapporo Station,312.7,0.70,0.8000,1.0000,0.0157,0.7616,http://commons.wikimedia.org/wiki/Special:FilePath/Shibetsu%20Town%20Northern%20Territories%20Museum.JPG,43.6627650,145.1320290,Q132197073
484,羅臼國後展望塔,北海道,觀景台,4.0,100,觀景台,Sapporo Station,326.6,0.70,0.8000,1.0000,0.0151,0.7615,http://commons.wikimedia.org/wiki/Special:FilePath/Rausu%20Kunashiri%20Observatory%20Deck%202.jpg,44.0156111,145.1863333,Q22341618
533,別海北方展望塔,北海道,觀光塔,4.0,100,觀光塔,Sapporo Station,318.7,0.70,0.8000,1.0000,0.0154,0.7615,,43.5333400,145.2368700,Q132197013
474,望郷の塔,北海道,觀光塔,4.0,100,觀光塔,Sapporo Station,362.8,0.70,0.8000,1.0000,0.0136,0.7614,http://commons.wikimedia.org/wiki/Special:FilePath/Hokkaido%20pref%20road%20No35%20Nosappu%20Cape.jpg,43.3850830,145.8083890,Q11517161
528,北方館・望郷の家,北海道,博物館,4.0,100,博物館,Sapporo Station,363.1,0.70,0.8000,1.0000,0.0136,0.7614,http://commons.wikimedia.org/wiki/Special:FilePath/Hoppo-kan%20and%20Bokyo-no-ie%2001.jpg,43.3861730,145.8117197,Q132197172
581,北海道立北方四島交流センター,北海道,遊客中心,4.0,100,遊客中心,Sapporo Station,341.4,0.70,0.8000,1.0000,0.0144,0.7614,,43.3120380,145.5493610,Q132197139
660,根室市北方領土資料館,北海道,博物館,4.0,100,博物館,Sapporo Station,363.1,0.70,0.8000,1.0000,0.0136,0.7614,,43.3849810,145.8114590,Q132197023
663,根室市歴史と自然の資料館,北海道,博物館,4.0,100,博物館,Sapporo Station,344.6,0.70,0.8000,1.0000,0.0143,0.7614,,43.2887000,145.5903000,Q104847273
2783,多良間村ふるさと民俗学習館,沖繩縣,地方文化館,4.0,100,地方文化館,Naha Bus Terminal,345.1,0.70,0.8000,1.0000,0.0143,0.7614,,24.6702950,124.6961490,Q132561356
3951,奄美PARK,鹿兒島縣,主題公園,4.0,100,主題公園,Kagoshima-Chuo Station,361.5,0.70,0.8000,1.0000,0.0136,0.7614,http://commons.wikimedia.org/wiki/Special:FilePath/Amami%20Park.jpg,28.4166670,129.6944440,Q11444846
3969,田中一村記念美術館,鹿兒島縣,美術館,4.0,100,美術館,Kagoshima-Chuo Station,361.3,0.70,0.8000,1.0000,0.0136,0.7614,http://commons.wikimedia.org/wiki/Special:FilePath/Isson%20Tanaka%20Memorial%20Art%20Museum.jpg,28.4180790,129.6942240,Q123366330
3956,喜界町埋蔵文化財センター,鹿兒島縣,埋藏文化財中心,4.0,100,埋藏文化財中心,Kagoshima-Chuo Station,367.3,0.70,0.8000,1.0000,0.0134,0.7613,,28.3180000,129.9693810,Q132913152
3958,原野農芸博物館,鹿兒島縣,農業博物館,4.0,100,農業博物館,Kagoshima-Chuo Station,386.8,0.70,0.8000,1.0000,0.0128,0.7613,http://commons.wikimedia.org/wiki/Special:FilePath/Amami%20Island%20%28Harano%20Nogei%20Museum%29.jpg,28.2459320,129.4099600,Q123483310
4001,宇検村生涯学習センター｢元気の出る館｣,鹿兒島縣,博物館,4.0,100,博物館,Kagoshima-Chuo Station,386.9,0.70,0.8000,1.0000,0.0128,0.7613,,28.2752590,129.2963240,Q132154097
4002,奄美市立奄美博物館,鹿兒島縣,博物館,4.0,100,博物館,Kagoshima-Chuo Station,368.3,0.70,0.8000,1.0000,0.0134,0.7613,http://commons.wikimedia.org/wiki/Special:FilePath/Amami%20Museum%20by%20countermeasures%20COVID-19%28attention%20sign%20board%29.jpg,28.3981700,129.4944960,Q127416248
2754,具志堅用高記念館,沖繩縣,體育博物館,4.0,100,體育博物館,Naha Bus Terminal,411.2,0.70,0.8000,1.0000,0.0120,0.7612,http://commons.wikimedia.org/wiki/Special:FilePath/Ishigaki%20gushiken%20yoko%20museum.jpg,24.3498060,124.1461670,Q11393732
2764,石垣八重山民俗村,沖繩縣,主題公園,4.0,100,主題公園,Naha Bus Terminal,408.2,0.70,0.8000,1.0000,0.0121,0.7612,http://commons.wikimedia.org/wiki/Special:FilePath/%E7%9F%B3%E5%9E%A3%E3%82%84%E3%81%84%E3%81%BE%E6%9D%91%20-%20panoramio.jpg,24.4043330,124.1443610,Q11585382
2773,みんさー工芸館,沖繩縣,織物博物館,4.0,100,織物博物館,Naha Bus Terminal,409.5,0.70,0.8000,1.0000,0.0121,0.7612,,24.3416450,124.1709060,Q132157350
2774,大濱信泉記念館,沖繩縣,人物紀念館,4.0,100,人物紀念館,Naha Bus Terminal,410.8,0.70,0.8000,1.0000,0.0120,0.7612,http://commons.wikimedia.org/wiki/Special:FilePath/Ohama%20Nobumoto%20Memorial%20Hall01s3s4380.jpg,24.3360280,124.1596670,Q48756878
2779,石垣市立八重山博物館,沖繩縣,博物館,4.0,100,博物館,Naha Bus Terminal,410.6,0.70,0.8000,1.0000,0.0120,0.7612,http://commons.wikimedia.org/wiki/Special:FilePath/Yaeyama%20Museum%2C%20Ishigaki%2C%20Japan.JPG,24.3380000,124.1600000,Q19459000
2784,八重山平和祈念館,沖繩縣,和平博物館,4.0,100,和平博物館,Naha Bus Terminal,411.2,0.70,0.8000,1.0000,0.0120,0.7612,,24.3492720,124.1461130,Q133054629
2796,なごみの塔,沖繩縣,觀光塔,4.0,100,觀光塔,Naha Bus Terminal,417.5,0.70,0.8000,1.0000,0.0118,0.7612,http://commons.wikimedia.org/wiki/Special:FilePath/Nagomi%20no%20Tou%2001.jpg,24.3307220,124.0855280,Q11274224
3963,瀬戸内町立郷土館,鹿兒島縣,地方文化館,4.0,100,地方文化館,Kagoshima-Chuo Station,400.8,0.70,0.8000,1.0000,0.0123,0.7612,,28.1380850,129.3202650,Q127429346
2750,西表野生生物保護中心,沖繩縣,博物館,4.0,100,博物館,Naha Bus Terminal,433.0,0.70,0.8000,1.0000,0.0114,0.7611,http://commons.wikimedia.org/wiki/Special:FilePath/Iriomote%20wildlife%20conservation%20centre.jpg,24.3308333,123.9088889,Q60986412
1393,チンクエチェント博物館,山形縣,博物館,4.0,100,博物館,Yamagata Station,494.4,0.70,0.8000,1.0000,0.0100,0.7610,,34.7152220,136.9703000,Q11318554
2793,DiDi与那国交流館,沖繩縣,博物館,4.0,100,博物館,Naha Bus Terminal,507.8,0.70,0.8000,1.0000,0.0098,0.7610,,24.4691140,123.0086750,Q132157338
3975,和泊町歴史民俗資料館,鹿兒島縣,地方文化館,4.0,100,地方文化館,Kagoshima-Chuo Station,502.1,0.70,0.8000,1.0000,0.0099,0.7610,,27.3904680,128.6147570,Q132153980
701,ジャンピン・ジェリーフィッシュ,千葉縣,機動遊戲,4.0,100,機動遊戲,Chiba Station,8828.8,0.70,0.8000,1.0000,0.0006,0.7601,http://commons.wikimedia.org/wiki/Special:FilePath/Jumpin%20Jellyfish.jpg,33.8060400,-117.9226800,Q1929942
