id,name,region,category,google_rating,review_count,interest_tags,station_anchor,distance_to_station_km,interest_match,rating_norm,review_norm,station_distance_efficiency,xai_score,image_url,lat,lng,source_id,google_name_matched
2543,東京鐵塔,東京都,觀光景點,4.5,95720,觀光景點,Tokyo Station,3.2,0.70,0.9000,0.9619,0.6114,0.8497,http://commons.wikimedia.org/wiki/Special:FilePath/Tokyo%20Tower%202023.jpg,35.6586111,139.7455556,Q183536,東京タワー
1874,廣島和平紀念資料館,廣島縣,和平博物館,4.7,28477,和平博物館,Hiroshima Station,2.2,0.70,0.9400,0.8602,0.6991,0.8440,http://commons.wikimedia.org/wiki/Special:FilePath/Hiroshima%20Peace%20Memorial%20Museum%202008%2001.JPG,34.3914722,132.4530556,Q1200076,広島平和記念資料館
1034,日本環球影城,大阪府,主題公園,4.5,150796,主題公園,Osaka Station,7.1,0.70,0.9000,1.0000,0.4124,0.8412,http://commons.wikimedia.org/wiki/Special:FilePath/Harry%20Potter%20and%20the%20Forbidden%20Journey%20USJ.JPG,34.6647000,135.4330000,Q1375103,ユニバーサル・スタジオ・ジャパン
999,大阪城天守閣,大阪府,天守,4.4,94489,天守,Osaka Station,3.2,0.70,0.8800,0.9608,0.6083,0.8411,http://commons.wikimedia.org/wiki/Special:FilePath/Osaka%20Castle%20Nishinomaru%20Garden%20April%202005.JPG,34.6872869,135.5258696,Q96338884,大阪城
2581,淺草寺,東京都,佛寺,4.5,93955,佛寺,Tokyo Station,4.6,0.70,0.9000,0.9603,0.5225,0.8404,http://commons.wikimedia.org/wiki/Special:FilePath/Sensoji%202023.jpg,35.7145556,139.7966389,Q615183,浅草寺
2528,東京晴空塔,東京都,廣播塔,4.4,113298,廣播塔,Tokyo Station,5.1,0.70,0.8800,0.9760,0.4960,0.8344,http://commons.wikimedia.org/wiki/Special:FilePath/Tokyo%20Skytree%202023.jpg,35.7100556,139.8107222,Q57965,東京スカイツリー
2440,太鼓館,東京都,音楽博物館,4.9,18135,音楽博物館,Tokyo Station,4.1,0.70,0.9800,0.8224,0.5511,0.8338,http://commons.wikimedia.org/wiki/Special:FilePath/Miyamoto%20Unosuke-4.jpg,35.7118630,139.7917830,Q104698257,Samurai Ninja Museum Asakusa Tokyo
138,梅小路蒸汽機關車館,京都府,建築物,4.5,19276,建築物,Kyoto Station,1.4,0.70,0.9000,0.8275,0.7755,0.8258,http://commons.wikimedia.org/wiki/Special:FilePath/Umekoji%20SL%20museum%20002%20JPN.jpg,34.9872000,135.7430000,Q1049901,京都鉄道博物館
2558,森ビル デジタルアート ミュージアム：エプソン チームラボボーダレス,東京都,美術館,4.6,27775,美術館,Tokyo Station,3.3,0.70,0.9200,0.8581,0.6033,0.8258,http://commons.wikimedia.org/wiki/Special:FilePath/TeamLab%20Borderless%20Azabudai%20Hills.jpg,35.6608823,139.7406572,Q131314431,森ビル デジタルアート ミュージアム：エプソン チームラボボーダレス
104,京都鐵道博物館,京都府,建築物,4.5,19276,建築物,Kyoto Station,1.5,0.70,0.9000,0.8275,0.7700,0.8252,http://commons.wikimedia.org/wiki/Special:FilePath/Kyoto%20Railway%20Museum%2C%20enkei.jpg,34.9872222,135.7425000,Q24014029,京都鉄道博物館
2489,明治神宫,東京都,神宮,4.6,49633,神宮,Tokyo Station,6.2,0.70,0.9200,0.9068,0.4479,0.8248,http://commons.wikimedia.org/wiki/Special:FilePath/Courtyard%20of%20Meiji%20Shrine%2020190717.jpg,35.6761111,139.6991667,Q287165,明治神宮
2217,豐田產業技術紀念館,愛知縣,科技博物館,4.6,13146,科技博物館,Nagoya Station,1.5,0.70,0.9200,0.7954,0.7745,0.8241,http://commons.wikimedia.org/wiki/Special:FilePath/Toyota%20tecno%20museum.jpg,35.1832000,136.8760000,Q7830774,トヨタ産業技術記念館
744,東京迪士尼樂園,千葉縣,觀光景點,4.6,122668,觀光景點,Chiba Station,21.1,0.70,0.9200,0.9827,0.1913,0.8219,http://commons.wikimedia.org/wiki/Special:FilePath/Tokyo%20Disneyland%20Cinderella%20Castle%202023-07-02.jpg,35.6327778,139.8805556,Q843997,東京ディズニーランド
743,東京迪士尼度假區,千葉縣,主題樂園,4.6,108151,主題樂園,Chiba Station,20.9,0.70,0.9200,0.9721,0.1930,0.8189,http://commons.wikimedia.org/wiki/Special:FilePath/A8%20Tokyo%20Disneyland.jpg,35.6297222,139.8827778,Q605492,東京ディズニーリゾート
2666,雷門,東京都,総門,4.5,36955,総門,Tokyo Station,4.2,0.70,0.9000,0.8821,0.5407,0.8187,http://commons.wikimedia.org/wiki/Special:FilePath/Kaminarimon%20%28outer%20gate%29%2C%20Sensoji%20Temple%2C%20Akakusa%2C%20Tokyo.jpg,35.7111333,139.7963250,Q2378708,雷門
81,京都塔,京都府,觀光塔,4.2,17689,觀光塔,Kyoto Station,0.2,0.70,0.8400,0.8203,0.9630,0.8184,http://commons.wikimedia.org/wiki/Special:FilePath/Kyoto%20Tower%202023-12%20ac%20%281%29.jpg,34.9875000,135.7591667,Q1201304,ニデック京都タワー
1045,海遊館,大阪府,水族館,4.5,57755,水族館,Osaka Station,8.1,0.70,0.9000,0.9195,0.3809,0.8139,http://commons.wikimedia.org/wiki/Special:FilePath/Osaka%20Kaiyukan01s3872.jpg,34.6544722,135.4288889,Q1191885,海遊館
2418,国立科学博物馆,東京都,國立博物館,4.5,28525,國立博物館,Tokyo Station,4.0,0.70,0.9000,0.8604,0.5557,0.8137,http://commons.wikimedia.org/wiki/Special:FilePath/NMNC01s3200.jpg,35.7163190,139.7765440,Q74940,国立科学博物館
2518,東京國立博物館,東京都,國立博物館,4.5,30055,國立博物館,Tokyo Station,4.3,0.70,0.9000,0.8647,0.5391,0.8133,http://commons.wikimedia.org/wiki/Special:FilePath/Tokyo%20National%20Museum%2C%20Honkan%202010.jpg,35.7188889,139.7763889,Q653433,東京国立博物館
3707,睡魔之家WARASSE,青森縣,山車会館,4.3,9707,山車会館,Aomori Station,0.2,0.70,0.8600,0.7700,0.9695,0.8119,http://commons.wikimedia.org/wiki/Special:FilePath/Nebuta%20Museum%20Wa%20Rasse%2020200621.jpg,40.8295556,140.7359444,Q11275091,ねぶたの家 ワ･ラッセ
577,札幌啤酒博物館,北海道,啤酒博物館,4.3,17378,啤酒博物館,Sapporo Station,1.5,0.70,0.8600,0.8188,0.7685,0.8065,http://commons.wikimedia.org/wiki/Special:FilePath/Sapporo%20Beer%20Museum.JPG,43.0716667,141.3688889,Q1055944,サッポロビール博物館
2326,SHIBUYA SKY,東京都,觀景台,4.6,24423,觀景台,Tokyo Station,6.4,0.70,0.9200,0.8473,0.4394,0.8061,http://commons.wikimedia.org/wiki/Special:FilePath/Shibuya%20Scramble%20Square%20-%20SHIBUYA%20SKY%2012.jpg,35.6584620,139.7022640,Q116281743,SHIBUYA SKY
2100,名古屋市科學館,愛知縣,科學博物館,4.4,13216,科學博物館,Nagoya Station,1.8,0.70,0.8800,0.7958,0.7368,0.8044,http://commons.wikimedia.org/wiki/Special:FilePath/Low%20frequency%20antennas%20at%20Nagoya%20City%20Science%20Museum.jpg,35.1647722,136.8996667,Q11415016,ＦＵＪＩなごや科学館
972,ハルカス300,大阪府,觀景台,4.6,22086,觀景台,Osaka Station,6.5,0.70,0.9200,0.8389,0.4352,0.8032,http://commons.wikimedia.org/wiki/Special:FilePath/Abeno%20Harukas%20SKY%20GARDEN%20300.jpg,34.6459798,135.5135227,Q118213997,ハルカス300（展望台）
205,BE KOBE,兵庫縣,雕塑,4.3,12008,雕塑,Kobe Station,1.0,0.70,0.8600,0.7878,0.8280,0.8031,http://commons.wikimedia.org/wiki/Special:FilePath/BE%20KOBE%2020190216.jpg,34.6812780,135.1892500,Q116944054,メリケンパーク
3517,长崎原爆资料馆,長崎縣,軍事博物館,4.5,10640,軍事博物館,Nagasaki Station,2.4,0.70,0.9000,0.7777,0.6796,0.8013,http://commons.wikimedia.org/wiki/Special:FilePath/%E9%95%B7%E5%B4%8E%E5%8E%9F%E7%88%86%E8%B3%87%E6%96%99%E9%A4%A8%20-%20panoramio.jpg,32.7726528,129.8645139,Q1099077,長崎原爆資料館
3483,國立長崎原爆死歿者追悼和平祈念館,長崎縣,和平博物館,4.5,10640,和平博物館,Nagasaki Station,2.4,0.70,0.9000,0.7777,0.6793,0.8012,http://commons.wikimedia.org/wiki/Special:FilePath/Nagasaki%20peace%20memorial%20hall.jpg,32.7727778,129.8650000,Q133628,長崎原爆資料館
99,京都水族館,京都府,水族館,4.2,14230,水族館,Kyoto Station,1.0,0.70,0.8400,0.8020,0.8281,0.7994,http://commons.wikimedia.org/wiki/Special:FilePath/Kyoto%20Aquarium%20in%202013-5-2%20No%2C27.JPG,34.9875560,135.7476110,Q11375621,京都水族館
66,チームラボ バイオヴォルテックス 京都,京都府,現代美術館,4.6,3085,現代美術館,Kyoto Station,0.6,0.70,0.9200,0.6738,0.8918,0.7993,,34.9837070,135.7649480,Q137773108,チームラボ バイオヴォルテックス 京都 - 大成建設
2422,國立新美術館,東京都,國立博物館,4.4,21503,國立博物館,Tokyo Station,4.1,0.70,0.8800,0.8367,0.5503,0.7980,http://commons.wikimedia.org/wiki/Special:FilePath/2018%20National%20Art%20Center%2C%20Tokyo%202.jpg,35.6652800,139.7263400,Q1362638,国立新美術館
1875,廣島城,廣島縣,日式城堡,4.2,17602,日式城堡,Hiroshima Station,1.6,0.70,0.8400,0.8199,0.7577,0.7977,http://commons.wikimedia.org/wiki/Special:FilePath/HiroshimaCastle.jpg,34.4027500,132.4590278,Q41977,広島城
2795,沖繩美麗海水族館,沖繩縣,水族館,4.6,70417,水族館,Naha Bus Terminal,57.1,0.70,0.9200,0.9361,0.0805,0.7969,http://commons.wikimedia.org/wiki/Special:FilePath/%E6%B2%96%E7%B8%84%E7%BE%8E%E3%82%89%E6%B5%B7%E6%B0%B4%E6%97%8F%E9%A4%A8%EF%BC%BF%E5%A4%A7.jpg,26.6943889,127.8779444,Q1445750,沖縄美ら海水族館
353,神戶港塔,兵庫縣,觀光塔,4.2,11263,觀光塔,Kobe Station,0.9,0.70,0.8400,0.7824,0.8545,0.7962,http://commons.wikimedia.org/wiki/Special:FilePath/Kobe%20port%20tower12s3200.jpg,34.6825000,135.1866667,Q798766,神戸ポートタワー
352,神戶海洋博物館,兵庫縣,海事博物館,4.2,11263,海事博物館,Kobe Station,1.0,0.70,0.8400,0.7824,0.8328,0.7940,http://commons.wikimedia.org/wiki/Special:FilePath/Hayate01s3200.jpg,34.6827778,135.1883333,Q5364119,神戸ポートタワー
3074,橫濱鋼彈工廠,神奈川縣,主題公園,4.5,11491,主題公園,Yokohama Station,3.6,0.70,0.9000,0.7841,0.5832,0.7935,http://commons.wikimedia.org/wiki/Special:FilePath/GUNDAM%20FACTORY%20YOKOHAMA%202023.jpg,35.4467110,139.6540782,Q105438533,GUNDAM FACTORY YOKOHAMA
2588,澀谷路口,東京都,觀光景點,4.5,20201,觀光景點,Tokyo Station,6.5,0.70,0.9000,0.8314,0.4356,0.7930,http://commons.wikimedia.org/wiki/Special:FilePath/Shibuya%20scramble%20crossing%20during%20Halloween%202023%2C%20actually%20less%20crowded%20than%20usual%2C%20high%20police%20presence%202.jpg,35.6595028,139.7005444,Q21083961,区渋谷交差点
2499,普利司通美術館,東京都,美術館,4.5,2975,美術館,Tokyo Station,0.5,0.70,0.9000,0.6708,0.9079,0.7920,http://commons.wikimedia.org/wiki/Special:FilePath/Artizon%20Museum%20lobby%20view%20201912.jpg,35.6788889,139.7719444,Q913808,アーティゾン美術館
2570,江戶東京博物館,東京都,博物馆建筑,4.4,12982,博物馆建筑,Tokyo Station,3.1,0.70,0.8800,0.7943,0.6161,0.7919,http://commons.wikimedia.org/wiki/Special:FilePath/Edo-Tokyo%20Museum.jpg,35.6963890,139.7960830,Q1191042,江戸東京博物館
2475,日本國立西洋美術館,東京都,博物馆建筑,4.5,11618,博物馆建筑,Tokyo Station,3.9,0.70,0.9000,0.7850,0.5631,0.7918,http://commons.wikimedia.org/wiki/Special:FilePath/National%20museum%20of%20western%20art05s3200.jpg,35.7153567,139.7758498,Q1362629,国立西洋美術館
2362,三菱一號館美術館,東京都,美術館,4.4,3682,美術館,Tokyo Station,0.5,0.70,0.8800,0.6887,0.9141,0.7900,http://commons.wikimedia.org/wiki/Special:FilePath/Mitsubishi%20Ichigokan%20Museum.JPG,35.6783550,139.7632550,Q3815458,三菱一号館美術館
958,HEP NAVIO,大阪府,複合商業設施,4.0,12282,複合商業設施,Osaka Station,0.4,0.70,0.8000,0.7897,0.9299,0.7899,http://commons.wikimedia.org/wiki/Special:FilePath/Osaka%2C%20hep%20navio%2001.jpg,34.7032214,135.4999319,Q138666212,HEP FIVE
474,北海道大學綜合博物館,北海道,大學博物館,4.5,3212,大學博物館,Sapporo Station,0.8,0.70,0.9000,0.6772,0.8563,0.7888,http://commons.wikimedia.org/wiki/Special:FilePath/The%20Hokkaido%20University%20Museum.png,43.0722222,141.3416667,Q18339280,北海道大学総合博物館
78,京都國立博物館,京都府,國立博物館,4.3,8077,國立博物館,Kyoto Station,1.4,0.70,0.8600,0.7545,0.7830,0.7887,http://commons.wikimedia.org/wiki/Special:FilePath/Kyoto%20National%20Museum%202009.jpg,34.9899930,135.7731210,Q147286,京都国立博物館
956,HEP,大阪府,複合商業設施,4.0,12282,複合商業設施,Osaka Station,0.4,0.70,0.8000,0.7897,0.9178,0.7887,http://commons.wikimedia.org/wiki/Special:FilePath/TOHO%20CINEMAS%20Umeda%20in%20201409.JPG,34.7040028,135.5004466,Q751156,HEP FIVE
957,HEP FIVE,大阪府,購物中心,4.0,12282,購物中心,Osaka Station,0.5,0.70,0.8000,0.7897,0.9169,0.7886,http://commons.wikimedia.org/wiki/Special:FilePath/HEP-FIVE%20in%20201409%20001.JPG,34.7040826,135.5004685,Q138666211,HEP FIVE
3508,長崎和平博物館,長崎縣,和平博物館,4.2,12405,和平博物館,Nagasaki Station,1.8,0.70,0.8400,0.7905,0.7374,0.7869,,32.7362222,129.8681944,Q11323718,グラバー園
2357,ワーナー ブラザース スタジオツアー東京 - メイキング・オブ ハリー・ポッター,東京都,テーマパーク,4.7,15426,テーマパーク,Tokyo Station,13.1,0.70,0.9400,0.8088,0.2761,0.7863,http://commons.wikimedia.org/wiki/Special:FilePath/Warner%20Bros.%20Studio%20Tour%20Tokyo%20entrance%20%282%29%202023-08-17.jpg,35.7450000,139.6450000,Q117148543,ワーナー ブラザース スタジオツアー東京 - メイキング・オブ・ハリー・ポッター
219,モザイクガーデン,兵庫縣,主題樂園,4.2,6479,主題樂園,Kobe Station,0.6,0.70,0.8400,0.7361,0.8874,0.7856,http://commons.wikimedia.org/wiki/Special:FilePath/Mozaic-garden007.jpg,34.6785560,135.1849440,Q11344287,神戸ハーバーランドumie モザイク
3482,哥拉巴園,長崎縣,戶外博物館,4.2,12405,戶外博物館,Nagasaki Station,2.0,0.70,0.8400,0.7905,0.7173,0.7849,http://commons.wikimedia.org/wiki/Special:FilePath/Nagasaki-Glover-Garden-5415.jpg,32.7344444,129.8688889,Q63465,グラバー園
588,札幌市鐘樓,北海道,多功能大厅,3.9,17131,多功能大厅,Sapporo Station,0.7,0.70,0.7800,0.8176,0.8745,0.7847,http://commons.wikimedia.org/wiki/Special:FilePath/20200119%20Sapporo%20Clock%20Tower.jpg,43.0626020,141.3536810,Q1140619,札幌市時計台
2519,東京國立近代美術館,東京都,國立博物館,4.3,7375,國立博物館,Tokyo Station,1.5,0.70,0.8600,0.7469,0.7654,0.7846,http://commons.wikimedia.org/wiki/Special:FilePath/National%20Museum%20of%20Modern%20Art%20Tokyo.jpg,35.6905530,139.7546420,Q1359908,東京国立近代美術館
3066,橫濱宇宙樂園,神奈川縣,主題樂園,4.2,10335,主題樂園,Yokohama Station,1.8,0.70,0.8400,0.7752,0.7396,0.7825,http://commons.wikimedia.org/wiki/Special:FilePath/Yokohama-Japon112.JPG,35.4552030,139.6366810,Q11262875,よこはまコスモワールド
1058,通天閣,大阪府,觀光塔,4.1,41315,觀光塔,Osaka Station,5.7,0.70,0.8200,0.8914,0.4687,0.7823,http://commons.wikimedia.org/wiki/Special:FilePath/New%20Tsutenkaku%20in%20201409%20003.JPG,34.6522222,135.5061111,Q1148463,通天閣
2542,東京都美術館,東京都,美術館,4.3,15664,美術館,Tokyo Station,4.0,0.70,0.8600,0.8101,0.5532,0.7823,http://commons.wikimedia.org/wiki/Special:FilePath/Tokyo%20metropolitan%20art%20museum01%201920.jpg,35.7172000,139.7730000,Q864957,東京都美術館
356,神戶麵包超人兒童博物館暨購物中心,兵庫縣,兒童博物館,4.1,7823,兒童博物館,Kobe Station,0.6,0.70,0.8200,0.7519,0.8867,0.7822,http://commons.wikimedia.org/wiki/Special:FilePath/130720%20Kobe%20Anpanman%20Children%27s%20Museum%20%26%20Mall%20Kobe%20Japan01s3.jpg,34.6786000,135.1850000,Q11589733,神戸アンパンマンこどもミュージアム＆モール
1084,奈良国立博物馆,奈良縣,國立博物館,4.4,5055,國立博物館,Nara Station,1.6,0.70,0.8800,0.7152,0.7521,0.7818,http://commons.wikimedia.org/wiki/Special:FilePath/140927%20Nara%20National%20Museum%20Nara%20Japan03bs5.jpg,34.6837000,135.8364000,Q147312,奈良国立博物館
959,Kids Plaza大阪,大阪府,兒童博物館,4.4,4181,兒童博物館,Osaka Station,1.3,0.70,0.8800,0.6993,0.7892,0.7807,http://commons.wikimedia.org/wiki/Special:FilePath/Headquarter%20of%20Kansai%20Telecasting%20Corporation.jpg,34.7046970,135.5102670,Q11296794,キッズプラザ大阪
2108,名古屋港水族館,愛知縣,水族館,4.4,22854,水族館,Nagoya Station,8.9,0.70,0.8800,0.8418,0.3588,0.7804,http://commons.wikimedia.org/wiki/Special:FilePath/Port%20of%20Nagoya%20Public%20Aquarium%20Exterior%20%281%29%2C%20Minato-machi%20Minato%20Ward%20Nagoya%202022.jpg,35.0906000,136.8782000,Q7231211,名古屋港水族館
2491,明治神宮外苑,東京都,觀光景點,4.3,15321,觀光景點,Tokyo Station,4.4,0.70,0.8600,0.8082,0.5306,0.7795,http://commons.wikimedia.org/wiki/Special:FilePath/Jingu%20Gaien%20Ginkgo%20Street%20in%20Autumn%204.jpg,35.6775000,139.7183333,Q6631448,明治神宮外苑
2514,東京ステーションギャラリー,東京都,美術館,4.3,2420,美術館,Tokyo Station,0.0,0.70,0.8600,0.6535,0.9935,0.7794,http://commons.wikimedia.org/wiki/Special:FilePath/Tokyo%20station%20gallery.jpg,35.6809580,139.7673060,Q115265693,東京ステーションギャラリー
3018,宇宙時鐘21,神奈川縣,摩天輪,4.5,3519,摩天輪,Yokohama Station,1.8,0.70,0.9000,0.6849,0.7390,0.7794,http://commons.wikimedia.org/wiki/Special:FilePath/CosmoClock21%202006-05-21.JPG,35.4554000,139.6370000,Q843426,コスモクロック21
3075,橫濱麵包超人兒童博物館暨購物中心,神奈川縣,商場,4.0,9585,商場,Yokohama Station,0.6,0.70,0.8000,0.7689,0.8853,0.7792,http://commons.wikimedia.org/wiki/Special:FilePath/Yokohama%20Anpanman%20Children%27s%20Museum%202019%20-%2003.jpg,35.4630556,139.6287222,Q2496472,横浜アンパンマンこどもミュージアム
2526,東京巨蛋城,東京都,家庭娛樂中心,4.3,10413,家庭娛樂中心,Tokyo Station,3.0,0.70,0.8600,0.7758,0.6222,0.7790,http://commons.wikimedia.org/wiki/Special:FilePath/TokyoDome8945.jpg,35.7056000,139.7520000,Q564554,東京ドームシティ
1952,阿波銀プラザ,德島縣,美術館,4.2,4556,美術館,Tokushima Station,0.6,0.70,0.8400,0.7065,0.8979,0.7777,http://commons.wikimedia.org/wiki/Special:FilePath/Awagin-Plaza.jpeg,34.0703060,134.5470000,Q11657578,阿波おどり会館
1223,富山市玻璃美術館,富山縣,美術館,4.2,7288,美術館,Toyama Station,1.4,0.70,0.8400,0.7459,0.7758,0.7774,http://commons.wikimedia.org/wiki/Special:FilePath/TOYAMA%E3%82%AD%E3%83%A9%E3%83%AA.jpg,36.6885830,137.2147500,Q21653817,富山市ガラス美術館
1019,大阪生活今昔館,大阪府,博物館,4.2,8081,博物館,Osaka Station,1.7,0.70,0.8400,0.7546,0.7480,0.7772,http://commons.wikimedia.org/wiki/Special:FilePath/Osaka%20Museum%20of%20Housing%20and%20Living%20in%202013.jpg,34.7103060,135.5116940,Q11439926,大阪市立住まいのミュージアム「大阪くらしの今昔館」
2080,則武之森,愛知縣,庭園,4.1,7815,庭園,Nagoya Station,1.0,0.70,0.8200,0.7518,0.8337,0.7769,http://commons.wikimedia.org/wiki/Special:FilePath/Noritake%20Garden02%2C%20Nishi%20Ward%20Nagoya%202014.jpg,35.1798680,136.8815860,Q7051341,ノリタケの森
1951,阿波舞會館,德島縣,舞蹈博物館,4.2,4556,舞蹈博物館,Tokushima Station,0.7,0.70,0.8400,0.7065,0.8766,0.7756,http://commons.wikimedia.org/wiki/Special:FilePath/Awa-dance%20memorial%20hall01s3200.jpg,34.0702778,134.5450000,Q4829638,阿波おどり会館
3999,鹿兒島水族館,鹿兒島縣,水族館,4.3,7570,水族館,Kagoshima-Chuo Station,2.6,0.70,0.8600,0.7491,0.6573,0.7745,http://commons.wikimedia.org/wiki/Special:FilePath/Kagoshima%20Aquarium%202013-08A.JPG,31.5959720,130.5644440,Q11259022,いおワールドかごしま水族館
1147,仙台麵包超人兒童博物館暨購物中心,宮城縣,主題公園,4.2,4144,主題公園,Sendai Station,0.6,0.70,0.8400,0.6986,0.8878,0.7744,http://commons.wikimedia.org/wiki/Special:FilePath/Sendai%20Anpanman%20Children%27s%20Museum%20%26%20Mall.JPG,38.2642780,140.8874440,Q17995372,仙台アンパンマンこどもミュージアム＆モール
2308,Aqua Park 品川,東京都,水族館,4.3,18150,水族館,Tokyo Station,6.6,0.70,0.8600,0.8224,0.4321,0.7739,http://commons.wikimedia.org/wiki/Special:FilePath/Avatar%20The%20Way%20of%20Water%20Tokyo%20Press%20Conference%20%2852562513647%29.jpg,35.6280556,139.7352778,Q3055859,マクセル アクアパーク 品川
2397,出世の石段,東京都,觀光景點,4.5,3707,觀光景點,Tokyo Station,2.5,0.70,0.9000,0.6892,0.6696,0.7737,http://commons.wikimedia.org/wiki/Special:FilePath/%E6%84%9B%E5%AE%95%E7%A5%9E%E7%A4%BE%E3%83%BB%E5%87%BA%E4%B8%96%E3%81%AE%E7%9F%B3%E6%AE%B5.jpg,35.6646700,139.7488900,Q99557139,出世の石段
3927,砂之美術館,鳥取縣,美術館,4.4,10390,美術館,Tottori Station,5.2,0.70,0.8800,0.7757,0.4900,0.7737,http://commons.wikimedia.org/wiki/Special:FilePath/Sand%20Museum.JPG,35.5397222,134.2380556,Q7415842,鳥取砂丘 砂の美術館
2694,大谷資料館,栃木縣,歷史博物館,4.4,15364,歷史博物館,Utsunomiya Station,8.0,0.70,0.8800,0.8085,0.3845,0.7730,http://commons.wikimedia.org/wiki/Special:FilePath/Oya%20History%20Museum%20entrance%202016-05-12.jpg,36.6000028,139.8247500,Q17989677,大谷資料館
628,白い恋人パーク,北海道,主題公園,4.2,23798,主題公園,Sapporo Station,6.8,0.70,0.8400,0.8452,0.4238,0.7719,,43.0886111,141.2716667,Q56963453,白い恋人パーク
3231,福岡塔,福岡縣,觀景台,4.2,22408,觀景台,Hakata Station,6.4,0.70,0.8400,0.8401,0.4379,0.7718,http://commons.wikimedia.org/wiki/Special:FilePath/Fukuoka%20Tower%20October%202011%2001.jpg,33.5933056,130.3515000,Q847033,福岡タワー
1228,富山県美術館,富山縣,美術館,4.3,3275,美術館,Toyama Station,1.0,0.70,0.8600,0.6788,0.8276,0.7704,http://commons.wikimedia.org/wiki/Special:FilePath/Toyama%20Prefectural%20Museum%20of%20Art%20and%20Design%20seen%20from%20Fugan%20Unga%20Kansui%20Park%2020180504.jpg,36.7105556,137.2100000,Q28689689,富山県美術館
2554,根津美術館,東京都,美術館,4.5,6253,美術館,Tokyo Station,4.9,0.70,0.9000,0.7331,0.5027,0.7702,http://commons.wikimedia.org/wiki/Special:FilePath/Nezu%20museum%20entrance%20tokyo%202014.jpg,35.6621600,139.7176030,Q1047097,根津美術館
2363,三鷹之森吉卜力美術館,東京都,美術館,4.5,18997,美術館,Tokyo Station,17.8,0.70,0.9000,0.8263,0.2189,0.7698,http://commons.wikimedia.org/wiki/Special:FilePath/Ghibli-museum-mitaka.jpg,35.6962330,139.5704310,Q947907,三鷹の森ジブリ美術館
2794,沖繩縣立博物館、美術館,沖繩縣,博物館,4.3,5271,博物館,Naha Bus Terminal,2.2,0.70,0.8600,0.7188,0.6983,0.7695,http://commons.wikimedia.org/wiki/Special:FilePath/Okinawa%20Prefectural%20Museum%20%26%20Art%20Museum02bss3200.jpg,26.2265930,127.6941030,Q4617100,沖縄県立博物館・美術館（おきみゅー）
3607,松本城,長野縣,日式城堡,4.5,31014,日式城堡,Nagano Station,49.0,0.70,0.9000,0.8674,0.0925,0.7695,http://commons.wikimedia.org/wiki/Special:FilePath/Matsumoto%20Castle05s5s4592.jpg,36.2388889,137.9691667,Q739612,松本城
2508,東京dome city attractions,東京都,主題樂園,4.1,12924,主題樂園,Tokyo Station,2.9,0.70,0.8200,0.7940,0.6306,0.7692,http://commons.wikimedia.org/wiki/Special:FilePath/Sky-flower%20from%20Tokyodomecityattractions.jpg,35.7053000,139.7540000,Q564646,東京ドームシティ アトラクションズ
2655,遊就館,東京都,軍事博物館,4.5,3244,軍事博物館,Tokyo Station,2.6,0.70,0.9000,0.6781,0.6538,0.7688,http://commons.wikimedia.org/wiki/Special:FilePath/Yasukuni%20Yusyukan%202.jpg,35.6951300,139.7433300,Q2855971,遊就館
2350,ビッグ・オー (観覧車),東京都,摩天輪,4.1,12924,摩天輪,Tokyo Station,3.0,0.70,0.8200,0.7940,0.6241,0.7686,http://commons.wikimedia.org/wiki/Special:FilePath/LaQua02s3200.jpg,35.7060725,139.7539151,Q794709,東京ドームシティ アトラクションズ
1825,足立美術館,島根縣,美術館,4.5,15851,美術館,Matsue Station,15.1,0.70,0.9000,0.8111,0.2491,0.7682,http://commons.wikimedia.org/wiki/Special:FilePath/Adachi%20Museum%20of%20Art10st3200.jpg,35.3800100,133.1941700,Q3329561,足立美術館
2228,Marinpia日本海,新潟縣,水族館,4.3,6905,水族館,Niigata Station,3.2,0.70,0.8600,0.7414,0.6074,0.7672,http://commons.wikimedia.org/wiki/Special:FilePath/%E6%96%B0%E6%BD%9F%E5%B8%82%E6%B0%B4%E6%97%8F%E9%A4%A8%E3%83%9E%E3%83%AA%E3%83%B3%E3%83%94%E3%82%A2%E6%97%A5%E6%9C%AC%E6%B5%B7.jpg,37.9236333,139.0279750,Q11502898,新潟市水族館 マリンピア日本海
3371,るなぱあく,群馬縣,主題樂園,4.5,1986,主題樂園,Maebashi Station,1.6,0.70,0.9000,0.6369,0.7605,0.7671,http://commons.wikimedia.org/wiki/Special:FilePath/Lunar%20Park%20%28Maebashi%29.JPG,36.3953000,139.0630690,Q11281524,前橋市中央児童遊園 るなぱあく
2805,美濱美國村,沖繩縣,主題公園,4.3,26153,主題公園,Naha Bus Terminal,13.9,0.70,0.8600,0.8531,0.2649,0.7664,http://commons.wikimedia.org/wiki/Special:FilePath/Mihama%20AV%20D%20Japan.jpg,26.3161830,127.7566680,Q11609171,美浜タウンリゾート・アメリカンビレッジ
1794,島根縣立美術館,島根縣,美術館,4.3,2888,美術館,Matsue Station,1.1,0.70,0.8600,0.6683,0.8163,0.7661,http://commons.wikimedia.org/wiki/Special:FilePath/Shimane%20Art%20Museum16s3.jpg,35.4594650,133.0524950,Q2655425,島根県立美術館
2341,アートアクアリウム美術館 GINZA,東京都,水族館,4.1,5196,水族館,Tokyo Station,1.1,0.70,0.8200,0.7175,0.8197,0.7652,http://commons.wikimedia.org/wiki/Special:FilePath/Tokyo%20Goldfish%20exhibition%20%2833039883398%29.jpg,35.6713698,139.7657375,Q116921556,アートアクアリウム美術館 銀座
3223,海之中道海洋世界,福岡縣,水族館,4.4,13019,水族館,Hakata Station,9.5,0.70,0.8800,0.7946,0.3453,0.7649,http://commons.wikimedia.org/wiki/Special:FilePath/Grampus%20griseus%20by%20OpenCage.jpg,33.6608333,130.3633333,Q6764266,マリンワールド海の中道
1008,大阪市立科學館,大阪府,天象儀,4.2,4042,天象儀,Osaka Station,1.3,0.70,0.8400,0.6965,0.7918,0.7641,http://commons.wikimedia.org/wiki/Special:FilePath/Osaka%20science%20museum01s3200.jpg,34.6912400,135.4915200,Q875709,大阪市立科学館
3901,高知縣立牧野植物園,高知縣,植物園,4.5,3836,植物園,Kochi Station,3.9,0.70,0.9000,0.6921,0.5642,0.7641,http://commons.wikimedia.org/wiki/Special:FilePath/200104%20Kochi%20Prefectural%20Makino%20Botanical%20Garden01s5.jpg,33.5466667,133.5777778,Q3780715,高知県立牧野植物園
3982,維新故鄉館,鹿兒島縣,歷史博物館,4.2,2717,歷史博物館,Kagoshima-Chuo Station,0.6,0.70,0.8400,0.6632,0.8853,0.7635,http://commons.wikimedia.org/wiki/Special:FilePath/Museum%20of%20Meiji%20Restoration%20with%20Kotsuki-River.jpg,31.5846389,130.5477500,Q4141258,鹿児島市 維新ふるさと館
1025,太陽之塔,大阪府,塔式建築,4.6,8039,塔式建築,Osaka Station,12.4,0.70,0.9200,0.7541,0.2881,0.7630,,34.8096000,135.5320000,Q3275446,太陽の塔
1915,大塚國際美術館,德島縣,美術館,4.5,14978,美術館,Tokushima Station,19.3,0.70,0.9000,0.8063,0.2055,0.7625,http://commons.wikimedia.org/wiki/Special:FilePath/The%20Otsuka%20Museum%20of%20Art01s3200.jpg,34.2324000,134.6380000,Q3329659,大塚国際美術館
2431,墨田水族館,東京都,水族館,4.2,11859,水族館,Tokyo Station,5.0,0.70,0.8400,0.7867,0.4996,0.7620,http://commons.wikimedia.org/wiki/Special:FilePath/Tokyo%20Soramachi%202012.JPG,35.7098890,139.8098610,Q8134074,すみだ水族館
2960,石川縣立美術館,石川縣,都道府县立博物馆,4.5,2217,都道府县立博物馆,Kanazawa Station,2.3,0.70,0.9000,0.6461,0.6811,0.7620,http://commons.wikimedia.org/wiki/Special:FilePath/Ishikawa%20Prefectural%20Museum%20of%20Art.JPG,36.5600000,136.6613889,Q3297759,鈴木大拙館
1117,興福寺国宝館,奈良縣,宝物館,4.6,1024,宝物館,Nara Station,1.3,0.70,0.9200,0.5814,0.7934,0.7618,http://commons.wikimedia.org/wiki/Special:FilePath/Kofukuji%20kokuhokan.jpg,34.6835330,135.8325500,Q123145033,興福寺国宝館
2318,MEGAWEB,東京都,主題公園,4.3,10614,主題公園,Tokyo Station,6.2,0.70,0.8600,0.7774,0.4462,0.7618,http://commons.wikimedia.org/wiki/Special:FilePath/MEGAWEB%2002.jpg,35.6268060,139.7825280,Q10854652,MEGA WEB トヨタ シティショウケース
2644,調色盤城大摩天輪,東京都,摩天輪,4.3,10614,摩天輪,Tokyo Station,6.2,0.70,0.8600,0.7774,0.4446,0.7617,http://commons.wikimedia.org/wiki/Special:FilePath/Palette%20Town%20Giant%20Ferris%20Wheel.jpg,35.6263915,139.7822902,Q751175,MEGA WEB トヨタ シティショウケース
934,大分海洋宮殿水族館,大分縣,水族館,4.4,8825,水族館,Oita Station,7.2,0.70,0.8800,0.7620,0.4098,0.7616,http://commons.wikimedia.org/wiki/Special:FilePath/Umitamago1.JPG,33.2587778,131.5355556,Q11432633,大分マリーンパレス水族館「うみたまご」
2982,金澤能樂美術館,石川縣,美術館,3.8,17887,美術館,Kanazawa Station,2.0,0.70,0.7600,0.8212,0.7101,0.7614,http://commons.wikimedia.org/wiki/Special:FilePath/Kanazawanogakumuseum003.jpg,36.5616110,136.6580560,Q11647524,金沢21世紀美術館
2932,國立工藝館,石川縣,國立博物館,4.5,2217,國立博物館,Kanazawa Station,2.4,0.70,0.9000,0.6461,0.6721,0.7610,http://commons.wikimedia.org/wiki/Special:FilePath/National%20Crafts%20Museum%20in%20Kanazawa%2020201116-001.jpg,36.5591670,136.6618060,Q101001030,鈴木大拙館
2651,貨幣博物館,東京都,貨幣博物館,4.2,2422,貨幣博物館,Tokyo Station,0.6,0.70,0.8400,0.6536,0.8882,0.7609,http://commons.wikimedia.org/wiki/Special:FilePath/Japan%20Currency%20Museum.jpg,35.6854790,139.7716660,Q865607,日本銀行金融研究所 貨幣博物館
2979,金澤21世紀美術館,石川縣,藝廊,3.8,17887,藝廊,Kanazawa Station,2.1,0.70,0.7600,0.8212,0.7022,0.7606,http://commons.wikimedia.org/wiki/Special:FilePath/21st%20Century%20Museum%20of%20Contemporary%20Art%2C%20Kanazawa011.jpg,36.5608000,136.6580000,Q3242206,金沢21世紀美術館
2637,葛西临海水族館,東京都,水族館,4.4,11158,水族館,Tokyo Station,9.7,0.70,0.8800,0.7816,0.3394,0.7604,http://commons.wikimedia.org/wiki/Special:FilePath/Tokyo%20Sea%20Life%20Park%202.jpg,35.6400833,139.8621667,Q4925165,葛西臨海水族園
2954,石川県立歴史博物館,石川縣,都道府县立博物馆,4.5,2217,都道府县立博物馆,Kanazawa Station,2.5,0.70,0.9000,0.6461,0.6634,0.7602,http://commons.wikimedia.org/wiki/Special:FilePath/Ishikawa-ken%20History%20Museum03s3s4272b.jpg,36.5586111,136.6627778,Q4676340,鈴木大拙館
1375,文翔館,山形縣,地方文化館,4.3,2745,地方文化館,Yamagata Station,1.5,0.70,0.8600,0.6640,0.7686,0.7601,http://commons.wikimedia.org/wiki/Special:FilePath/220430%20Bunshokan%20Yamagata%20Yamagata%20pref%20Japan01s3.jpg,38.2568889,140.3412222,Q11500081,山形県郷土館 文翔館
2983,鈴木大拙館,石川縣,人物紀念館,4.5,2217,人物紀念館,Kanazawa Station,2.6,0.70,0.9000,0.6461,0.6620,0.7600,http://commons.wikimedia.org/wiki/Special:FilePath/%E9%88%B4%E6%9C%A8%E5%A4%A7%E6%8B%99%E9%A4%A8001.jpg,36.5576390,136.6609720,Q11648713,鈴木大拙館
80,京都國際漫畫博物館,京都府,動漫博物館,4.2,6351,動漫博物館,Kyoto Station,2.9,0.70,0.8400,0.7344,0.6346,0.7598,http://commons.wikimedia.org/wiki/Special:FilePath/%E4%BA%AC%E9%83%BD%E5%9B%BD%E9%9A%9B%E3%83%9E%E3%83%B3%E3%82%AC%E3%83%9F%E3%83%A5%E3%83%BC%E3%82%B8%E3%82%A2%E3%83%A0.jpg,35.0116867,135.7591715,Q783923,京都国際マンガミュージアム
3448,大洗水族館,茨城縣,水族館,4.3,16991,水族館,Mito Station,11.3,0.70,0.8600,0.8169,0.3061,0.7597,http://commons.wikimedia.org/wiki/Special:FilePath/Aqua%20World.jpg,36.3333470,140.5938220,Q4782624,アクアワールド茨城県大洗水族館
1862,广岛美术馆,廣島縣,美術館,4.3,2764,美術館,Hiroshima Station,1.6,0.70,0.8600,0.6646,0.7592,0.7593,http://commons.wikimedia.org/wiki/Special:FilePath/Hiroshima%20Museum%20of%20Art.jpg,34.3986694,132.4580611,Q63828,ひろしま美術館
2360,三井紀念美術館,東京都,美術館,4.3,1818,美術館,Tokyo Station,0.8,0.70,0.8600,0.6295,0.8640,0.7593,http://commons.wikimedia.org/wiki/Special:FilePath/Mitsui%20Main%20Building%202009.jpg,35.6862980,139.7731440,Q864700,三井記念美術館
1018,大阪歷史博物館,大阪府,歷史博物館,4.2,6710,歷史博物館,Osaka Station,3.2,0.70,0.8400,0.7390,0.6123,0.7589,http://commons.wikimedia.org/wiki/Special:FilePath/140923%20Osaka%20Museum%20of%20History%20Osaka%20Japan02s3.jpg,34.6827220,135.5208060,Q11261312,大阪歴史博物館
1417,富士山,山梨縣,活火山,4.6,13001,活火山,Kofu Station,37.0,0.70,0.9200,0.7945,0.1190,0.7582,http://commons.wikimedia.org/wiki/Special:FilePath/Kodaki%20fuji%20frm%20shojinko%20refurb.jpg,35.3605556,138.7275000,Q39231,富士山
994,大阪中之島美術館,大阪府,美術館,4.1,4110,美術館,Osaka Station,1.2,0.70,0.8200,0.6979,0.8071,0.7581,http://commons.wikimedia.org/wiki/Special:FilePath/Nakanoshima%20Museum%20of%20Art%20Osaka.jpg,34.6923889,135.4914722,Q50375431,国立国際美術館
2540,東京都現代美術館,東京都,美術館,4.4,3995,美術館,Tokyo Station,3.7,0.70,0.8800,0.6955,0.5746,0.7581,http://commons.wikimedia.org/wiki/Special:FilePath/Museum%20of%20Contemporary%20Art%20Tokyo%202009.jpg,35.6800000,139.8080556,Q1649688,東京都現代美術館
2580,深川 江戶資料館,東京都,地方文化館,4.4,3286,地方文化館,Tokyo Station,3.0,0.70,0.8800,0.6791,0.6223,0.7580,http://commons.wikimedia.org/wiki/Special:FilePath/Fukagawa%20Edo%20Museum.JPG,35.6809200,139.8007000,Q3090685,江東区深川江戸資料館
986,國立國際美術館,大阪府,美術館,4.1,4110,美術館,Osaka Station,1.2,0.70,0.8200,0.6979,0.8009,0.7575,http://commons.wikimedia.org/wiki/Special:FilePath/NMAO01s3200.jpg,34.6917860,135.4920240,Q1055037,国立国際美術館
3008,原鉄道模型博物館,神奈川縣,鐵路博物館,4.2,1814,鐵路博物館,Yokohama Station,0.4,0.70,0.8400,0.6293,0.9268,0.7575,http://commons.wikimedia.org/wiki/Special:FilePath/Hara%20Model%20Railway%20Museum%20entrance%2020120711.jpg,35.4630556,139.6247222,Q5653524,原鉄道模型博物館
365,竹中大工道具馆,兵庫縣,公司博物館,4.6,1910,公司博物館,Kobe Station,3.5,0.70,0.9200,0.6336,0.5871,0.7568,http://commons.wikimedia.org/wiki/Special:FilePath/160312%20Takenaka%20Carpentry%20Tools%20Museum%20Kobe%20Japan03s3.jpg,34.7068000,135.1975000,Q24882700,竹中大工道具館
1851,吳市海事歷史科學館,廣島縣,歷史博物館,4.4,15977,歷史博物館,Hiroshima Station,18.9,0.70,0.8800,0.8117,0.2092,0.7564,http://commons.wikimedia.org/wiki/Special:FilePath/Yamato%20Museum%20in%20October%202008.JPG,34.2411361,132.5558056,Q1063071,大和ミュージアム（呉市海事歴史科学館）
2351,ミニチュアミュージアムスモールワールズ,東京都,主題公園,4.4,5095,主題公園,Tokyo Station,5.2,0.70,0.8800,0.7159,0.4922,0.7560,http://commons.wikimedia.org/wiki/Special:FilePath/Small%20Worlds%20Tokyo%20Koto-ku%20Tokyo.jpg,35.6381310,139.7883269,Q30926669,SMALL WORLDS Miniature Museum
3493,日本二十六聖人紀念館,長崎縣,キリスト教博物館,4.4,847,キリスト教博物館,Nagasaki Station,0.3,0.70,0.8800,0.5655,0.9425,0.7559,http://commons.wikimedia.org/wiki/Special:FilePath/26%20martyrs%20museum.jpg,32.7547222,129.8716667,Q84029,日本二十六聖人記念館
3981,知覽特功和平會館,鹿兒島縣,和平博物館,4.6,9946,和平博物館,Kagoshima-Chuo Station,26.5,0.70,0.9200,0.7720,0.1587,0.7555,http://commons.wikimedia.org/wiki/Special:FilePath/TokkouHeiwaKaikan.jpg,31.3633333,130.4344444,Q4458048,知覧特攻平和会館
3072,橫濱美術館,神奈川縣,美術館,4.2,2743,美術館,Yokohama Station,1.3,0.70,0.8400,0.6640,0.7987,0.7551,http://commons.wikimedia.org/wiki/Special:FilePath/Yokohama%20Museum%20of%20Art%202009.jpg,35.4571000,139.6310000,Q861588,横浜美術館
343,神戶市立博物館,兵庫縣,市立博物館,4.2,3237,市立博物館,Kobe Station,1.6,0.70,0.8400,0.6779,0.7559,0.7549,http://commons.wikimedia.org/wiki/Special:FilePath/Kobe%20city%20museum02s3200.jpg,34.6872222,135.1930556,Q3330666,神戸市立博物館
1005,大阪市立東洋陶瓷美術館,大阪府,陶瓷博物館,4.4,1499,陶瓷博物館,Osaka Station,1.3,0.70,0.8800,0.6133,0.7894,0.7549,http://commons.wikimedia.org/wiki/Special:FilePath/The%20Museum%20of%20Oriental%20Ceramics%2C%20Osaka%2020250831.jpg,34.6934444,135.5054722,Q11440555,大阪市立東洋陶磁美術館
2607,相田光男美術館,東京都,人物紀念館,4.4,974,人物紀念館,Tokyo Station,0.6,0.70,0.8800,0.5772,0.8970,0.7549,http://commons.wikimedia.org/wiki/Special:FilePath/Mitsuo%20Aida%20Museum%20wall%20signage.jpg,35.6769444,139.7635000,Q11582309,相田みつを美術館
3676,さんまるミュージアム,青森縣,考古博物館,4.3,4972,考古博物館,Aomori Station,3.8,0.70,0.8600,0.7139,0.5670,0.7549,http://commons.wikimedia.org/wiki/Special:FilePath/Sanmaru%20Museum%2001.JPG,40.8090930,140.6972720,Q132656754,三内丸山遺跡
291,掬星台,兵庫縣,觀景台,4.5,4513,觀景台,Kobe Station,6.6,0.70,0.9000,0.7057,0.4308,0.7548,http://commons.wikimedia.org/wiki/Special:FilePath/Kikuseidai.jpg,34.7341670,135.2063890,Q6406436,掬星台
3036,新橫濱拉麵博物館,神奈川縣,主題樂園,4.0,16480,主題樂園,Yokohama Station,4.9,0.70,0.8000,0.8143,0.5044,0.7547,http://commons.wikimedia.org/wiki/Special:FilePath/Shin-Yokohama%20Raumen%20Museum%20DSCN3985.jpg,35.5098740,139.6145370,Q864499,新横浜ラーメン博物館
2345,サムライミュージアム,東京都,歷史博物館,4.5,4024,歷史博物館,Tokyo Station,6.0,0.70,0.9000,0.6961,0.4564,0.7545,http://commons.wikimedia.org/wiki/Special:FilePath/Samurai%20Museum%20Tokyo%202017%202.jpg,35.6954844,139.7035426,Q116917907,Samurai Museum
1404,Giant Coaster (Fuji-Q Highland),山梨縣,スチール・ローラー・コースター,4.3,25346,スチール・ローラー・コースター,Kofu Station,27.7,0.70,0.8600,0.8504,0.1529,0.7544,,35.4870000,138.7800000,Q74403368,富士急ハイランド
1419,富士急高原樂園,山梨縣,主題樂園,4.3,25346,主題樂園,Kofu Station,27.7,0.70,0.8600,0.8504,0.1530,0.7544,http://commons.wikimedia.org/wiki/Special:FilePath/170505%20Views%20of%20Fujikyu%20Highland%20from%20Tenjoyama%20Park%20Fujikawaguchiko%20Yamanashi%20pref%20Japan01s3.jpg,35.4874900,138.7801900,Q1192174,富士急ハイランド
1059,速食麵發明紀念館,大阪府,食物博物館,4.4,12038,食物博物館,Osaka Station,14.3,0.70,0.8800,0.7880,0.2588,0.7543,http://commons.wikimedia.org/wiki/Special:FilePath/240810%20Cupnoodles%20Museum%20Osaka%20Ikeda%20Ikeda%20Osaka%20pref%20Japan01s3.jpg,34.8180380,135.4266750,Q899319,カップヌードルミュージアム 大阪池田
1655,岡山城天守,岡山縣,天守,4.2,3128,天守,Okayama Station,1.6,0.70,0.8400,0.6750,0.7570,0.7542,http://commons.wikimedia.org/wiki/Special:FilePath/Okayama%20castle01s3200.jpg,34.6651836,133.9360646,Q126681294,烏城公園
1097,寧樂美術館,奈良縣,美術館,4.5,1301,美術館,Nara Station,1.8,0.70,0.9000,0.6015,0.7369,0.7541,http://commons.wikimedia.org/wiki/Special:FilePath/Isuien%20Nara18nt3200.jpg,34.6860000,135.8371390,Q11457608,依水園・寧楽美術館
789,冒險大世界,和歌山縣,水族館,4.5,18202,水族館,Wakayama Station,65.0,0.70,0.9000,0.8227,0.0714,0.7539,http://commons.wikimedia.org/wiki/Special:FilePath/Panda%20Adventure%20World%20Shirahama.JPG,33.6677500,135.3757970,Q2587322,アドベンチャーワールド
3108,藤子·F·不二雄博物館,神奈川縣,人物紀念館,4.5,9603,人物紀念館,Yokohama Station,16.6,0.70,0.9000,0.7691,0.2315,0.7539,http://commons.wikimedia.org/wiki/Special:FilePath/Fujiko%EF%BD%A5F%EF%BD%A5Fujio%20Museum%20-01.jpg,35.6100000,139.5736110,Q11623792,川崎市 藤子・F・不二雄ミュージアム
2211,豐田博物館,愛知縣,公司博物館,4.5,9314,公司博物館,Nagoya Station,16.0,0.70,0.9000,0.7665,0.2376,0.7537,http://commons.wikimedia.org/wiki/Special:FilePath/Toyota%20Automobile%20Museum%20entrance%202013%20September.jpg,35.1727000,137.0580000,Q7830749,トヨタ博物館
2478,日本科學未來館,東京都,國立博物館,4.1,16164,國立博物館,Tokyo Station,7.0,0.70,0.8200,0.8127,0.4183,0.7537,http://commons.wikimedia.org/wiki/Special:FilePath/Miraikan.jpg,35.6191667,139.7766667,Q656957,日本科学未来館
3515,長崎縣美術館,長崎縣,美術館,4.2,2466,美術館,Nagasaki Station,1.2,0.70,0.8400,0.6551,0.8118,0.7537,http://commons.wikimedia.org/wiki/Special:FilePath/Nagasaki%20art%20museum%20IMG%202093.JPG,32.7416790,129.8710570,Q11652770,長崎県美術館
3719,青森縣立美術館,青森縣,美術館,4.3,4550,美術館,Aomori Station,3.7,0.70,0.8600,0.7064,0.5755,0.7535,http://commons.wikimedia.org/wiki/Special:FilePath/140913%20Aomori%20Museum%20of%20Art%20Japan02bs3.jpg,40.8073000,140.7010000,Q11662266,青森県立美術館
208,KOBEとんぼ玉ミュージアム,兵庫縣,美術館,4.2,3237,美術館,Kobe Station,1.8,0.70,0.8400,0.6779,0.7406,0.7534,http://commons.wikimedia.org/wiki/Special:FilePath/Nihon%20Building%20Kobe02n4272.jpg,34.6886110,135.1937220,Q11228060,神戸市立博物館
2646,警察博物館 (日本),東京都,警察博物館,4.1,2599,警察博物館,Tokyo Station,0.7,0.70,0.8200,0.6595,0.8753,0.7534,http://commons.wikimedia.org/wiki/Special:FilePath/Police%20Museum%20%28Tokyo%29.jpg,35.6751080,139.7695420,Q11632332,ポリスミュージアム 警察博物館
2398,出光美術館,東京都,美術館,4.3,1426,美術館,Tokyo Station,0.8,0.70,0.8600,0.6092,0.8658,0.7533,http://commons.wikimedia.org/wiki/Special:FilePath/Imperial%20Garden%20Theater%2C%20Tokyo.jpg,35.6763721,139.7609079,Q3076590,出光美術館（建替のため長期休館中）
3237,福岡市美術館,福岡縣,美術館,4.3,4680,美術館,Hakata Station,3.9,0.70,0.8600,0.7088,0.5648,0.7531,http://commons.wikimedia.org/wiki/Special:FilePath/Fukuoka%20art%20museum.JPG,33.5838889,130.3798056,Q3073273,福岡市美術館
2614,科學技術館,東京都,科技博物館,4.1,4270,科技博物館,Tokyo Station,1.7,0.70,0.8200,0.7011,0.7446,0.7528,http://commons.wikimedia.org/wiki/Special:FilePath/%E7%A7%91%E5%AD%A6%E6%8A%80%E8%A1%93%E9%A4%A8%20-%20panoramio.jpg,35.6915833,139.7530556,Q10855424,科学技術館
3511,長崎市立博物館,長崎縣,市立博物館,4.2,1944,市立博物館,Nagasaki Station,0.8,0.70,0.8400,0.6351,0.8581,0.7523,,32.7528333,129.8795000,Q107323653,長崎歴史文化博物館
3513,長崎歷史文化博物館,長崎縣,歷史博物館,4.2,1944,歷史博物館,Nagasaki Station,0.8,0.70,0.8400,0.6351,0.8573,0.7523,http://commons.wikimedia.org/wiki/Special:FilePath/Nagasaki%20Museum%20of%20History%20and%20Culture%20ac%20%281%29.jpg,32.7528130,129.8795570,Q73613,長崎歴史文化博物館
3454,弘道館,茨城縣,博物館,4.2,1576,博物館,Mito Station,0.5,0.70,0.8400,0.6175,0.9087,0.7521,http://commons.wikimedia.org/wiki/Special:FilePath/Koudoukan.JPG,36.3751450,140.4776310,Q3081773,水戸城三の丸 水戸藩校弘道館
1881,廣島縣立美術館,廣島縣,美術館,4.1,2689,美術館,Hiroshima Station,0.9,0.70,0.8200,0.6623,0.8522,0.7519,http://commons.wikimedia.org/wiki/Special:FilePath/Hiroshima%20Prefectural%20Art%20Museum%2001.jpg,34.3999083,132.4662750,Q3330773,広島県立美術館
2314,J-WORLD TOKYO,東京都,主題公園,4.2,10658,主題公園,Tokyo Station,6.8,0.70,0.8400,0.7778,0.4247,0.7518,,35.7286111,139.7200000,Q17211017,サンシャイン水族館
2348,ナンジャタウン,東京都,主題公園,4.2,10658,主題公園,Tokyo Station,6.8,0.70,0.8400,0.7778,0.4247,0.7518,http://commons.wikimedia.org/wiki/Special:FilePath/Namco%20NamjaTown%20front.jpg,35.7286111,139.7200000,Q5364305,サンシャイン水族館
2663,陽光城水族館,東京都,水族館,4.2,10658,水族館,Tokyo Station,6.8,0.70,0.8400,0.7778,0.4243,0.7518,http://commons.wikimedia.org/wiki/Special:FilePath/Breeding%20staff%2C%20Sunshine%20Aquarium.jpg,35.7285830,139.7197500,Q11250698,サンシャイン水族館
697,千葉市科学館,千葉縣,科學博物館,4.3,1596,科學博物館,Chiba Station,1.1,0.70,0.8600,0.6186,0.8213,0.7517,,35.6073950,140.1227000,Q123516841,千葉市科学館
2307,21 21 Design Sight美術館,東京都,設計博物館,4.4,3022,設計博物館,Tokyo Station,3.7,0.70,0.8800,0.6721,0.5774,0.7514,http://commons.wikimedia.org/wiki/Special:FilePath/21%2021%20DESIGN%20SIGHT.jpg,35.6675000,139.7302700,Q863044,21_21 DESIGN SIGHT
247,兵庫縣立美術館,兵庫縣,美術館,4.2,6566,美術館,Kobe Station,4.3,0.70,0.8400,0.7372,0.5402,0.7512,http://commons.wikimedia.org/wiki/Special:FilePath/Hyogo%20prefectural%20museum%20of%20art15%202000.JPG,34.6991917,135.2180111,Q3329607,兵庫県立美術館
1466,アクア・トトぎふ,岐阜縣,水族館,4.3,7176,水族館,Gifu Station,6.4,0.70,0.8600,0.7446,0.4376,0.7511,http://commons.wikimedia.org/wiki/Special:FilePath/%E3%82%A2%E3%82%AF%E3%82%A2%E3%83%BB%E3%83%88%E3%83%88%E3%81%8E%E3%81%B5%20%E5%A4%96%E8%A6%B3.jpg,35.3717220,136.8104720,Q11282869,世界淡水魚園水族館 アクア・トト ぎふ
2511,東京シティビュー,東京都,觀景台,4.4,3330,觀景台,Tokyo Station,4.1,0.70,0.8800,0.6802,0.5470,0.7508,,35.6604300,139.7290554,Q126417093,六本木ヒルズ展望台 東京シティビュー
590,札幌拉麵共和國,北海道,餐館,3.9,3128,餐館,Sapporo Station,0.2,0.70,0.7800,0.6750,0.9599,0.7505,http://commons.wikimedia.org/wiki/Special:FilePath/Sapporo%20ramen%20Kyowakoku1.jpg,43.0675000,141.3527778,Q11521088,札幌ら～めん共和国
3103,箱根雕刻森林美術館,神奈川縣,美術館,4.5,15137,美術館,Yokohama Station,57.4,0.70,0.9000,0.8072,0.0802,0.7502,http://commons.wikimedia.org/wiki/Special:FilePath/Hakone5.jpg,35.2447194,139.0515056,Q1134422,彫刻の森美術館
3539,上高地,長野縣,盆地,4.7,8355,盆地,Nagano Station,66.4,0.70,0.9400,0.7574,0.0700,0.7502,http://commons.wikimedia.org/wiki/Special:FilePath/150920%20Gakusawa%20wetlands%20Kamikochi%20Japan03s3.jpg,36.2469694,137.6333333,Q1048234,上高地
126,平安博物館,京都府,歷史博物館,4.1,5308,歷史博物館,Kyoto Station,2.6,0.70,0.8200,0.7193,0.6604,0.7498,http://commons.wikimedia.org/wiki/Special:FilePath/Former%20Bank%20of%20Japan%20building%2C%20Kyoto%20Branch.jpg,35.0087500,135.7622222,Q11482389,京都文化博物館
98,京都文化博物馆,京都府,歷史博物館,4.1,5308,歷史博物館,Kyoto Station,2.6,0.70,0.8200,0.7193,0.6564,0.7494,http://commons.wikimedia.org/wiki/Special:FilePath/Museum%20of%20Kyoto%2020101204-002.jpg,35.0091667,135.7622222,Q11375592,京都文化博物館
867,大宫盆栽美术馆,埼玉縣,美術館,4.4,1983,美術館,Omiya Station,2.6,0.70,0.8800,0.6368,0.6559,0.7486,http://commons.wikimedia.org/wiki/Special:FilePath/OmiyaBonsaiVillage%20%C5%8Cmiya-Bonsai-Art-Museum%20001.jpg,35.9287780,139.6333330,Q17991646,さいたま市大宮盆栽美術館
2430,墨田北齋美術館,東京都,美術館,4.1,6683,美術館,Tokyo Station,3.5,0.70,0.8200,0.7387,0.5904,0.7486,http://commons.wikimedia.org/wiki/Special:FilePath/2018%20Sumida%20Hokusai%20Museum%202.jpg,35.6967500,139.8003890,Q17220332,すみだ北斎美術館
473,北海道大學植物園,北海道,植物園,4.2,1668,植物園,Sapporo Station,0.9,0.70,0.8400,0.6223,0.8545,0.7481,http://commons.wikimedia.org/wiki/Special:FilePath/131103%20Hokkaido%20University%20Botanical%20Gardens%20Sapporo%20Hokkaido%20Japan18o.jpg,43.0638920,141.3426479,Q2842754,北海道大学北方生物圏フィールド科学センター植物園
2536,東京都庭園美術館,東京都,美術館,4.4,4698,美術館,Tokyo Station,6.6,0.70,0.8800,0.7091,0.4327,0.7480,http://commons.wikimedia.org/wiki/Special:FilePath/Tokyo%20Metropolitan%20Teien%20Art%20Museum.jpg,35.6368620,139.7192690,Q743773,東京都庭園美術館
3500,舊長崎稅關下松派出所,長崎縣,工藝博物館,4.3,1870,工藝博物館,Nagasaki Station,1.7,0.70,0.8600,0.6319,0.7449,0.7480,http://commons.wikimedia.org/wiki/Special:FilePath/Nagasaki%20Customs%20Sagarimastu%20branch01s3.jpg,32.7367222,129.8696667,Q11511148,軍艦島デジタルミュージアム
2977,金沢蓄音器館,石川縣,博物館,4.6,650,博物館,Kanazawa Station,1.5,0.70,0.9200,0.5433,0.7673,0.7477,http://commons.wikimedia.org/wiki/Special:FilePath/Kanazawa%20Phonograph%20Museum%2002.jpg,36.5713056,136.6627222,Q43064611,金沢蓄音器館
1146,仙台海之杜水族館,宮城縣,水族館,4.2,11378,水族館,Sendai Station,8.7,0.70,0.8400,0.7833,0.3659,0.7476,http://commons.wikimedia.org/wiki/Special:FilePath/Sendai%20Umino-Mori%20Aquarium.JPG,38.2710833,140.9806667,Q17222417,仙台うみの杜水族館
3230,福岡亞洲美術館,福岡縣,アジア美術館,4.2,2223,アジア美術館,Hakata Station,1.5,0.70,0.8400,0.6464,0.7727,0.7472,http://commons.wikimedia.org/wiki/Special:FilePath/%E5%8D%9A%E5%A4%9A%E3%83%AA%E3%83%90%E3%83%AC%E3%82%A4%E3%83%B3%E3%83%A2%E3%83%BC%E3%83%AB%20by%20TAKASHIMAYA.JPG,33.5950280,130.4059170,Q3330163,福岡アジア美術館
3233,福岡市博物館,福岡縣,市立博物館,4.3,5974,市立博物館,Hakata Station,6.3,0.70,0.8600,0.7292,0.4439,0.7472,http://commons.wikimedia.org/wiki/Special:FilePath/FukuokaCity%20Museum%202018.jpg,33.5897500,130.3530833,Q11592224,福岡市博物館
3037,新江之島水族館,神奈川縣,水族館,4.3,16152,水族館,Yokohama Station,21.7,0.70,0.8600,0.8127,0.1873,0.7465,http://commons.wikimedia.org/wiki/Special:FilePath/New%20Enoshima%20Aquarium.JPG,35.3096670,139.4798890,Q11502657,新江ノ島水族館
56,鳥羽水族館,三重縣,水族館,4.4,16009,水族館,Tsu Station,41.6,0.70,0.8800,0.8119,0.1073,0.7463,http://commons.wikimedia.org/wiki/Special:FilePath/Toba%20Aquarium%20front%20view%202019.jpg,34.4817000,136.8460000,Q1073067,鳥羽水族館
781,鴨川海洋世界,千葉縣,水族館,4.4,17577,水族館,Chiba Station,55.3,0.70,0.8800,0.8197,0.0829,0.7462,http://commons.wikimedia.org/wiki/Special:FilePath/%E5%8D%97%E7%B7%8F%202013122110350000.jpg,35.1161417,140.1205833,Q553044,鴨川シーワールド
1836,お好み村,廣島縣,餐館,4.8,302,餐館,Hiroshima Station,1.4,0.70,0.9600,0.4792,0.7797,0.7457,http://commons.wikimedia.org/wiki/Special:FilePath/%E3%81%8A%E5%A5%BD%E3%81%BF%E6%9D%911.jpg,34.3913090,132.4619280,Q11263021,お好み村3F てっ平
485,北海道立近代美術館,北海道,美術館,4.1,3452,美術館,Sapporo Station,1.9,0.70,0.8200,0.6833,0.7242,0.7454,http://commons.wikimedia.org/wiki/Special:FilePath/%E5%8C%97%E6%B5%B7%E9%81%93%E7%AB%8B%E8%BF%91%E4%BB%A3%E7%BE%8E%E8%A1%93%E9%A4%A8.JPG,43.0602780,141.3303890,Q11402992,北海道立近代美術館
1520,岐阜各務原航空宇宙博物館,岐阜縣,宇宙工学博物館,4.4,6128,宇宙工学博物館,Gifu Station,9.8,0.70,0.8800,0.7314,0.3374,0.7452,http://commons.wikimedia.org/wiki/Special:FilePath/180501%20Kakamigahara%20Aerospace%20Science%20Museum.jpg,35.3878060,136.8614720,Q11263583,岐阜かかみがはら航空宇宙博物館
2990,そごう美術館,神奈川縣,美術館,4.1,1376,美術館,Yokohama Station,0.2,0.70,0.8200,0.6062,0.9530,0.7451,http://commons.wikimedia.org/wiki/Special:FilePath/Yokohama%20Shitoshi%20Bld.jpg,35.4655556,139.6253056,Q11270320,そごう美術館
2317,Kidzania東京,東京都,主題公園,4.2,4310,主題公園,Tokyo Station,3.6,0.70,0.8400,0.7019,0.5811,0.7447,http://commons.wikimedia.org/wiki/Special:FilePath/KidZania%20Tokyo.jpg,35.6558333,139.7919444,Q5363436,キッザニア東京
965,えびすタワー,大阪府,摩天輪,4.2,4483,摩天輪,Osaka Station,3.8,0.70,0.8400,0.7052,0.5691,0.7445,http://commons.wikimedia.org/wiki/Special:FilePath/Ebisu%20Tower%20%282023%2C%20Osaka%29.jpg,34.6688889,135.5025000,Q123670541,道頓堀大観覧車 えびすタワー
2365,上野之森美術館,東京都,美術館,4.1,5837,美術館,Tokyo Station,3.6,0.70,0.8200,0.7273,0.5832,0.7445,http://commons.wikimedia.org/wiki/Special:FilePath/Ueno%20Royal%20Museum.JPG,35.7127220,139.7748060,Q11360245,上野の森美術館
1089,奈良町からくりおもちゃ館,奈良縣,地方文化館,4.5,577,地方文化館,Nara Station,0.9,0.70,0.9000,0.5334,0.8440,0.7444,http://commons.wikimedia.org/wiki/Special:FilePath/Naramachi%20Karakuri%20Omocha-kan%2001.jpg,34.6772850,135.8281170,Q122658838,奈良町からくりおもちゃ館
1199,宮崎科学技術館,宮崎縣,科學博物館,4.3,710,科學博物館,Miyazaki Station,0.3,0.70,0.8600,0.5507,0.9493,0.7441,http://commons.wikimedia.org/wiki/Special:FilePath/Miyazaki%20Science%20Center%2020170318-2.jpg,31.9144722,131.4338333,Q97212652,宮崎科学技術館
3062,横滨海洋科学博物馆,神奈川縣,海事博物館,4.2,4134,海事博物館,Yokohama Station,3.6,0.70,0.8400,0.6984,0.5844,0.7439,http://commons.wikimedia.org/wiki/Special:FilePath/Yokohama%20Marine%20Tower%2001.JPG,35.4438889,139.6508333,Q98381287,横浜マリンタワー
3070,橫濱海洋塔,神奈川縣,觀光塔,4.2,4134,觀光塔,Yokohama Station,3.6,0.70,0.8400,0.6984,0.5843,0.7439,http://commons.wikimedia.org/wiki/Special:FilePath/Yokohama%20Marine%20Tower%202022%20-%2001.jpg,35.4439300,139.6509000,Q1207989,横浜マリンタワー
701,千葉港塔,千葉縣,觀光塔,4.0,4617,觀光塔,Chiba Station,2.0,0.70,0.8000,0.7076,0.7133,0.7436,http://commons.wikimedia.org/wiki/Special:FilePath/Chiba%20Port%20Tower%2020111211.jpg,35.6001670,140.0980560,Q5095310,千葉ポートタワー
1086,奈良市史料保存館,奈良縣,歷史博物館,4.5,577,歷史博物館,Nara Station,1.0,0.70,0.9000,0.5334,0.8333,0.7433,http://commons.wikimedia.org/wiki/Special:FilePath/Nara%20City%20Museum%20for%20Historical%20Resources.JPG,34.6777640,135.8292240,Q24807771,奈良町からくりおもちゃ館
2141,日本樂高樂園,愛知縣,樂高樂園,4.2,14136,樂高樂園,Nagoya Station,13.8,0.70,0.8400,0.8015,0.2656,0.7430,http://commons.wikimedia.org/wiki/Special:FilePath/Legoland%20japan.jpg,35.0505000,136.8436110,Q29168099,LEGOLAND Japan
1715,岩手縣立美術館,岩手縣,美術館,4.2,1758,美術館,Morioka Station,1.3,0.70,0.8400,0.6267,0.7884,0.7428,http://commons.wikimedia.org/wiki/Special:FilePath/Iwate%20Museum%20of%20Art.jpg,39.6935000,141.1248889,Q3298581,岩手県立美術館
2853,滋賀縣立琵琶湖博物館,滋賀縣,水族館,4.4,5741,水族館,Otsu Station,10.1,0.70,0.8800,0.7259,0.3307,0.7428,http://commons.wikimedia.org/wiki/Special:FilePath/%E6%BB%8B%E8%B3%80%E7%9C%8C%E7%AB%8B%E7%90%B5%E7%90%B6%E6%B9%96%E5%8D%9A%E7%89%A9%E9%A4%A8%E5%A4%96%E8%A6%B3.jpg,35.0741390,135.9349170,Q11564667,滋賀県立琵琶湖博物館
1906,馬自達博物館,廣島縣,公司博物館,4.6,1062,公司博物館,Hiroshima Station,3.4,0.70,0.9200,0.5845,0.5940,0.7427,http://commons.wikimedia.org/wiki/Special:FilePath/Mazda-FAMILIA-rotary-coupe01.jpg,34.3770583,132.5030111,Q11340571,マツダ ミュージアム
2038,でんきの科学館,愛知縣,公司博物館,4.3,1464,公司博物館,Nagoya Station,1.7,0.70,0.8600,0.6114,0.7517,0.7426,http://commons.wikimedia.org/wiki/Special:FilePath/Science-Museum%20of%20Chubu%20Electric%20Power.jpg,35.1678310,136.8992780,Q5357802,でんきの科学館
3815,静岡科学館,靜岡縣,科學博物館,4.2,863,科學博物館,Shizuoka Station,0.2,0.70,0.8400,0.5671,0.9644,0.7426,http://commons.wikimedia.org/wiki/Special:FilePath/Mizunomori%20Building%20and%20S-Patio.JPG,34.9706390,138.3903610,Q11663569,静岡科学館 る・く・る
2577,浅草花屋敷,東京都,主題樂園,4.1,6826,主題樂園,Tokyo Station,4.6,0.70,0.8200,0.7404,0.5233,0.7425,http://commons.wikimedia.org/wiki/Special:FilePath/Asakusa%20Hanayashiki%20-01.jpg,35.7154972,139.7946889,Q863180,浅草花やしき
3173,九州國立博物館,福岡縣,國立博物館,4.3,9918,國立博物館,Hakata Station,13.5,0.70,0.8600,0.7718,0.2701,0.7425,http://commons.wikimedia.org/wiki/Special:FilePath/Kyushu-national-museum01.jpg,33.5183556,130.5382972,Q148543,九州国立博物館
2579,消防博物館 (日本),東京都,消防博物館,4.4,2459,消防博物館,Tokyo Station,4.3,0.70,0.8800,0.6548,0.5360,0.7420,http://commons.wikimedia.org/wiki/Special:FilePath/TED-museum.jpg,35.6882780,139.7199720,Q11559505,消防博物館 東京消防庁消防防災資料センター
696,千叶市美术馆,千葉縣,美術館,4.2,1528,美術館,Chiba Station,1.1,0.70,0.8400,0.6149,0.8136,0.7418,http://commons.wikimedia.org/wiki/Special:FilePath/Chuo%20Ward%20Office%2C%20Chiba.jpg,35.6089860,140.1246500,Q11406050,千葉市美術館
710,千葉縣立美術館,千葉縣,都道府县立博物馆,4.2,1528,都道府县立博物馆,Chiba Station,1.2,0.70,0.8400,0.6149,0.8120,0.7417,http://commons.wikimedia.org/wiki/Special:FilePath/Chiba%20Prefectural%20Museum%20of%20Art%202010.jpg,35.6089040,140.1247480,Q11406332,千葉市美術館
1297,山口縣立美術館,山口縣,美術館,4.2,1351,美術館,Yamaguchi Station,0.9,0.70,0.8400,0.6046,0.8423,0.7416,http://commons.wikimedia.org/wiki/Special:FilePath/140720%20Yamaguchi%20Prefectural%20Art%20Museum%20Yamaguchi%20Japan03s3.jpg,34.1795000,131.4740000,Q7881987,山口県立美術館
3200,博多港塔,福岡縣,通讯塔,4.2,2787,通讯塔,Hakata Station,2.6,0.70,0.8400,0.6653,0.6537,0.7410,http://commons.wikimedia.org/wiki/Special:FilePath/Baysideplace001.jpg,33.6044444,130.3977778,Q1568000,博多ポートタワー
106,任天堂博物館,京都府,公司博物館,4.5,4009,公司博物館,Kyoto Station,10.6,0.70,0.9000,0.6958,0.3205,0.7408,http://commons.wikimedia.org/wiki/Special:FilePath/Nintendo%20Museum%20Entrance.jpg,34.8927780,135.7841670,Q123124346,ニンテンドーミュージアム
19,夫婦岩,三重縣,觀光景點,4.4,11984,觀光景點,Tsu Station,35.7,0.70,0.8800,0.7876,0.1230,0.7406,http://commons.wikimedia.org/wiki/Special:FilePath/Meotoiwa.jpg,34.5094444,136.7883333,Q333875,二見興玉神社
3363,秋田縣立美術館·平野政吉收藏庫,秋田縣,美術館,4.1,1545,美術館,Akita Station,0.7,0.70,0.8200,0.6159,0.8763,0.7404,http://commons.wikimedia.org/wiki/Special:FilePath/Akita%20Museum%20of%20Art%2020180520.jpg,39.7174278,140.1215000,Q11483668,秋田県立美術館
2016,爱媛县美术馆,愛媛縣,都道府县立博物馆,4.1,1764,都道府县立博物馆,Matsuyama Station,1.0,0.70,0.8200,0.6270,0.8346,0.7396,http://commons.wikimedia.org/wiki/Special:FilePath/The%20Museum%20of%20Art%2C%20EHIME%20-%20panoramio%20%281%29.jpg,33.8405556,132.7622222,Q11493678,愛媛県美術館
2395,六本木ミュージアム,東京都,博物馆建筑,4.4,1977,博物馆建筑,Tokyo Station,3.8,0.70,0.8800,0.6365,0.5669,0.7396,http://commons.wikimedia.org/wiki/Special:FilePath/202405131411%20IMG%206345.jpg,35.6597737,139.7340377,Q115977950,六本木ミュージアム
134,東映太秦映畫村,京都府,电影布景,4.0,10395,电影布景,Kyoto Station,5.7,0.70,0.8000,0.7757,0.4665,0.7394,http://commons.wikimedia.org/wiki/Special:FilePath/Toei%20Kyoto%20Studio%20Park%20from%20above.jpg,35.0163890,135.7083330,Q11103541,太秦映画村
3763,掛川花鳥園,靜岡縣,植物園,4.5,8834,植物園,Shizuoka Station,41.4,0.70,0.9000,0.7621,0.1079,0.7394,http://commons.wikimedia.org/wiki/Special:FilePath/%E6%8E%9B%E5%B7%9D%E8%8A%B1%E9%B3%A5%E5%9C%92%20-%20panoramio%20%281%29.jpg,34.7611944,138.0150556,Q11498237,掛川花鳥園
1451,西湖的療癒之里根場,山梨縣,民家園,4.4,8313,民家園,Kofu Station,19.9,0.70,0.8800,0.7570,0.2008,0.7392,http://commons.wikimedia.org/wiki/Special:FilePath/Iyashinosato%20village%2004.jpg,35.5050000,138.6615000,Q11629111,西湖いやしの里 根場
1430,山梨県立科学館,山梨縣,科學博物館,4.2,1347,科學博物館,Kofu Station,1.1,0.70,0.8400,0.6044,0.8179,0.7391,http://commons.wikimedia.org/wiki/Special:FilePath/Yamanashi%20Prefectural%20Science%20Center.jpg,35.6694440,138.5802780,Q4683550,山梨県立科学館
2342,イマーシブ・フォート東京,東京都,主題公園,4.3,4332,主題公園,Tokyo Station,6.4,0.70,0.8600,0.7023,0.4403,0.7387,,35.6250050,139.7799461,Q130711537,イマーシブ・フォート東京
2452,岡本太郎紀念館,東京都,美術館,4.5,1828,美術館,Tokyo Station,5.2,0.70,0.9000,0.6300,0.4925,0.7382,http://commons.wikimedia.org/wiki/Special:FilePath/Taro%20Okamoto%20Memorial%20Museum.jpg,35.6613080,139.7155830,Q11473108,岡本太郎記念館
3078,江之岛展望灯台,神奈川縣,觀光塔,4.4,8473,觀光塔,Yokohama Station,22.7,0.70,0.8800,0.7586,0.1807,0.7376,http://commons.wikimedia.org/wiki/Special:FilePath/Enoshima%20Sea%20Candle%201.jpg,35.2997220,139.4783330,Q11550565,江の島シーキャンドル
3375,伊香保おもちゃと人形自動車博物館,群馬縣,汽車博物館,4.4,5677,汽車博物館,Maebashi Station,12.9,0.70,0.8800,0.7250,0.2799,0.7375,http://commons.wikimedia.org/wiki/Special:FilePath/Ikaho%20Toy%2C%20Doll%20%26%20Car%20Museum.jpg,36.4637501,138.9691358,Q108152784,伊香保 おもちゃと人形 自動車博物館
2130,德川美術館,愛知縣,美術館,4.2,4378,美術館,Nagoya Station,4.9,0.70,0.8400,0.7032,0.5046,0.7374,http://commons.wikimedia.org/wiki/Special:FilePath/View%20of%20Tokugawa%20Art%20Museum%20%281%29%2C%20Tokugawa-cho%20Higashi%20Ward%20Nagoya%202021.jpg,35.1836920,136.9331890,Q3077236,徳川美術館
2659,野球殿堂博物館,東京都,體育博物館,4.4,1457,體育博物館,Tokyo Station,3.0,0.70,0.8800,0.6110,0.6214,0.7374,http://commons.wikimedia.org/wiki/Special:FilePath/Baseball%20Hall%20of%20Fame%20and%20Museum%20%28Japan%29%20Entrance.jpg,35.7056583,139.7519139,Q1134380,野球殿堂博物館
3081,海上保安資料館横浜館,神奈川縣,海事博物館,4.5,838,海事博物館,Yokohama Station,2.4,0.70,0.9000,0.5646,0.6792,0.7373,http://commons.wikimedia.org/wiki/Special:FilePath/Kousaku%20sen.JPG,35.4543056,139.6443056,Q6156562,海上保安資料館横浜館
764,船橋安徒生公園,千葉縣,公園,4.4,6879,公園,Chiba Station,16.9,0.70,0.8800,0.7411,0.2281,0.7371,http://commons.wikimedia.org/wiki/Special:FilePath/Hunabashi%20Andersen%20Park%20Fusha.JPG,35.7599920,140.0629390,Q11277206,ふなばしアンデルセン公園
1891,海上自衛隊吳史料館,廣島縣,博物館,4.5,5320,博物館,Hiroshima Station,18.8,0.70,0.9000,0.7195,0.2103,0.7369,http://commons.wikimedia.org/wiki/Special:FilePath/JMSDF-KureMuseum.jpg,34.2422222,132.5553889,Q3805303,海上自衛隊呉史料館 (てつのくじら館)
229,人和防災未來中心,兵庫縣,文化機構,4.3,2488,文化機構,Kobe Station,3.9,0.70,0.8600,0.6558,0.5601,0.7368,http://commons.wikimedia.org/wiki/Special:FilePath/Disaster%20Reduction%20and%20Human%20Renovation%20Institution.jpg,34.6980870,135.2146220,Q11375890,阪神・淡路大震災記念 人と防災未来センター
3978,湯之平展望所,鹿兒島縣,风景点,4.3,5146,风景点,Kagoshima-Chuo Station,8.5,0.70,0.8600,0.7167,0.3713,0.7362,http://commons.wikimedia.org/wiki/Special:FilePath/Yunohira%20Observatory%20with%20Kagoshima%20City%20Central.jpg,31.5915000,130.6299000,Q110582222,湯之平展望所
2571,江戶東京建物園,東京都,戶外博物館,4.5,5808,戶外博物館,Tokyo Station,23.3,0.70,0.9000,0.7269,0.1767,0.7357,http://commons.wikimedia.org/wiki/Special:FilePath/Entrance%20of%20the%20Edo-Tokyo%20Open%20Air%20Architectural%20Museum.jpg,35.7158222,139.5126139,Q1051229,江戸東京たてもの園
3003,京急ミュージアム,神奈川縣,公司博物館,4.2,795,公司博物館,Yokohama Station,0.5,0.70,0.8400,0.5602,0.9148,0.7355,http://commons.wikimedia.org/wiki/Special:FilePath/Keikyu%20Group%20Headquarters%2003%20%28KEIKYU%20MUSEUM%29.jpg,35.4635979,139.6267257,Q131011021,京急ミュージアム
2527,東京廣告博物館,東京都,広告博物館,4.4,897,広告博物館,Tokyo Station,1.9,0.70,0.8800,0.5703,0.7219,0.7353,http://commons.wikimedia.org/wiki/Special:FilePath/Ad%20Museum%20Tokyo.JPG,35.6643330,139.7622220,Q11284141,アドミュージアム東京
1164,宮城县美术馆,宮城縣,美術館,4.2,2032,美術館,Sendai Station,2.4,0.70,0.8400,0.6388,0.6723,0.7349,http://commons.wikimedia.org/wiki/Special:FilePath/The%20miyagi%20museum%20of%20art01s3872.jpg,38.2640560,140.8549170,Q11453791,宮城県美術館
1661,岡山縣立美術館,岡山縣,美術館,4.1,1509,美術館,Okayama Station,1.1,0.70,0.8200,0.6139,0.8263,0.7348,http://commons.wikimedia.org/wiki/Special:FilePath/The%20Okayama%20Prefectural%20Museum%20of%20Art01s3200.jpg,34.6677778,133.9300000,Q4677150,岡山県立美術館
3236,福岡市科学館,福岡縣,科學博物館,4.2,3353,科學博物館,Hakata Station,4.2,0.70,0.8400,0.6808,0.5423,0.7345,http://commons.wikimedia.org/wiki/Special:FilePath/Fukuoka%20City%20Science%20Museum%2020171103-3.jpg,33.5773611,130.3778333,Q38277412,福岡市科学館
3732,三保之松原,靜岡縣,松林,4.2,9178,松林,Shizuoka Station,12.5,0.70,0.8400,0.7653,0.2861,0.7342,http://commons.wikimedia.org/wiki/Special:FilePath/Mount%20Fuji%20and%20Miho%20no%20Matsubara%2020170211-8.jpg,34.9950000,138.5227778,Q869275,三保松原
6,三重県綜合博物館,三重縣,公共檔案館,4.1,1566,公共檔案館,Tsu Station,1.2,0.70,0.8200,0.6170,0.8078,0.7339,http://commons.wikimedia.org/wiki/Special:FilePath/Miemu.in.2014.03.09.jpg,34.7421530,136.5016730,Q11357775,三重県総合博物館（MieMu）
3466,茨城県近代美術館,茨城縣,美術館,4.2,1039,美術館,Mito Station,1.0,0.70,0.8400,0.5826,0.8311,0.7339,http://commons.wikimedia.org/wiki/Special:FilePath/Museum%20of%20Modern%20Art%20Ibaraki.JPG,36.3677944,140.4653861,Q11617518,茨城県近代美術館
159,藤井有邻馆,京都府,美術館,4.1,3747,美術館,Kyoto Station,3.5,0.70,0.8200,0.6901,0.5860,0.7336,http://commons.wikimedia.org/wiki/Special:FilePath/Yurinkan%20Museum.jpg,35.0116940,135.7812780,Q11622794,京都国立近代美術館
2322,NHK放送博物館,東京都,公司博物館,4.3,1445,公司博物館,Tokyo Station,2.6,0.70,0.8600,0.6103,0.6598,0.7331,http://commons.wikimedia.org/wiki/Special:FilePath/NHK%20Museum.jpg,35.6637780,139.7482780,Q11235312,NHK放送博物館
2742,那须动物王国,栃木縣,動物園,4.4,10895,動物園,Utsunomiya Station,64.5,0.70,0.8800,0.7796,0.0719,0.7331,http://commons.wikimedia.org/wiki/Special:FilePath/Nasu%20Animal%20Kingdom%2020091101%200906.jpg,37.1288890,140.0369440,Q11642887,那須どうぶつ王国
79,京都國立近代美術館,京都府,美術館,4.1,3747,美術館,Kyoto Station,3.6,0.70,0.8200,0.6901,0.5793,0.7330,http://commons.wikimedia.org/wiki/Special:FilePath/National%20Museum%20of%20Modern%20Art%20Kyoto%202010.jpg,35.0123890,135.7819430,Q1055628,京都国立近代美術館
132,月桂冠大倉記念館,京都府,公司博物館,4.2,4633,公司博物館,Kyoto Station,6.2,0.70,0.8400,0.7079,0.4446,0.7328,http://commons.wikimedia.org/wiki/Special:FilePath/Gekkeikan%20Okura%20Sake%20Museum01nt3200.jpg,34.9296940,135.7621670,Q11516157,月桂冠大倉記念館
933,大分市美術館,大分縣,美術館,4.2,1059,美術館,Oita Station,1.1,0.70,0.8400,0.5842,0.8134,0.7326,http://commons.wikimedia.org/wiki/Special:FilePath/Oita%20Municipal%20Museum.jpg,33.2234167,131.6020278,Q11432755,大分市美術館
2429,地下鐵博物館,東京都,建築結構,4.4,3704,建築結構,Tokyo Station,9.8,0.70,0.8800,0.6892,0.3369,0.7324,http://commons.wikimedia.org/wiki/Special:FilePath/Metro%20Museum%2C%20entrance-1.jpg,35.6635000,139.8738610,Q11424081,地下鉄博物館
2415,品川水族館,東京都,水族館,4.2,7461,水族館,Tokyo Station,10.7,0.70,0.8400,0.7479,0.3194,0.7323,http://commons.wikimedia.org/wiki/Special:FilePath/Sinagawa%20Aquarium.jpg,35.5884720,139.7375000,Q11254393,しながわ水族館
3837,地中美術館,香川縣,美術館,4.4,4441,美術館,Takamatsu Station,12.4,0.70,0.8800,0.7044,0.2879,0.7321,http://commons.wikimedia.org/wiki/Special:FilePath/Chichu%20art%20museum01s2560.jpg,34.4497583,133.9858028,Q4556499,地中美術館
2744,DMM Kariyushi水族館,沖繩縣,水族館,4.1,6767,水族館,Naha Bus Terminal,6.9,0.70,0.8200,0.7397,0.4210,0.7320,http://commons.wikimedia.org/wiki/Special:FilePath/DMM%20Kariyushi%20Aquarium%20202006.jpg,26.1563056,127.6504167,Q56347666,DMM かりゆし水族館
2354,レゴランド・ディスカバリー・センター東京,東京都,乐高探索中心,4.2,4209,乐高探索中心,Tokyo Station,5.9,0.70,0.8400,0.6999,0.4597,0.7319,,35.6288171,139.7756690,Q30934236,レゴランド・ディスカバリー・センター東京
3312,福島縣立美術館,福島縣,美術館,4.1,1732,美術館,Fukushima Station,1.6,0.70,0.8200,0.6254,0.7622,0.7319,http://commons.wikimedia.org/wiki/Special:FilePath/Fukushima-Pref-Museum-of-Art02.jpg,37.7679167,140.4565278,Q5507735,福島県立美術館
447,五稜郭塔,北海道,觀光塔,4.3,16640,觀光塔,Sapporo Station,149.9,0.70,0.8600,0.8152,0.0323,0.7318,http://commons.wikimedia.org/wiki/Special:FilePath/Goryokaku%20Tower%20Hakodate%20Hokkaido%20Japan01n.jpg,41.7946890,140.7540030,Q17222936,五稜郭タワー
2101,名古屋市美術館,愛知縣,美術館,4.0,2802,美術館,Nagoya Station,1.9,0.70,0.8000,0.6658,0.7204,0.7318,http://commons.wikimedia.org/wiki/Special:FilePath/Nagoya%20City%20Art%20Museum01-r.jpg,35.1638420,136.9010220,Q469573,名古屋市美術館
1141,仙台市博物館,宮城縣,市立博物館,4.1,2332,市立博物館,Sendai Station,2.3,0.70,0.8200,0.6504,0.6857,0.7317,http://commons.wikimedia.org/wiki/Special:FilePath/Sendai%20City%20Museum%2020251221a.jpg,38.2560650,140.8566850,Q3330092,仙台市博物館
2170,爱知县美术馆,愛知縣,美術館,4.1,2666,美術館,Nagoya Station,2.7,0.70,0.8200,0.6616,0.6485,0.7313,http://commons.wikimedia.org/wiki/Special:FilePath/Aichi%20Arts%20Center%20exterior%20ac.jpg,35.1711500,136.9113080,Q11256823,愛知県美術館
2999,三笠號戰艦,神奈川縣,前無畏艦,4.4,6235,前無畏艦,Yokohama Station,20.7,0.70,0.8800,0.7328,0.1947,0.7313,http://commons.wikimedia.org/wiki/Special:FilePath/Yokosuka-mikasa-08-2010.png,35.2850000,139.6741667,Q696891,記念艦三笠
2361,三得利美術館,東京都,美術館,4.2,2584,美術館,Tokyo Station,3.7,0.70,0.8400,0.6590,0.5740,0.7311,http://commons.wikimedia.org/wiki/Special:FilePath/Tokyo-Midtown-Suntory-Museum-of-Art-01.jpg,35.6663889,139.7302778,Q11249110,サントリー美術館
1812,田部美術館,島根縣,美術館,4.2,1529,美術館,Matsue Station,2.1,0.70,0.8400,0.6150,0.7051,0.7310,http://commons.wikimedia.org/wiki/Special:FilePath/Shiominawate%20Matsue06s4592.jpg,35.4792000,133.0500000,Q11577460,小泉八雲記念館
119,天橋立View Land,京都府,主題公園,4.4,10441,主題公園,Kyoto Station,81.9,0.70,0.8800,0.7761,0.0575,0.7306,http://commons.wikimedia.org/wiki/Special:FilePath/%E3%83%AA%E3%83%95%E3%83%88%E5%B1%B1%E9%A0%82%E9%A7%85.jpg,35.5525000,135.1817500,Q11442700,天橋立ビューランド
1785,小泉八雲紀念館,島根縣,人物紀念館,4.2,1529,人物紀念館,Matsue Station,2.1,0.70,0.8400,0.6150,0.7013,0.7306,http://commons.wikimedia.org/wiki/Special:FilePath/Lafcadio%20Hearn%20Memorial%20Hall02st3200.jpg,35.4791440,133.0491950,Q1778875,小泉八雲記念館
2530,東京玩具美術館,東京都,玩具博物館,4.3,2197,玩具博物館,Tokyo Station,4.5,0.70,0.8600,0.6454,0.5246,0.7301,http://commons.wikimedia.org/wiki/Special:FilePath/Entrance%20of%20Tokyo%20Toy%20Museum.jpg,35.6896390,139.7180280,Q11524018,東京おもちゃ美術館
2603,目黑寄生虫馆,東京都,醫學博物館,4.4,2705,醫學博物館,Tokyo Station,7.8,0.70,0.8800,0.6628,0.3920,0.7300,http://commons.wikimedia.org/wiki/Special:FilePath/Meguro%20parasitological%20museum%20shimomeguro%20tokyo%202009.JPG,35.6316667,139.7066667,Q11581651,目黒寄生虫館
2713,本田收藏館,栃木縣,公司博物館,4.6,3801,公司博物館,Utsunomiya Station,29.5,0.70,0.9200,0.6913,0.1447,0.7299,http://commons.wikimedia.org/wiki/Special:FilePath/Honda%20Collection%20Hall%202011.jpg,36.5270000,140.2270000,Q5892402,ホンダコレクションホール
1988,坂上之雲博物館,愛媛縣,博物館,4.0,2275,博物館,Matsuyama Station,1.6,0.70,0.8000,0.6483,0.7526,0.7298,http://commons.wikimedia.org/wiki/Special:FilePath/2023%E5%B9%B47%E6%9C%88-%E5%9D%82%E4%B8%8A%E4%B9%8B%E9%9B%B2%E5%8D%9A%E7%89%A9%E9%A4%A8A.jpg,33.8417722,132.7692083,Q7402728,坂の上の雲ミュージアム
3947,アミュラン,鹿兒島縣,摩天輪,4.2,510,摩天輪,Kagoshima-Chuo Station,0.2,0.70,0.8400,0.5230,0.9649,0.7294,http://commons.wikimedia.org/wiki/Special:FilePath/Amu1.jpg,31.5847222,130.5425000,Q17085094,観覧車｢アミュラン｣
1009,大阪市立美术馆,大阪府,美術館,4.1,5288,美術館,Osaka Station,6.0,0.70,0.8200,0.7190,0.4555,0.7293,http://commons.wikimedia.org/wiki/Special:FilePath/Osaka%20municipal%20museum%20of%20art01s3200.jpg,34.6501110,135.5105280,Q9004920,大阪市立美術館
1056,藤田美术馆,大阪府,美術館,4.4,967,美術館,Osaka Station,2.8,0.70,0.8800,0.5766,0.6411,0.7291,http://commons.wikimedia.org/wiki/Special:FilePath/Fujita%20museum01s3072.jpg,34.6949780,135.5251240,Q3329563,藤田美術館
2468,損保日本興亞東鄉青兒美術館,東京都,美術館,4.3,3022,美術館,Tokyo Station,6.5,0.70,0.8600,0.6721,0.4333,0.7290,http://commons.wikimedia.org/wiki/Special:FilePath/Sompo%20japan%20museum%20of%20arts%20shinjuku.jpg,35.6927778,139.6961111,Q1614504,SOMPO美術館
2451,山種美術館,東京都,美術館,4.3,2650,美術館,Tokyo Station,5.7,0.70,0.8600,0.6611,0.4652,0.7289,http://commons.wikimedia.org/wiki/Special:FilePath/Yamatane%20Museum%20of%20Art%20-%20Tokyo%2C%20Japan%20-%20DSC05555.jpg,35.6531744,139.7136407,Q3329572,山種美術館
1150,八木山ベニーランド,宮城縣,主題樂園,4.2,2114,主題樂園,Sendai Station,3.3,0.70,0.8400,0.6422,0.6015,0.7288,http://commons.wikimedia.org/wiki/Special:FilePath/Yagiyama%20BenyLand%202022.jpg,38.2466667,140.8486111,Q11391333,八木山ベニーランド
2404,半蔵門ミュージアム,東京都,博物館,4.6,428,博物館,Tokyo Station,2.3,0.70,0.9200,0.5084,0.6821,0.7287,http://commons.wikimedia.org/wiki/Special:FilePath/%E5%8D%8A%E8%94%B5%E9%96%80%E3%83%9F%E3%83%A5%E3%83%BC%E3%82%B8%E3%82%A2%E3%83%A0%20%E5%85%A5%E3%82%8A%E5%8F%A3%E4%BB%98%E8%BF%91.jpg,35.6858640,139.7419490,Q130213553,半蔵門ミュージアム
3867,高松市美術館,香川縣,美術館,4.1,996,美術館,Takamatsu Station,0.8,0.70,0.8200,0.5791,0.8691,0.7286,http://commons.wikimedia.org/wiki/Special:FilePath/Takamatsu%20City%20Museum%20of%20Art%20Building%201.jpg,34.3440513,134.0491146,Q11670406,高松市美術館
170,鴨川デルタ,京都府,河岸,4.6,875,河岸,Kyoto Station,5.0,0.70,0.9200,0.5682,0.4979,0.7283,http://commons.wikimedia.org/wiki/Special:FilePath/%E9%B4%A8%E5%B7%9D%E3%83%87%E3%83%AB%E3%82%BF3.jpg,35.0299000,135.7717000,Q123688246,鴨川デルタ
987,國立民族學博物館 (日本）,大阪府,國立博物館,4.5,2815,國立博物館,Osaka Station,12.7,0.70,0.9000,0.6662,0.2832,0.7282,http://commons.wikimedia.org/wiki/Special:FilePath/National%20museum%20of%20ethnology%20Japan.jpg,34.8128611,135.5296833,Q147157,国立民族学博物館
2338,たばこと塩の博物館,東京都,塩博物館,4.3,2077,塩博物館,Tokyo Station,4.7,0.70,0.8600,0.6407,0.5176,0.7280,http://commons.wikimedia.org/wiki/Special:FilePath/Tobacco%20%26%20Salt%20Museum%20%28Tokyo%29.JPG,35.7060000,139.8086900,Q11271253,たばこと塩の博物館
3758,富士野生動物園,靜岡縣,野生动物园,4.3,11339,野生动物园,Shizuoka Station,50.0,0.70,0.8600,0.7830,0.0909,0.7280,http://commons.wikimedia.org/wiki/Special:FilePath/%E5%AF%8C%E5%A3%AB%E3%82%B5%E3%83%95%E3%82%A1%E3%83%AA%E3%83%91%E3%83%BC%E3%82%AF%20%E3%83%A9%E3%82%A4%E3%82%AA%E3%83%B32%20Fuji-safari-park-Lion2.jpg,35.2599720,138.8106110,Q11455860,富士サファリパーク
2460,彩虹室內主題樂園,東京都,主題公園,4.2,12872,主題公園,Tokyo Station,31.2,0.70,0.8400,0.7936,0.1382,0.7279,http://commons.wikimedia.org/wiki/Special:FilePath/Sanrio%20Puroland.jpg,35.6244444,139.4291667,Q1133851,サンリオピューロランド
2501,朝倉雕塑館,東京都,历史房屋博物馆,4.5,1195,历史房屋博物馆,Tokyo Station,5.1,0.70,0.9000,0.5943,0.4962,0.7279,http://commons.wikimedia.org/wiki/Special:FilePath/ASAKURA%20Museum%20of%20Sculpture%2020051002.jpg,35.7268470,139.7685500,Q11517304,朝倉彫塑館
1060,造幣博物館,大阪府,貨幣博物館,4.2,1552,貨幣博物館,Osaka Station,2.5,0.70,0.8400,0.6162,0.6696,0.7278,http://commons.wikimedia.org/wiki/Special:FilePath/Mint%20Museum%20Osaka%20Japan01s5.jpg,34.6959170,135.5216670,Q11271546,造幣博物館
2566,民音音楽博物館,東京都,博物館,4.7,533,博物館,Tokyo Station,4.3,0.70,0.9400,0.5267,0.5364,0.7277,http://commons.wikimedia.org/wiki/Special:FilePath/Min-On%20Music%20Museum.JPG,35.6823000,139.7192700,Q65272034,民音音楽博物館
487,北海道開拓村,北海道,戶外博物館,4.4,3613,戶外博物館,Sapporo Station,12.1,0.70,0.8800,0.6871,0.2924,0.7274,http://commons.wikimedia.org/wiki/Special:FilePath/%E5%8C%97%E6%B5%B7%E9%81%93%E9%96%8B%E6%8B%93%E3%81%AE%E6%9D%91%28Historical%20Village%20of%20Hokkaido%29%20-%20panoramio%20%281%29.jpg,43.0482780,141.4970560,Q11403710,野外博物館 北海道開拓の村
960,NIFREL,大阪府,博物館,4.2,6783,博物館,Osaka Station,12.1,0.70,0.8400,0.7399,0.2931,0.7273,http://commons.wikimedia.org/wiki/Special:FilePath/NIFREL.jpg,34.8064167,135.5335833,Q21654084,ニフレル
961,REDHORSE OSAKA WHEEL,大阪府,摩天輪,4.2,6783,摩天輪,Osaka Station,12.1,0.70,0.8400,0.7399,0.2929,0.7273,http://commons.wikimedia.org/wiki/Special:FilePath/OSAKA%20WHEEL%201.jpg,34.8062500,135.5347500,Q28683749,ニフレル
1380,最上義光歴史館,山形縣,人物紀念館,4.1,1014,人物紀念館,Yamagata Station,0.9,0.70,0.8200,0.5806,0.8517,0.7273,http://commons.wikimedia.org/wiki/Special:FilePath/Mogami%20Yoshiaki%20Historical%20Museum.jpg,38.2550833,140.3334167,Q6890444,山形美術館
2673,領土・主権展示館,東京都,國立博物館,4.5,395,國立博物館,Tokyo Station,1.5,0.70,0.9000,0.5016,0.7680,0.7273,http://commons.wikimedia.org/wiki/Special:FilePath/National%20Museum%20of%20Territory%20and%20Sovereignty.jpg,35.6714169,139.7555000,Q47495157,領土・主権展示館
1658,岡山市立東方美術館,岡山縣,美術館,4.3,586,美術館,Okayama Station,1.0,0.70,0.8600,0.5347,0.8274,0.7271,http://commons.wikimedia.org/wiki/Special:FilePath/160319%20Okayama%20Orient%20Museum%20Okayama%20Japan02n.jpg,34.6663889,133.9300000,Q4707582,岡山市立オリエント美術館
1370,山形美術館,山形縣,美術館,4.1,1014,美術館,Yamagata Station,0.9,0.70,0.8200,0.5806,0.8480,0.7270,http://commons.wikimedia.org/wiki/Special:FilePath/Yamagata%20Museum%20of%20Art%202007.jpg,38.2558910,140.3324020,Q11468661,山形美術館
3092,神奈川县立历史博物馆,神奈川縣,都道府县立博物馆,4.2,1368,都道府县立博物馆,Yokohama Station,2.2,0.70,0.8400,0.6057,0.6905,0.7267,http://commons.wikimedia.org/wiki/Special:FilePath/Kanagawa%20Prefectural%20Museum%20of%20Cultural%20History%202009.jpg,35.4492000,139.6360000,Q5365233,神奈川県立歴史博物館
3989,長島美術館,鹿兒島縣,美術館,4.4,372,美術館,Kagoshima-Chuo Station,0.8,0.70,0.8800,0.4966,0.8556,0.7266,http://commons.wikimedia.org/wiki/Special:FilePath/Female%20Portrait%20by%20Fujishima%20Takeji%20%28Nagashima%20Museum%29.jpg,31.5817710,130.5323870,Q25045409,長島美術館
3856,豊島美術館,香川縣,美術館,4.6,2294,美術館,Takamatsu Station,16.0,0.70,0.9200,0.6490,0.2380,0.7265,http://commons.wikimedia.org/wiki/Special:FilePath/Teshima%20Museum%20Ryue%20Nishizawa%20Rei%20Naito%201.JPG,34.4897000,134.0910000,Q2379884,豊島美術館
2310,Bunkamura,東京都,藝廊,4.1,5426,藝廊,Tokyo Station,6.9,0.70,0.8200,0.7212,0.4203,0.7264,http://commons.wikimedia.org/wiki/Special:FilePath/Bunkamura.JPG,35.6608330,139.6950000,Q583055,Bunkamura
1601,飛驒民俗村,岐阜縣,民俗博物館,4.5,6477,民俗博物館,Gifu Station,91.3,0.70,0.9000,0.7360,0.0519,0.7260,http://commons.wikimedia.org/wiki/Special:FilePath/JP-Takayama-hida-no-sato-2.jpg,36.1322472,137.2344389,Q5751493,飛騨の里
3906,わらべ館,鳥取縣,玩具博物館,4.3,652,玩具博物館,Tottori Station,1.3,0.70,0.8600,0.5436,0.7888,0.7260,http://commons.wikimedia.org/wiki/Special:FilePath/Warabekan%20Toy%20Museum%20Tottori01n4350.jpg,35.5043030,134.2334580,Q11281939,わらべ館
2144,明治村博物館,愛知縣,戶外博物館,4.3,6990,戶外博物館,Nagoya Station,21.4,0.70,0.8600,0.7424,0.1895,0.7257,http://commons.wikimedia.org/wiki/Special:FilePath/Imperial%20Hotel%2C%20Tokyo%20%281923-1968%29.jpg,35.3419100,136.9892710,Q985290,博物館 明治村
1441,河口湖音樂盒之森,山梨縣,美術館,4.3,7468,美術館,Kofu Station,24.2,0.70,0.8600,0.7480,0.1710,0.7255,http://commons.wikimedia.org/wiki/Special:FilePath/Fountain%20show%20on%20the%20hour%20every%20hour%2C%20Kawaguchi-ko%20Music%20Forest%20Museum%20%28%E6%B2%B3%E5%8F%A3%E6%B9%96%E3%82%AA%E3%83%AB%E3%82%B4%E3%83%BC%E3%83%AB%E3%81%AE%E6%A3%AE%E3%81%A7%E6%AF%8E%E6%AD%A3%E6%99%82%E3%81%AB%E8%A1%8C%E3%82%8F%E3%82%8C%E3%82%8B%E5%99%B4%E6%B0%B4%E3%82%B7%E3%83%A7%E3%83%BC%29.jpg,35.5222222,138.7686111,Q11553670,河口湖 音楽と森の美術館
1401,鶴岡市立加茂水族館,山形縣,水族館,4.3,11533,水族館,Yamagata Station,77.5,0.70,0.8600,0.7844,0.0606,0.7254,http://commons.wikimedia.org/wiki/Special:FilePath/Kamo%20Aquarium%2020160505.jpg,38.7622220,139.7249720,Q11675955,東北エプソンアクアリウムかもすい（鶴岡市立加茂水族館）
4000,鹿兒島県歷史資料中心黎明館,鹿兒島縣,歷史博物館,4.1,1699,歷史博物館,Kagoshima-Chuo Station,2.1,0.70,0.8200,0.6238,0.7020,0.7254,http://commons.wikimedia.org/wiki/Special:FilePath/Reimeikan.jpg,31.5986000,130.5550000,Q11676739,鹿児島県歴史・美術センター黎明館
1866,広島市こども文化科学館,廣島縣,兒童博物館,4.3,852,兒童博物館,Hiroshima Station,2.0,0.70,0.8600,0.5660,0.7152,0.7253,http://commons.wikimedia.org/wiki/Special:FilePath/Hiroshima%20Childrens%20Museum.jpg,34.3986670,132.4536390,Q5771207,5-Daysこども文化科学館
3000,三菱みなとみらい技術館,神奈川縣,公司博物館,4.1,1188,公司博物館,Yokohama Station,1.3,0.70,0.8200,0.5938,0.7910,0.7253,,35.4558610,139.6298890,Q11357023,三菱みなとみらい技術館
3708,立佞武多の館,青森縣,山車会館,4.5,3920,山車会館,Aomori Station,24.6,0.70,0.9000,0.6939,0.1689,0.7251,http://commons.wikimedia.org/wiki/Special:FilePath/Tachineputa%20Hall.jpg,40.8109310,140.4432860,Q11597769,立佞武多の館
178,佐賀県立佐賀城本丸歴史館,佐賀縣,歷史博物館,4.3,887,歷史博物館,Saga Station,2.1,0.70,0.8600,0.5694,0.7018,0.7250,http://commons.wikimedia.org/wiki/Special:FilePath/Saga%20Castle%20History%20Museum%2020171112-1.jpg,33.2454260,130.3026700,Q104784030,佐賀県立佐賀城本丸歴史館
1879,廣島市現代美術館,廣島縣,美術館,4.2,830,美術館,Hiroshima Station,1.3,0.70,0.8400,0.5638,0.7987,0.7250,http://commons.wikimedia.org/wiki/Special:FilePath/Hiroshima%20City%20Museum%20of%20Contemporary%20Art.jpg,34.3863800,132.4733650,Q93425,広島市現代美術館
2942,成巽閣,石川縣,历史房屋博物馆,4.2,1315,历史房屋博物馆,Kanazawa Station,2.3,0.70,0.8400,0.6024,0.6832,0.7250,http://commons.wikimedia.org/wiki/Special:FilePath/131109%20Seisonkaku%20Kanazawa%20Ishikawa%20pref%20Japan10s3.jpg,36.5611111,136.6630556,Q7446985,石川県立歴史博物館
2863,美秀美術館,滋賀縣,美術館,4.4,4215,美術館,Otsu Station,16.9,0.70,0.8800,0.7000,0.2282,0.7248,http://commons.wikimedia.org/wiki/Special:FilePath/241119%20MIHO%20MUSEUM%20Koga%20Shiga%20pref%20Japan08s3.jpg,34.9159222,136.0158222,Q1268542,MIHO MUSEUM
937,大分縣立美術館,大分縣,美術館,4.3,478,美術館,Oita Station,0.9,0.70,0.8600,0.5176,0.8521,0.7245,http://commons.wikimedia.org/wiki/Special:FilePath/Oita%20OPAM%201.jpg,33.2394722,131.6013889,Q11432891,iichiko総合文化センター iichikoグランシアタ
1188,輪王寺,宮城縣,觀光景點,4.4,932,觀光景點,Sendai Station,3.3,0.70,0.8800,0.5735,0.6028,0.7243,http://commons.wikimedia.org/wiki/Special:FilePath/Rinnoji%20%287399308806%29.jpg,38.2832730,140.8587320,Q85883931,輪王寺
2546,東武博物館,東京都,公司博物館,4.3,2574,公司博物館,Tokyo Station,6.7,0.70,0.8600,0.6587,0.4267,0.7243,http://commons.wikimedia.org/wiki/Special:FilePath/Tobu%20Museum.jpg,35.7243611,139.8191667,Q3915461,東武博物館
715,國立歷史民俗博物館,千葉縣,國立博物館,4.4,3834,國立博物館,Chiba Station,15.6,0.70,0.8800,0.6921,0.2424,0.7239,http://commons.wikimedia.org/wiki/Special:FilePath/National%20Museum%20of%20Japanese%20History%202008.jpg,35.7244970,140.2190810,Q3330690,国立歴史民俗博物館
2715,栃木家庭樂園,栃木縣,主題樂園,4.3,2388,主題樂園,Utsunomiya Station,6.3,0.70,0.8600,0.6524,0.4412,0.7238,http://commons.wikimedia.org/wiki/Special:FilePath/Entrance%20of%20Tochinoki%20Family%20Land.jpg,36.5123890,139.8585280,Q11273193,とちのきファミリーランド
171,龙谷博物馆,京都府,宗教博物馆,4.1,826,宗教博物馆,Kyoto Station,0.8,0.70,0.8200,0.5634,0.8664,0.7237,http://commons.wikimedia.org/wiki/Special:FilePath/170128%20Ryukoku%20Museum%20Kyoto%20Japan02n.jpg,34.9911111,135.7533611,Q30933052,龍谷ミュージアム
2578,浮世繪 太田紀念美術館,東京都,美術館,4.3,2159,美術館,Tokyo Station,5.8,0.70,0.8600,0.6439,0.4647,0.7236,http://commons.wikimedia.org/wiki/Special:FilePath/Ota-Memorial-Museum-Harajuku-01.jpg,35.6694000,139.7050000,Q3815442,太田記念美術館
970,ザ・フライング・ダイナソー,大阪府,スチール・ローラー・コースター,4.8,556,スチール・ローラー・コースター,Osaka Station,7.4,0.70,0.9600,0.5303,0.4034,0.7234,http://commons.wikimedia.org/wiki/Special:FilePath/Flyingdinosaur.png,34.6634000,135.4305000,Q25110043,ザ・フライング・ダイナソー
3864,香川縣立博物館,香川縣,美術館,4.1,732,美術館,Takamatsu Station,0.6,0.70,0.8200,0.5533,0.8938,0.7234,http://commons.wikimedia.org/wiki/Special:FilePath/150504%20The%20Kagawa%20Museum%20Takamatsu%20Kagawa%20pref%20Japan01n.jpg,34.3497000,134.0530000,Q7743932,香川県立ミュージアム
1695,もりおか歴史文化館,岩手縣,歷史博物館,4.1,1144,歷史博物館,Morioka Station,1.4,0.70,0.8200,0.5907,0.7806,0.7233,http://commons.wikimedia.org/wiki/Special:FilePath/Morioka%20History%20and%20Culture%20Museum.jpg,39.7010640,141.1528100,Q123308191,もりおか歴史文化館
3194,北九州市立自然史・歷史博物館,福岡縣,自然歷史博物館,4.5,4887,自然歷史博物館,Hakata Station,47.4,0.70,0.9000,0.7124,0.0954,0.7233,http://commons.wikimedia.org/wiki/Special:FilePath/Kitakyusyu%20museum%20of%20natural%20history%20and%20human%20history.JPG,33.8691720,130.8085470,Q11400953,北九州市立いのちのたび博物館
2278,新潟縣立自然科学館,新潟縣,都道府县立博物馆,4.1,1852,都道府县立博物馆,Niigata Station,2.6,0.70,0.8200,0.6311,0.6578,0.7231,http://commons.wikimedia.org/wiki/Special:FilePath/NIIGATA%20SCIENCE%20MUSEUM.JPG,37.8907220,139.0497500,Q11503121,新潟県立自然科学館
2778,對馬丸紀念館,沖繩縣,博物館,4.3,503,博物館,Naha Bus Terminal,1.1,0.70,0.8600,0.5219,0.8251,0.7231,http://commons.wikimedia.org/wiki/Special:FilePath/Tsushima-maru%20Memorial%20Museum03n.jpg,26.2201110,127.6728060,Q11458206,対馬丸記念館
180,佐賀縣立博物館,佐賀縣,都道府县立博物馆,4.1,1556,都道府县立博物馆,Saga Station,2.1,0.70,0.8200,0.6165,0.7008,0.7230,http://commons.wikimedia.org/wiki/Special:FilePath/Saga%20Prefectural%20Museum%202008.jpg,33.2450000,130.3005556,Q6371422,佐賀県立美術館・佐賀県立博物館
3778,浜松広報館,靜岡縣,博物館,4.4,7358,博物館,Shizuoka Station,66.5,0.70,0.8800,0.7467,0.0699,0.7230,http://commons.wikimedia.org/wiki/Special:FilePath/JASDF-Hamamatsu-AirPark.jpg,34.7486389,137.7120833,Q11557862,航空自衛隊浜松広報館 エアーパーク
103,京都絞り工芸館,京都府,織物博物館,4.7,285,織物博物館,Kyoto Station,2.7,0.70,0.9400,0.4743,0.6461,0.7229,,35.0100760,135.7537070,Q132529270,京都絞り工芸館
1445,甲州夢小路,山梨縣,觀光景點,3.8,1512,觀光景點,Kofu Station,0.3,0.70,0.7600,0.6141,0.9470,0.7229,http://commons.wikimedia.org/wiki/Special:FilePath/Kofu%20yume%20kouji%201.JPG,35.6668889,138.5713889,Q20044182,甲州夢小路
2359,三之丸尚藏館,東京都,美術館,4.2,630,美術館,Tokyo Station,0.9,0.70,0.8400,0.5407,0.8463,0.7228,http://commons.wikimedia.org/wiki/Special:FilePath/Sannomaru%20Shozokan%20190928a.jpg,35.6863020,139.7592470,Q3076188,皇居三の丸尚蔵館
182,佐賀縣立美術館,佐賀縣,美術館,4.1,1556,美術館,Saga Station,2.2,0.70,0.8200,0.6165,0.6973,0.7227,http://commons.wikimedia.org/wiki/Special:FilePath/Saga%20Prefectural%20Art%20Museum%202008.jpg,33.2446111,130.2999722,Q22118826,佐賀県立美術館・佐賀県立博物館
2569,汐留美術館,東京都,美術館,4.0,1797,美術館,Tokyo Station,1.8,0.70,0.8000,0.6285,0.7383,0.7224,http://commons.wikimedia.org/wiki/Special:FilePath/Matsushita%20Electric%20Works%20Building%2020070317-02.jpg,35.6658200,139.7619500,Q11550512,パナソニック汐留美術館
948,湯布院フローラルビレッジ,大分縣,主題公園,4.1,11798,主題公園,Oita Station,22.7,0.70,0.8200,0.7863,0.1802,0.7219,http://commons.wikimedia.org/wiki/Special:FilePath/Yufuin%20Floral%20Village.jpg,33.2674250,131.3655139,Q127691503,湯布院フローラルヴィレッジ
1229,富山縣水墨美術館,富山縣,美術館,4.2,823,美術館,Toyama Station,1.5,0.70,0.8400,0.5631,0.7697,0.7219,http://commons.wikimedia.org/wiki/Special:FilePath/%E5%AF%8C%E5%B1%B1%E6%B0%B4%E5%A2%A8%E7%BE%8E%E8%A1%93%E9%A4%A8.jpg,36.6990560,137.1965000,Q11456481,富山県水墨美術館
2405,印刷博物館,東京都,公司博物館,4.3,1347,公司博物館,Tokyo Station,3.9,0.70,0.8600,0.6044,0.5628,0.7216,http://commons.wikimedia.org/wiki/Special:FilePath/Printing-museum.jpg,35.7093333,139.7416111,Q994083,印刷博物館
3221,櫛田の銀杏,福岡縣,古树,4.1,836,古树,Hakata Station,0.9,0.70,0.8200,0.5644,0.8427,0.7216,http://commons.wikimedia.org/wiki/Special:FilePath/Kushida%20no%20Ginan%20the%20W%20side%201-41%20Kami-kawabatamachi%20Hakata-ku%20Fukuoka%2020230801.jpg,33.5930556,130.4112222,Q123486959,「博多町家」ふるさと館
143,漢検 漢字博物館・図書館,京都府,语言博物馆,4.1,1698,语言博物馆,Kyoto Station,2.5,0.70,0.8200,0.6238,0.6632,0.7215,http://commons.wikimedia.org/wiki/Special:FilePath/%E6%BC%A2%E5%AD%97%E3%83%9F%E3%83%A5%E3%83%BC%E3%82%B8%E3%82%A2%E3%83%A0%20-%20%E5%85%A5%E5%8F%A3.jpg,35.0033333,135.7766667,Q53737773,漢検漢字博物館・図書館（漢字ミュージアム）
1532,岐阜關原古戰場紀念館,岐阜縣,歷史博物館,4.5,3549,歷史博物館,Gifu Station,26.7,0.70,0.9000,0.6856,0.1576,0.7214,http://commons.wikimedia.org/wiki/Special:FilePath/Sekigahara%20Battlefield%20Memorial%20Hall.jpg,35.3656760,136.4662530,Q105266062,岐阜関ケ原古戦場記念館
2653,足立區生物園,東京都,動物園,4.5,2181,動物園,Tokyo Station,12.9,0.70,0.9000,0.6448,0.2795,0.7214,http://commons.wikimedia.org/wiki/Special:FilePath/Onshitsu.JPG,35.7924440,139.8072220,Q11636941,足立区生物園
3169,「博多町家」ふるさと館,福岡縣,历史房屋博物馆,4.1,836,历史房屋博物馆,Hakata Station,0.9,0.70,0.8200,0.5644,0.8413,0.7214,http://commons.wikimedia.org/wiki/Special:FilePath/Hakata-Machiya%20Furusato%20Museum%2020170918.jpg,33.5936389,130.4113889,Q55528690,「博多町家」ふるさと館
101,京都祇園らんぷ美術館,京都府,工藝博物館,4.1,1698,工藝博物館,Kyoto Station,2.6,0.70,0.8200,0.6238,0.6603,0.7212,,35.0032550,135.7773290,Q132529195,漢検漢字博物館・図書館（漢字ミュージアム）
535,小樽水族館,北海道,水族館,4.3,7382,水族館,Sapporo Station,33.3,0.70,0.8600,0.7470,0.1306,0.7212,http://commons.wikimedia.org/wiki/Special:FilePath/Otaruaquarium%2001.jpg,43.2368060,141.0112500,Q11261729,おたる水族館
1753,龍泉洞,岩手縣,溶洞,4.4,6619,溶洞,Morioka Station,59.2,0.70,0.8800,0.7378,0.0779,0.7211,http://commons.wikimedia.org/wiki/Special:FilePath/Ryusendo%20Cave%20Underground%20Lake%20Cap%2020201115.jpg,39.8605333,141.7972806,Q7385643,龍泉洞
3715,青森県営浅虫水族館,青森縣,水族館,4.3,4138,水族館,Aomori Station,13.2,0.70,0.8600,0.6985,0.2743,0.7210,http://commons.wikimedia.org/wiki/Special:FilePath/Asamushi%20Aquarium%20Aomori%20Japan03n.jpg,40.8975830,140.8627780,Q4803495,青森県営浅虫水族館
2512,東京スカイツリー天望デッキ,東京都,觀景台,4.4,1240,觀景台,Tokyo Station,5.1,0.70,0.8800,0.5974,0.4955,0.7208,http://commons.wikimedia.org/wiki/Special:FilePath/Tokyo%20Skytree%20%281%29.JPG,35.7102266,139.8106940,Q117066302,東京スカイツリー天望デッキ
88,京都市美術館,京都府,美術館,4.4,912,美術館,Kyoto Station,3.8,0.70,0.8800,0.5717,0.5709,0.7206,http://commons.wikimedia.org/wiki/Special:FilePath/Kyoto%20Municipal%20Museum%20of%20Art%201933%20%E2%85%B1.jpg,35.0128361,135.7835694,Q3330657,東山キューブ
3664,長野縣立美術館,長野縣,美術館,4.4,525,美術館,Nagano Station,2.1,0.70,0.8800,0.5254,0.7067,0.7203,http://commons.wikimedia.org/wiki/Special:FilePath/Nagano%20Prefectural%20Art%20Museum%202021-12%201.jpg,36.6615750,138.1910180,Q110245475,長野県立美術館 東山魁夷館
1023,天保山大摩天輪,大阪府,摩天輪,4.1,4806,摩天輪,Osaka Station,7.9,0.70,0.8200,0.7110,0.3889,0.7202,http://commons.wikimedia.org/wiki/Special:FilePath/Tempozan%20giant%20wheel02s2048.jpg,34.6562000,135.4310000,Q548263,レゴランド・ディスカバリー・センター大阪
3662,長野縣信濃美術館・東山魁夷館,長野縣,美術館,4.4,525,美術館,Nagano Station,2.1,0.70,0.8800,0.5254,0.7056,0.7202,http://commons.wikimedia.org/wiki/Special:FilePath/Nagano%20Prefectural%20Shinano%20Art%20Museum.jpg,36.6616670,138.1911110,Q11654278,長野県立美術館 東山魁夷館
330,甲子園歷史館,兵庫縣,體育博物館,4.6,1879,體育博物館,Kobe Station,17.4,0.70,0.9200,0.6323,0.2232,0.7200,http://commons.wikimedia.org/wiki/Special:FilePath/The%20Museum%20of%20Hanshin%20Koshien%20Stadium.jpg,34.7203944,135.3618056,Q10855326,甲子園歴史館
332,白鶴酒造資料館,兵庫縣,日本清酒博物館,4.3,2687,日本清酒博物館,Kobe Station,8.4,0.70,0.8600,0.6623,0.3736,0.7200,http://commons.wikimedia.org/wiki/Special:FilePath/Hakuturu-sake-museum.jpg,34.7106111,135.2616389,Q11580624,白鶴酒造資料館
2420,國學院大學博物館,東京都,大學博物館,4.5,987,大學博物館,Tokyo Station,5.8,0.70,0.9000,0.5783,0.4646,0.7200,http://commons.wikimedia.org/wiki/Special:FilePath/Kokugakuin%20University%20002.jpg,35.6563056,139.7111667,Q81916990,國學院大學博物館
2901,熊本市現代美術館,熊本縣,現代美術館,4.2,1132,現代美術館,Kumamoto Station,2.5,0.70,0.8400,0.5898,0.6710,0.7200,http://commons.wikimedia.org/wiki/Special:FilePath/Bipuresu%20kumanichi-kaikan01s3200.jpg,32.8033610,130.7110280,Q11568021,熊本市現代美術館
973,レゴランド・ディスカバリー・センター大阪,大阪府,乐高探索中心,4.1,4806,乐高探索中心,Osaka Station,7.9,0.70,0.8200,0.7110,0.3863,0.7199,,34.6558056,135.4301667,Q30934192,レゴランド・ディスカバリー・センター大阪
2410,史努比博物館,東京都,動漫博物館,4.3,7002,動漫博物館,Tokyo Station,32.9,0.70,0.8600,0.7426,0.1318,0.7199,,35.5102500,139.4695278,Q24834461,スヌーピーミュージアム
2639,葛飾柴又寅次郎紀念館,東京都,電影博物館,4.3,3984,電影博物館,Tokyo Station,13.3,0.70,0.8600,0.6953,0.2736,0.7199,http://commons.wikimedia.org/wiki/Special:FilePath/Tora-san%20Museum.JPG,35.7571389,139.8805278,Q21018928,葛飾柴又寅さん記念館
5,三重县立美术馆,三重縣,都道府县立博物馆,4.0,962,都道府县立博物馆,Tsu Station,0.8,0.70,0.8000,0.5762,0.8687,0.7197,http://commons.wikimedia.org/wiki/Special:FilePath/140405%20Mie%20Prefectural%20Art%20Museum%20Tsu%20Japan02s3.jpg,34.7348330,136.5018890,Q11357837,三重県立美術館
2966,能登島臨海公園水族館,石川縣,水族館,4.4,6465,水族館,Kanazawa Station,70.1,0.70,0.8800,0.7359,0.0666,0.7194,http://commons.wikimedia.org/wiki/Special:FilePath/Notojima%20Suizokukan.jpg,37.1491667,136.9822222,Q11275197,のとじま水族館
1641,児島虎次郎記念館,岡山縣,倉庫,4.4,3135,倉庫,Okayama Station,15.5,0.70,0.8800,0.6752,0.2437,0.7189,http://commons.wikimedia.org/wiki/Special:FilePath/Kurashiki%20Ivy%20Square24s5.jpg,34.5954407,133.7727285,Q97371282,大原美術館
2481,日比谷圖書文化館,東京都,都道府県立図書館,4.3,545,都道府県立図書館,Tokyo Station,1.5,0.70,0.8600,0.5286,0.7637,0.7189,http://commons.wikimedia.org/wiki/Special:FilePath/Hibiya%20Library%20%26%20Museum%202016.JPG,35.6717780,139.7545000,Q11509583,千代田区立日比谷図書文化館
2710,日光江戶村,栃木縣,主題公園,4.3,6570,主題公園,Utsunomiya Station,31.4,0.70,0.8600,0.7372,0.1375,0.7189,http://commons.wikimedia.org/wiki/Special:FilePath/Nikko%20Edo-Mura%207.jpg,36.7910000,139.6980000,Q11504885,EDO WONDERLAND 日光江戸村
1633,倉敷蜷川美術館,岡山縣,Classical Antiquities collection,4.4,3135,Classical Antiquities collection,Okayama Station,15.6,0.70,0.8800,0.6752,0.2427,0.7188,,34.5957080,133.7714790,Q1453270,大原美術館
1651,大原美術館,岡山縣,美術館,4.4,3135,美術館,Okayama Station,15.6,0.70,0.8800,0.6752,0.2423,0.7188,http://commons.wikimedia.org/wiki/Special:FilePath/Kurashiki%20Ohara%20Art%20Museum02nt3200.jpg,34.5961500,133.7706700,Q2977589,大原美術館
592,札幌羊丘瞭望台,北海道,觀光景點,3.9,9229,觀光景點,Sapporo Station,8.5,0.70,0.7800,0.7657,0.3699,0.7187,http://commons.wikimedia.org/wiki/Special:FilePath/Hitsujigaoka-sheep.jpg,42.9991667,141.3947222,Q3348373,さっぽろ羊ヶ丘展望台
2635,荒川遊園,東京都,主題樂園,4.2,3386,主題樂園,Tokyo Station,8.1,0.70,0.8400,0.6816,0.3820,0.7187,http://commons.wikimedia.org/wiki/Special:FilePath/Arakawa%20yuen%20wheel.jpg,35.7536110,139.7586110,Q17191904,あらかわ遊園
3949,ジャングルパーク遊園地,鹿兒島縣,主題樂園,3.8,4194,主題樂園,Kagoshima-Chuo Station,2.7,0.70,0.7600,0.6996,0.6463,0.7185,,31.5700000,130.5650000,Q11310142,フレスポジャングルパーク
951,血の池地獄,大分縣,池塘,4.0,10979,池塘,Oita Station,15.9,0.70,0.8000,0.7803,0.2394,0.7180,http://commons.wikimedia.org/wiki/Special:FilePath/View%20of%20Blood%20Pond%20Hell%20Hot%20Spring%201.jpg,33.3272000,131.4781600,Q123378080,血の池地獄
952,血の池地獄,大分縣,溫泉,4.0,10979,溫泉,Oita Station,15.9,0.70,0.8000,0.7803,0.2394,0.7180,http://commons.wikimedia.org/wiki/Special:FilePath/Chinoike%20Jigoku.jpg,33.3272000,131.4781500,Q124459383,血の池地獄
2821,佐川美术馆,滋賀縣,美術館,4.3,3787,美術館,Otsu Station,13.9,0.70,0.8600,0.6910,0.2645,0.7178,http://commons.wikimedia.org/wiki/Special:FilePath/Sagawa%20art%20museum01s3200.jpg,35.1094444,135.9461111,Q7399081,佐川美術館
3841,天使之路,香川縣,沙洲,4.2,6572,沙洲,Takamatsu Station,19.2,0.70,0.8400,0.7372,0.2067,0.7178,http://commons.wikimedia.org/wiki/Special:FilePath/Angel%20Road%20Shodo%20Island%20Japan01s3.jpg,34.4772220,134.1885560,Q11291322,エンジェルロード
907,角川武蔵野ミュージアム,埼玉縣,圖書館,4.2,5653,圖書館,Omiya Station,16.0,0.70,0.8400,0.7246,0.2380,0.7172,http://commons.wikimedia.org/wiki/Special:FilePath/Kadokawa%20Culture%20Museum%20at%20Tokorozawa%20Sakura%20Town%20%2850608208297%29.jpg,35.7976700,139.5077500,Q104661157,角川武蔵野ミュージアム
2788,沖縄県平和祈念資料館,沖繩縣,都道府县立博物馆,4.5,1930,都道府县立博物馆,Naha Bus Terminal,13.7,0.70,0.9000,0.6345,0.2673,0.7171,http://commons.wikimedia.org/wiki/Special:FilePath/Okinawa%20prefectural%20Peace%20memorial%20Museum-2007-06-27%201.jpg,26.0964470,127.7253910,Q4555530,沖縄県平和祈念資料館
3071,橫濱港博物館,神奈川縣,港口博物館,4.2,740,港口博物館,Yokohama Station,1.7,0.70,0.8400,0.5542,0.7488,0.7171,http://commons.wikimedia.org/wiki/Special:FilePath/Yokohama%20Port%20Museum%202022%20-%2002.jpg,35.4536670,139.6330000,Q11542838,横浜みなと博物館
3521,龜山社中紀念館,長崎縣,博物館,4.0,1312,博物館,Nagasaki Station,1.6,0.70,0.8000,0.6022,0.7631,0.7170,,32.7487560,129.8868140,Q11370877,長崎市亀山社中記念館
3710,縄文時遊館,青森縣,埋藏文化財中心,4.3,1106,埋藏文化財中心,Aomori Station,3.9,0.70,0.8600,0.5879,0.5646,0.7168,http://commons.wikimedia.org/wiki/Special:FilePath/Jomon%20jiyukan.jpg,40.8091980,140.6966330,Q132656676,縄文時遊館
1036,松下博物馆：松下幸之助历史館,大阪府,歷史博物館,4.4,1650,歷史博物館,Osaka Station,8.1,0.70,0.8800,0.6214,0.3828,0.7167,http://commons.wikimedia.org/wiki/Special:FilePath/PanasonicKonosukeMatsushitaMuseum.png,34.7381111,135.5727222,Q11329151,パナソニック ミュージアム 松下幸之助歴史館
1224,富山市科學博物館,富山縣,科學博物館,4.2,905,科學博物館,Toyama Station,2.2,0.70,0.8400,0.5711,0.6915,0.7165,http://commons.wikimedia.org/wiki/Special:FilePath/Toyama%20Science%20Museum.JPG,36.6814610,137.2117710,Q11456392,富山市科学博物館
3469,茨城縣立歷史館,茨城縣,都道府县立博物馆,4.1,1377,都道府县立博物馆,Mito Station,2.5,0.70,0.8200,0.6062,0.6653,0.7164,http://commons.wikimedia.org/wiki/Special:FilePath/Main-building-of-ibaraki-prefectural-museum-of-history.jpeg,36.3791667,140.4500000,Q4676321,茨城県立歴史館
3614,松本市美術館,長野縣,美術館,4.4,5134,美術館,Nagano Station,49.5,0.70,0.8800,0.7165,0.0917,0.7161,http://commons.wikimedia.org/wiki/Special:FilePath/Matsumoto%20city%20museum%20of%20art07nt3200.jpg,36.2316111,137.9764722,Q11531052,松本市美術館
3818,靜岡縣立美術館,靜岡縣,美術館,4.2,2143,美術館,Shizuoka Station,5.7,0.70,0.8400,0.6433,0.4686,0.7158,http://commons.wikimedia.org/wiki/Special:FilePath/%E9%9D%99%E5%B2%A1%E7%9C%8C%E7%AB%8B%E7%BE%8E%E8%A1%93%E9%A4%A8-15.JPG,34.9918000,138.4460000,Q11663204,静岡県立美術館
2987,POLA美術館,神奈川縣,美術館,4.4,5336,美術館,Yokohama Station,59.3,0.70,0.8800,0.7198,0.0777,0.7157,http://commons.wikimedia.org/wiki/Special:FilePath/191103%20Pola%20Museum%20of%20Art%20Hakone%20Japan02s3.jpg,35.2567110,139.0211450,Q1574475,ポーラ美術館
863,埼玉縣立歷史與民俗博物館,埼玉縣,地方文化館,4.1,964,地方文化館,Omiya Station,1.7,0.70,0.8200,0.5763,0.7441,0.7153,http://commons.wikimedia.org/wiki/Special:FilePath/Saitama-rekimin2006%200715.jpg,35.9211111,139.6300000,Q11248611,埼玉県立歴史と民俗の博物館
2190,竹島水族館,愛知縣,水族館,4.3,6890,水族館,Nagoya Station,50.7,0.70,0.8600,0.7412,0.0898,0.7153,http://commons.wikimedia.org/wiki/Special:FilePath/Takeshima%20Aquarium%20%282018-05-19%29%2002.jpg,34.8170180,137.2322200,Q11599117,蒲郡市竹島水族館
2649,豐島區立常盤庄漫畫博物館,東京都,動漫博物館,4.5,1227,動漫博物館,Tokyo Station,8.7,0.70,0.9000,0.5966,0.3637,0.7153,http://commons.wikimedia.org/wiki/Special:FilePath/Tokiwaso-Manga-Museum.jpg,35.7243056,139.6860556,Q96707302,トキワ荘マンガミュージアム
3817,靜岡縣富士山世界遺產中心,靜岡縣,遊客中心,4.3,5928,遊客中心,Shizuoka Station,34.4,0.70,0.8600,0.7286,0.1268,0.7153,http://commons.wikimedia.org/wiki/Special:FilePath/Mt.fuji%20World%20Heritage%20Centre%2CShizuoka.jpg,35.2236944,138.6088333,Q47249898,静岡県富士山世界遺産センター
1202,宮崎縣綜合博物館,宮崎縣,都道府县立博物馆,4.2,1051,都道府县立博物馆,Miyazaki Station,2.8,0.70,0.8400,0.5836,0.6410,0.7152,http://commons.wikimedia.org/wiki/Special:FilePath/Miyazaki%20Miyazaki%20Prefectural%20Museum%201.jpg,31.9400000,131.4236111,Q4677133,宮崎県総合博物館
2539,東京都水道歷史館,東京都,水廠博物館,4.2,960,水廠博物館,Tokyo Station,2.5,0.70,0.8400,0.5760,0.6637,0.7152,http://commons.wikimedia.org/wiki/Special:FilePath/Tokyo%20Suidou%20Rekisikann.jpg,35.7033330,139.7604440,Q11525339,東京都水道歴史館
3898,高知縣立坂本龍馬紀念館,高知縣,人物紀念館,4.2,2990,人物紀念館,Kochi Station,8.2,0.70,0.8400,0.6712,0.3786,0.7152,http://commons.wikimedia.org/wiki/Special:FilePath/View%20from%20Sea%20Side%20of%20Sakamoto%20Ryoma%20Memorial%20Museum.jpg,33.4964167,133.5718333,Q5965394,高知県立坂本龍馬記念館
2791,沖縄空手会館,沖繩縣,博物館,4.4,564,博物館,Naha Bus Terminal,2.9,0.70,0.8800,0.5314,0.6353,0.7150,http://commons.wikimedia.org/wiki/Special:FilePath/Okinawa%20Karate%20Kaikan%2001.JPG,26.1869167,127.6830556,Q48744697,沖縄空手会館
3135,勝山恐龍之森,福井縣,城市公園,4.3,5096,城市公園,Fukui Station,25.8,0.70,0.8600,0.7159,0.1626,0.7150,http://commons.wikimedia.org/wiki/Special:FilePath/Katsuyama%20Dinosaur%20Forest%20Park.jpg,36.0833060,136.5089720,Q65234430,かつやま恐竜の森 （長尾山総合公園）
215,カワサキワールド,兵庫縣,公司博物館,4.5,186,公司博物館,Kobe Station,1.0,0.70,0.9000,0.4387,0.8328,0.7149,http://commons.wikimedia.org/wiki/Special:FilePath/Kobe%20Maritime%20Museum%20%26%20Kawasaki%20GoodTimes%20World.jpg,34.6827778,135.1883333,Q11295340,カワサキワールド
576,札幌オリンピックミュージアム,北海道,體育博物館,4.3,1378,體育博物館,Sapporo Station,5.2,0.70,0.8600,0.6063,0.4898,0.7149,http://commons.wikimedia.org/wiki/Special:FilePath/Sapporo%20Olympic%20Museum.jpg,43.0518040,141.2910210,Q85881092,札幌オリンピックミュージアム
210,UCC咖啡博物館,兵庫縣,公司博物館,4.2,1415,公司博物館,Kobe Station,3.9,0.70,0.8400,0.6085,0.5625,0.7148,http://commons.wikimedia.org/wiki/Special:FilePath/Kobe-ucc88.JPG,34.6652778,135.2169444,Q11251779,UCCコーヒー博物館
2399,刀劍博物館,東京都,軍事博物館,4.0,2148,軍事博物館,Tokyo Station,3.1,0.70,0.8000,0.6435,0.6168,0.7147,http://commons.wikimedia.org/wiki/Special:FilePath/Kyu%20Yasuda%20teien3.jpg,35.6989825,139.7936325,Q3329874,刀剣博物館
1293,山口情報芸術センター,山口縣,美術館,4.3,390,美術館,Yamaguchi Station,1.2,0.70,0.8600,0.5006,0.8039,0.7146,http://commons.wikimedia.org/wiki/Special:FilePath/YCAM.jpg,34.1696111,131.4672778,Q11466848,山口情報芸術センターYCAM
1274,下關水族館,山口縣,水族館,4.3,6851,水族館,Yamaguchi Station,55.1,0.70,0.8600,0.7407,0.0831,0.7145,http://commons.wikimedia.org/wiki/Special:FilePath/Shimonoseki%20Aquarium%2020170811-1.jpg,33.9544720,130.9424170,Q11361443,市立しものせき水族館 海響館
963,あべのハルカス美術館,大阪府,美術館,4.1,3165,美術館,Osaka Station,6.5,0.70,0.8200,0.6760,0.4340,0.7142,http://commons.wikimedia.org/wiki/Special:FilePath/Abeno%20Harukas%20Osaka%20Japan01-r.jpg,34.6457980,135.5140700,Q59536065,あべのハルカス美術館
1856,宫岛水族馆,廣島縣,水族館,4.2,5559,水族館,Hiroshima Station,18.6,0.70,0.8400,0.7232,0.2121,0.7142,http://commons.wikimedia.org/wiki/Special:FilePath/Miyajima%20Public%20Aquarium%2020170310.jpg,34.2953920,132.3153560,Q6764196,みやじマリン 宮島水族館
1225,富山市鄉土博物館,富山縣,天守,3.8,1657,天守,Toyama Station,1.0,0.70,0.7600,0.6217,0.8361,0.7141,http://commons.wikimedia.org/wiki/Special:FilePath/Toyama%20Municipal%20Folk%20Museum%20%28mock%20keep%20tower%20of%20the%20Toyama%20Castle%29%2020180503.jpg,36.6927780,137.2113890,Q11456417,富山市郷土博物館
3808,静岡ホビースクエア,靜岡縣,玩具博物館,4.0,532,玩具博物館,Shizuoka Station,0.2,0.70,0.8000,0.5266,0.9616,0.7141,http://commons.wikimedia.org/wiki/Special:FilePath/Night%20view%20of%20the%20south%20exit%20of%20Shizuoka%20Station.jpg,34.9710278,138.3908333,Q11662917,静岡ホビースクエア
3470,茨城縣自然博物館,茨城縣,都道府县立博物馆,4.4,5073,都道府县立博物馆,Mito Station,64.6,0.70,0.8800,0.7155,0.0718,0.7138,http://commons.wikimedia.org/wiki/Special:FilePath/Ibaraki%20Nature%20Museum%20entrance.jpg,36.0050000,139.9163333,Q11342622,ミュージアムパーク茨城県自然博物館
3976,桜島ビジターセンター,鹿兒島縣,遊客中心,4.1,2443,遊客中心,Kagoshima-Chuo Station,5.1,0.70,0.8200,0.6543,0.4951,0.7138,http://commons.wikimedia.org/wiki/Special:FilePath/Sakurajima%20visiter%20center.jpg,31.5908330,130.5941670,Q11537993,桜島ビジターセンター
1144,仙台市科学館,宮城縣,科學博物館,4.2,1500,科學博物館,Sendai Station,4.3,0.70,0.8400,0.6134,0.5368,0.7137,http://commons.wikimedia.org/wiki/Special:FilePath/Sendai%20City%20Science%20Museum.jpg,38.2989940,140.8831040,Q11377856,HOKUSHU仙台市科学館
2269,新潟市歷史博物館,新潟縣,海事博物館,4.0,1392,海事博物館,Niigata Station,2.0,0.70,0.8000,0.6071,0.7139,0.7135,http://commons.wikimedia.org/wiki/Special:FilePath/160716%20Niigata%20City%20History%20Museum%20Main%20Building%20Niigata%20Japan01bs5.jpg,37.9298333,139.0577222,Q11502895,新潟市歴史博物館みなとぴあ
166,霊山歴史館,京都府,歷史博物館,4.2,922,歷史博物館,Kyoto Station,2.6,0.70,0.8400,0.5726,0.6564,0.7134,http://commons.wikimedia.org/wiki/Special:FilePath/Ryozen%20Museum%20of%20History.JPG,34.9989444,135.7826389,Q3329667,霊山歴史館
3099,箱根ガラスの森美術館,神奈川縣,美術館,4.2,9175,美術館,Yokohama Station,59.2,0.70,0.8400,0.7652,0.0779,0.7134,http://commons.wikimedia.org/wiki/Special:FilePath/Hakone%20Venetian%20Glass%20Museum.jpg,35.2662780,139.0177500,Q11603346,箱根ガラスの森美術館
90,京都市青少年科学センター,京都府,科學博物館,4.2,1204,科學博物館,Kyoto Station,3.5,0.70,0.8400,0.5950,0.5870,0.7132,http://commons.wikimedia.org/wiki/Special:FilePath/Kyoto%20Municipal%20Science%20Center.jpg,34.9545120,135.7645120,Q30266176,京都市青少年科学センター
498,博物館網走監獄,北海道,監獄博物館,4.3,8337,監獄博物館,Sapporo Station,253.9,0.70,0.8600,0.7572,0.0193,0.7131,http://commons.wikimedia.org/wiki/Special:FilePath/130713%20Abashiri%20Prison%20Museum%20Abashiri%20Hokkaido%20Japan04n.jpg,43.9956940,144.2292780,Q11409007,博物館網走監獄
1657,岡山市博物館,岡山縣,博物館,3.9,734,博物館,Okayama Station,0.3,0.70,0.7800,0.5535,0.9507,0.7131,http://commons.wikimedia.org/wiki/Special:FilePath/Lit%20City%20Bldg.%282008.2%29.JPG,34.6665530,133.9157650,Q11472041,岡山シティミュージアム
216,キッザニア甲子園,兵庫縣,主題公園,4.3,3709,主題公園,Kobe Station,17.5,0.70,0.8600,0.6893,0.2224,0.7130,,34.7168611,135.3638611,Q5358677,キッザニア甲子園
2450,尼康博物館,東京都,公司博物館,4.6,880,公司博物館,Tokyo Station,9.6,0.70,0.9200,0.5687,0.3435,0.7130,http://commons.wikimedia.org/wiki/Special:FilePath/Nikon%20Museum20151104a.jpg,35.6027000,139.7241000,Q21654020,ニコンミュージアム
3041,日産エンジン博物館,神奈川縣,公司博物館,4.5,516,公司博物館,Yokohama Station,4.0,0.70,0.9000,0.5240,0.5571,0.7129,http://commons.wikimedia.org/wiki/Special:FilePath/NissanGuesthall.jpg,35.4818056,139.6621944,Q7040952,日産エンジンミュージアム
2802,琉球温泉,沖繩縣,温泉镇,4.3,1340,温泉镇,Naha Bus Terminal,5.5,0.70,0.8600,0.6039,0.4754,0.7127,,26.1765710,127.6410460,Q108585016,琉球温泉 龍神の湯
2944,日本汽車博物館,石川縣,汽車博物館,4.4,3819,汽車博物館,Kanazawa Station,33.4,0.70,0.8800,0.6917,0.1304,0.7126,http://commons.wikimedia.org/wiki/Special:FilePath/Motorcar%20Museum%20of%20Japan%20April%202023.jpg,36.3344444,136.4305556,Q11508954,日本自動車博物館
3814,静岡市立芹沢銈介美術館,靜岡縣,美術館,4.5,330,美術館,Shizuoka Station,2.5,0.70,0.9000,0.4866,0.6632,0.7123,http://commons.wikimedia.org/wiki/Special:FilePath/Shizuoka%20City%20Serizawa%20Keisuke%20Art%20Museum%20front%20gate.JPG,34.9553179,138.4082107,Q78120016,静岡市立芹沢銈介美術館
3722,MOA美術館,靜岡縣,私人博物館,4.3,6477,私人博物館,Shizuoka Station,64.3,0.70,0.8600,0.7360,0.0721,0.7120,http://commons.wikimedia.org/wiki/Special:FilePath/231007%20MOA%20Museum%20of%20Art%20Atami%20Japan09s3.jpg,35.1093130,139.0752040,Q843638,MOA美術館
2593,瓦斯科學館,東京都,公司博物館,4.2,1275,公司博物館,Tokyo Station,4.0,0.70,0.8400,0.5998,0.5583,0.7118,http://commons.wikimedia.org/wiki/Special:FilePath/Gasutenani.jpg,35.6522310,139.7925280,Q11295937,がすてなーに ガスの科学館
1800,松江歷史館,島根縣,歷史博物館,4.0,1071,歷史博物館,Matsue Station,1.6,0.70,0.8000,0.5852,0.7618,0.7117,http://commons.wikimedia.org/wiki/Special:FilePath/Matsue%20Rekishikan%20ac%20%284%29.jpg,35.4752970,133.0533170,Q29948516,松江歴史館
2661,鑽石與花摩天輪,東京都,摩天輪,4.3,2081,摩天輪,Tokyo Station,9.1,0.70,0.8600,0.6408,0.3537,0.7116,http://commons.wikimedia.org/wiki/Special:FilePath/Ferris%20wheel%20at%20Kasai%20Rinkai%20Park.jpg,35.6439052,139.8572257,Q901219,ダイヤと花の大観覧車
3068,橫濱市電保存館,神奈川縣,電車博物館,4.3,1184,電車博物館,Yokohama Station,5.1,0.70,0.8600,0.5936,0.4957,0.7116,http://commons.wikimedia.org/wiki/Special:FilePath/Yokohama-Tramport-00.jpg,35.4204861,139.6245694,Q11543182,横浜市電保存館
3691,合浦公園,青森縣,城市公園,4.1,1646,城市公園,Aomori Station,3.7,0.70,0.8200,0.6212,0.5718,0.7115,http://commons.wikimedia.org/wiki/Special:FilePath/Gappo%20Koen.jpg,40.8300000,140.7791667,Q11412492,合浦公園
3803,鈴木歷史館,靜岡縣,博物館,4.5,3429,博物館,Shizuoka Station,71.1,0.70,0.9000,0.6827,0.0657,0.7114,http://commons.wikimedia.org/wiki/Special:FilePath/Suzuki%20History%20Museum%2C%20Hamamatsu%20-%20Jul%207%2C%202013.jpg,34.6906667,137.6894722,Q11311748,スズキ歴史館
1788,島根海洋館AQUAS,島根縣,水族館,4.4,5053,水族館,Matsue Station,100.6,0.70,0.8800,0.7152,0.0474,0.7113,http://commons.wikimedia.org/wiki/Special:FilePath/Public%20aquariums%20in%20Aquas.JPG,34.9594440,132.1445830,Q11476470,島根県立しまね海洋館 アクアス
2498,昭和館,東京都,國立博物館,4.0,1340,國立博物館,Tokyo Station,2.1,0.70,0.8000,0.6039,0.7009,0.7113,http://commons.wikimedia.org/wiki/Special:FilePath/Showa%20kan.jpg,35.6950278,139.7507222,Q3788883,昭和館
3827,ベネッセハウス ミュージアム,香川縣,日本のホテル,4.3,2550,日本のホテル,Takamatsu Station,11.7,0.70,0.8600,0.6579,0.2992,0.7113,http://commons.wikimedia.org/wiki/Special:FilePath/Benesse%20house12s5s3300.jpg,34.4452540,133.9908148,Q131630258,ベネッセハウス ミュージアム
1494,名和昆虫博物館,岐阜縣,昆虫博物館,4.4,519,昆虫博物館,Gifu Station,3.1,0.70,0.8800,0.5245,0.6182,0.7112,http://commons.wikimedia.org/wiki/Special:FilePath/Nawa%20Insect%20Museum%201.JPG,35.4331389,136.7731389,Q5359335,名和昆虫博物館
349,神戶市立須磨海浜水族園,兵庫縣,水族館,3.9,4865,水族館,Kobe Station,6.0,0.70,0.7800,0.7120,0.4548,0.7111,http://commons.wikimedia.org/wiki/Special:FilePath/Suma%20Aqualife%20Park%20in%202012.JPG,34.6441670,135.1286110,Q11590110,神戸須磨シーワールド
358,神户须磨海洋世界,兵庫縣,水族館,3.9,4865,水族館,Kobe Station,6.0,0.70,0.7800,0.7120,0.4548,0.7111,http://commons.wikimedia.org/wiki/Special:FilePath/%E7%A5%9E%E6%88%B8%E9%A0%88%E7%A3%A8%E3%82%B7%E3%83%BC%E3%83%AF%E3%83%BC%E3%83%AB%E3%83%89%20%E3%82%B7%E3%83%A3%E3%83%81%E3%81%AE%E3%83%A2%E3%83%8B%E3%83%A5%E3%83%A1%E3%83%B3%E3%83%88.jpg,34.6441667,135.1286111,Q125228535,神戸須磨シーワールド
3151,福井県立歴史博物館,福井縣,都道府县立博物馆,4.2,766,都道府县立博物馆,Fukui Station,2.4,0.70,0.8400,0.5571,0.6797,0.7111,http://commons.wikimedia.org/wiki/Special:FilePath/Fukui%20prefectural%20museum%20of%20cultural%20history.jpg,36.0830556,136.2222222,Q11591483,福井県立歴史博物館
24,志摩西班牙村,三重縣,綜合渡假村,4.2,7997,綜合渡假村,Tsu Station,51.5,0.70,0.8400,0.7537,0.0885,0.7110,http://commons.wikimedia.org/wiki/Special:FilePath/La%20Villa%20Espa%C3%B1ola%20de%20Shima%2C%20Parque%20Espa%C3%B1a%20-%20Plaza%20de%20Mayor.jpg,34.3618060,136.8442780,Q16669013,志摩スペイン村
3621,水野美術館,長野縣,美術館,4.2,580,美術館,Nagano Station,1.7,0.70,0.8400,0.5338,0.7478,0.7109,,36.6282220,138.1930280,Q11549453,水野美術館
1257,高志之國文學館,富山縣,文學館,4.2,388,文學館,Toyama Station,0.9,0.70,0.8400,0.5001,0.8479,0.7108,http://commons.wikimedia.org/wiki/Special:FilePath/T-48301%2001.jpg,36.6955000,137.2062780,Q11669915,高志の国文学館
915,陸上自衛隊広報センター,埼玉縣,軍事博物館,4.3,2831,軍事博物館,Omiya Station,13.7,0.70,0.8600,0.6666,0.2676,0.7107,http://commons.wikimedia.org/wiki/Special:FilePath/JGSDF%20Public%20Information%20Center20080405-02.JPG,35.7849170,139.5996940,Q11658528,陸上自衛隊広報センター りっくんランド
2632,草間彌生美術館,東京都,美術館,4.0,2573,美術館,Tokyo Station,4.4,0.70,0.8000,0.6586,0.5314,0.7107,http://commons.wikimedia.org/wiki/Special:FilePath/YAYOI%20KUSAMA%20MUSEUM%20%E8%8D%89%E9%96%93%E5%BD%8C%E7%94%9F%E7%BE%8E%E8%A1%93%E9%A4%A82018sideCIMG3596.jpg,35.7032000,139.7264800,Q65941212,草間彌生美術館
3028,川崎市冈本太郎美术馆,神奈川縣,人物紀念館,4.5,1743,人物紀念館,Yokohama Station,16.8,0.70,0.9000,0.6260,0.2293,0.7107,http://commons.wikimedia.org/wiki/Special:FilePath/Taro%20Okamoto%20Museum5.jpg,35.6076000,139.5570000,Q7686506,岡本太郎美術館
3152,福井縣兒童科學館,福井縣,科學博物館,4.4,1247,科學博物館,Fukui Station,7.8,0.70,0.8800,0.5979,0.3917,0.7105,http://commons.wikimedia.org/wiki/Special:FilePath/Angelland-Fukui.jpg,36.1314722,136.2163611,Q11591435,福井県児童科学館 エンゼルランドふくい
2030,FLIGHT OF DREAMS,愛知縣,複合商業設施,4.2,6824,複合商業設施,Nagoya Station,35.6,0.70,0.8400,0.7404,0.1232,0.7104,http://commons.wikimedia.org/wiki/Special:FilePath/FLIGHT%20OF%20DREAMS1.jpg,34.8552220,136.8171670,Q65228337,フライトオブドリームズ
3902,高知縣立美術館,高知縣,美術館,4.1,1194,美術館,Kochi Station,2.8,0.70,0.8200,0.5943,0.6408,0.7104,http://commons.wikimedia.org/wiki/Special:FilePath/The%20Museum%20of%20Art%20Kochi08s3872.jpg,33.5611000,133.5730000,Q2496483,高知県立美術館
4003,鹿屋基地航空史料館,鹿兒島縣,海軍博物館,4.5,2618,海軍博物館,Kagoshima-Chuo Station,36.0,0.70,0.9000,0.6601,0.1219,0.7102,http://commons.wikimedia.org/wiki/Special:FilePath/Kanoya%20Air%20Base%20Museum.JPG,31.3808330,130.8369170,Q11677064,鹿屋航空基地史料館
3973,有村溶岩展望所,鹿兒島縣,风景点,4.2,3748,风景点,Kagoshima-Chuo Station,13.5,0.70,0.8400,0.6902,0.2706,0.7101,http://commons.wikimedia.org/wiki/Special:FilePath/Arimura%20Lava%20Observatory%20with%20Sakurajia.jpg,31.5542000,130.6790000,Q104309538,有村溶岩展望所
921,三麗鷗和諧樂園,大分縣,主題公園,4.2,4874,主題公園,Oita Station,19.6,0.70,0.8400,0.7122,0.2036,0.7100,http://commons.wikimedia.org/wiki/Special:FilePath/Harmony%20Land%2001.jpg,33.4016190,131.5465690,Q11327370,ハーモニーランド
3349,秋田大学附属鉱業博物館,秋田縣,大學博物館,4.5,199,大學博物館,Akita Station,1.5,0.70,0.9000,0.4444,0.7670,0.7100,http://commons.wikimedia.org/wiki/Special:FilePath/Mining%20Museum%20of%20Akita%20University.jpg,39.7292940,140.1365670,Q11595294,秋田大学鉱業博物館
100,京都清宗根付館,京都府,美術館,4.6,190,美術館,Kyoto Station,2.2,0.70,0.9200,0.4405,0.6978,0.7099,http://commons.wikimedia.org/wiki/Special:FilePath/Netsuke%20art%20museum%20%28Kyoto%29%20Minka%20outdoor%20hdsr%20S5%20a2.jpg,35.0014444,135.7446389,Q118145425,京都清宗根付館
625,登別マリンパークニクス,北海道,水族館,4.2,8350,水族館,Sapporo Station,69.6,0.70,0.8400,0.7573,0.0670,0.7099,http://commons.wikimedia.org/wiki/Special:FilePath/20181106%20Nixe%205427%20%2848435586636%29.jpg,42.4549720,141.1821940,Q11579106,登別マリンパークニクス
2907,熊本縣立美術館,熊本縣,美術館,4.1,928,美術館,Kumamoto Station,2.2,0.70,0.8200,0.5732,0.6985,0.7098,http://commons.wikimedia.org/wiki/Special:FilePath/Kumamoto-Prefectural%20Museum%20of%20Art%20main%201.jpg,32.8075278,130.7005278,Q4556482,熊本県立美術館本館
3039,日本民家園,神奈川縣,民家園,4.5,1689,民家園,Yokohama Station,16.9,0.70,0.9000,0.6233,0.2283,0.7098,http://commons.wikimedia.org/wiki/Special:FilePath/Kawasaki%20Nihon%20Minkaen-3.jpg,35.6098989,139.5618904,Q1989934,川崎市立日本民家園
1792,島根縣立古代出雲歴史博物館,島根縣,都道府县立博物馆,4.4,3472,都道府县立博物馆,Matsue Station,34.7,0.70,0.8800,0.6837,0.1258,0.7097,http://commons.wikimedia.org/wiki/Special:FilePath/ShimaneMuseumOfAncientIzumo%2002.jpg,35.3987500,132.6887222,Q4802099,島根県立古代出雲歴史博物館
1010,大阪市立自然史博物館,大阪府,自然歷史博物館,4.2,2983,自然歷史博物館,Osaka Station,10.5,0.70,0.8400,0.6710,0.3219,0.7095,http://commons.wikimedia.org/wiki/Special:FilePath/Osaka%20Museum%20of%20Natural%20History1.jpg,34.6103610,135.5226110,Q11440688,大阪市立自然史博物館
2059,ヤマザキマザック美術館,愛知縣,美術館,4.3,747,美術館,Nagoya Station,3.5,0.70,0.8600,0.5550,0.5891,0.7094,http://commons.wikimedia.org/wiki/Special:FilePath/Yamazaki%20Mazak%20Museum%20of%20Art%20and%20Mazak%20Art%20Plaza.jpg,35.1710500,136.9198690,Q11345132,ヤマザキマザック美術館
3304,磐城水族馆,福島縣,水族館,4.2,8798,水族館,Fukushima Station,98.3,0.70,0.8400,0.7617,0.0484,0.7094,http://commons.wikimedia.org/wiki/Special:FilePath/Aquamarine%20Fukushima%2020100124.JPG,36.9427500,140.9015000,Q4782699,アクアマリンふくしま
2902,熊本市立熊本博物館,熊本縣,市立博物館,4.1,928,市立博物館,Kumamoto Station,2.2,0.70,0.8200,0.5732,0.6936,0.7093,http://commons.wikimedia.org/wiki/Special:FilePath/Kumamoto%20City%20Museum.jpg,32.8085830,130.6991390,Q11568122,熊本県立美術館本館
1877,廣島市安佐動物公園,廣島縣,觀光景點,4.2,3202,觀光景點,Hiroshima Station,11.6,0.70,0.8400,0.6770,0.3014,0.7092,http://commons.wikimedia.org/wiki/Special:FilePath/%E5%AE%89%E4%BD%90%E5%8B%95%E7%89%A9%E5%85%AC%E5%9C%9201.jpg,34.4978560,132.4406900,Q81821,広島市安佐動物公園
2630,船之科學館,東京都,海事博物館,4.6,554,海事博物館,Tokyo Station,6.9,0.70,0.9200,0.5300,0.4207,0.7091,http://commons.wikimedia.org/wiki/Special:FilePath/Museum%20of%20Maritime%20Science%20north-west%20side.jpg,35.6194444,139.7727778,Q1048709,船の科学館（初代南極観測船”宗谷”）
1275,中原中也紀念館,山口縣,文學館,4.3,488,文學館,Yamaguchi Station,2.2,0.70,0.8600,0.5193,0.6925,0.7090,http://commons.wikimedia.org/wiki/Special:FilePath/%E4%B8%AD%E5%8E%9F%E4%B8%AD%E4%B9%9F%E8%A8%98%E5%BF%B5%E9%A4%A8%20%2826489554980%29.jpg,34.1647500,131.4578610,Q11363110,中原中也記念館
1047,生駒山上遊樂場,大阪府,主題樂園,4.2,4209,主題樂園,Osaka Station,16.9,0.70,0.8400,0.6999,0.2281,0.7088,http://commons.wikimedia.org/wiki/Special:FilePath/Ikoma%20Hikoutou01.jpg,34.6795560,135.6788610,Q11574916,生駒山上遊園地
3243,筑前町立大刀洗平和紀念館,福岡縣,和平博物館,4.4,2968,和平博物館,Hakata Station,27.0,0.70,0.8800,0.6706,0.1561,0.7088,http://commons.wikimedia.org/wiki/Special:FilePath/Chikuzen%20municipal%20Tachiarai%20peace%20memorial%20hall.JPG,33.4123330,130.6195280,Q11602784,筑前町立 大刀洗平和記念館
1426,山梨県立リニア見学センター,山梨縣,鐵路博物館,4.2,6224,鐵路博物館,Kofu Station,33.8,0.70,0.8400,0.7327,0.1289,0.7087,http://commons.wikimedia.org/wiki/Special:FilePath/Yamanashi-Linear-visitor-center.JPG,35.5828611,138.9273333,Q21655058,山梨県立リニア見学センター
3473,三菱重工業長崎造船所史料館,長崎縣,公司博物館,4.4,285,公司博物館,Nagasaki Station,1.7,0.70,0.8800,0.4743,0.7428,0.7086,http://commons.wikimedia.org/wiki/Special:FilePath/%E9%95%B7%E5%B4%8E%E9%80%A0%E8%88%B9%E6%89%80%20%E6%97%A7%E6%9C%A8%E5%9E%8B%E5%A0%B41.JPG,32.7430400,129.8556500,Q11357149,三菱重工業 長崎造船所史料館
930,城岛高原公园,大分縣,主題樂園,4.2,4176,主題樂園,Oita Station,17.1,0.70,0.8400,0.6992,0.2263,0.7084,http://commons.wikimedia.org/wiki/Special:FilePath/Jupiter%20roller%20coaster%20at%20Kijima%20Kogen.jpg,33.2647220,131.4266940,Q3196520,城島高原パーク
587,札幌市資料館,北海道,歷史博物館,4.0,935,歷史博物館,Sapporo Station,1.6,0.70,0.8000,0.5738,0.7614,0.7083,http://commons.wikimedia.org/wiki/Special:FilePath/SapporoShiShiryokan201109.JPG,43.0585560,141.3374170,Q11521426,札幌市資料館
3421,群馬県立自然史博物館,群馬縣,自然歷史博物館,4.4,2615,自然歷史博物館,Maebashi Station,22.3,0.70,0.8800,0.6600,0.1829,0.7083,http://commons.wikimedia.org/wiki/Special:FilePath/Gunma%20Museum%20Of%20Natural%20History%20and%20Tomioka%20Kabura%20Bunka%20Hall.jpg,36.2695333,138.8671333,Q11609680,群馬県立自然史博物館
3834,四国村ギャラリー,香川縣,美術館,4.2,1610,美術館,Takamatsu Station,5.8,0.70,0.8400,0.6193,0.4651,0.7083,http://commons.wikimedia.org/wiki/Special:FilePath/Shikokumura%20gallery01s3200.jpg,34.3456250,134.1089580,Q17211689,四国村ミウゼアム
3836,四國村,香川縣,主題公園,4.2,1610,主題公園,Takamatsu Station,5.7,0.70,0.8400,0.6193,0.4653,0.7083,http://commons.wikimedia.org/wiki/Special:FilePath/Shikokumura29s3200.jpg,34.3455556,134.1088889,Q4250629,四国村ミウゼアム
2335,しょうけい館,東京都,博物館,4.4,318,博物館,Tokyo Station,2.0,0.70,0.8800,0.4835,0.7108,0.7081,http://commons.wikimedia.org/wiki/Special:FilePath/Shokei-kan.JPG,35.6949170,139.7521940,Q11269143,しょうけい館（戦傷病者史料館）
2521,東京大學總合研究博物館,東京都,大學博物館,4.4,461,大學博物館,Tokyo Station,3.1,0.70,0.8800,0.5146,0.6177,0.7081,http://commons.wikimedia.org/wiki/Special:FilePath/The%20University%20Museum%2C%20The%20University%20of%20Tokyo%20P3097606.jpg,35.7086110,139.7611940,Q15524927,東京大学総合研究博物館
3774,沼津港深海水族館,靜岡縣,水族館,4.1,9318,水族館,Shizuoka Station,44.5,0.70,0.8200,0.7665,0.1010,0.7081,http://commons.wikimedia.org/wiki/Special:FilePath/Numazu%20Deepblue%20Aquarium%2020200816%2001.jpg,35.0839720,138.8581670,Q11554537,沼津港深海水族館
2488,明治大学博物館,東京都,大學博物館,4.2,589,大學博物館,Tokyo Station,2.0,0.70,0.8400,0.5351,0.7141,0.7079,,35.6987000,139.7619000,Q85880847,明治大学博物館
1821,興雲閣,島根縣,历史房屋博物馆,4.1,675,历史房屋博物馆,Matsue Station,1.6,0.70,0.8200,0.5465,0.7578,0.7077,http://commons.wikimedia.org/wiki/Special:FilePath/Kounkaku1.JPG,35.4735830,133.0504440,Q11613488,興雲閣
1413,久保田一竹美術館,山梨縣,織物博物館,4.5,1880,織物博物館,Kofu Station,23.3,0.70,0.9000,0.6323,0.1769,0.7074,http://commons.wikimedia.org/wiki/Special:FilePath/Itchiku%20Kubota%20Art%20Museum%202018c.jpg,35.5273256,138.7597662,Q130601177,久保田一竹美術館
3689,十和田市現代美術館,青森縣,現代美術館,4.4,3550,現代美術館,Aomori Station,46.6,0.70,0.8800,0.6856,0.0969,0.7074,http://commons.wikimedia.org/wiki/Special:FilePath/Towada%20art%20center.JPG,40.6140390,141.2094100,Q11404944,十和田市現代美術館
133,朝日啤酒大山崎山莊美術館,京都府,美術館,4.4,1654,美術館,Kyoto Station,12.4,0.70,0.8800,0.6216,0.2880,0.7073,http://commons.wikimedia.org/wiki/Special:FilePath/250504%20Asahi%20beer%20Oyamazaki%20Villa%20Museum%20%C5%8Cyamazaki%20Kyoto%20pref%20Japan01s3.jpg,34.8955560,135.6796390,Q11283175,アサヒグループ大山崎山荘美術館
371,菊正宗酒造記念館,兵庫縣,日本清酒博物館,4.2,2322,日本清酒博物館,Kobe Station,8.8,0.70,0.8400,0.6500,0.3617,0.7072,http://commons.wikimedia.org/wiki/Special:FilePath/Kikumasamune%20Kobe%20Japan01-r.jpg,34.7086110,135.2678890,Q11619678,菊正宗酒造記念館
1886,本川小学校平和資料館,廣島縣,軍事博物館,4.7,129,軍事博物館,Hiroshima Station,2.3,0.70,0.9400,0.4082,0.6874,0.7072,http://commons.wikimedia.org/wiki/Special:FilePath/Honkawa%20Elementary%20School%20Peace%20Museum01.JPG,34.3958850,132.4506060,Q11484615,本川小学校平和資料館
1200,宮崎縣立美術館,宮崎縣,美術館,4.2,650,美術館,Miyazaki Station,2.3,0.70,0.8400,0.5433,0.6809,0.7071,http://commons.wikimedia.org/wiki/Special:FilePath/Miyazaki%20Prefectural%20Art%20Museum.jpg,31.9341667,131.4194444,Q3298536,宮崎県立美術館
2493,春花園BONSAI美術館,東京都,美術館,4.6,801,美術館,Tokyo Station,11.2,0.70,0.9200,0.5608,0.3086,0.7071,http://commons.wikimedia.org/wiki/Special:FilePath/Shunkaen%20Bonsai%20Museum.JPG,35.7027000,139.8883000,Q29570077,春花園BONSAI美術館
2537,東京都復興記念館,東京都,博物館,4.4,484,博物館,Tokyo Station,3.4,0.70,0.8800,0.5186,0.5954,0.7071,http://commons.wikimedia.org/wiki/Special:FilePath/Great%20Kanto%20Earthquake%20Memorial%20Museum.jpg,35.6998444,139.7969056,Q24895832,東京都復興記念館
2784,沖縄こどもの国,沖繩縣,兒童國,4.2,4064,兒童國,Naha Bus Terminal,17.8,0.70,0.8400,0.6969,0.2190,0.7070,http://commons.wikimedia.org/wiki/Special:FilePath/%E6%B2%96%E7%B8%84%E5%AD%90%E4%BE%9B%E3%81%AE%E5%9B%BD%20-%20panoramio.jpg,26.3278330,127.8034170,Q11552583,沖縄こどもの国
1943,阿波十郎兵衛屋敷,德島縣,剧院博物馆,4.4,506,剧院博物馆,Tokushima Station,3.6,0.70,0.8800,0.5224,0.5815,0.7069,http://commons.wikimedia.org/wiki/Special:FilePath/Awadeko201811%204.jpg,34.0915560,134.5839720,Q11657511,徳島県立阿波十郎兵衛屋敷
707,千葉縣立中央博物館,千葉縣,千葉の県立博物館,4.1,1015,千葉の県立博物館,Chiba Station,2.7,0.70,0.8200,0.5807,0.6464,0.7068,http://commons.wikimedia.org/wiki/Special:FilePath/ChibaKenritsuChuoHakubutsukan.jpg,35.5998320,140.1384300,Q9008805,千葉県立中央博物館
2989,いすゞプラザ,神奈川縣,公司博物館,4.5,1489,公司博物館,Yokohama Station,16.8,0.70,0.9000,0.6128,0.2293,0.7068,http://commons.wikimedia.org/wiki/Special:FilePath/Isuzu%20Plaza%202017%20March.jpg,35.3988889,139.4566667,Q30924159,いすゞプラザ
2721,栃木縣那珂川水遊園,栃木縣,公園,4.3,4124,公園,Utsunomiya Station,32.8,0.70,0.8600,0.6982,0.1324,0.7067,http://commons.wikimedia.org/wiki/Special:FilePath/Nakagawa%20Aquatic%20Park.jpg,36.7891390,140.1286940,Q11535182,栃木県なかがわ水遊園
2513,東京スカイツリー天望回廊,東京都,觀景台,4.4,706,觀景台,Tokyo Station,5.1,0.70,0.8800,0.5503,0.4951,0.7066,http://commons.wikimedia.org/wiki/Special:FilePath/Tokyo%20Skytree%20%282%29.JPG,35.7102560,139.8107946,Q117066320,東京スカイツリー 天望回廊
3049,東芝未來科學館,神奈川縣,科學博物館,4.3,1800,科學博物館,Yokohama Station,9.7,0.70,0.8600,0.6287,0.3404,0.7066,http://commons.wikimedia.org/wiki/Special:FilePath/Lazona%20Kawasaki%20Toshiba%20Building.jpg,35.5318583,139.6930556,Q7827637,東芝未来科学館
4001,鹿兒島縣立博物館,鹿兒島縣,都道府县立博物馆,4.1,642,都道府县立博物馆,Kagoshima-Chuo Station,1.6,0.70,0.8200,0.5423,0.7578,0.7065,http://commons.wikimedia.org/wiki/Special:FilePath/Kagoshima%20Prefectural%20Museum%20ac%20%281%29.jpg,31.5940560,130.5526940,Q11676762,鹿児島県立博物館
2274,新潟県立万代島美術館,新潟縣,美術館,4.1,608,美術館,Niigata Station,1.5,0.70,0.8200,0.5377,0.7710,0.7064,http://commons.wikimedia.org/wiki/Special:FilePath/Toki-Messe-01.jpg,37.9253330,139.0595280,Q11503023,新潟県立万代島美術館
3895,高知市立龍馬誕生紀念館,高知縣,人物紀念館,4.0,1074,人物紀念館,Kochi Station,2.1,0.70,0.8000,0.5854,0.7074,0.7064,http://commons.wikimedia.org/wiki/Special:FilePath/Kochi%20Kamimachi%20Ryoma02st3200.jpg,33.5564440,133.5244720,Q11672372,高知市立龍馬の生まれたまち記念館
2730,藤城清治美術館那須高原,栃木縣,美術館,4.6,1943,美術館,Utsunomiya Station,59.3,0.70,0.9200,0.6351,0.0777,0.7063,http://commons.wikimedia.org/wiki/Special:FilePath/180726%20Seiji%20Fujishiro%20Museum%20Nasu%20Japan07.JPG,37.0859720,140.0046390,Q17211562,藤城清治美術館
3731,ヤマハ・コミュニケーションプラザ,靜岡縣,公司博物館,4.5,2603,公司博物館,Shizuoka Station,54.3,0.70,0.9000,0.6596,0.0843,0.7063,http://commons.wikimedia.org/wiki/Special:FilePath/Yamaha%20Communication%20Plaza.JPG,34.7229440,137.8767500,Q11345312,ヤマハ発動機 コミュニケーションプラザ
3178,九州鐵道紀念館,福岡縣,鐵路博物館,4.3,5094,鐵路博物館,Hakata Station,63.6,0.70,0.8600,0.7159,0.0729,0.7061,http://commons.wikimedia.org/wiki/Special:FilePath/Kyushu%20Railway%20History%20Museum%2001.JPG,33.9431390,130.9618060,Q11370354,九州鉄道記念館
2583,渋谷区立松濤美術館,東京都,美術館,4.3,1342,美術館,Tokyo Station,7.3,0.70,0.8600,0.6041,0.4081,0.7060,http://commons.wikimedia.org/wiki/Special:FilePath/Shoto%20Museum%20of%20Art%202010.jpg,35.6586670,139.6917780,Q11561694,渋谷区立松濤美術館
3562,北齋館,長野縣,美術館,4.2,3022,美術館,Nagano Station,12.8,0.70,0.8400,0.6721,0.2810,0.7057,http://commons.wikimedia.org/wiki/Special:FilePath/Hokusai%20Museum.jpg,36.6943611,138.3171667,Q61393839,北斎館
470,北海道博物館,北海道,都道府县立博物馆,4.3,2073,都道府县立博物馆,Sapporo Station,12.0,0.70,0.8600,0.6405,0.2946,0.7056,http://commons.wikimedia.org/wiki/Special:FilePath/Hokkaido%20Museum.JPG,43.0530000,141.4966110,Q11403709,北海道博物館
2219,貨幣・浮世絵ミュージアム,愛知縣,美術館,4.3,379,美術館,Nagoya Station,1.9,0.70,0.8600,0.4982,0.7218,0.7056,http://commons.wikimedia.org/wiki/Special:FilePath/View%20of%20MUFG%20Bank%20Nagoya%20Building%2C%20Sakae%20Naka%20Ward%20Nagoya%202022.jpg,35.1693355,136.9026198,Q4856192,貨幣・浮世絵ミュージアム
2368,世田谷文學館,東京都,文學館,4.4,1738,文學館,Tokyo Station,14.4,0.70,0.8800,0.6257,0.2582,0.7055,http://commons.wikimedia.org/wiki/Special:FilePath/Setagaya%20bungakukan.JPG,35.6671000,139.6090000,Q11362100,世田谷区立世田谷文学館
2808,那覇市立壺屋焼物博物館,沖繩縣,陶瓷博物館,4.1,497,陶瓷博物館,Naha Bus Terminal,1.2,0.70,0.8200,0.5209,0.8122,0.7055,http://commons.wikimedia.org/wiki/Special:FilePath/Tsuboya%20Pottery%20Museum08s3s4350.jpg,26.2138009,127.6906986,Q104784709,那覇市立壺屋焼物博物館
2772,大石林山,沖繩縣,觀光景點,4.5,2844,觀光景點,Naha Bus Terminal,92.2,0.70,0.9000,0.6670,0.0514,0.7053,http://commons.wikimedia.org/wiki/Special:FilePath/Daisekirinzan.jpg,26.8619444,128.2551389,Q55434454,アスムイハイクス
3417,群馬サファリパーク,群馬縣,野生动物园,4.2,4609,野生动物园,Maebashi Station,24.3,0.70,0.8400,0.7075,0.1708,0.7053,http://commons.wikimedia.org/wiki/Special:FilePath/White%20tiger2.jpg,36.2257500,138.8851940,Q11609531,群馬サファリパーク
3064,橫濱兒童科學館,神奈川縣,兒童博物館,4.2,2448,兒童博物館,Yokohama Station,10.2,0.70,0.8400,0.6544,0.3285,0.7052,http://commons.wikimedia.org/wiki/Special:FilePath/Yokohama%20Science%20Center.JPG,35.3771000,139.5950000,Q8054641,はまぎん こども宇宙科学館
348,神戶市立青少年科學館,兵庫縣,科學博物館,4.1,1355,科學博物館,Kobe Station,4.0,0.70,0.8200,0.6049,0.5560,0.7051,http://commons.wikimedia.org/wiki/Special:FilePath/Kobe%20Ciy%20Science%20Museum.jpg,34.6661111,135.2186111,Q11590107,バンドー神戸青少年科学館
1239,樂翠亭美術館,富山縣,历史房屋博物馆,4.5,101,历史房屋博物馆,Toyama Station,0.6,0.70,0.9000,0.3879,0.8864,0.7050,,36.7061944,137.2171667,Q55526676,樂翠亭美術館
2535,東京都寫真美術館,東京都,攝影博物館,4.3,1159,攝影博物館,Tokyo Station,6.6,0.70,0.8600,0.5918,0.4326,0.7048,http://commons.wikimedia.org/wiki/Special:FilePath/Tokyo%20Metropolitan%20Museum%20of%20Photography%20entrance%202011%20January.jpg,35.6417000,139.7132000,Q862884,東京都写真美術館
3816,靜岡市歷史博物館,靜岡縣,歷史博物館,3.9,692,歷史博物館,Shizuoka Station,0.7,0.70,0.7800,0.5486,0.8825,0.7048,http://commons.wikimedia.org/wiki/Special:FilePath/DSC9803Shizuoka%20City%20Museum%2020220724b.jpg,34.9766667,138.3847222,Q112226928,静岡市歴史博物館
2719,栃木縣兒童綜合科學館,栃木縣,兒童博物館,4.2,1805,兒童博物館,Utsunomiya Station,7.5,0.70,0.8400,0.6289,0.4000,0.7047,http://commons.wikimedia.org/wiki/Special:FilePath/Tochigi-Science-Museum.jpg,36.5136111,139.8369444,Q11535200,コジマ子どもサイエンスパーク(栃木県子ども総合科学館)
2798,漫湖水鳥・湿地センター,沖繩縣,自然中心,4.3,385,自然中心,Naha Bus Terminal,2.1,0.70,0.8600,0.4995,0.7073,0.7046,http://commons.wikimedia.org/wiki/Special:FilePath/Manko%20Waterbird%20and%20Wetland%20Center%20202206.jpg,26.1940360,127.6817650,Q132156886,漫湖水鳥・湿地センター
3346,生剝鬼館,秋田縣,博物館,4.3,4070,博物館,Akita Station,39.0,0.70,0.8600,0.6971,0.1137,0.7045,http://commons.wikimedia.org/wiki/Special:FilePath/Entrance%20of%20Namahage%20Museum%2C%20Oga%2C%20Akita.JPG,39.9291667,139.7665833,Q48747294,なまはげ館
3077,橫須賀美術館,神奈川縣,美術館,4.3,3298,美術館,Yokohama Station,25.3,0.70,0.8600,0.6794,0.1653,0.7044,http://commons.wikimedia.org/wiki/Special:FilePath/Yokosuka%20Museum%20of%20Art%202009.jpg,35.2594420,139.7379360,Q11543551,横須賀美術館
3489,岡正治記念長崎平和資料館,長崎縣,和平博物館,4.2,216,和平博物館,Nagasaki Station,0.4,0.70,0.8400,0.4512,0.9305,0.7044,,32.7552320,129.8721430,Q105557496,長崎人権平和資料館
3847,新屋島水族館,香川縣,水族館,4.0,2260,水族館,Takamatsu Station,5.0,0.70,0.8000,0.6477,0.5009,0.7044,http://commons.wikimedia.org/wiki/Special:FilePath/NewYashimaAquarium.JPG,34.3584720,134.1000000,Q11501972,新屋島水族館
3998,鹿兒島市立美術館,鹿兒島縣,美術館,4.1,642,美術館,Kagoshima-Chuo Station,1.8,0.70,0.8200,0.5423,0.7370,0.7044,http://commons.wikimedia.org/wiki/Special:FilePath/Kagoshima%20City%20Museum%20of%20Art01n4440.jpg,31.5958060,130.5533610,Q10854956,鹿児島県立博物館
9,伊勢夫婦岩體驗型水族館海洋樂園,三重縣,水族館,4.2,5363,水族館,Tsu Station,36.1,0.70,0.8400,0.7202,0.1217,0.7042,http://commons.wikimedia.org/wiki/Special:FilePath/Futami%20Sea%20Paradise%2020100516.jpg,34.5072220,136.7919440,Q11371781,伊勢シーパラダイス
2484,旧新橋停車場 鉄道歴史展示室,東京都,鐵路博物館,4.0,865,鐵路博物館,Tokyo Station,1.8,0.70,0.8000,0.5673,0.7388,0.7041,http://commons.wikimedia.org/wiki/Special:FilePath/%E6%97%A7%E6%96%B0%E6%A9%8B%E5%81%9C%E8%BB%8A%E5%A0%B4%20%E9%89%84%E9%81%93%E6%AD%B4%E5%8F%B2%E5%B1%95%E7%A4%BA%E5%AE%A4%20%E9%89%84%E9%81%93%E9%96%8B%E6%A5%AD150%E5%B9%B4%E4%BC%81%E7%94%BB%E5%B1%95.jpg,35.6659780,139.7614690,Q104698226,旧新橋停車場 鉄道歴史展示室
3701,棟方志功記念館,青森縣,人物紀念館,4.2,575,人物紀念館,Aomori Station,2.4,0.70,0.8400,0.5331,0.6798,0.7039,http://commons.wikimedia.org/wiki/Special:FilePath/Munakata%20Shiko%20Memorial%20Museum%20of%20Art.jpg,40.8194444,140.7600000,Q11539040,棟方志功記念館
2538,東京都水之科學館,東京都,科學博物館,4.2,1363,科學博物館,Tokyo Station,5.8,0.70,0.8400,0.6054,0.4610,0.7037,http://commons.wikimedia.org/wiki/Special:FilePath/Tokyo%20Science%20Pavilion.jpg,35.6308056,139.7855000,Q11525336,東京都水の科学館
2459,彌生美術館,東京都,美術館,4.2,879,美術館,Tokyo Station,3.8,0.70,0.8400,0.5686,0.5705,0.7036,http://commons.wikimedia.org/wiki/Special:FilePath/Appearance-of-Yayoi-Yumeji-Museum.jpg,35.7149300,139.7634800,Q11487473,弥生美術館
2626,聖德紀念繪畫館,東京都,美術館,4.2,1036,美術館,Tokyo Station,4.5,0.70,0.8400,0.5824,0.5277,0.7035,http://commons.wikimedia.org/wiki/Special:FilePath/230303%20Meiji%20Memorial%20Picture%20Gallery.jpg,35.6787778,139.7176389,Q5153794,聖徳記念絵画館
3270,スパリゾートハワイアンズ,福島縣,水上遊樂園,4.0,12962,水上遊樂園,Fukushima Station,90.3,0.70,0.8000,0.7942,0.0525,0.7035,http://commons.wikimedia.org/wiki/Special:FilePath/Spa%20Resort%20Hawaiians%20appearance.Jan.2014.JPG,36.9936340,140.8165200,Q7572157,スパリゾートハワイアンズ
314,横尾忠則現代美術館,兵庫縣,美術館,4.3,765,美術館,Kobe Station,4.6,0.70,0.8600,0.5570,0.5231,0.7034,http://commons.wikimedia.org/wiki/Special:FilePath/140621%20Yokoo%20Tadanori%20Museum%20of%20Contemporary%20Art%20Kobe%20Japan01s5.jpg,34.7084720,135.2133890,Q11542451,横尾忠則現代美術館
949,狹霧台,大分縣,风景点,4.3,2861,风景点,Oita Station,21.1,0.70,0.8600,0.6675,0.1919,0.7034,http://commons.wikimedia.org/wiki/Special:FilePath/%E7%8B%AD%E9%9C%A7%E5%8F%B0%E9%A7%90%E8%BB%8A%E5%A0%B4.jpg,33.2600000,131.3825000,Q11571767,狭霧台
1104,春日大社国宝殿,奈良縣,宝物館,4.2,598,宝物館,Nara Station,2.5,0.70,0.8400,0.5363,0.6631,0.7032,http://commons.wikimedia.org/wiki/Special:FilePath/Kasuga-taisha%20Kokuh%C5%8D-den.jpg,34.6814700,135.8465600,Q123144581,春日大社国宝殿
1530,岐阜県美術館,岐阜縣,美術館,4.1,813,美術館,Gifu Station,2.5,0.70,0.8200,0.5621,0.6655,0.7032,http://commons.wikimedia.org/wiki/Special:FilePath/THE%20MUSEUM%20OF%20FINE%20ARTS%2CGIFU%201.JPG,35.4013090,136.7302210,Q5359197,岐阜県美術館
3934,青山剛昌故鄉館,鳥取縣,博物館,4.2,5467,博物館,Tottori Station,42.0,0.70,0.8400,0.7218,0.1064,0.7032,http://commons.wikimedia.org/wiki/Special:FilePath/Gosho%20Aoyama%20Manga%20Factory.jpg,35.4980280,133.7618330,Q11661221,青山剛昌ふるさと館
3945,鳥取縣立博物館,鳥取縣,都道府县立博物馆,4.0,861,都道府县立博物馆,Tottori Station,1.8,0.70,0.8000,0.5669,0.7311,0.7032,http://commons.wikimedia.org/wiki/Special:FilePath/Tottori%20prefectural%20museum01%201920.jpg,35.5083000,134.2360000,Q4707652,鳥取県立博物館
2408,台場一丁目商店街,東京都,レトロテーマパーク,4.1,1826,レトロテーマパーク,Tokyo Station,5.8,0.70,0.8200,0.6299,0.4616,0.7031,http://commons.wikimedia.org/wiki/Special:FilePath/DAIBA%201-CHOME%20SHOUTENGAI.JPG,35.6292846,139.7762176,Q11411934,台場一丁目商店街
3925,渡辺美術館,鳥取縣,美術館,4.5,265,美術館,Tottori Station,3.0,0.70,0.9000,0.4683,0.6263,0.7031,http://commons.wikimedia.org/wiki/Special:FilePath/Watanabe%20museum01%201920.jpg,35.5208056,134.2273056,Q11562497,渡辺美術館
3060,横浜税関資料展示室,神奈川縣,海關博物館,4.2,593,海關博物館,Yokohama Station,2.6,0.70,0.8400,0.5356,0.6622,0.7029,http://commons.wikimedia.org/wiki/Special:FilePath/Yokohama%20Customs%20Museum%20%2815711879357%29.jpg,35.4495000,139.6420000,Q8054623,横浜税関資料展示室「クイーンのひろば」
865,埼玉縣立近代美術館,埼玉縣,美術館,4.1,1371,美術館,Omiya Station,4.4,0.70,0.8200,0.6059,0.5303,0.7028,http://commons.wikimedia.org/wiki/Special:FilePath/Museum%20of%20Modern%20Art%20Saitama%202010.jpg,35.8696110,139.6429170,Q11426772,埼玉県立近代美術館
140,泉屋博古馆,京都府,美術館,4.4,559,美術館,Kyoto Station,4.7,0.70,0.8800,0.5307,0.5151,0.7027,http://commons.wikimedia.org/wiki/Special:FilePath/SenokuHakkoKan.jpg,35.0176000,135.7929000,Q3478488,泉屋博古館
1156,地底の森ミュージアム,宮城縣,考古博物館,4.2,955,考古博物館,Sendai Station,4.3,0.70,0.8400,0.5756,0.5405,0.7027,http://commons.wikimedia.org/wiki/Special:FilePath/Sendai%20City%20Tomizawa%20Site%20Museum1.jpg,38.2227778,140.8725000,Q11424312,地底の森ミュージアム
3254,あぶくま洞,福島縣,觀光洞穴,4.2,5685,觀光洞穴,Fukushima Station,49.3,0.70,0.8400,0.7251,0.0921,0.7027,http://commons.wikimedia.org/wiki/Special:FilePath/Flowstones%20and%20Mushroom%20Rocks%20inside%20Abukuma-do%20Cave.JPG,37.3447167,140.6734722,Q4670566,あぶくま洞
3367,Art前橋,群馬縣,美術館,4.1,367,美術館,Maebashi Station,0.8,0.70,0.8200,0.4955,0.8605,0.7027,http://commons.wikimedia.org/wiki/Special:FilePath/Arts%20Maebashi.jpg,36.3906250,139.0713861,Q18700337,アーツ前橋
3932,螃蟹兒童博物館,鳥取縣,水族館,4.3,1009,水族館,Tottori Station,6.2,0.70,0.8600,0.5802,0.4469,0.7027,http://commons.wikimedia.org/wiki/Special:FilePath/Kanikkokan%20Tottori%2020070818.jpg,35.5345000,134.1788889,Q11264065,とっとり賀露かにっこ館
699,千葉市立郷土博物館,千葉縣,地方文化館,4.0,756,地方文化館,Chiba Station,1.6,0.70,0.8000,0.5560,0.7579,0.7026,http://commons.wikimedia.org/wiki/Special:FilePath/Folk%20museum%20in%20Chiba.JPG,35.6046000,140.1271600,Q27842968,千葉市立郷土博物館
3168,TOTOミュージアム,福岡縣,博物館,4.5,2218,博物館,Hakata Station,52.2,0.70,0.9000,0.6462,0.0874,0.7026,http://commons.wikimedia.org/wiki/Special:FilePath/TOTO%20%2839011274594%29.jpg,33.8721716,130.8722649,Q123466701,TOTOミュージアム
3362,秋田縣立男鹿水族館,秋田縣,水族館,4.3,3948,水族館,Akita Station,44.1,0.70,0.8600,0.6945,0.1018,0.7025,http://commons.wikimedia.org/wiki/Special:FilePath/Oga%20Aquarium%2020210618.jpg,39.9421670,139.7045830,Q11595485,男鹿水族館GAO
2541,東京都立第五福龍丸展示館,東京都,博物館,4.5,537,博物館,Tokyo Station,6.3,0.70,0.9000,0.5273,0.4419,0.7024,http://commons.wikimedia.org/wiki/Special:FilePath/20070922%20100%201954%201600%20-%20panoramio.jpg,35.6509720,139.8262780,Q11525586,第五福竜丸展示館
340,神戶北野美術館,兵庫縣,使領館館舍,4.0,1156,使領館館舍,Kobe Station,2.7,0.70,0.8000,0.5916,0.6482,0.7023,http://commons.wikimedia.org/wiki/Special:FilePath/Kobe%20kitano%20museum01s2048.jpg,34.7012580,135.1915360,Q11589817,うろこの家
2773,姬百合和平祈念資料館,沖繩縣,和平博物館,4.6,742,和平博物館,Naha Bus Terminal,13.0,0.70,0.9200,0.5544,0.2784,0.7022,http://commons.wikimedia.org/wiki/Special:FilePath/Himeyuri%20Peace%20Museum02n3104.jpg,26.0963537,127.6903303,Q1619050,ひめゆり平和祈念資料館
1101,平城宮跡資料館,奈良縣,博物館,4.2,655,博物館,Nara Station,3.0,0.70,0.8400,0.5440,0.6278,0.7020,http://commons.wikimedia.org/wiki/Special:FilePath/Nara%20Palace%20Site%20Museum.jpg,34.6922910,135.7897190,Q123553180,奈良文化財研究所 平城宮跡資料館
1935,渦之道,德島縣,觀景台,4.5,1395,觀景台,Tokushima Station,20.3,0.70,0.9000,0.6073,0.1979,0.7020,http://commons.wikimedia.org/wiki/Special:FilePath/The%20air%20corridor%20of%20the%20Uzunomichi.jpg,34.2378333,134.6478889,Q11562883,鳴門の渦潮
797,和歌山縣立博物館,和歌山縣,都道府县立博物馆,4.1,616,都道府县立博物馆,Wakayama Station,1.9,0.70,0.8200,0.5388,0.7196,0.7016,http://commons.wikimedia.org/wiki/Special:FilePath/121013%20Wakayama%20Prefectural%20Museum01s5.jpg,34.2244000,135.1720000,Q4707960,和歌山県立近代美術館
2525,東京富士美術館,東京都,美術館,4.4,2655,美術館,Tokyo Station,39.5,0.70,0.8800,0.6613,0.1123,0.7016,http://commons.wikimedia.org/wiki/Special:FilePath/Tokyo%20Fuji%20Art%20Museum.JPG,35.6864550,139.3294930,Q1233913,東京富士美術館
800,和歌山縣立近代美術館,和歌山縣,都道府县立博物馆,4.1,616,都道府县立博物馆,Wakayama Station,2.0,0.70,0.8200,0.5388,0.7174,0.7014,http://commons.wikimedia.org/wiki/Special:FilePath/121013%20The%20museum%20of%20modern%20art%2C%20wakayama01s3.jpg,34.2250000,135.1714170,Q11417477,和歌山県立近代美術館
691,保木美術館,千葉縣,美術館,4.4,1736,美術館,Chiba Station,18.2,0.70,0.8800,0.6256,0.2157,0.7013,http://commons.wikimedia.org/wiki/Special:FilePath/Hoki%20museum%20outside%20front%20001.jpg,35.5220833,140.2798611,Q5878014,ホキ美術館
2636,菊池寛実記念智美術館,東京都,陶瓷博物館,4.3,413,陶瓷博物館,Tokyo Station,2.6,0.70,0.8600,0.5054,0.6572,0.7013,http://commons.wikimedia.org/wiki/Special:FilePath/Mus%C3%A9e%20Tomo%20-%20Tokyo%2C%20Japan%20-%20DSC06684.JPG,35.6661000,139.7450000,Q19340630,菊池寛実記念 智美術館
396,魚鱗之家,兵庫縣,異人館,4.0,1156,異人館,Kobe Station,2.9,0.70,0.8000,0.5916,0.6369,0.7012,http://commons.wikimedia.org/wiki/Special:FilePath/Uroko%20house01s3200.jpg,34.7029610,135.1906670,Q11263124,うろこの家
310,柏拉圖裝飾藝術博物館,兵庫縣,異人館,4.0,1156,異人館,Kobe Station,2.9,0.70,0.8000,0.5916,0.6365,0.7011,http://commons.wikimedia.org/wiki/Special:FilePath/Plato%20museum01p3200.jpg,34.7024440,135.1921390,Q11286729,うろこの家
280,寶塚市立手塚治虫紀念館,兵庫縣,動漫博物館,4.3,2601,動漫博物館,Kobe Station,21.1,0.70,0.8600,0.6595,0.1919,0.7010,http://commons.wikimedia.org/wiki/Special:FilePath/Osamu%20Tezuka%20Manga%20Museum%20ac%20%282%29.jpg,34.8072000,135.3483000,Q11452396,宝塚市立手塚治虫記念館
427,サケのふるさと 千歳水族館,北海道,水族館,4.3,3444,水族館,Sapporo Station,36.3,0.70,0.8600,0.6831,0.1210,0.7010,http://commons.wikimedia.org/wiki/Special:FilePath/Chitose%20Salmon%20Aquarium.jpg,42.8327220,141.6591670,Q11405627,サケのふるさと 千歳水族館
3040,日本邮船历史博物馆,神奈川縣,公司博物館,4.1,695,公司博物館,Yokohama Station,2.3,0.70,0.8200,0.5489,0.6820,0.7009,http://commons.wikimedia.org/wiki/Special:FilePath/NYK%20maritime%20museum01s3200.jpg,35.4502778,139.6394444,Q6956071,日本郵船歴史博物館
2473,新宿歷史博物館,東京都,歷史博物館,4.1,1107,歷史博物館,Tokyo Station,3.9,0.70,0.8200,0.5879,0.5641,0.7008,http://commons.wikimedia.org/wiki/Special:FilePath/Shinjuku%20historical%20museum%202009.JPG,35.6899320,139.7256870,Q11501857,新宿区立新宿歴史博物館
148,福田美術館,京都府,美術館,4.3,1211,美術館,Kyoto Station,8.1,0.70,0.8600,0.5955,0.3809,0.7007,http://commons.wikimedia.org/wiki/Special:FilePath/Fukuda%20art%20museum.jpg,35.0139170,135.6764440,Q102045484,福田美術館
2149,東山天空塔,愛知縣,觀光塔,4.1,2513,觀光塔,Nagoya Station,9.0,0.70,0.8200,0.6566,0.3575,0.7007,http://commons.wikimedia.org/wiki/Special:FilePath/Higashiyama%20Sky%20Tower%20-%2001.JPG,35.1566860,136.9788140,Q5754149,東山スカイタワー
2801,琉球村,沖繩縣,主題公園,4.0,7482,主題公園,Naha Bus Terminal,26.0,0.70,0.8000,0.7481,0.1615,0.7006,http://commons.wikimedia.org/wiki/Special:FilePath/Ryukyu%20Mura%20entrance.jpg,26.4294679,127.7752581,Q25112734,琉球村
981,司馬遼太郎紀念館,大阪府,文學館,4.4,1001,文學館,Osaka Station,9.4,0.70,0.8800,0.5795,0.3462,0.7005,http://commons.wikimedia.org/wiki/Special:FilePath/ShibaRyotaroMemorialMuseum.jpg,34.6605000,135.5856670,Q11412294,司馬遼太郎記念館
3150,福井県立一乗谷朝倉氏遺跡博物館,福井縣,都道府县立博物馆,4.4,914,都道府县立博物馆,Fukui Station,8.5,0.70,0.8800,0.5719,0.3693,0.7005,http://commons.wikimedia.org/wiki/Special:FilePath/Ichijodani%20Asakura%20Family%20Site%20Museum%20%28new%29.jpg,36.0151389,136.2989444,Q15557985,福井県立一乗谷朝倉氏遺跡博物館 本館
3598,志賀高原,長野縣,高原,4.5,1555,高原,Nagano Station,27.7,0.70,0.9000,0.6164,0.1527,0.7002,http://commons.wikimedia.org/wiki/Special:FilePath/Shiga%20Kogen%20%2830610822195%29.jpg,36.7000000,138.4916667,Q1532916,志賀高原
3476,九十九島珍珠海洋遊覽區,長崎縣,主題樂園,4.2,5114,主題樂園,Nagasaki Station,48.9,0.70,0.8400,0.7162,0.0928,0.7001,http://commons.wikimedia.org/wiki/Special:FilePath/200320%20Kujukushima%20Pearl%20Sea%20Resort%20Sasebo%20Nagasaki%20pref%20Japan10s3.jpg,33.1613889,129.6794444,Q7400110,九十九島パールシーリゾート
3351,秋田市港灣塔,秋田縣,觀光塔,4.2,1426,觀光塔,Akita Station,7.1,0.70,0.8400,0.6092,0.4129,0.7000,http://commons.wikimedia.org/wiki/Special:FilePath/Akita%20Port%20Tower%20SELION%2020170805-1.jpg,39.7527222,140.0610000,Q11314514,ポートタワーセリオン (道の駅 あきた港)
3582,安曇野知弘美術館,長野縣,繪本博物館,4.4,2504,繪本博物館,Nagano Station,39.9,0.70,0.8800,0.6563,0.1114,0.7000,http://commons.wikimedia.org/wiki/Special:FilePath/150922%20Chihiro%20Art%20Museum%20Azumino%20Japan01s3.jpg,36.4149167,137.8441667,Q11450770,安曇野ちひろ美術館 Chihiro Art Museum Azumino
1100,平城宮いざない館,奈良縣,遊客中心,4.4,249,遊客中心,Nara Station,2.2,0.70,0.8800,0.4631,0.6897,0.6999,,34.6859290,135.7950990,Q123554850,平城宮いざない館
3741,伊豆ぐらんぱる公園,靜岡縣,主題樂園,4.1,7656,主題樂園,Shizuoka Station,67.2,0.70,0.8200,0.7501,0.0693,0.6999,,34.9056389,139.1214167,Q97168213,伊豆ぐらんぱる公園
3880,桂浜水族館,高知縣,水族館,4.1,2223,水族館,Kochi Station,8.2,0.70,0.8200,0.6464,0.3787,0.6998,http://commons.wikimedia.org/wiki/Special:FilePath/Katsurahama%20Aquarium%2001.jpg,33.4969440,133.5735560,Q11536832,桂浜水族館
3146,福井市立鄉土歷史博物館,福井縣,地方文化館,3.9,583,地方文化館,Fukui Station,0.7,0.70,0.7800,0.5342,0.8747,0.6997,http://commons.wikimedia.org/wiki/Special:FilePath/Fukui%20City%20History%20Museum01nt3200.jpg,36.0683170,136.2228970,Q11591369,福井市立郷土歴史博物館
3743,伊豆三津海洋樂園,靜岡縣,水族館,4.2,4935,水族館,Shizuoka Station,46.5,0.70,0.8400,0.7132,0.0971,0.6997,http://commons.wikimedia.org/wiki/Special:FilePath/Izumitoseapala-2016.jpg,35.0194440,138.8959440,Q3156501,伊豆・三津シーパラダイス
897,白子鳩水上公園,埼玉縣,城市公園,4.1,2922,城市公園,Omiya Station,11.2,0.70,0.8200,0.6693,0.3080,0.6996,http://commons.wikimedia.org/wiki/Special:FilePath/Shirakobato%20Aquatic%20Park.JPG,35.9138890,139.7484720,Q11269194,しらこばと公園(アルネットホームスマイルパークしらこばと)
595,札幌農学校第2農場,北海道,戶外博物館,4.4,194,戶外博物館,Sapporo Station,1.7,0.70,0.8800,0.4422,0.7487,0.6995,http://commons.wikimedia.org/wiki/Special:FilePath/151010%20Sapporo%20Agricultural%20College%20Hokkaido%20Japan01s3.jpg,43.0817500,141.3404167,Q11521485,札幌農学校第2農場
1369,山形縣立博物館,山形縣,都道府县立博物馆,3.9,546,都道府县立博物馆,Yamagata Station,0.6,0.70,0.7800,0.5287,0.8882,0.6994,http://commons.wikimedia.org/wiki/Special:FilePath/220430%20Yamagata%20Prefectural%20Museum%20Yamagata%20Yamagata%20pref%20Japan01s3.jpg,38.2544000,140.3290000,Q4707630,山形県立博物館
257,城崎海洋世界,兵庫縣,水族館,4.2,6056,水族館,Kobe Station,113.2,0.70,0.8400,0.7304,0.0423,0.6993,http://commons.wikimedia.org/wiki/Special:FilePath/Kinosaki%20Marine%20World001.jpg,35.6558330,134.8248610,Q11426136,城崎マリンワールド
2476,日本民藝館,東京都,美術館,4.3,1163,美術館,Tokyo Station,8.3,0.70,0.8600,0.5921,0.3771,0.6993,http://commons.wikimedia.org/wiki/Special:FilePath/Nihon%20mingeikan%20meguro%202009.JPG,35.6608333,139.6791667,Q3789149,日本民藝館
2075,刀剣ワールド名古屋・丸の内,愛知縣,美術館,4.4,181,美術館,Nagoya Station,1.6,0.70,0.8800,0.4364,0.7629,0.6992,http://commons.wikimedia.org/wiki/Special:FilePath/%E5%88%80%E5%89%A3%E3%82%B3%E3%83%AC%E3%82%AF%E3%82%B7%E3%83%A7%E3%83%B3%E5%90%8D%E5%8F%A4%E5%B1%8B%E3%83%BB%E4%B8%B8%E3%81%AE%E5%86%85.jpg,35.1766944,136.8970556,Q109339471,刀剣ワールド名古屋・丸の内 別館
142,清水三年坂美術館,京都府,美術館,4.3,352,美術館,Kyoto Station,2.4,0.70,0.8600,0.4920,0.6738,0.6990,http://commons.wikimedia.org/wiki/Special:FilePath/Kiyomizu%20Sannenzaka%20Museum.jpg,34.9974170,135.7812780,Q17213428,清水三年坂美術館
1020,大阪科学技術館,大阪府,科學博物館,3.8,1343,科學博物館,Osaka Station,1.8,0.70,0.7600,0.6041,0.7372,0.6990,http://commons.wikimedia.org/wiki/Special:FilePath/OSTEC%20Exhibition%20Hall%20Osaka%20Japan01-r.jpg,34.6864720,135.4963060,Q11441568,大阪科学技術館
2212,豐田市博物館,愛知縣,博物館,4.3,2725,博物館,Nagoya Station,26.5,0.70,0.8600,0.6634,0.1587,0.6989,http://commons.wikimedia.org/wiki/Special:FilePath/Toyohaku1.jpg,35.0815833,137.1516667,Q125906525,豊田市美術館
2213,豐田市美術館,愛知縣,美術館,4.3,2725,美術館,Nagoya Station,26.6,0.70,0.8600,0.6634,0.1583,0.6989,http://commons.wikimedia.org/wiki/Special:FilePath/Toyota%20Municipal%20Museum%20of%20Art%2C%20Kozakahon-machi%20Toyota%202012.JPG,35.0802000,137.1520000,Q4461630,豊田市美術館
2631,船堀塔,東京都,活動場地,3.9,4340,活動場地,Tokyo Station,8.8,0.70,0.7800,0.7025,0.3614,0.6989,http://commons.wikimedia.org/wiki/Special:FilePath/Funabori1.jpg,35.6843890,139.8648610,Q85872174,タワーホール船堀
3411,碓冰嶺鐵道文化村,群馬縣,观光铁路,4.2,4023,观光铁路,Maebashi Station,30.8,0.70,0.8400,0.6961,0.1398,0.6988,http://commons.wikimedia.org/wiki/Special:FilePath/Usui%20village%20of%20railway%20culture%20%E7%A2%93%E6%B0%B7%E9%89%84%E9%81%93%E6%96%87%E5%8C%96%E3%82%80%E3%82%89%20%282771301308%29.jpg,36.3363889,138.7338889,Q7902250,碓氷峠鉄道文化むら
763,航空科學博物館,千葉縣,科學博物館,4.1,5380,科學博物館,Chiba Station,29.3,0.70,0.8200,0.7205,0.1456,0.6987,http://commons.wikimedia.org/wiki/Special:FilePath/Museum%20of%20Aeronautical%20Sciences.JPG,35.7402250,140.3979667,Q11613905,航空科学博物館
3239,福岡縣立美術館,福岡縣,都道府县立博物馆,3.9,1136,都道府县立博物馆,Hakata Station,2.2,0.70,0.7800,0.5901,0.6963,0.6987,http://commons.wikimedia.org/wiki/Special:FilePath/Fukuoka%20Museum%20of%20Art.JPG,33.5973060,130.3987500,Q11592587,福岡県立美術館
1003,大阪市下水道科學館,大阪府,水廠博物館,4.2,611,水廠博物館,Osaka Station,3.2,0.70,0.8400,0.5381,0.6085,0.6983,http://commons.wikimedia.org/wiki/Special:FilePath/Osakashi%20gesuido%20kagakukan.jpg,34.6934720,135.4624720,Q11440200,ミザック下水道科学館OSAKA - 大阪市下水道科学館
955,EXPO'70展館,大阪府,博物館,4.4,1158,博物館,Osaka Station,12.4,0.70,0.8800,0.5917,0.2870,0.6982,http://commons.wikimedia.org/wiki/Special:FilePath/131116%20Expo%20Commemoration%20Park%20Suita%20Osaka%20pref%20Japan46s3.jpg,34.8092780,135.5357500,Q24866421,EXPO'70パビリオン
3093,神奈川县立生命之星·地球博物馆,神奈川縣,都道府县立博物馆,4.3,3500,都道府县立博物馆,Yokohama Station,52.0,0.70,0.8600,0.6844,0.0877,0.6981,http://commons.wikimedia.org/wiki/Special:FilePath/Kanagawa%20Prefectural%20Museum%20of%20Natural%20History1.jpg,35.2392220,139.1212500,Q11589135,神奈川県立生命の星・地球博物館
2746,JUNGLIA沖繩,沖繩縣,主題公園,4.1,6702,主題公園,Naha Bus Terminal,56.1,0.70,0.8200,0.7389,0.0819,0.6979,,26.6422361,127.9736222,Q133878783,ジャングリア沖縄
2146,昭和日常博物馆,愛知縣,博物館,4.4,839,博物館,Nagoya Station,8.8,0.70,0.8800,0.5647,0.3622,0.6976,http://commons.wikimedia.org/wiki/Special:FilePath/Kitanagoya%20City%20East%20Library.jpg,35.2500000,136.8855560,Q11514080,北名古屋市歴史民俗資料館
3164,越前松島水族館,福井縣,水族館,4.1,4416,水族館,Fukui Station,22.3,0.70,0.8200,0.7039,0.1829,0.6975,http://commons.wikimedia.org/wiki/Special:FilePath/Matsushima%20Aquarium2.JPG,36.2530550,136.1471920,Q11636428,越前松島水族館
179,佐賀県立宇宙科学館,佐賀縣,科學博物館,4.3,2553,科學博物館,Saga Station,26.1,0.70,0.8600,0.6580,0.1606,0.6974,,33.1791667,130.0352778,Q11384745,佐賀県立宇宙科学館 ゆめぎんが
1317,秋吉台サファリランド,山口縣,野生动物园,4.2,2831,野生动物园,Yamaguchi Station,18.4,0.70,0.8400,0.6666,0.2141,0.6974,http://commons.wikimedia.org/wiki/Special:FilePath/Baison%20%E3%82%A2%E3%83%A1%E3%83%AA%E3%82%AB%E3%83%90%E3%82%A4%E3%82%BD%E3%83%B3%E3%81%A8%E3%83%96%E3%83%A9%E3%83%83%E3%82%AF%E3%83%90%E3%83%83%E3%82%AF%E3%81%AE%E7%BE%A4%E3%82%8C.jpg,34.2843056,131.3328889,Q11594892,秋吉台自然動物公園サファリランド
2434,大倉集古館,東京都,美術館,4.2,489,美術館,Tokyo Station,2.7,0.70,0.8400,0.5195,0.6520,0.6971,http://commons.wikimedia.org/wiki/Special:FilePath/Okura-Shukokan-01.jpg,35.6669444,139.7433333,Q3329598,大倉集古館
786,ポルトヨーロッパ,和歌山縣,主題公園,3.8,5489,主題公園,Wakayama Station,8.8,0.70,0.7600,0.7221,0.3636,0.6970,http://commons.wikimedia.org/wiki/Special:FilePath/%E3%83%9D%E3%83%AB%E3%83%88%E3%83%A8%E3%83%BC%E3%83%AD%E3%83%83%E3%83%91.jpg,34.1541670,135.1769170,Q11339346,ポルトヨーロッパ
2472,新宿区立漱石山房記念館,東京都,人物紀念館,4.2,811,人物紀念館,Tokyo Station,4.5,0.70,0.8400,0.5619,0.5247,0.6970,http://commons.wikimedia.org/wiki/Special:FilePath/Natsume%20Soseki%20Memorial%20Museum%202017-10-08.jpg,35.7039167,139.7254722,Q24862403,新宿区立漱石山房記念館
2585,港區立鄉土歷史館,東京都,建築物,4.3,758,建築物,Tokyo Station,5.8,0.70,0.8600,0.5562,0.4613,0.6970,http://commons.wikimedia.org/wiki/Special:FilePath/Minato%20City%20Local%20History%20Museum%2001.jpg,35.6400830,139.7268890,Q115212362,港区立郷土歴史館
2825,大津市歷史博物館,滋賀縣,歷史博物館,4.0,625,歷史博物館,Otsu Station,1.7,0.70,0.8000,0.5400,0.7497,0.6970,http://commons.wikimedia.org/wiki/Special:FilePath/181020%20Otsu%20City%20Museum%20of%20History%20Otsu%20Shiga%20pref%20Japan02n.jpg,35.0154472,135.8528361,Q30931160,大津市歴史博物館
1406,ぶどうの丘,山梨縣,觀光景點,4.0,4607,觀光景點,Kofu Station,15.2,0.70,0.8000,0.7075,0.2470,0.6969,http://commons.wikimedia.org/wiki/Special:FilePath/%E5%8B%9D%E6%B2%BC%E3%81%B6%E3%81%A9%E3%81%86%E9%83%B7%E9%A7%85%E3%81%8B%E3%82%89%E3%81%B6%E3%81%A9%E3%81%86%E3%81%AE%E4%B8%98%E3%82%92%E8%A6%8B%E3%82%8B%20-%20panoramio.jpg,35.6747500,138.7367500,Q11277442,甲州市勝沼 ぶどうの丘
3317,諸橋近代美術館,福島縣,现代美术馆,4.4,2058,现代美术馆,Fukushima Station,33.9,0.70,0.8800,0.6399,0.1287,0.6968,http://commons.wikimedia.org/wiki/Special:FilePath/Morohashi%20Museum%20of%20Modern%20Art.JPG,37.6536111,140.0963889,Q3248015,諸橋近代美術館
200,武雄市圖書館,佐賀縣,地方文化館,4.5,1328,地方文化館,Saga Station,26.8,0.70,0.9000,0.6032,0.1573,0.6967,http://commons.wikimedia.org/wiki/Special:FilePath/Takeo%20cl%2000.JPG,33.1891190,130.0236530,Q11546631,武雄市図書館
2088,南知多海灘樂園,愛知縣,水族館,4.2,4261,水族館,Nagoya Station,42.8,0.70,0.8400,0.7009,0.1045,0.6967,http://commons.wikimedia.org/wiki/Special:FilePath/Minami-Chita%20Beach%20Land%EF%BC%88%E5%8D%97%E7%9F%A5%E5%A4%9A%E3%83%93%E3%83%BC%E3%83%81%E3%83%A9%E3%83%B3%E3%83%89%EF%BC%89.jpg,34.7863390,136.8557080,Q11408304,南知多ビーチランド＆南知多おもちゃ王国
1071,入江泰吉記念奈良市寫真美術館,奈良縣,攝影博物館,4.2,453,攝影博物館,Nara Station,2.5,0.70,0.8400,0.5131,0.6671,0.6966,http://commons.wikimedia.org/wiki/Special:FilePath/Irie%20Taikichi%20Memorial%20Museum.jpg,34.6755830,135.8454170,Q11388956,入江泰吉記念 奈良市写真美術館
1181,石之森萬畫館,宮城縣,人物紀念館,4.2,4177,人物紀念館,Sendai Station,41.8,0.70,0.8400,0.6992,0.1068,0.6964,http://commons.wikimedia.org/wiki/Special:FilePath/MangattanMuseum002.jpg,38.4296310,141.3106900,Q4391562,石ノ森萬画館
97,京都府立陶板名画の庭,京都府,陶瓷博物館,4.3,908,陶瓷博物館,Kyoto Station,7.3,0.70,0.8600,0.5713,0.4070,0.6961,http://commons.wikimedia.org/wiki/Special:FilePath/LastSupper-GardenOfFineArtKyoto.jpg,35.0511111,135.7653056,Q11375286,京都府立陶板名画の庭
1966,下灘站,愛媛縣,觀光景點,4.4,1734,觀光景點,Matsuyama Station,25.5,0.70,0.8800,0.6255,0.1640,0.6961,http://commons.wikimedia.org/wiki/Special:FilePath/Shimonada%20Station%20201507%281%29.JPG,33.6551000,132.5892000,Q899167,下灘駅
2369,世田谷美術館,東京都,美術館,4.2,2238,美術館,Tokyo Station,14.2,0.70,0.8400,0.6469,0.2601,0.6961,http://commons.wikimedia.org/wiki/Special:FilePath/Setagaya%20Art%20Museum.jpg,35.6316000,139.6220000,Q3892314,世田谷美術館
2698,宇都宮美術館,栃木縣,美術館,4.2,991,美術館,Utsunomiya Station,5.8,0.70,0.8400,0.5787,0.4646,0.6961,http://commons.wikimedia.org/wiki/Special:FilePath/Utsunomiya%20museum.jpg,36.6071667,139.8739722,Q11449808,宇都宮美術館
3728,ふじのくに地球環境史ミュージアム,靜岡縣,自然歷史博物館,4.2,785,自然歷史博物館,Shizuoka Station,4.6,0.70,0.8400,0.5591,0.5221,0.6960,http://commons.wikimedia.org/wiki/Special:FilePath/Museum%20of%20Natural%20and%20Environmental%20History%EF%BC%8CShizuoka%203.JPG,34.9593056,138.4366944,Q23716488,ふじのくに地球環境史ミュージアム
129,承天閣美術館,京都府,美術館,4.3,654,美術館,Kyoto Station,5.3,0.70,0.8600,0.5438,0.4843,0.6956,http://commons.wikimedia.org/wiki/Special:FilePath/150815%20Jotenkaku%20Museum%20Kyoto%20Japan01s3.jpg,35.0335830,135.7626110,Q11497319,相国寺承天閣美術館
3345,橫手市增田漫畫美術館,秋田縣,動漫博物館,4.5,1807,動漫博物館,Akita Station,67.4,0.70,0.9000,0.6290,0.0690,0.6956,http://commons.wikimedia.org/wiki/Special:FilePath/Yokote-Masuda%20Manga%20Museum%2020190503.jpg,39.2046667,140.5504722,Q38266963,横手市増田まんが美術館
2356,ワタリウム美術館,東京都,美術館,4.2,835,美術館,Tokyo Station,5.0,0.70,0.8400,0.5643,0.5005,0.6953,http://commons.wikimedia.org/wiki/Special:FilePath/Watarium.jpg,35.6707222,139.7133889,Q3915469,ワタリウム美術館
2510,東京オペラシティアートギャラリー,東京都,美術館,4.3,875,美術館,Tokyo Station,7.3,0.70,0.8600,0.5682,0.4080,0.6953,http://commons.wikimedia.org/wiki/Special:FilePath/3%20Chome-20%20Nishishinjuku%2C%20Shinjuku-ku%2C%20T%C5%8Dky%C5%8D-to%20160-0023%2C%20Japan%20-%20panoramio.jpg,35.6830000,139.6868056,Q11524090,東京オペラシティ アートギャラリー
3080,浪漫特快博物館,神奈川縣,建築物,4.3,2071,建築物,Yokohama Station,21.1,0.70,0.8600,0.6404,0.1915,0.6953,http://commons.wikimedia.org/wiki/Special:FilePath/ROMANCECAR%20MUSEUM%2020210423.jpg,35.4530556,139.3901667,Q104103957,ロマンスカー ミュージアム
3355,秋田市立紅磚鄉土館,秋田縣,美術館,3.9,643,美術館,Akita Station,1.2,0.70,0.7800,0.5424,0.8062,0.6953,http://commons.wikimedia.org/wiki/Special:FilePath/Akarenga-kan%20Museum%20in%20Akita%2020190707a.jpg,39.7166890,140.1156440,Q11595345,秋田市立赤れんが郷土館
3499,祈禱之丘繪本美術館,長崎縣,繪本博物館,4.4,179,繪本博物館,Nagasaki Station,1.9,0.70,0.8800,0.4355,0.7269,0.6953,http://commons.wikimedia.org/wiki/Special:FilePath/Inorino-oka%20Picture%20Book%20Museum01s5.jpg,32.7352220,129.8697220,Q11588461,祈りの丘 絵本美術館
1247,秋水美术馆,富山縣,美術館,4.2,294,美術館,Toyama Station,1.6,0.70,0.8400,0.4769,0.7603,0.6951,http://commons.wikimedia.org/wiki/Special:FilePath/Mori%20Shuhei%20Museum%20of%20Art.jpg,36.6873610,137.2116670,Q26424152,秋水美術館
1925,徳島県郷土文化会館,德島縣,音樂廳,3.7,783,音樂廳,Tokushima Station,0.5,0.70,0.7400,0.5589,0.9139,0.6951,http://commons.wikimedia.org/wiki/Special:FilePath/Tokushima%20Arts%20Foundation%20for%20Culture01n3872.jpg,34.0751000,134.5460000,Q7813764,あわぎんホール（徳島県郷土文化会館）
1132,カメイ美術館,宮城縣,美術館,4.2,174,美術館,Sendai Station,0.6,0.70,0.8400,0.4332,0.8901,0.6950,http://commons.wikimedia.org/wiki/Special:FilePath/Museum%20of%20Kamei%20Collection.jpg,38.2547170,140.8813060,Q11294808,カメイ美術館
2756,不屈館,沖繩縣,歷史博物館,4.4,127,歷史博物館,Naha Bus Terminal,1.2,0.70,0.8800,0.4069,0.8090,0.6950,http://commons.wikimedia.org/wiki/Special:FilePath/Kamejiro%20Senaga%20and%20the%20People%27s%20History%20Museum.JPG,26.2223694,127.6748444,Q11361703,不屈館
2994,カワスイ 川崎水族館,神奈川縣,水族館,4.0,2944,水族館,Yokohama Station,9.7,0.70,0.8000,0.6699,0.3401,0.6950,,35.5296111,139.6963056,Q97169050,カワスイ 川崎水族館
3155,福井縣立美術館,福井縣,美術館,4.0,662,美術館,Fukui Station,2.0,0.70,0.8000,0.5449,0.7147,0.6949,http://commons.wikimedia.org/wiki/Special:FilePath/Fukui%20Fine%20Arts%20Museum.jpg,36.0785330,136.2152500,Q11591489,福井県立美術館
3353,秋田市立千秋美術館,秋田縣,美術館,4.0,292,美術館,Akita Station,0.4,0.70,0.8000,0.4764,0.9184,0.6948,http://commons.wikimedia.org/wiki/Special:FilePath/Entrance%20of%20the%20Akita%20Senshu%20Museum%20of%20Art.jpg,39.7173890,140.1245830,Q11595323,秋田市立千秋美術館
477,北海道立三岸好太郎美術館,北海道,美術館,4.1,413,美術館,Sapporo Station,1.7,0.70,0.8200,0.5054,0.7507,0.6947,http://commons.wikimedia.org/wiki/Special:FilePath/%E4%B8%89%E5%B2%B8%E5%A5%BD%E5%A4%AA%E9%83%8E.JPG,43.0615830,141.3328330,Q11402955,北海道立三岸好太郎美術館(mima)
2311,Daiichi Sankyo くすりミュージアム,東京都,公司博物館,4.1,317,公司博物館,Tokyo Station,1.1,0.70,0.8200,0.4832,0.8169,0.6947,http://commons.wikimedia.org/wiki/Special:FilePath/Daiichi%20sankyo%20kusuri%20museum.jpg,35.6884720,139.7756940,Q17224188,Daiichi Sankyo くすりミュージアム
799,和歌山縣立自然博物館,和歌山縣,水族館,4.2,1308,水族館,Wakayama Station,8.2,0.70,0.8400,0.6019,0.3800,0.6946,http://commons.wikimedia.org/wiki/Special:FilePath/Wakayama%20Prefectural%20Museum%20of%20Natural%20History.jpg,34.1586390,135.1920830,Q11417475,和歌山県立自然博物館
241,六甲音樂盒博物館,兵庫縣,音楽博物館,4.2,1657,音楽博物館,Kobe Station,10.7,0.70,0.8400,0.6217,0.3191,0.6944,http://commons.wikimedia.org/wiki/Special:FilePath/Hall%20of%20halls%20rokko01s2816.jpg,34.7616667,135.2383333,Q11392443,ROKKO森の音ミュージアム
3035,放送圖書館,神奈川縣,archival material,4.2,469,archival material,Yokohama Station,2.9,0.70,0.8400,0.5160,0.6347,0.6943,http://commons.wikimedia.org/wiki/Special:FilePath/Yokohama%20Media%20and%20Communications%20Center%2020100619-001.jpg,35.4462220,139.6428890,Q11499008,放送ライブラリー
3892,香美市立柳瀨嵩紀念館,高知縣,人物紀念館,4.3,2144,人物紀念館,Kochi Station,24.0,0.70,0.8600,0.6433,0.1722,0.6942,http://commons.wikimedia.org/wiki/Special:FilePath/Kami%20Kochi%20Yanase%20Takashi%20Memorial%20Hall.jpg,33.6476944,133.7837500,Q2496737,香美市立やなせたかし記念館アンパンマンミュージアム
1428,山梨県立富士湧水の里水族館,山梨縣,水族館,4.3,2508,水族館,Kofu Station,33.0,0.70,0.8600,0.6565,0.1316,0.6941,http://commons.wikimedia.org/wiki/Special:FilePath/Fuji%20Spring%20Water%20Aquarium.JPG,35.4555444,138.8239278,Q11469706,山梨県立富士湧水の里水族館 森の中の水族館
998,大阪国際平和センター,大阪府,和平博物館,4.2,618,和平博物館,Osaka Station,3.9,0.70,0.8400,0.5391,0.5628,0.6940,http://commons.wikimedia.org/wiki/Special:FilePath/Peace-osaka.jpg,34.6816667,135.5300000,Q7105564,ピースおおさか（大阪国際平和センター）
2413,和平纪念展览博物馆,東京都,軍事博物館,4.4,571,軍事博物館,Tokyo Station,6.8,0.70,0.8800,0.5325,0.4230,0.6940,http://commons.wikimedia.org/wiki/Special:FilePath/Memorial%20Museum%20for%20Soldiers%2C%20Detainees%20in%20Siberia%2C%20and%20Postwar%20Repatriates%20%2813835%29.jpg,35.6913056,139.6926111,Q56025796,帰還者たちの記憶ミュージアム（平和祈念展示資料館）
2690,壬生町玩具博物館,栃木縣,玩具博物館,4.2,1977,玩具博物館,Utsunomiya Station,13.5,0.70,0.8400,0.6365,0.2703,0.6940,http://commons.wikimedia.org/wiki/Special:FilePath/Mibu-toysmuseum.jpg,36.4621390,139.8082220,Q11429510,壬生町おもちゃ博物館
431,ノースサファリサッポロ,北海道,違法建築物,4.1,3210,違法建築物,Sapporo Station,17.1,0.70,0.8200,0.6772,0.2267,0.6938,http://commons.wikimedia.org/wiki/Special:FilePath/Enter%20front.JPG,42.9470280,141.2230280,Q11325868,ノースサファリサッポロ
2548,松岡美術館,東京都,美術館,4.4,509,美術館,Tokyo Station,6.2,0.70,0.8800,0.5229,0.4483,0.6937,http://commons.wikimedia.org/wiki/Special:FilePath/Containers%20at%20Matsuoka%20Museum%20of%20Art.jpg,35.6399444,139.7217222,Q11530056,松岡美術館
3084,玉楠之木／橫濱開港資料館,神奈川縣,博物館,4.0,850,博物館,Yokohama Station,2.8,0.70,0.8000,0.5658,0.6380,0.6935,http://commons.wikimedia.org/wiki/Special:FilePath/Yokohama%20Archives%20of%20History02.jpg,35.4475000,139.6440000,Q942479,横浜開港資料館
3693,太宰治紀念館 「斜陽館」,青森縣,历史房屋博物馆,4.3,2123,历史房屋博物馆,Aomori Station,24.9,0.70,0.8600,0.6425,0.1673,0.6935,http://commons.wikimedia.org/wiki/Special:FilePath/Shay%C5%8Dkan%20the%20birthhouse%20of%20Osamu%20Dazai.jpg,40.9027030,140.4554900,Q1179272,太宰治記念館 斜陽館
2099,名古屋市博物館,愛知縣,歷史博物館,3.9,2481,歷史博物館,Nagoya Station,6.2,0.70,0.7800,0.6556,0.4469,0.6934,http://commons.wikimedia.org/wiki/Special:FilePath/Nagoya%20City%20Museum1.jpg,35.1363861,136.9348917,Q10990728,名古屋市博物館
82,京都大學綜合博物館,京都府,大學博物館,4.4,405,大學博物館,Kyoto Station,5.0,0.70,0.8800,0.5037,0.5013,0.6933,http://commons.wikimedia.org/wiki/Special:FilePath/Kyoto%20University%20Museum%2020120805-001.jpg,35.0272630,135.7792870,Q11374929,京都大学総合博物館
3038,日本新聞博物館,神奈川縣,新聞博物館,4.0,850,新聞博物館,Yokohama Station,2.9,0.70,0.8000,0.5658,0.6352,0.6933,,35.4462480,139.6428180,Q104708681,横浜開港資料館
2703,岩下の新生姜ミュージアム,栃木縣,公司博物館,4.0,5449,公司博物館,Utsunomiya Station,25.0,0.70,0.8000,0.7215,0.1669,0.6932,http://commons.wikimedia.org/wiki/Special:FilePath/New%20Ginger%20Museum.jpg,36.3745278,139.7403611,Q99529173,岩下の新生姜ミュージアム
1919,徳島市立徳島城博物館,德島縣,博物館,3.9,374,博物館,Tokushima Station,0.4,0.70,0.7800,0.4971,0.9202,0.6931,http://commons.wikimedia.org/wiki/Special:FilePath/Tokushima%20castle%20museum02s3872.jpg,34.0735280,134.5556390,Q11489793,徳島市立徳島城博物館
3069,橫濱歐亞文化館,神奈川縣,文化博物館,4.0,850,文化博物館,Yokohama Station,2.9,0.70,0.8000,0.5658,0.6334,0.6931,http://commons.wikimedia.org/wiki/Special:FilePath/Eurasia%20bunka%201.JPG,35.4462711,139.6432561,Q22120804,横浜開港資料館
3073,橫濱都市發展紀念館,神奈川縣,歷史博物館,4.0,850,歷史博物館,Yokohama Station,2.9,0.70,0.8000,0.5658,0.6334,0.6931,http://commons.wikimedia.org/wiki/Special:FilePath/Museum%20of%20yokohama%20urban%20history001.JPG,35.4462711,139.6432561,Q21655117,横浜開港資料館
2060,ラグーナテンボス,愛知縣,主題公園,3.9,10317,主題公園,Nagoya Station,54.0,0.70,0.7800,0.7751,0.0847,0.6930,http://commons.wikimedia.org/wiki/Special:FilePath/LAGUNA%20TEN%20BOSCH.jpg,34.8077220,137.2758330,Q11346723,ラグーナテンボス
2895,御船町恐龍博物館,熊本縣,古生物博物馆,4.2,1886,古生物博物馆,Kumamoto Station,13.4,0.70,0.8400,0.6326,0.2719,0.6930,http://commons.wikimedia.org/wiki/Special:FilePath/Mifune%20Dinosaur%20Museum%202.JPG,32.7145560,130.8011670,Q17214624,御船町恐竜博物館
139,楽美術館,京都府,陶瓷博物館,4.3,487,陶瓷博物館,Kyoto Station,4.4,0.70,0.8600,0.5192,0.5295,0.6927,http://commons.wikimedia.org/wiki/Special:FilePath/Kyoto%20Raku%20Museum%202013-08A.JPG,35.0255218,135.7534750,Q125002905,樂美術館
3147,福井市美術館,福井縣,人物紀念館,4.1,576,人物紀念館,Fukui Station,2.7,0.70,0.8200,0.5332,0.6473,0.6927,http://commons.wikimedia.org/wiki/Special:FilePath/FUKUI%20CITY%20ART%20MUSEUM.jpg,36.0389722,136.2342778,Q24874086,福井市美術館 アートラボふくい
3835,四国水族館,香川縣,水族館,3.9,6860,水族館,Takamatsu Station,22.3,0.70,0.7800,0.7408,0.1831,0.6926,http://commons.wikimedia.org/wiki/Special:FilePath/Shikoku%20Aquarium2.jpg,34.3127778,133.8080556,Q66432954,四国水族館
1178,気仙沼市東日本大震災遺構・伝承館,宮城縣,旧学校施設,4.7,897,旧学校施設,Sendai Station,88.5,0.70,0.9400,0.5703,0.0535,0.6924,http://commons.wikimedia.org/wiki/Special:FilePath/Ruins%20of%20the%20Great%20East%20Japan%20Earthquake%20Kesennuma%20City%20Memorial%20Museum.jpg,38.8312500,141.5909722,Q105944997,気仙沼市東日本大震災遺構・伝承館
1521,岐阜市歴史博物館,岐阜縣,歷史博物館,3.9,1204,歷史博物館,Gifu Station,3.1,0.70,0.7800,0.5950,0.6180,0.6923,http://commons.wikimedia.org/wiki/Special:FilePath/Gifushirekishi.JPG,35.4333200,136.7728030,Q5359247,岐阜市歴史博物館
2329,TOTOギャラリー・間,東京都,藝廊,4.4,310,藝廊,Tokyo Station,4.0,0.70,0.8800,0.4814,0.5584,0.6923,http://commons.wikimedia.org/wiki/Special:FilePath/TOTO%E3%82%AE%E3%83%A3%E3%83%A9%E3%83%AA%E3%83%BC%E3%83%BB%E9%96%93.jpg,35.6674722,139.7267222,Q55526821,TOTOギャラリー・間
155,細見美術館,京都府,美術館,4.0,1019,美術館,Kyoto Station,3.6,0.70,0.8000,0.5810,0.5781,0.6921,http://commons.wikimedia.org/wiki/Special:FilePath/Hosomi%20Museum%20ac.JPG,35.0138330,135.7796390,Q11606115,細見美術館
1456,風土伝承館杉浦醫院,山梨縣,醫學博物館,4.7,131,醫學博物館,Kofu Station,4.4,0.70,0.9400,0.4095,0.5325,0.6921,http://commons.wikimedia.org/wiki/Special:FilePath/Dr.%20Sugiura-kenzo.JPG,35.6403611,138.5325556,Q11665452,昭和町風土伝承館 杉浦醫院
1427,山梨県立富士ビジターセンター,山梨縣,遊客中心,4.3,2076,遊客中心,Kofu Station,27.2,0.70,0.8600,0.6406,0.1552,0.6917,http://commons.wikimedia.org/wiki/Special:FilePath/Fuji%20Visitor%20Center.JPG,35.4858333,138.7705556,Q11469703,山梨県立富士山世界遺産センター
1432,山梨縣立富士山世界遺產中心,山梨縣,遊客中心,4.3,2076,遊客中心,Kofu Station,27.2,0.70,0.8600,0.6406,0.1552,0.6917,http://commons.wikimedia.org/wiki/Special:FilePath/Fujisan%20World%20heritage%20Center%2C%20Yamanashi%201.jpg,35.4858333,138.7705556,Q24873848,山梨県立富士山世界遺産センター
2265,新潟市マンガ・アニメ情報館,新潟縣,動漫博物館,3.8,649,動漫博物館,Niigata Station,0.9,0.70,0.7600,0.5432,0.8472,0.6917,http://commons.wikimedia.org/wiki/Special:FilePath/Bandai%20City%20BP2%20Sep2021-002.jpg,37.9163610,139.0530560,Q17229556,新潟市マンガ・アニメ情報館
3877,室户废校水族馆,高知縣,水族館,4.3,2888,水族館,Kochi Station,66.1,0.70,0.8600,0.6683,0.0703,0.6915,http://commons.wikimedia.org/wiki/Special:FilePath/Muroto%20Schoolhouse%20Aquarium.jpg,33.3266330,134.1955200,Q56739393,むろと廃校水族館
2645,講談社野間記念館,東京都,美術館,4.2,753,美術館,Tokyo Station,5.3,0.70,0.8400,0.5556,0.4870,0.6914,http://commons.wikimedia.org/wiki/Special:FilePath/Kodansha%20Noma%20Memorial%20Museum%202.jpg,35.7140000,139.7250278,Q3788846,永青文庫
3638,美原高原美術館,長野縣,戶外博物館,4.2,3533,戶外博物館,Nagano Station,46.1,0.70,0.8400,0.6852,0.0979,0.6914,http://commons.wikimedia.org/wiki/Special:FilePath/250426%20Utsukushi-ga-hara%20Open-Air%20Museum%20Ueda%20Nagano%20pref%20Japan14s3.jpg,36.2306667,138.1403611,Q11608719,美ヶ原高原美術館
2464,憲政紀念館,東京都,博物館,3.9,738,博物館,Tokyo Station,1.8,0.70,0.7800,0.5540,0.7306,0.6913,http://commons.wikimedia.org/wiki/Special:FilePath/Memorial%20Hall%20of%20constitutional%20politics%20Japan01s3200.jpg,35.6783330,139.7470000,Q11495238,憲政記念館
3324,野口英世記念館,福島縣,人物紀念館,4.2,3407,人物紀念館,Fukushima Station,41.7,0.70,0.8400,0.6822,0.1070,0.6913,http://commons.wikimedia.org/wiki/Special:FilePath/Hideyo%20Noguchi%20Memorial%20Hall.JPG,37.5361110,140.0736110,Q11645213,野口英世記念館
2568,永青文库,東京都,美術館,4.2,753,美術館,Tokyo Station,5.3,0.70,0.8400,0.5556,0.4846,0.6912,http://commons.wikimedia.org/wiki/Special:FilePath/Eisei%20Bunko.jpg,35.7131710,139.7232960,Q728781,永青文庫
3713,青森市森林博物館,青森縣,林業博物館,4.1,234,林業博物館,Aomori Station,0.8,0.70,0.8200,0.4579,0.8583,0.6912,http://commons.wikimedia.org/wiki/Special:FilePath/Aomori%20city%20forestry%20museum.jpg,40.8315000,140.7257222,Q11662064,青森市森林博物館
2271,新潟市美術館,新潟縣,美術館,4.0,687,美術館,Niigata Station,2.5,0.70,0.8000,0.5480,0.6641,0.6908,http://commons.wikimedia.org/wiki/Special:FilePath/Niigata%20City%20Art%20Museum.jpg,37.9284167,139.0417222,Q11502938,新潟市美術館
2720,栃木縣立博物館,栃木縣,都道府县立博物馆,4.2,480,都道府县立博物馆,Utsunomiya Station,3.4,0.70,0.8400,0.5179,0.5942,0.6908,http://commons.wikimedia.org/wiki/Special:FilePath/Tochigi%20prefectural%20museum.jpg,36.5595833,139.8604722,Q11535226,栃木県立博物館
589,札幌市青少年科学館,北海道,科學博物館,4.2,1403,科學博物館,Sapporo Station,10.5,0.70,0.8400,0.6078,0.3226,0.6906,http://commons.wikimedia.org/wiki/Special:FilePath/Seishounen%20Kagakukan%28Sapporo%29.jpg,43.0362290,141.4721270,Q11521430,札幌市青少年科学館
824,鯨魚博物館,和歌山縣,博物館,4.2,4174,博物館,Wakayama Station,98.8,0.70,0.8400,0.6992,0.0482,0.6906,http://commons.wikimedia.org/wiki/Special:FilePath/Taiji%20Whale%20Museum%20201908-2.jpg,33.6019170,135.9458060,Q11265357,太地町立くじらの博物館
2137,愛知航空博物館,愛知縣,航空博物館,4.0,2403,航空博物館,Nagoya Station,9.4,0.70,0.8000,0.6529,0.3475,0.6906,http://commons.wikimedia.org/wiki/Special:FilePath/Aichi%20Museum%20of%20Flight.jpg,35.2476111,136.9246944,Q30935176,あいち航空ミュージアム
3831,二十四の瞳映画村,香川縣,電影製片廠,4.1,3523,電影製片廠,Takamatsu Station,24.3,0.70,0.8200,0.6850,0.1706,0.6906,http://commons.wikimedia.org/wiki/Special:FilePath/201211%20Twenty-four%20eyes22s3.jpg,34.4454167,134.2851806,Q11371381,二十四の瞳映画村
3840,壺井栄文学館,香川縣,人物紀念館,4.1,3523,人物紀念館,Takamatsu Station,24.3,0.70,0.8200,0.6850,0.1706,0.6906,http://commons.wikimedia.org/wiki/Special:FilePath/201211%20Twenty-four%20eyes27s3.jpg,34.4454170,134.2851810,Q11429680,二十四の瞳映画村
145,琵琶湖疏水紀念館,京都府,博物館,4.1,746,博物館,Kyoto Station,4.0,0.70,0.8200,0.5549,0.5583,0.6903,http://commons.wikimedia.org/wiki/Special:FilePath/Lake%20biwa%20Canal%20Museum.jpg,35.0120170,135.7881560,Q18339063,琵琶湖疏水記念館
3498,海上自衛隊佐世保史料館,長崎縣,歷史博物館,4.4,1831,歷史博物館,Nagasaki Station,49.1,0.70,0.8800,0.6301,0.0924,0.6903,http://commons.wikimedia.org/wiki/Special:FilePath/Sail-Tower%2C%20JMSDF%20Sasebo%20Museum%20001.jpg,33.1738890,129.7136110,Q11558706,海上自衛隊 佐世保史料館（旧佐世保水交社)
3688,八甲田山雪中行軍遭難資料館,青森縣,軍事博物館,4.3,665,軍事博物館,Aomori Station,6.7,0.70,0.8600,0.5452,0.4270,0.6903,http://commons.wikimedia.org/wiki/Special:FilePath/%E9%9B%AA%E4%B8%AD%E8%A1%8C%E8%BB%8D%E9%81%AD%E9%9B%A3%E8%B3%87%E6%96%99%E9%A4%A8.jpg,40.7847780,140.7896390,Q17218957,八甲田山雪中行軍遭難資料館
2432,多摩六都科學館,東京都,科學博物館,4.2,2438,科學博物館,Tokyo Station,22.8,0.70,0.8400,0.6541,0.1796,0.6902,http://commons.wikimedia.org/wiki/Special:FilePath/%E5%A4%9A%E6%91%A9%E5%85%AD%E9%83%BD%E7%A7%91%E5%AD%A6%E9%A4%A8.JPG,35.7348060,139.5228610,Q11430721,多摩六都科学館
2457,府中市鄉土之森博物館,東京都,地方文化館,4.2,2642,地方文化館,Tokyo Station,26.7,0.70,0.8400,0.6608,0.1579,0.6900,http://commons.wikimedia.org/wiki/Special:FilePath/Kyodo%20no%20Mori%20Historic%20Buildings.jpg,35.6561111,139.4736111,Q3788904,府中市郷土の森博物館
3716,青森県立郷土館,青森縣,地方文化館,4.1,272,地方文化館,Aomori Station,1.2,0.70,0.8200,0.4704,0.8087,0.6900,http://commons.wikimedia.org/wiki/Special:FilePath/Aomori%20Prefectural%20Museum.jpg,40.8272800,140.7486600,Q11662265,青森県立郷土館
671,開陽台,北海道,觀景台,4.4,2433,觀景台,Sapporo Station,291.0,0.70,0.8800,0.6539,0.0169,0.6899,http://commons.wikimedia.org/wiki/Special:FilePath/Kaiyodai%202.jpg,43.6130560,144.8705560,Q11655331,開陽台
1289,山口县立山口博物馆,山口縣,都道府县立博物馆,4.0,389,都道府县立博物馆,Yamaguchi Station,1.3,0.70,0.8000,0.5004,0.7980,0.6899,http://commons.wikimedia.org/wiki/Special:FilePath/140720%20Yamaguchi%20Museum%20Yamaguchi%20Japan01s39.jpg,34.1825000,131.4730000,Q4707661,山口県立山口博物館
1473,モネの池,岐阜縣,水庫,3.8,9558,水庫,Gifu Station,27.6,0.70,0.7600,0.7687,0.1533,0.6899,http://commons.wikimedia.org/wiki/Special:FilePath/Monet%20water%20lily02.JPG,35.6516667,136.8213889,Q24873809,モネの池
2606,相扑博物馆,東京都,體育博物館,3.9,1052,體育博物館,Tokyo Station,3.0,0.70,0.7800,0.5837,0.6271,0.6898,http://commons.wikimedia.org/wiki/Special:FilePath/Ryogoku%20Kokugikan3.jpg,35.6971390,139.7935280,Q11582043,相撲博物館
3225,王貞治ベースボールミュージアム,福岡縣,人物紀念館,4.5,282,人物紀念館,Hakata Station,5.5,0.70,0.9000,0.4735,0.4774,0.6898,http://commons.wikimedia.org/wiki/Special:FilePath/%E7%8E%8B%E8%B2%9E%E6%B2%BB%E3%83%99%E3%83%BC%E3%82%B9%E3%83%9C%E3%83%BC%E3%83%AB%E3%83%9F%E3%83%A5%E3%83%BC%E3%82%B8%E3%82%A2%E3%83%A0%20-%20panoramio.jpg,33.5951667,130.3619167,Q575508,王貞治ベースボールミュージアム Supported by 博多グリーンホテル
721,大慶園,千葉縣,主題樂園,4.0,4311,主題樂園,Chiba Station,21.1,0.70,0.8000,0.7019,0.1914,0.6897,http://commons.wikimedia.org/wiki/Special:FilePath/Daikeien%202018-05-10.jpg,35.7630000,139.9690000,Q17995979,大慶園
1978,伊丹十三纪念馆,愛媛縣,人物紀念館,4.3,341,人物紀念館,Matsuyama Station,3.5,0.70,0.8600,0.4893,0.5887,0.6897,http://commons.wikimedia.org/wiki/Special:FilePath/ITAMI%20JUZO%20MUSEUM%28Matsuyama-City%29.JPG,33.8179861,132.7781194,Q10884817,伊丹十三記念館
3738,下田海中水族館,靜岡縣,水族館,4.1,4977,水族館,Shizuoka Station,61.2,0.70,0.8200,0.7139,0.0756,0.6897,http://commons.wikimedia.org/wiki/Special:FilePath/Shimoda-Kaichu-Suizokukan.JPG,34.6660556,138.9459722,Q11361202,下田海中水族館
146,白沙村荘,京都府,纪念博物馆,4.4,392,纪念博物馆,Kyoto Station,5.6,0.70,0.8800,0.5010,0.4733,0.6896,http://commons.wikimedia.org/wiki/Special:FilePath/090711%20Hakusasonsou%20Kyoto%20Japan30s3.jpg,35.0268810,135.7936690,Q11579925,白沙村荘 橋本関雪記念館
919,アートプラザ,大分縣,美術館,4.0,312,美術館,Oita Station,0.9,0.70,0.8000,0.4819,0.8500,0.6896,,33.2405556,131.6095000,Q11285663,アートプラザ
3438,予科練平和記念館,茨城縣,和平博物館,4.3,2336,和平博物館,Mito Station,42.7,0.70,0.8600,0.6505,0.1049,0.6896,http://commons.wikimedia.org/wiki/Special:FilePath/Yokaren%20Peace%20memorial%20museum%2C%20Ami-town.jpg,36.0455140,140.2234550,Q122852747,阿見町 予科練 平和記念館
1069,なら工藝館,奈良縣,工藝博物館,4.1,227,工藝博物館,Nara Station,0.9,0.70,0.8200,0.4553,0.8490,0.6895,http://commons.wikimedia.org/wiki/Special:FilePath/%E5%B7%A5%E8%97%9D%E9%A4%A8%E3%81%AE%E5%A4%96%E8%A6%B3IMG%201641.jpg,34.6787100,135.8282800,Q123145206,なら工藝館
2402,千尋美術館·東京,東京都,繪本博物館,4.4,975,繪本博物館,Tokyo Station,15.5,0.70,0.8800,0.5773,0.2436,0.6895,http://commons.wikimedia.org/wiki/Special:FilePath/Chihiro%20museum%20tokyo%20entrance%202009.JPG,35.7286500,139.6053500,Q11271822,ちひろ美術館・東京
2012,松山市立子規紀念博物館,愛媛縣,人物紀念館,4.1,632,人物紀念館,Matsuyama Station,3.5,0.70,0.8200,0.5410,0.5902,0.6893,http://commons.wikimedia.org/wiki/Special:FilePath/Masaoka%20Shiki%20Museum%20front.jpg,33.8496570,132.7873710,Q5016554,松山市立子規記念博物館
1173,東北歷史博物館,宮城縣,歷史博物館,4.1,1846,歷史博物館,Sendai Station,10.7,0.70,0.8200,0.6308,0.3185,0.6891,http://commons.wikimedia.org/wiki/Special:FilePath/Tohoku%20Rekishi%20Hakubutsukan%202008-11.jpg,38.3000000,140.9940000,Q3246933,東北歴史博物館
3767,東海大學海洋科學博物館,靜岡縣,大學博物館,4.1,2159,大學博物館,Shizuoka Station,12.9,0.70,0.8200,0.6439,0.2791,0.6891,http://commons.wikimedia.org/wiki/Special:FilePath/Tokai%20University%2C%20Marine%20Science%20Museum.jpg,35.0191111,138.5182222,Q24898471,東海大学海洋科学博物館
3940,鳥取民芸美術館,鳥取縣,美術館,4.3,76,美術館,Tottori Station,0.3,0.70,0.8600,0.3643,0.9510,0.6884,http://commons.wikimedia.org/wiki/Special:FilePath/Tottori%20folkcraft%20museum%20of%20art02%201920.jpg,35.4961000,134.2270000,Q7828504,鳥取民藝美術館
2893,島田美術館,熊本縣,美術館,4.2,290,美術館,Kumamoto Station,2.2,0.70,0.8400,0.4758,0.6952,0.6883,http://commons.wikimedia.org/wiki/Special:FilePath/Shimada%20gallery.jpg,32.8097500,130.6860556,Q17213009,島田美術館
3091,相模川ふれあい科学館,神奈川縣,科學博物館,4.2,2530,科學博物館,Yokohama Station,28.1,0.70,0.8400,0.6572,0.1511,0.6883,http://commons.wikimedia.org/wiki/Special:FilePath/%E5%A4%96%E8%A6%B3%EF%BC%88%E6%96%9C%EF%BC%89.jpg,35.5474170,139.3288890,Q11582155,相模川ふれあい科学館 アクアリウムさがみはら
2370,世界のカバン博物館,東京都,博物館,4.3,355,博物館,Tokyo Station,3.9,0.70,0.8600,0.4927,0.5603,0.6878,,35.7080520,139.7952860,Q104698116,世界のカバン博物館(新川柳作記念館)
645,細岡展望台,北海道,觀景台,4.4,2200,觀景台,Sapporo Station,251.6,0.70,0.8800,0.6455,0.0195,0.6876,http://commons.wikimedia.org/wiki/Special:FilePath/Kushirositsugen%20Hosooka%20Tenboudai.jpg,43.0981111,144.4493333,Q11605826,細岡展望台
3997,鹿兒島市立科學館,鹿兒島縣,科學博物館,4.1,449,科學博物館,Kagoshima-Chuo Station,2.6,0.70,0.8200,0.5124,0.6582,0.6875,http://commons.wikimedia.org/wiki/Special:FilePath/Kagoshima%20Municipal%20Science%20Hall.JPG,31.5633060,130.5543610,Q11676648,鹿児島市立科学館
2171,爲三郎記念館,愛知縣,博物館,4.5,283,博物館,Nagoya Station,6.1,0.70,0.9000,0.4738,0.4515,0.6873,,35.1678178,136.9482208,Q121815987,古川美術館分館 爲三郎記念館 ＆ 数寄屋カフェ
2323,NTTインターコミュニケーション・センター,東京都,美術館,4.4,459,美術館,Tokyo Station,7.2,0.70,0.8800,0.5142,0.4098,0.6872,http://commons.wikimedia.org/wiki/Special:FilePath/NTT%20ICC%20entrance.jpg,35.6829000,139.6874000,Q3788869,NTTインターコミュニケーション・センター [ICC]
2559,森美術館,東京都,美術館,4.2,501,美術館,Tokyo Station,4.1,0.70,0.8400,0.5215,0.5473,0.6872,http://commons.wikimedia.org/wiki/Special:FilePath/Mori%20Art%20Museum%20Entrance%202013.jpg,35.6605056,139.7290667,Q4410434,森アーツセンターギャラリー
1422,山梨县立博物馆,山梨縣,都道府县立博物馆,4.1,1285,都道府县立博物馆,Kofu Station,7.8,0.70,0.8200,0.6004,0.3895,0.6871,http://commons.wikimedia.org/wiki/Special:FilePath/Yamanashi%20Prefectural%20Museum.jpg,35.6403667,138.6485556,Q11469696,山梨県立博物館
2978,金泽市立安江金箔工艺馆,石川縣,工藝博物館,4.0,420,工藝博物館,Kanazawa Station,1.7,0.70,0.8000,0.5068,0.7492,0.6870,http://commons.wikimedia.org/wiki/Special:FilePath/Yasuekinpakukogeikan003.jpg,36.5737500,136.6659444,Q42898428,金沢市立安江金箔工芸館
124,島津創業紀念資料館,京都府,公司博物館,4.3,279,公司博物館,Kyoto Station,3.2,0.70,0.8600,0.4726,0.6107,0.6868,http://commons.wikimedia.org/wiki/Special:FilePath/Shimadzu-Foundation-Memorial-Hall-01.jpg,35.0128860,135.7702420,Q11476799,島津製作所 創業記念資料館
3149,福井県立こども歴史文化館,福井縣,兒童博物館,4.3,111,兒童博物館,Fukui Station,0.9,0.70,0.8600,0.3957,0.8410,0.6868,http://commons.wikimedia.org/wiki/Special:FilePath/Fukui%20Childrens%20Museum.jpg,36.0615833,136.2341111,Q24873808,福井県立こども歴史文化館
315,橋之科學館,兵庫縣,科學博物館,4.3,1126,科學博物館,Kobe Station,14.3,0.70,0.8600,0.5894,0.2587,0.6867,http://commons.wikimedia.org/wiki/Special:FilePath/Science%20Museum%20of%20Bridges%2020150920.JPG,34.6316240,135.0326720,Q11543726,橋の科学館
2236,上越市立水族博物館,新潟縣,水族館,4.0,6873,水族館,Niigata Station,109.9,0.70,0.8000,0.7410,0.0435,0.6867,http://commons.wikimedia.org/wiki/Special:FilePath/Joetsu%20Aquarium%20Umigatari.jpg,37.1735000,138.2329722,Q11360163,上越市立水族博物館 うみがたり
3449,大洗海洋塔,茨城縣,觀光塔,3.9,3180,觀光塔,Mito Station,10.8,0.70,0.7800,0.6764,0.3164,0.6866,http://commons.wikimedia.org/wiki/Special:FilePath/Oarai%20Marine%20Tower.jpg,36.3104722,140.5706389,Q11437225,大洗マリンタワー
243,兵庫県立兵庫津ミュージアム,兵庫縣,建築物,4.0,427,建築物,Kobe Station,1.8,0.70,0.8000,0.5082,0.7393,0.6864,http://commons.wikimedia.org/wiki/Special:FilePath/Hyogotsu%20museum.jpg,34.6638890,135.1747220,Q114990672,兵庫県立兵庫津ミュージアム
108,何必館・京都現代美術館,京都府,私人博物館,4.1,418,私人博物館,Kyoto Station,2.5,0.70,0.8200,0.5064,0.6627,0.6862,,35.0041865,135.7754297,Q136472115,何必館 京都現代美術館
1714,岩手縣立博物館,岩手縣,都道府县立博物馆,4.2,714,都道府县立博物馆,Morioka Station,6.2,0.70,0.8400,0.5512,0.4480,0.6862,http://commons.wikimedia.org/wiki/Special:FilePath/Exterior%20of%20Iwate%20Prefectural%20Museum%2020231103a.jpg,39.7554440,141.1538610,Q11474715,岩手県立博物館
3053,横浜人形の家,神奈川縣,人形博物館,4.0,815,人形博物館,Yokohama Station,3.7,0.70,0.8000,0.5623,0.5750,0.6862,http://commons.wikimedia.org/wiki/Special:FilePath/YokohamaDollHouse.JPG,35.4431667,139.6521111,Q11262871,横浜人形の家
3628,無言館,長野縣,圖書館,4.5,970,圖書館,Nagano Station,33.1,0.70,0.9000,0.5769,0.1312,0.6862,http://commons.wikimedia.org/wiki/Special:FilePath/Mugonkan.jpg,36.3454170,138.2000280,Q11567510,戦没画学生慰霊美術館 無言館
2963,石川縣親睦昆蟲館,石川縣,昆虫博物館,4.4,827,昆虫博物館,Kanazawa Station,15.0,0.70,0.8800,0.5635,0.2505,0.6861,http://commons.wikimedia.org/wiki/Special:FilePath/Ishikawa%20Insect%20Museum.jpg,36.4441670,136.6322220,Q11585931,石川県ふれあい昆虫館
1093,奈良縣立美術館,奈良縣,美術館,3.9,489,美術館,Nara Station,1.4,0.70,0.7800,0.5195,0.7820,0.6860,http://commons.wikimedia.org/wiki/Special:FilePath/Nara%20Prefectural%20Museum%20of%20Art%20201409.jpg,34.6858610,135.8325830,Q11445231,奈良県立美術館
1171,東北大学総合学術博物館,宮城縣,大學博物館,4.5,174,大學博物館,Sendai Station,3.9,0.70,0.9000,0.4332,0.5591,0.6859,http://commons.wikimedia.org/wiki/Special:FilePath/The%20Tohoku%20University%20Museum.jpg,38.2579167,140.8373333,Q11526186,東北大学理学部自然史標本館
2959,石川縣立傳統产業工藝館,石川縣,工藝博物館,4.0,532,工藝博物館,Kanazawa Station,2.4,0.70,0.8000,0.5266,0.6786,0.6858,http://commons.wikimedia.org/wiki/Special:FilePath/Ishikawa%20Prefectural%20Museum%20of%20Traditional%20Arts%20and%20Crafts.jpg,36.5611222,136.6640056,Q11585980,石川県立伝統産業工芸館
1523,岐阜市長良川鵜飼伝承館,岐阜縣,漁業博物館,3.9,1218,漁業博物館,Gifu Station,4.1,0.70,0.7800,0.5959,0.5496,0.6857,http://commons.wikimedia.org/wiki/Special:FilePath/Nagaragawa%20Ukai%20Museum%20ac%20%281%29.jpg,35.4410000,136.7787220,Q11471392,長良川うかいミュージアム
1878,廣島市江波山氣象館,廣島縣,気象博物館,4.2,571,気象博物館,Hiroshima Station,5.1,0.70,0.8400,0.5325,0.4961,0.6854,http://commons.wikimedia.org/wiki/Special:FilePath/Hiroshima%20City%20Ebayama%20Museum%20of%20Meteorology%202.jpg,34.3661740,132.4351300,Q11484548,広島市江波山気象館
2268,新潟市新津鐵道資料館,新潟縣,鐵路博物館,4.2,1457,鐵路博物館,Niigata Station,14.1,0.70,0.8400,0.6110,0.2612,0.6854,http://commons.wikimedia.org/wiki/Special:FilePath/%E6%96%B0%E6%BD%9F%E5%B8%82%E6%96%B0%E6%B4%A5%E9%89%84%E9%81%93%E8%B3%87%E6%96%99%E9%A4%A8.JPG,37.8017220,139.1418060,Q11502893,新潟市新津鉄道資料館
3042,日産ヘリテージコレクション,神奈川縣,汽車博物館,4.4,924,汽車博物館,Yokohama Station,18.2,0.70,0.8800,0.5728,0.2158,0.6854,,35.4941790,139.4250340,Q39048210,日産ヘリテージコレクション
390,須磨浦山上遊園,兵庫縣,主題樂園,4.2,977,主題樂園,Kobe Station,8.9,0.70,0.8400,0.5775,0.3609,0.6853,http://commons.wikimedia.org/wiki/Special:FilePath/Sumaura%20sanjo%20amusement%20park02%201920.jpg,34.6418330,135.0928060,Q11664683,須磨浦山上遊園
851,埼玉市立博物館,埼玉縣,市立博物館,4.0,261,市立博物館,Omiya Station,0.9,0.70,0.8000,0.4670,0.8517,0.6853,http://commons.wikimedia.org/wiki/Special:FilePath/Saitama%20Municipal%20Museum.JPG,35.9113330,139.6316110,Q11248596,さいたま市立博物館
3634,石之教會 內村鑑三紀念堂,長野縣,人物紀念館,4.3,2046,人物紀念館,Nagano Station,47.8,0.70,0.8600,0.6394,0.0947,0.6853,http://commons.wikimedia.org/wiki/Special:FilePath/Ishinokyoukai01.jpg,36.3563060,138.5871110,Q11584735,石の教会 内村鑑三記念堂
3153,福井縣年縞博物館,福井縣,都道府县立博物馆,4.5,1174,都道府县立博物馆,Fukui Station,63.2,0.70,0.9000,0.5929,0.0733,0.6852,http://commons.wikimedia.org/wiki/Special:FilePath/Fukui%20Prefectural%20Varve%20Museum%20Exterior%20View.jpg,35.5590556,135.8972778,Q56465338,福井県年縞博物館
585,札幌市水道紀念館,北海道,水廠博物館,4.2,484,水廠博物館,Sapporo Station,4.4,0.70,0.8400,0.5186,0.5345,0.6850,http://commons.wikimedia.org/wiki/Special:FilePath/Sapporo%20Waterworks%20Museum.JPG,43.0329970,141.3287780,Q11521277,札幌市水道記念館
2567,気象科学館,東京都,科學博物館,4.3,212,科學博物館,Tokyo Station,2.6,0.70,0.8600,0.4496,0.6603,0.6849,http://commons.wikimedia.org/wiki/Special:FilePath/JMA%20Meteorological%20Science%20Museum.jpg,35.6656110,139.7460560,Q16872707,気象庁気象科学館
2270,新潟市漫畫家之家,新潟縣,動漫博物館,4.1,292,動漫博物館,Niigata Station,1.8,0.70,0.8200,0.4764,0.7387,0.6848,http://commons.wikimedia.org/wiki/Special:FilePath/Niigata%20City%20Manga%20House%2020131106.jpg,37.9205830,139.0447500,Q17209791,新潟市マンガの家
2456,府中市美術館,東京都,美術館,4.3,1488,美術館,Tokyo Station,24.8,0.70,0.8600,0.6127,0.1676,0.6846,http://commons.wikimedia.org/wiki/Special:FilePath/Fuchu.no.mori.kouen%2002.jpg,35.6788890,139.4922220,Q11486046,府中市美術館
1148,仙臺緑彩館,宮城縣,遊客中心,4.3,174,遊客中心,Sendai Station,2.1,0.70,0.8600,0.4332,0.7052,0.6845,http://commons.wikimedia.org/wiki/Special:FilePath/Sendai%20Ryokusaikan%2020230806a.jpg,38.2571010,140.8587930,Q124655131,青葉山公園 仙臺緑彩館
3776,浜松市楽器博物館,靜岡縣,博物館,4.4,1591,博物館,Shizuoka Station,66.3,0.70,0.8800,0.6183,0.0702,0.6845,http://commons.wikimedia.org/wiki/Special:FilePath/Hamamatsu%20Museum%20of%20Musical%20Instruments%2001.JPG,34.7066120,137.7385190,Q109727582,浜松市楽器博物館
794,和歌山市立兒童科學館,和歌山縣,兒童博物館,4.1,319,兒童博物館,Wakayama Station,2.0,0.70,0.8200,0.4838,0.7113,0.6843,http://commons.wikimedia.org/wiki/Special:FilePath/Wakayama%20City%20Childrens%20Museum02bs3200.jpg,34.2328890,135.1690560,Q11417336,和歌山市立こども科学館
753,浦安市鄉土博物館,千葉縣,地方文化館,4.4,931,地方文化館,Chiba Station,19.7,0.70,0.8800,0.5734,0.2022,0.6842,http://commons.wikimedia.org/wiki/Special:FilePath/Urayasu-kyodo-museum.JPG,35.6552222,139.9010833,Q11558212,浦安市郷土博物館
1962,セキ美術館,愛媛縣,美術館,4.5,126,美術館,Matsuyama Station,3.0,0.70,0.9000,0.4063,0.6228,0.6842,http://commons.wikimedia.org/wiki/Special:FilePath/Seki%20Museum%28Matsuyama%20City%29.JPG,33.8508735,132.7817135,Q123531601,セキ美術館
2803,石垣八重山民俗村,沖繩縣,主題公園,4.2,3732,主題公園,Naha Bus Terminal,408.2,0.70,0.8400,0.6898,0.0121,0.6842,http://commons.wikimedia.org/wiki/Special:FilePath/%E7%9F%B3%E5%9E%A3%E3%82%84%E3%81%84%E3%81%BE%E6%9D%91%20-%20panoramio.jpg,24.4043330,124.1443610,Q11585382,石垣やいま村
325,澤之鶴資料館,兵庫縣,公司博物館,4.2,607,公司博物館,Kobe Station,5.7,0.70,0.8400,0.5376,0.4680,0.6841,http://commons.wikimedia.org/wiki/Special:FilePath/SawanoTsuru%20SakeMuseum.jpg,34.7032780,135.2331390,Q11553106,神戸・灘 昔の酒蔵 沢の鶴資料館
1783,宍道湖自然館Gobius,島根縣,水族館,4.3,1199,水族館,Matsue Station,18.1,0.70,0.8600,0.5946,0.2161,0.6840,http://commons.wikimedia.org/wiki/Special:FilePath/Gobius%2C%20Izumo.jpg,35.4472222,132.8644444,Q47164008,島根県立宍道湖自然館 ゴビウス
2486,早稻田大学国际文学馆,東京都,大學圖書館,4.4,299,大學圖書館,Tokyo Station,5.3,0.70,0.8800,0.4784,0.4846,0.6840,,35.7097778,139.7198889,Q85880820,早稲田大学坪内博士記念演劇博物館
3951,万世特攻平和祈念館,鹿兒島縣,和平博物館,4.5,827,和平博物館,Kagoshima-Chuo Station,28.4,0.70,0.9000,0.5635,0.1495,0.6840,http://commons.wikimedia.org/wiki/Special:FilePath/72nd%20Shinbu%201945%20Kamikaze.jpg,31.4372000,130.2950000,Q16208613,万世特攻平和祈念館
555,拓真館,北海道,藝廊,4.3,2352,藝廊,Sapporo Station,105.5,0.70,0.8600,0.6511,0.0453,0.6839,http://commons.wikimedia.org/wiki/Special:FilePath/Takushin-kan%20%E7%BE%8E%E7%91%9B%EF%BC%8D%E6%8B%93%E7%9C%9F%E9%A4%A8%20P6300055.jpg,43.5300000,142.4894444,Q30066271,拓真館
988,堺HAMONOミュージアム,大阪府,博物館,4.3,957,博物館,Osaka Station,13.4,0.70,0.8600,0.5757,0.2715,0.6839,http://commons.wikimedia.org/wiki/Special:FilePath/Sakai%20HAMONO%20Museum.jpg,34.5828330,135.4773890,Q11428089,堺伝匠館（堺伝統産業会館）
2014,毛巾美術館一廣,愛媛縣,美術館,3.9,5666,美術館,Matsuyama Station,29.6,0.70,0.7800,0.7248,0.1444,0.6839,http://commons.wikimedia.org/wiki/Special:FilePath/Towel%20Museum%20Ichihiro.JPG,33.9690556,133.0324444,Q11315898,タオル美術館
2487,早稻田大學坪內博士紀念演劇博物館,東京都,大學博物館,4.4,299,大學博物館,Tokyo Station,5.3,0.70,0.8800,0.4784,0.4843,0.6839,http://commons.wikimedia.org/wiki/Special:FilePath/Tsubouchi%20Memorial%20Theatre%20Museum.jpg,35.7100000,139.7200000,Q3951945,早稲田大学坪内博士記念演劇博物館
2485,早稲田大学會津八一記念博物館,東京都,大學博物館,4.4,299,大學博物館,Tokyo Station,5.4,0.70,0.8800,0.4784,0.4827,0.6838,,35.7099722,139.7195000,Q30938116,早稲田大学坪内博士記念演劇博物館
3986,西鄉南洲表彰館,鹿兒島縣,人物紀念館,4.3,231,人物紀念館,Kagoshima-Chuo Station,3.0,0.70,0.8600,0.4568,0.6271,0.6838,http://commons.wikimedia.org/wiki/Special:FilePath/Saig%C5%8D%20Nansh%C5%AB%20Memorial%20Hall.JPG,31.6058330,130.5586110,Q11629651,西郷南洲顕彰館
3284,四季の里,福島縣,農業テーマパーク,4.0,1868,農業テーマパーク,Fukushima Station,9.6,0.70,0.8000,0.6318,0.3419,0.6837,,37.7126944,140.3634722,Q11419839,四季の里
1669,津山教育鐵道館,岡山縣,didactic museum,4.2,2541,didactic museum,Okayama Station,43.6,0.70,0.8400,0.6576,0.1028,0.6836,http://commons.wikimedia.org/wiki/Special:FilePath/Tsuyama%20Railroad%20Educational%20Museum%2020160410.jpg,35.0533200,133.9997820,Q22079757,津山まなびの鉄道館
3754,奇石博物館,靜岡縣,博物館,4.3,1815,博物館,Shizuoka Station,41.4,0.70,0.8600,0.6294,0.1078,0.6836,http://commons.wikimedia.org/wiki/Special:FilePath/%E5%A5%87%E7%9F%B3%E5%8D%9A%E7%89%A9%E9%A4%A8%20-%20%E5%A4%96%E8%A6%B3.jpg,35.2818889,138.6398889,Q11444890,奇石博物館
3423,群馬縣立館林美術館,群馬縣,美術館,4.4,1308,美術館,Maebashi Station,40.9,0.70,0.8800,0.6019,0.1088,0.6835,http://commons.wikimedia.org/wiki/Special:FilePath/Gunma%20Museum%20of%20Art%2C%20Tatebayashi%201.jpg,36.2661944,139.5058889,Q521611,群馬県立館林美術館
14,伊賀流忍者博物館,三重縣,軍事博物館,4.1,3165,軍事博物館,Tsu Station,35.1,0.70,0.8200,0.6760,0.1248,0.6833,http://commons.wikimedia.org/wiki/Special:FilePath/%E4%BC%8A%E8%B4%BA%E6%B5%81%E5%BF%8D%E8%80%85%E5%8D%9A%E7%89%A9%E9%A6%86%20-%20panoramio.jpg,34.7717222,136.1291111,Q4306401,伊賀流忍者博物館
46,芭蕉翁紀念館,三重縣,人物紀念館,4.1,3165,人物紀念館,Tsu Station,35.0,0.70,0.8200,0.6760,0.1250,0.6833,http://commons.wikimedia.org/wiki/Special:FilePath/%E8%8A%AD%E8%95%89%E7%BF%81%E8%A8%98%E5%BF%B5%E9%A4%A8%201.JPG,34.7699170,136.1296670,Q11614941,伊賀流忍者博物館
1090,奈良町資料館,奈良縣,历史房屋博物馆,4.0,274,历史房屋博物馆,Nara Station,1.1,0.70,0.8000,0.4711,0.8193,0.6833,http://commons.wikimedia.org/wiki/Special:FilePath/Naramachi-shiryokan%20Nara02n3200.jpg,34.6768890,135.8300280,Q11445139,奈良町資料館
878,所泽航空发祥纪念馆,埼玉縣,航空博物館,4.1,2196,航空博物館,Omiya Station,18.2,0.70,0.8200,0.6453,0.2156,0.6832,http://commons.wikimedia.org/wiki/Special:FilePath/Tokorozawa%20Aviation%20Museum%20in%20Koku-koen%20park%20060910.jpg,35.7989000,139.4720000,Q1041232,所沢航空発祥記念館
2477,日本相機博物館,東京都,科技博物館,4.1,331,科技博物館,Tokyo Station,2.3,0.70,0.8200,0.4869,0.6893,0.6830,http://commons.wikimedia.org/wiki/Special:FilePath/Camera%20Nuseum1.JPG,35.6860444,139.7428750,Q21019310,日本カメラ博物館
2677,鳩山會館,東京都,历史房屋博物馆,4.1,685,历史房屋博物馆,Tokyo Station,4.9,0.70,0.8200,0.5477,0.5069,0.6830,http://commons.wikimedia.org/wiki/Special:FilePath/Hatoyama%20Hall%202009.jpg,35.7138220,139.7312080,Q871522,鳩山会館
3380,大理石村鎖心城堡,群馬縣,城堡,4.0,3912,城堡,Maebashi Station,28.5,0.70,0.8000,0.6937,0.1491,0.6830,http://commons.wikimedia.org/wiki/Special:FilePath/Marble%20Village%20Lockheart%20Castle%2C%20Lockheart%20Castle%20front%20exterior.jpg,36.6308330,138.9880560,Q11437813,ロックハート城
3705,津軽藩ねぷた村,青森縣,山車会館,4.0,4183,山車会館,Aomori Station,32.9,0.70,0.8000,0.6994,0.1320,0.6830,http://commons.wikimedia.org/wiki/Special:FilePath/Neputamura-gaikan.jpg,40.6113250,140.4697480,Q11556435,津軽藩ねぷた村
708,千葉縣立房總之村,千葉縣,都道府县立博物馆,4.1,2769,都道府县立博物馆,Chiba Station,27.4,0.70,0.8200,0.6648,0.1543,0.6829,http://commons.wikimedia.org/wiki/Special:FilePath/Winkels%20en%20woningen%20in%20Boso%20no%20mura%2C%20-21%20maart%202014%20a.jpg,35.8228610,140.2731670,Q11406280,千葉県立房総のむら
1260,魚津水族館,富山縣,水族館,4.1,2220,水族館,Toyama Station,19.0,0.70,0.8200,0.6463,0.2087,0.6827,http://commons.wikimedia.org/wiki/Special:FilePath/UOZU%20AQUARIUM.jpg,36.7983890,137.3881500,Q11674044,魚津水族館
1666,林原美術館,岡山縣,美術館,4.0,310,美術館,Okayama Station,1.4,0.70,0.8000,0.4814,0.7827,0.6827,http://commons.wikimedia.org/wiki/Special:FilePath/Gate%20-%20Hayashibara%20Museum%20of%20Art%20-%20DSC01773.JPG,34.6636111,133.9333333,Q4707602,林原美術館
2818,三橋節子美術館,滋賀縣,美術館,4.4,61,美術館,Otsu Station,0.8,0.70,0.8800,0.3461,0.8683,0.6827,http://commons.wikimedia.org/wiki/Special:FilePath/Setsuko-Mitsuhashi%20Memorial%20Museum01s3872.jpg,35.0073333,135.8572778,Q11356025,長等創作展示館・三橋節子美術館
3170,キッザニア福岡,福岡縣,主題公園,4.2,340,主題公園,Hakata Station,3.3,0.70,0.8400,0.4891,0.5997,0.6827,,33.5650000,130.4402778,Q113371298,キッザニア福岡
1923,徳島県立文学書道館,德島縣,文學館,4.1,155,文學館,Tokushima Station,0.7,0.70,0.8200,0.4235,0.8756,0.6826,http://commons.wikimedia.org/wiki/Special:FilePath/Tokushima%20bungakushodo01n3872.jpg,34.0800830,134.5540000,Q11489939,徳島県立文学書道館
493,北鎮記念館,北海道,軍事博物館,4.6,869,軍事博物館,Sapporo Station,114.5,0.70,0.9200,0.5677,0.0418,0.6825,http://commons.wikimedia.org/wiki/Special:FilePath/Hokuchin%20Museum.jpg,43.7884000,142.3649000,Q11404346,北鎮記念館
3963,尚古集成館,鹿兒島縣,工業建築,4.0,949,工業建築,Kagoshima-Chuo Station,5.0,0.70,0.8000,0.5750,0.4995,0.6825,http://commons.wikimedia.org/wiki/Special:FilePath/Kagoshima%20Syuseikan.jpg,31.6173060,130.5762500,Q11464787,尚古集成館
2010,来島海峡展望館,愛媛縣,博物館,4.2,2266,博物館,Matsuyama Station,36.9,0.70,0.8400,0.6480,0.1193,0.6823,http://commons.wikimedia.org/wiki/Special:FilePath/Kurusima%2001.jpg,34.1140250,132.9778330,Q11523686,来島海峡展望館
3724,あわしまマリンパーク,靜岡縣,水族館,4.2,2466,水族館,Shizuoka Station,46.2,0.70,0.8400,0.6551,0.0977,0.6823,http://commons.wikimedia.org/wiki/Special:FilePath/Awa%20Island%20from%20Port%20of%20Shizuura.jpg,35.0335556,138.8900000,Q83789636,あわしまマリンパーク
3899,高知縣立文學館,高知縣,文學館,4.0,256,文學館,Kochi Station,1.0,0.70,0.8000,0.4654,0.8270,0.6823,http://commons.wikimedia.org/wiki/Special:FilePath/Kochi%20Literary%20Museum01s3872.jpg,33.5618500,133.5334530,Q11672460,高知県立文学館
3026,岡田美術館,神奈川縣,美術館,4.3,1921,美術館,Yokohama Station,58.1,0.70,0.8600,0.6341,0.0792,0.6822,http://commons.wikimedia.org/wiki/Special:FilePath/251122%20Okada%20Museum%20of%20Art%20Hakone%20Japan03s3.jpg,35.2380833,139.0461111,Q17224006,岡田美術館
232,伊丹市昆蟲館,兵庫縣,昆虫館,4.3,1303,昆虫館,Kobe Station,23.4,0.70,0.8600,0.6016,0.1762,0.6821,http://commons.wikimedia.org/wiki/Special:FilePath/Itami%20City%20Museum%20of%20Insects1.jpg,34.7913060,135.3948330,Q17238979,伊丹市昆虫館
1622,人と科学の未来館サイピア,岡山縣,科學博物館,4.0,319,科學博物館,Okayama Station,1.5,0.70,0.8000,0.4838,0.7692,0.6821,,34.6771160,133.9083220,Q132642259,人と科学の未来館サイピア
665,鄂霍次克流冰館,北海道,科學博物館,4.1,4583,科學博物館,Sapporo Station,254.9,0.70,0.8200,0.7070,0.0192,0.6820,http://commons.wikimedia.org/wiki/Special:FilePath/Tentozan02.JPG,44.0010560,144.2397780,Q11292382,オホーツク流氷館
2052,ツインアーチ138,愛知縣,觀光塔,4.1,2351,觀光塔,Nagoya Station,21.8,0.70,0.8200,0.6511,0.1867,0.6820,http://commons.wikimedia.org/wiki/Special:FilePath/TwinArch138.jpg,35.3576920,136.8090670,Q11318660,ツインアーチ１３８
3266,こむこむ,福島縣,科學博物館,4.1,110,科學博物館,Fukushima Station,0.2,0.70,0.8200,0.3950,0.9550,0.6820,,37.7521389,140.4606111,Q11266882,福島市子どもの夢を育む施設こむこむ
1784,小泉八雲故居,島根縣,文學館,4.1,302,文學館,Matsue Station,2.1,0.70,0.8200,0.4792,0.7013,0.6819,http://commons.wikimedia.org/wiki/Special:FilePath/Shiominawate%20Matsue05s4592.jpg,35.4792830,133.0494280,Q11462489,小泉八雲旧居
2957,石川県金沢港大野からくり記念館,石川縣,人物紀念館,4.1,806,人物紀念館,Kanazawa Station,6.0,0.70,0.8200,0.5613,0.4552,0.6819,http://commons.wikimedia.org/wiki/Special:FilePath/Ono%20karakuri%20museum.jpg,36.6189720,136.6043890,Q17192984,大野からくり記念館
3718,青森縣立三澤航空科學館,青森縣,科學博物館,4.4,1375,科學博物館,Aomori Station,56.8,0.70,0.8800,0.6061,0.0809,0.6819,http://commons.wikimedia.org/wiki/Special:FilePath/151101%20Misawa%20Aviation%20%26%20Science%20Museum%2C%20Aomori%20Japan03s3.jpg,40.7082500,141.3903610,Q11662211,青森県立三沢航空科学館
3658,長野市少年科学センター,長野縣,科學博物館,4.0,489,科學博物館,Nagano Station,2.6,0.70,0.8000,0.5195,0.6596,0.6818,http://commons.wikimedia.org/wiki/Special:FilePath/Nagano%20City%20Youth%20Science%20Museum.jpg,36.6657500,138.1945000,Q11654177,ながのこども館 ながノビ！
2104,名古屋波士頓美術館,愛知縣,美術館,4.1,478,美術館,Nagoya Station,3.6,0.70,0.8200,0.5176,0.5841,0.6817,http://commons.wikimedia.org/wiki/Special:FilePath/Nagoya%20Boston%20Museum%20of%20Fine%20Arts.JPG,35.1426800,136.9000000,Q6958940,金山南ビル美術館棟
2718,栃木県立美術館,栃木縣,美術館,4.0,619,美術館,Utsunomiya Station,3.4,0.70,0.8000,0.5392,0.5975,0.6815,http://commons.wikimedia.org/wiki/Special:FilePath/Tochigi%20Prefectural%20Museum%20of%20Fine%20Arts%202020%201.jpg,36.5597000,139.8610000,Q2655386,栃木県立美術館
3903,高知縣立高知城歷史博物館,高知縣,歷史博物館,4.0,256,歷史博物館,Kochi Station,1.1,0.70,0.8000,0.4654,0.8186,0.6815,http://commons.wikimedia.org/wiki/Special:FilePath/Kochi%20catsle%20museum%20-%20%E9%AB%98%E7%9F%A5%E5%9F%8E%E6%AD%B4%E5%8F%B2%E5%8D%9A%E7%89%A9%E9%A4%A8%20-%20panoramio.jpg,33.5601111,133.5340278,Q56347482,高知県立文学館
85,京都市市民防災センター,京都府,博物館,4.3,133,博物館,Kyoto Station,1.7,0.70,0.8600,0.4108,0.7417,0.6814,,34.9738889,135.7463889,Q101244809,京都市市民防災センター
3296,東日本大震災・原子力災害伝承館,福島縣,纪念博物馆,4.3,1882,纪念博物馆,Fukushima Station,59.8,0.70,0.8600,0.6324,0.0772,0.6814,http://commons.wikimedia.org/wiki/Special:FilePath/%E6%9D%B1%E6%97%A5%E6%9C%AC%E5%A4%A7%E9%9C%87%E7%81%BD%E3%83%BB%E5%8E%9F%E5%AD%90%E5%8A%9B%E7%81%BD%E5%AE%B3%E4%BC%9D%E6%89%BF%E9%A4%A8.jpg,37.4581380,141.0264460,Q98929263,東日本大震災・原子力災害伝承館
303,有馬ます池,兵庫縣,主題公園,4.3,883,主題公園,Kobe Station,13.8,0.70,0.8600,0.5690,0.2659,0.6813,,34.7909677,135.2445937,Q117864006,有馬ます池
855,埼玉市青少年宇宙科學館,埼玉縣,社会教育施設,4.1,691,社会教育施設,Omiya Station,5.3,0.70,0.8200,0.5485,0.4871,0.6812,http://commons.wikimedia.org/wiki/Special:FilePath/Saitama%20Municupal%20Youth%20Astronomical%20Museum%201.JPG,35.8722780,139.6646110,Q11267509,さいたま市青少年宇宙科学館
1212,Gallery·MILLET,富山縣,美術館,4.3,112,美術館,Toyama Station,1.4,0.70,0.8600,0.3965,0.7803,0.6810,http://commons.wikimedia.org/wiki/Special:FilePath/HOKUGIN%20GALERIE%20MILLET.jpg,36.6897778,137.2189722,Q28690458,ギャルリ・ミレー
1091,奈良県立橿原考古学研究所附属博物館,奈良縣,考古博物館,4.4,845,考古博物館,Nara Station,21.1,0.70,0.8800,0.5653,0.1917,0.6808,http://commons.wikimedia.org/wiki/Special:FilePath/The%20Museum%2CArchaeological%20Institute%20of%20Kashihara%2CNara%20Prefecture.jpg,34.4922257,135.7913271,Q112961122,奈良県立橿原考古学研究所附属博物館
1440,河口湖自動車博物館・飛行舘,山梨縣,航空博物館,4.4,1000,航空博物館,Kofu Station,28.5,0.70,0.8800,0.5794,0.1494,0.6808,http://commons.wikimedia.org/wiki/Special:FilePath/Lockheed%20F-104DJ%20Starfighter%20%2826-5007%29%20at%20Kawaguchiko%20Motor%20Museum%2C%20Yamanashi%20Prefecture%2C%20Japan.jpg,35.4532000,138.7414000,Q27628135,河口湖自動車博物館・飛行舘
1504,大垣市墨俣歴史資料館,岐阜縣,歷史博物館,3.9,1879,歷史博物館,Gifu Station,7.8,0.70,0.7800,0.6323,0.3916,0.6808,http://commons.wikimedia.org/wiki/Special:FilePath/Sunomata%20Castle%20%E5%A2%A8%E4%BF%A3%E4%B8%80%E5%A4%9C%E5%9F%8E4%20-%20panoramio.jpg,35.3670833,136.6877500,Q115112030,墨俣一夜城（大垣市墨俣歴史資料館）
86,京都市平安京创世馆,京都府,歷史博物館,4.3,281,歷史博物館,Kyoto Station,4.1,0.70,0.8600,0.4732,0.5476,0.6807,http://commons.wikimedia.org/wiki/Special:FilePath/Kyoto%20Asny%20and%20City%20Central%20Library%2020090502-001.jpg,35.0190000,135.7384440,Q11375006,京都市平安京創生館
823,高野山靈寶館,和歌山縣,博物館,4.4,1114,博物館,Wakayama Station,36.0,0.70,0.8800,0.5885,0.1221,0.6807,http://commons.wikimedia.org/wiki/Special:FilePath/Autumn%20Koyasan%20Reihokan02n3200.jpg,34.2112780,135.5814720,Q11673069,高野山霊宝館
1183,石巻市立門脇小学校,宮城縣,海嘯博物館,4.5,854,海嘯博物館,Sendai Station,41.0,0.70,0.9000,0.5662,0.1087,0.6807,http://commons.wikimedia.org/wiki/Special:FilePath/Kadonowaki%20Elementary%20School.jpg,38.4215280,141.3051940,Q21652440,石巻市震災遺構 門脇小学校
1476,下呂温泉合掌村,岐阜縣,民家園,4.0,4808,民家園,Gifu Station,63.0,0.70,0.8000,0.7110,0.0735,0.6807,http://commons.wikimedia.org/wiki/Special:FilePath/Gero%20Onsen%20Gassho-mura%201.jpg,35.8087030,137.2502500,Q11360703,下呂温泉合掌村
3004,京急油壺海洋公園,神奈川縣,水族館,4.0,3859,水族館,Yokohama Station,33.9,0.70,0.8000,0.6926,0.1285,0.6806,http://commons.wikimedia.org/wiki/Special:FilePath/A-marinepark-01.JPG,35.1614720,139.6125560,Q11374325,京急油壺マリンパーク
3852,直島新美術館,香川縣,美術館,4.5,426,美術館,Takamatsu Station,12.7,0.70,0.9000,0.5080,0.2818,0.6806,http://commons.wikimedia.org/wiki/Special:FilePath/Naoshima%20New%20Museum%20of%20Art%202025.jpg,34.4580880,133.9987420,Q131677558,直島新美術館
2924,加賀 伝統工芸村 ゆのくにの森,石川縣,主題公園,4.1,2774,主題公園,Kanazawa Station,33.9,0.70,0.8200,0.6649,0.1284,0.6803,http://commons.wikimedia.org/wiki/Special:FilePath/Yunokuni%20no%20mori%20echizen%20no%20yakata.jpg,36.3244000,136.4370000,Q8061361,加賀伝統工芸村 ゆのくにの森
798,和歌山縣立紀伊風土記之丘,和歌山縣,考古博物館,4.1,451,考古博物館,Wakayama Station,3.6,0.70,0.8200,0.5127,0.5836,0.6802,http://commons.wikimedia.org/wiki/Special:FilePath/Kiifudoki-no-oka%20museum%20of%20history.jpg,34.2278610,135.2295830,Q11417470,和歌山県立 紀伊風土記の丘
1165,宮城藏王狐狸村,宮城縣,動物園,3.8,7631,動物園,Sendai Station,39.3,0.70,0.7600,0.7498,0.1129,0.6802,http://commons.wikimedia.org/wiki/Special:FilePath/Kitsune%20mura%20H26Dec13.JPG,38.0409940,140.5303080,Q11454001,宮城蔵王キツネ村
1873,廣島Marina Hop,廣島縣,主題樂園,3.6,4253,主題樂園,Hiroshima Station,6.9,0.70,0.7200,0.7008,0.4198,0.6802,http://commons.wikimedia.org/wiki/Special:FilePath/%E3%83%9E%E3%83%AA%E3%83%BC%E3%83%8A%E3%83%9B%E3%83%83%E3%83%97%E6%96%BD%E8%A8%AD%E5%86%85.jpg,34.3603890,132.4150000,Q11341148,広島マリーナホップ
2155,横山美術館,愛知縣,美術館,4.4,170,美術館,Nagoya Station,3.5,0.70,0.8800,0.4312,0.5886,0.6802,http://commons.wikimedia.org/wiki/Special:FilePath/Yokoyama%20Art%20Museum%2020200801.jpg,35.1733000,136.9198361,Q42634129,横山美術館
2337,ずかんミュージアム銀座,東京都,博物館,3.8,446,博物館,Tokyo Station,1.1,0.70,0.7600,0.5118,0.8241,0.6800,,35.6723920,139.7624140,Q116026360,ずかんミュージアム・銀座
2809,那霸市歷史博物館,沖繩縣,歷史博物館,3.8,248,歷史博物館,Naha Bus Terminal,0.1,0.70,0.7600,0.4627,0.9723,0.6800,http://commons.wikimedia.org/wiki/Special:FilePath/Pallet%20Kumoji%20Naha%20Okinawa03s3s4500.jpg,26.2137808,127.6792541,Q22952141,那覇市歴史博物館
441,中山峠写真の森美術館,北海道,美術館,3.8,6829,美術館,Sapporo Station,31.5,0.70,0.7600,0.7405,0.1371,0.6798,,42.8551944,141.0967500,Q11364150,道の駅 望羊中山
495,十勝岳望岳台,北海道,觀景台,4.4,1469,觀景台,Sapporo Station,113.3,0.70,0.8800,0.6116,0.0423,0.6797,,43.4485833,142.6491944,Q11404903,十勝岳望岳台
1033,日本民家集落博物館,大阪府,民家園,4.3,551,民家園,Osaka Station,8.6,0.70,0.8600,0.5295,0.3689,0.6797,http://commons.wikimedia.org/wiki/Special:FilePath/Old%20Japanese%20Farm%20House%20Museum%20Miyazaki.JPG,34.7791670,135.4881940,Q11508426,日本民家集落博物館
252,史跡 生野銀山,兵庫縣,主題公園,4.2,2445,主題公園,Kobe Station,63.7,0.70,0.8400,0.6543,0.0727,0.6796,http://commons.wikimedia.org/wiki/Special:FilePath/Ikuno%20Ginzan%20Silver%20Mine%20Asago%20Hyogo49s4272.jpg,35.1716667,134.8197222,Q137294299,生野銀山
329,生野銀山,兵庫縣,礦業博物館,4.2,2445,礦業博物館,Kobe Station,63.7,0.70,0.8400,0.6543,0.0727,0.6796,http://commons.wikimedia.org/wiki/Special:FilePath/Ikuno%20Ginzan%20Silver%20Mine%20Asago%20Hyogo26n4272.jpg,35.1716780,134.8196500,Q16664574,生野銀山
771,西部沿河鐵路,千葉縣,观光铁路,4.6,426,观光铁路,Chiba Station,21.0,0.70,0.9200,0.5080,0.1924,0.6796,http://commons.wikimedia.org/wiki/Special:FilePath/Western%20River%20Railroad%20Missouri%20a.jpg,35.6337170,139.8824250,Q3567503,ウエスタンリバー鉄道
1170,晩翠草堂,宮城縣,历史房屋博物馆,4.0,242,历史房屋博物馆,Sendai Station,1.1,0.70,0.8000,0.4607,0.8138,0.6796,http://commons.wikimedia.org/wiki/Special:FilePath/BansuiSoudou.jpg,38.2594170,140.8693330,Q24899769,晩翠草堂
3823,イサム・ノグチ庭園美術館,香川縣,雕塑公园,4.4,338,雕塑公园,Takamatsu Station,7.2,0.70,0.8800,0.4886,0.4091,0.6795,http://commons.wikimedia.org/wiki/Special:FilePath/%E3%82%A4%E3%82%B5%E3%83%A0%E3%83%8E%E3%82%B0%E3%83%81%E5%BA%AD%E5%9C%92%E5%A4%96%E8%A6%B3.jpg,34.3549910,134.1250900,Q11286501,イサム・ノグチ庭園美術館
69,並河靖之七宝記念館,京都府,人物紀念館,4.4,158,人物紀念館,Kyoto Station,3.4,0.70,0.8800,0.4251,0.5972,0.6792,http://commons.wikimedia.org/wiki/Special:FilePath/Namikawa%20cloisonne%20museum%20of%20kyoto.jpg,35.0098890,135.7813060,Q18337620,並河靖之七宝記念館
297,明石市立天文科學館,兵庫縣,天文博物館,4.4,674,天文博物館,Kobe Station,16.5,0.70,0.8800,0.5464,0.2326,0.6792,http://commons.wikimedia.org/wiki/Special:FilePath/Akashi%20Minicipal%20Planetarium.jpg,34.6493940,135.0014780,Q11512514,明石市立天文科学館
1845,下濑美术馆,廣島縣,美術館,4.4,943,美術館,Hiroshima Station,28.7,0.70,0.8800,0.5745,0.1485,0.6792,http://commons.wikimedia.org/wiki/Special:FilePath/Shimose%20art%20museum%201.jpg,34.2412750,132.2270250,Q132176507,下瀬美術館
2344,ギャラクシティ,東京都,科學博物館,4.0,1769,科學博物館,Tokyo Station,11.2,0.70,0.8000,0.6272,0.3091,0.6791,http://commons.wikimedia.org/wiki/Special:FilePath/Gyarakusiti%20adachi%202009.JPG,35.7798890,139.7905000,Q11298177,ギャラクシティ
3100,箱根小王子博物館,神奈川縣,人物紀念館,4.1,3231,人物紀念館,Yokohama Station,59.6,0.70,0.8200,0.6777,0.0775,0.6791,http://commons.wikimedia.org/wiki/Special:FilePath/170721%20Cin%C3%A9ma%20-%20Mus%C3%A9e%20du%20Petit%20Prince%20de%20Saint-Exup%C3%A9ry%20Hakone%20Japan01s3.jpg,35.2666667,139.0131944,Q18515604,星の王子さまミュージアム
3462,筑波博覽中心,茨城縣,科技博物館,4.1,2973,科技博物館,Mito Station,45.5,0.70,0.8200,0.6707,0.0990,0.6791,http://commons.wikimedia.org/wiki/Special:FilePath/Tsukuba%20Expo%20Center02.jpg,36.0866940,140.1106110,Q11272218,つくばエキスポセンター
2233,フォッサマグナミュージアム,新潟縣,地質学博物館,4.2,2786,地質学博物館,Niigata Station,144.1,0.70,0.8400,0.6653,0.0335,0.6789,http://commons.wikimedia.org/wiki/Special:FilePath/Fossa%20Magna%20Museum.JPG,37.0255560,137.8700830,Q11332823,フォッサマグナミュージアム
2469,文京区立森鴎外記念館,東京都,人物紀念館,4.1,583,人物紀念館,Tokyo Station,4.9,0.70,0.8200,0.5342,0.5053,0.6788,http://commons.wikimedia.org/wiki/Special:FilePath/Mori%20Ogai%20Momorial%20Museum%2002.jpg,35.7249167,139.7606667,Q84836242,文京区立森鴎外記念館（観潮楼跡）
3905,龍馬歴史館,高知縣,蠟像博物館,4.3,831,蠟像博物館,Kochi Station,14.5,0.70,0.8600,0.5639,0.2562,0.6788,http://commons.wikimedia.org/wiki/Special:FilePath/Konan%20Kochi%20Ryoma%20Rekisikan%201.jpg,33.5684310,133.7000610,Q11679443,四国自動車博物館
1050,箕面公園昆虫館,大阪府,昆虫館,4.2,1200,昆虫館,Osaka Station,15.6,0.70,0.8400,0.5947,0.2431,0.6787,http://commons.wikimedia.org/wiki/Special:FilePath/Minoh-kontyukan.jpg,34.8410280,135.4715280,Q11603178,箕面公園昆虫館
3875,四国自動車博物館,高知縣,汽車博物館,4.3,831,汽車博物館,Kochi Station,14.6,0.70,0.8600,0.5639,0.2551,0.6787,http://commons.wikimedia.org/wiki/Special:FilePath/Shikokuhistoriccarmuseum.jpg,33.5690556,133.7009167,Q11419773,四国自動車博物館
2005,愛媛県総合科学博物館,愛媛縣,都道府县立博物馆,4.3,1552,都道府县立博物馆,Matsuyama Station,46.2,0.70,0.8600,0.6162,0.0976,0.6786,http://commons.wikimedia.org/wiki/Special:FilePath/Ehime%20prefectural%20science%20museum%201.jpg,33.9100760,133.2448750,Q11493676,愛媛県総合科学博物館
3755,富士モータースポーツミュージアム,靜岡縣,汽車博物館,4.6,663,汽車博物館,Shizuoka Station,65.3,0.70,0.9200,0.5450,0.0712,0.6786,,35.3678550,138.9184800,Q115472513,富士モータースポーツミュージアム
856,埼玉水族館,埼玉縣,水族館,4.0,3335,水族館,Omiya Station,29.8,0.70,0.8000,0.6804,0.1439,0.6785,,36.1731390,139.5978610,Q11267523,さいたま水族館
1201,宮崎縣立西都原考古博物館,宮崎縣,都道府县立博物馆,4.4,828,都道府县立博物馆,Miyazaki Station,23.8,0.70,0.8800,0.5636,0.1738,0.6785,http://commons.wikimedia.org/wiki/Special:FilePath/Saitobaru%20Archaeology%20Museum.jpg,32.1253611,131.3823889,Q68478310,宮崎県立西都原考古博物館
1719,東日本大震災海嘯傳承館,岩手縣,海嘯博物館,4.6,700,海嘯博物館,Morioka Station,88.0,0.70,0.9200,0.5495,0.0538,0.6782,http://commons.wikimedia.org/wiki/Special:FilePath/Michinoeki%20Takatamatsubara%20and%20Iwate%20Tsunami%20Memorial%20Museum.jpg,39.0073611,141.6271389,Q109254635,東日本大震災 津波伝承館
3402,水と緑と詩のまち前橋文学館,群馬縣,人物紀念館,4.0,232,人物紀念館,Maebashi Station,1.2,0.70,0.8000,0.4572,0.8100,0.6781,http://commons.wikimedia.org/wiki/Special:FilePath/Maebashi%20City%20Museum%20of%20Literature%201.jpg,36.3939444,139.0721667,Q48751949,萩原朔太郎記念 前橋文学館
3148,福井市自然史博物館,福井縣,自然歷史博物館,4.1,187,自然歷史博物館,Fukui Station,1.4,0.70,0.8200,0.4392,0.7823,0.6780,http://commons.wikimedia.org/wiki/Special:FilePath/Fukui%20city%20museum%20of%20natural%20history.jpg,36.0566417,136.2095528,Q21654393,福井市自然史博物館
1517,山崎馬扎克工作機械博物館,岐阜縣,公司博物館,4.6,417,公司博物館,Gifu Station,22.8,0.70,0.9200,0.5062,0.1799,0.6778,http://commons.wikimedia.org/wiki/Special:FilePath/The%20Yamazaki%20Mazak%20Museum%20of%20Machine%20Tools%2020210325%2002.jpg,35.4560278,137.0011944,Q97310632,ヤマザキマザック工作機械博物館
3756,富士之國茶之都博物館,靜岡縣,茶博物館,4.1,2328,茶博物館,Shizuoka Station,29.1,0.70,0.8200,0.6502,0.1468,0.6778,http://commons.wikimedia.org/wiki/Special:FilePath/Tea%20Museum%2C%20Shizuoka%20ac%20%281%29.jpg,34.8142600,138.1345400,Q63964801,ふじのくに茶の都ミュージアム
286,山手八番馆,兵庫縣,历史房屋博物馆,4.0,458,历史房屋博物馆,Kobe Station,2.9,0.70,0.8000,0.5140,0.6351,0.6777,http://commons.wikimedia.org/wiki/Special:FilePath/Yamate%20hall%20of%20no8%202048.jpg,34.7030560,135.1910000,Q11468702,山手八番館
1500,多治見市モザイクタイルミュージアム,岐阜縣,モザイク美術館,4.1,2629,モザイク美術館,Gifu Station,38.6,0.70,0.8200,0.6604,0.1148,0.6776,http://commons.wikimedia.org/wiki/Special:FilePath/Mosaic%20Tile%20Museum%20Tajimi%20exterior%20ac.jpg,35.2991111,137.1595278,Q78909892,多治見市モザイクタイルミュージアム
2327,TAKAO 599 MUSEUM,東京都,市立博物館,4.2,2022,市立博物館,Tokyo Station,45.4,0.70,0.8400,0.6384,0.0992,0.6775,http://commons.wikimedia.org/wiki/Special:FilePath/Takao%20599%20Museum-1.jpg,35.6304167,139.2687528,Q48753510,高尾599ミュージアム
3643,茅野市尖石縄文考古館,長野縣,考古博物館,4.4,1220,考古博物館,Nagano Station,70.1,0.70,0.8800,0.5961,0.0666,0.6775,http://commons.wikimedia.org/wiki/Special:FilePath/Togariishi%20Museum%20of%20Jomon%20Archaeology.jpg,36.0135667,138.2339639,Q28154556,茅野市尖石縄文考古館
534,小樽市綜合博物館,北海道,博物館,4.2,1760,博物館,Sapporo Station,32.5,0.70,0.8400,0.6268,0.1334,0.6774,http://commons.wikimedia.org/wiki/Special:FilePath/Otaru%20city%20museum%20main%20entrance.jpg,43.2112540,141.0012980,Q11462160,小樽市総合博物館 本館
1727,盛岡市子ども科学館,岩手縣,科學博物館,4.2,109,科學博物館,Morioka Station,1.0,0.70,0.8400,0.3942,0.8312,0.6774,http://commons.wikimedia.org/wiki/Special:FilePath/Morioka%20City%20Children%27s%20Science%20Museum%201.jpg,39.6941667,141.1296944,Q69483064,盛岡市子ども科学館
3415,綠市立富弘美術館,群馬縣,人物紀念館,4.2,1773,人物紀念館,Maebashi Station,32.9,0.70,0.8400,0.6274,0.1318,0.6774,http://commons.wikimedia.org/wiki/Special:FilePath/Tomihiro%20Art%20Museum%201.jpg,36.5566667,139.3713889,Q11279084,富弘美術館
1080,天理參考館,奈良縣,大學博物館,4.4,399,大學博物館,Nara Station,9.5,0.70,0.8800,0.5025,0.3452,0.6773,http://commons.wikimedia.org/wiki/Special:FilePath/Tenri%20sanko-kan01s3200.jpg,34.5975280,135.8427780,Q17229261,天理大学附属天理参考館
1312,海峽夢之塔,山口縣,觀光塔,4.1,2950,觀光塔,Yamaguchi Station,56.4,0.70,0.8200,0.6701,0.0814,0.6772,http://commons.wikimedia.org/wiki/Special:FilePath/Yamaguchi%20international%20synthesis%20center%2020130721.jpg,33.9501090,130.9294680,Q100965041,オーヴィジョン海峡ゆめタワー（一般財団法人山口県国際総合センター）
2131,愛知・名古屋 戦争に関する資料館,愛知縣,軍事博物館,4.2,195,軍事博物館,Nagoya Station,2.3,0.70,0.8400,0.4427,0.6839,0.6772,http://commons.wikimedia.org/wiki/Special:FilePath/Aichi%20Prefectural%20Office%20Otsubashi%20Branch%2020150817.JPG,35.1774750,136.9056250,Q22117705,愛知・名古屋 戦争に関する資料館
539,山之水族館,北海道,水族館,4.3,1944,水族館,Sapporo Station,189.6,0.70,0.8600,0.6351,0.0257,0.6771,http://commons.wikimedia.org/wiki/Special:FilePath/Yama-no-aquarium.jpg,43.7542780,143.5002780,Q11465797,山の水族館－北の大地の水族館－
2262,新潟仙貝王國,新潟縣,博物館,3.8,2566,博物館,Niigata Station,9.1,0.70,0.7600,0.6584,0.3546,0.6770,,37.9295000,139.1631940,Q11535936,新潟せんべい王国
2503,杉並動畫博物館,東京都,博物館,4.2,1076,博物館,Tokyo Station,14.8,0.70,0.8400,0.5856,0.2532,0.6770,http://commons.wikimedia.org/wiki/Special:FilePath/Suginami%20kaikan%20suginami%20animation%20museum%202009.JPG,35.7104440,139.6077780,Q11095134,東京工芸大学 杉並アニメーションミュージアム
2490,明治神宮ミュージアム,東京都,博物館,4.2,476,博物館,Tokyo Station,5.9,0.70,0.8400,0.5172,0.4573,0.6769,http://commons.wikimedia.org/wiki/Special:FilePath/%E6%98%8E%E6%B2%BB%E7%A5%9E%E5%AE%AEIMG%2020220129%2004.jpg,35.6722870,139.7023190,Q127692420,明治神宮ミュージアム
1042,江崎記念館,大阪府,公司博物館,4.3,211,公司博物館,Osaka Station,3.6,0.70,0.8600,0.4492,0.5800,0.6768,http://commons.wikimedia.org/wiki/Special:FilePath/Ezaki%20memorial%20hall.jpg,34.7182778,135.4612500,Q117794301,江崎記念館
1485,内藤記念くすり博物館,岐阜縣,公司博物館,4.3,479,公司博物館,Gifu Station,8.4,0.70,0.8600,0.5178,0.3744,0.6768,http://commons.wikimedia.org/wiki/Special:FilePath/Naito%20Museum%20of%20Pharmaceutical%20Science%20and%20Industry01.jpg,35.3630000,136.8291944,Q5926945,内藤記念くすり博物館
3936,鳥取二十世紀梨紀念館,鳥取縣,農業博物館,4.1,2478,農業博物館,Tottori Station,36.0,0.70,0.8200,0.6555,0.1219,0.6768,http://commons.wikimedia.org/wiki/Special:FilePath/Tottori%20Nijisseiki%20Pear%20Museum01n4592.jpg,35.4313056,133.8355556,Q7828506,エースパック なしっこ館(鳥取二十世紀梨記念館)
3252,鴻臚館跡展示館,福岡縣,展览场地,4.1,365,展览场地,Hakata Station,3.3,0.70,0.8200,0.4950,0.6019,0.6767,http://commons.wikimedia.org/wiki/Special:FilePath/K%C5%8Drokan%20Historical%20Museum%20the%20exhibition%20hall%201%20J%C5%8Dnai%20Ch%C5%AB%C5%8D-ku%20Fukuoka%20City%2020221018.jpg,33.5859722,130.3853611,Q116939503,鴻臚館跡展示館
2105,名古屋海洋博物館,愛知縣,海事博物館,4.1,961,海事博物館,Nagoya Station,9.0,0.70,0.8200,0.5761,0.3565,0.6765,,35.0897422,136.8809799,Q123281511,名古屋港
2106,名古屋港イタリア村,愛知縣,主題公園,4.1,961,主題公園,Nagoya Station,9.0,0.70,0.8200,0.5761,0.3572,0.6765,http://commons.wikimedia.org/wiki/Special:FilePath/Italia%20mura.jpg,35.0900000,136.8844444,Q3155850,名古屋港
2995,シルク博物館,神奈川縣,織物博物館,4.1,319,織物博物館,Yokohama Station,2.9,0.70,0.8200,0.4838,0.6336,0.6765,http://commons.wikimedia.org/wiki/Special:FilePath/Yokohama%20Silk%20Museum%20001.JPG,35.4476000,139.6450000,Q8054642,神奈川県庁
84,京都市学校歴史博物館,京都府,教育博物館,4.1,208,教育博物館,Kyoto Station,1.8,0.70,0.8200,0.4480,0.7378,0.6762,http://commons.wikimedia.org/wiki/Special:FilePath/Kyoto%20Museum%20of%20School%20History%20gate.JPG,35.0007500,135.7656940,Q11375001,京都市学校歴史博物館
3660,長野市茶臼山恐竜公園,長野縣,恐竜公園,4.2,645,恐竜公園,Nagano Station,8.4,0.70,0.8400,0.5427,0.3729,0.6761,http://commons.wikimedia.org/wiki/Special:FilePath/%E6%81%90%E7%AB%9C%E5%85%AC%E5%9C%92.jpg,36.5890280,138.1228060,Q11654199,茶臼山恐竜公園
3510,長崎市科學館,長崎縣,科學博物館,4.0,500,科學博物館,Nagasaki Station,3.4,0.70,0.8000,0.5214,0.5958,0.6760,http://commons.wikimedia.org/wiki/Special:FilePath/Nagasaki%20prefectural%20gymnasium.JPG,32.7788889,129.8533333,Q11652469,長崎市科学館
615,渡辺淳一文学館,北海道,文學館,4.2,212,文學館,Sapporo Station,2.7,0.70,0.8400,0.4496,0.6497,0.6759,http://commons.wikimedia.org/wiki/Special:FilePath/Junichi%20Watanabe%20Bungakukan01bs5s3200.jpg,43.0444570,141.3513340,Q123124840,渡辺淳一文学館 喫茶コーナー
2915,高森湧水隧道公園,熊本縣,主題樂園,4.1,2508,主題樂園,Kumamoto Station,40.5,0.70,0.8200,0.6565,0.1098,0.6759,http://commons.wikimedia.org/wiki/Special:FilePath/TakamoriSpringTunnelPark.jpg,32.8135556,131.1226944,Q21993283,高森湧水トンネル公園
359,神戸らんぷミュージアム,兵庫縣,博物館,3.8,527,博物館,Kobe Station,1.8,0.70,0.7600,0.5258,0.7403,0.6758,http://commons.wikimedia.org/wiki/Special:FilePath/Kobe%20lamp%20museum01s3200.jpg,34.6883530,135.1939780,Q11589727,KOBEとんぼ玉ミュージアム
1062,関西サイクルスポーツセンター,大阪府,主題樂園,4.1,2269,主題樂園,Osaka Station,32.3,0.70,0.8200,0.6481,0.1340,0.6758,http://commons.wikimedia.org/wiki/Special:FilePath/Kansai%20cycle%20sports%20center.JPG,34.4131670,135.5298060,Q11656208,関西サイクルスポーツセンター
1073,古都奈良かんざし美術館,奈良縣,博物館,4.7,16,博物館,Nara Station,0.6,0.70,0.9400,0.2376,0.8853,0.6758,,34.6841620,135.8243120,Q110392976,古都奈良かんざし美術館
113,千總ギャラリー,京都府,美術館,4.5,75,美術館,Kyoto Station,2.5,0.70,0.9000,0.3632,0.6665,0.6756,,35.0083030,135.7589370,Q138315086,千總ギャラリー
1921,徳島木のおもちゃ美術館,德島縣,玩具博物館,4.5,363,玩具博物館,Tokushima Station,13.4,0.70,0.9000,0.4946,0.2722,0.6756,,34.1510590,134.4393230,Q123563377,徳島木のおもちゃ美術館
2382,京王鐵路樂園,東京都,鐵路博物館,4.2,1634,鐵路博物館,Tokyo Station,32.9,0.70,0.8400,0.6206,0.1319,0.6754,http://commons.wikimedia.org/wiki/Special:FilePath/Keio-rail-land%20Trains%2020130814.jpg,35.6491000,139.4050000,Q11374577,京王れーるランド
2407,古代東方博物館,東京都,考古博物館,4.2,506,考古博物館,Tokyo Station,6.7,0.70,0.8400,0.5224,0.4265,0.6754,http://commons.wikimedia.org/wiki/Special:FilePath/CleopatraVIICoin.jpg,35.7285340,139.7207850,Q1048740,古代オリエント博物館
906,西武園遊園地,埼玉縣,主題樂園,3.7,6539,主題樂園,Omiya Station,22.5,0.70,0.7400,0.7368,0.1821,0.6753,http://commons.wikimedia.org/wiki/Special:FilePath/5D3K0201%20%2811152952796%29.jpg,35.7683060,139.4421940,Q11628910,西武園ゆうえんち
2001,愛媛大学ミュージアム,愛媛縣,大學博物館,4.3,123,大學博物館,Matsuyama Station,2.1,0.70,0.8600,0.4043,0.7006,0.6753,http://commons.wikimedia.org/wiki/Special:FilePath/Ehime%20University%20Museum1.JPG,33.8498889,132.7715556,Q11493530,愛媛大学ミュージアム
2332,かちどき 橋の資料館,東京都,博物館,4.3,121,博物館,Tokyo Station,2.1,0.70,0.8600,0.4029,0.7039,0.6753,http://commons.wikimedia.org/wiki/Special:FilePath/Kachidoki%20hashi%20no%20shiry%C5%8Dkan15.jpg,35.6630500,139.7736600,Q109160363,かちどき 橋の資料館（旧勝鬨橋変電所）
928,別府塔,大分縣,觀光塔,3.8,2780,觀光塔,Oita Station,10.8,0.70,0.7600,0.6651,0.3155,0.6751,http://commons.wikimedia.org/wiki/Special:FilePath/Beppu%20Tower%2020230212.jpg,33.2821089,131.5058111,Q818646,別府タワー
2090,古川美術館,愛知縣,美術館,4.3,330,美術館,Nagoya Station,6.1,0.70,0.8600,0.4866,0.4504,0.6750,http://commons.wikimedia.org/wiki/Special:FilePath/Furukawa%20Art%20Museum.JPG,35.1688030,136.9485690,Q11411184,古川美術館
1429,山梨県立文学館,山梨縣,都道府县立博物馆,4.0,390,都道府县立博物馆,Kofu Station,2.7,0.70,0.8000,0.5006,0.6477,0.6749,http://commons.wikimedia.org/wiki/Special:FilePath/Yamanashi-Pref-LP.jpg,35.6601389,138.5394444,Q11469712,山梨県立文学館
2089,博物館「醋之里」,愛知縣,食物博物館,4.1,2158,食物博物館,Nagoya Station,31.3,0.70,0.8200,0.6439,0.1378,0.6749,http://commons.wikimedia.org/wiki/Special:FilePath/Mizkan%20muesum%2020250729.jpg,34.8930030,136.9342970,Q11409003,ミツカンミュージアム
2796,浦添市美術館,沖繩縣,美術館,4.1,589,美術館,Naha Bus Terminal,5.8,0.70,0.8200,0.5351,0.4637,0.6749,http://commons.wikimedia.org/wiki/Special:FilePath/Urasoe%20Art%20Museum04s4s2940.jpg,26.2499170,127.7194720,Q11558303,浦添市美術館
2947,泉鏡花記念館,石川縣,人物紀念館,4.0,242,人物紀念館,Kanazawa Station,1.5,0.70,0.8000,0.4607,0.7651,0.6747,http://commons.wikimedia.org/wiki/Special:FilePath/%E6%B3%89%E9%8F%A1%E8%8A%B1%E8%A8%98%E5%BF%B5%E9%A4%A8004.jpg,36.5714440,136.6630560,Q11554950,泉鏡花記念館
939,大分香りの博物館,大分縣,博物館,4.1,1293,博物館,Oita Station,14.0,0.70,0.8200,0.6009,0.2626,0.6745,http://commons.wikimedia.org/wiki/Special:FilePath/Oita%20Fragrance%20Museum.jpg,33.3120000,131.4888056,Q97495956,大分香りの博物館
3773,沼津港大型展望水門 View-O,靜岡縣,水門,4.1,2449,水門,Shizuoka Station,44.1,0.70,0.8200,0.6545,0.1018,0.6745,http://commons.wikimedia.org/wiki/Special:FilePath/View-O%2020121020.jpg,35.0813530,138.8546420,Q11276832,沼津港大型展望水門 びゅうお
1638,備前長船刀劍博物館,岡山縣,博物館,4.1,1555,博物館,Okayama Station,18.3,0.70,0.8200,0.6164,0.2148,0.6744,http://commons.wikimedia.org/wiki/Special:FilePath/Bizen-Osafune-Sword-Museum.jpg,34.7216670,134.1069440,Q11387350,備前長船刀剣博物館
2379,五島美術館,東京都,美術館,4.2,941,美術館,Tokyo Station,14.2,0.70,0.8400,0.5743,0.2609,0.6744,http://commons.wikimedia.org/wiki/Special:FilePath/Gotoh%20Museum.JPG,35.6121950,139.6352940,Q2374140,五島美術館
1895,福山自動車時計博物館,廣島縣,時計博物館,4.4,1113,時計博物館,Hiroshima Station,82.2,0.70,0.8800,0.5884,0.0574,0.6743,http://commons.wikimedia.org/wiki/Special:FilePath/Fukuyama%20Auto%20%26%20Clock%20Museum%2020120526-1.JPG,34.4978250,133.3631110,Q11592098,福山自動車時計博物館
2523,東京宝くじドリーム館,東京都,博物館,3.9,205,博物館,Tokyo Station,0.7,0.70,0.7800,0.4468,0.8828,0.6743,http://commons.wikimedia.org/wiki/Special:FilePath/Tokyo%20Takarakuji%20Dream%20Palace.jpg,35.6761111,139.7709444,Q11524776,宝くじドリーム館
3012,大佛次郎纪念馆,神奈川縣,人物紀念館,4.2,304,人物紀念館,Yokohama Station,4.2,0.70,0.8400,0.4797,0.5435,0.6743,http://commons.wikimedia.org/wiki/Special:FilePath/The%20Osaragi%20Jiro%20Memorial%20musieum%20Out.jpg,35.4393060,139.6552500,Q11432376,大佛次郎記念館
523,安田侃彫刻美術館 アルテピアッツァ美唄,北海道,雕塑公园,4.4,997,雕塑公园,Sapporo Station,54.1,0.70,0.8800,0.5792,0.0847,0.6742,http://commons.wikimedia.org/wiki/Special:FilePath/Ja-hokkaido-artepiazzabibai-3.jpg,43.3325278,141.9109167,Q17192195,安田侃彫刻美術館 アルテピアッツァ美唄
1660,岡山縣立博物館,岡山縣,博物館,3.8,423,博物館,Okayama Station,1.4,0.70,0.7600,0.5074,0.7799,0.6742,http://commons.wikimedia.org/wiki/Special:FilePath/Okayama%20prefectural%20museum01n3872.jpg,34.6683330,133.9338890,Q3247162,岡山県立博物館
2879,わくわく海中水族館シードーナツ,熊本縣,水族館,4.2,1659,水族館,Kumamoto Station,37.9,0.70,0.8400,0.6218,0.1165,0.6742,,32.5298333,130.4283611,Q11281777,海中水族館シードーナツ
3884,海洋堂SpaceFactoryなんこく,高知縣,工廠,4.3,500,工廠,Kochi Station,9.8,0.70,0.8600,0.5214,0.3382,0.6742,,33.5738611,133.6486111,Q118586600,海洋堂SpaceFactoryなんこく
561,日本銀行舊小樽支店金融資料館,北海道,銀行博物館,4.2,1531,銀行博物館,Sapporo Station,31.8,0.70,0.8400,0.6151,0.1360,0.6741,http://commons.wikimedia.org/wiki/Special:FilePath/130823%20Bank%20of%20Japan%20Otaru%20Museum02s4.jpg,43.1961940,141.0003330,Q11509315,日本銀行旧小樽支店
1079,大和文華館,奈良縣,美術館,4.2,424,美術館,Nara Station,5.9,0.70,0.8400,0.5076,0.4581,0.6741,http://commons.wikimedia.org/wiki/Special:FilePath/Yamato%20Bunkakan01s4592.jpg,34.6952778,135.7566667,Q3329639,大和文華館
3120,鐵皮玩具博物館,神奈川縣,玩具博物館,4.2,304,玩具博物館,Yokohama Station,4.2,0.70,0.8400,0.4797,0.5420,0.6741,http://commons.wikimedia.org/wiki/Special:FilePath/Tintoy%20museum.JPG,35.4383139,139.6543944,Q5363525,大佛次郎記念館
2936,室生犀星記念館,石川縣,人物紀念館,4.1,219,人物紀念館,Kanazawa Station,2.1,0.70,0.8200,0.4523,0.7025,0.6740,http://commons.wikimedia.org/wiki/Special:FilePath/Muro%20Saisei%20Kinenkan%20Museum001.jpg,36.5590560,136.6481940,Q11453044,室生犀星記念館
3327,TDK歴史みらい館,秋田縣,科技博物館,4.5,699,科技博物館,Akita Station,49.5,0.70,0.9000,0.5494,0.0917,0.6740,http://commons.wikimedia.org/wiki/Special:FilePath/TDK%20Museum.jpg,39.2916667,139.9572222,Q104243226,TDK 歴史みらい館
1140,仙台天文台,宮城縣,社会教育施設,4.3,548,社会教育施設,Sendai Station,11.1,0.70,0.8600,0.5290,0.3100,0.6737,http://commons.wikimedia.org/wiki/Special:FilePath/Sendaishi%20Tenmondai%202008-07-01a.jpg,38.2582389,140.7549667,Q4416112,仙台市天文台
1142,仙台市戦災復興記念館,宮城縣,音樂廳,3.6,756,音樂廳,Sendai Station,1.3,0.70,0.7200,0.5560,0.7890,0.6737,http://commons.wikimedia.org/wiki/Special:FilePath/Sendai%20City%20War%20Reconstruction%20Memorial%20Hall%20cropped.jpg,38.2608330,140.8671110,Q11377845,仙台市戦災復興記念館
3097,神奈川近代文学馆,神奈川縣,文學館,4.2,304,文學館,Yokohama Station,4.3,0.70,0.8400,0.4797,0.5373,0.6737,http://commons.wikimedia.org/wiki/Special:FilePath/Kanabun004.jpg,35.4386389,139.6560833,Q11589405,大佛次郎記念館
3034,成川美術館,神奈川縣,美術館,4.3,1386,美術館,Yokohama Station,61.3,0.70,0.8600,0.6068,0.0754,0.6736,http://commons.wikimedia.org/wiki/Special:FilePath/230909%20Narukawa%20Art%20Museum%20Hakone%20Japan05s3.jpg,35.2000280,139.0311580,Q10855979,箱根芦ノ湖 成川美術館
1423,山梨县立美术馆,山梨縣,美術館,4.0,390,美術館,Kofu Station,2.9,0.70,0.8000,0.5006,0.6333,0.6735,http://commons.wikimedia.org/wiki/Special:FilePath/Art%20museums%20in%20Yamanashi%20prefecture%2020231028a2.jpg,35.6603889,138.5373333,Q11469731,山梨県立文学館
3502,西博爾德紀念館,長崎縣,人物紀念館,4.0,287,人物紀念館,Nagasaki Station,2.1,0.70,0.8000,0.4749,0.7088,0.6734,http://commons.wikimedia.org/wiki/Special:FilePath/Siebold%20Memorial%20Museum%20002.jpg,32.7558390,129.8922140,Q1049762,シーボルト記念館
1650,夢二鄉土美術館,岡山縣,美術館,3.8,423,美術館,Okayama Station,1.5,0.70,0.7600,0.5074,0.7712,0.6733,http://commons.wikimedia.org/wiki/Special:FilePath/Shonen-sanso%20of%20Takehisa%20Yumeji-r.jpg,34.6708000,133.9340000,Q2386994,岡山県立博物館
996,大阪企業家ミュージアム,大阪府,人物紀念館,4.1,237,人物紀念館,Osaka Station,2.4,0.70,0.8200,0.4589,0.6754,0.6732,http://commons.wikimedia.org/wiki/Special:FilePath/The%20Entrepreneurial%20museum%20of%20Challenge%20and%20Innovation.JPG,34.6838889,135.5092500,Q11440034,大阪企業家ミュージアム
177,佐賀県立九州陶磁文化館,佐賀縣,都道府县立博物馆,4.4,851,都道府县立博物馆,Saga Station,39.9,0.70,0.8800,0.5659,0.1114,0.6729,http://commons.wikimedia.org/wiki/Special:FilePath/Kyushu%20Ceramic%20Museum%20front.JPG,33.1789444,129.8806944,Q6452794,佐賀県立九州陶磁文化館
1803,武家屋敷 (鹽見繩手),島根縣,历史房屋博物馆,4.2,144,历史房屋博物馆,Matsue Station,2.0,0.70,0.8400,0.4174,0.7162,0.6728,http://commons.wikimedia.org/wiki/Special:FilePath/Shiominawate%20Matsue04s4592.jpg,35.4783889,133.0506944,Q11545900,塩見縄手
1960,えひめこどもの城,愛媛縣,主題公園,4.2,643,主題公園,Matsuyama Station,9.7,0.70,0.8400,0.5424,0.3401,0.6727,http://commons.wikimedia.org/wiki/Special:FilePath/Kodomonosiro20220815%203.jpg,33.7619170,132.7976110,Q11261002,えひめこどもの城
3352,秋田市立佐竹史料館,秋田縣,歷史博物館,3.9,180,歷史博物館,Akita Station,0.6,0.70,0.7800,0.4360,0.8995,0.6727,http://commons.wikimedia.org/wiki/Special:FilePath/The%20Satake%20Historical%20Material%20Museum%20in%20Akita%2020251025.jpg,39.7199670,140.1247390,Q11595319,秋田市文化創造館
175,佐賀バルーンミュージアム,佐賀縣,航空博物館,4.0,200,航空博物館,Saga Station,1.3,0.70,0.8000,0.4448,0.7911,0.6725,http://commons.wikimedia.org/wiki/Special:FilePath/Saga%20balloon%20museum%202016-10-15.jpg,33.2524167,130.3004167,Q28685850,徴古館
2352,ヨックモックミュージアム,東京都,陶瓷博物館,4.4,191,陶瓷博物館,Tokyo Station,5.4,0.70,0.8800,0.4409,0.4824,0.6725,http://commons.wikimedia.org/wiki/Special:FilePath/Yoku%20Moku%20Museum.jpg,35.6596000,139.7140000,Q131904628,ヨックモックミュージアム
2383,伊勢半本店 紅ミュージアム,東京都,美術館,4.4,178,美術館,Tokyo Station,5.0,0.70,0.8800,0.4350,0.4985,0.6724,http://commons.wikimedia.org/wiki/Special:FilePath/Benimuseum%20Img001.jpg,35.6599167,139.7179722,Q11378949,紅ミュージアム
3279,会津武家屋敷,福島縣,戶外博物館,4.0,3303,戶外博物館,Fukushima Station,53.7,0.70,0.8000,0.6796,0.0852,0.6724,http://commons.wikimedia.org/wiki/Special:FilePath/Fukushima-Aizu%20Buke-Yashiki%20%28Samurai%20Residence%29-m.jpg,37.4851944,139.9536667,Q112033912,会津武家屋敷
2738,那須サファリパーク,栃木縣,野生动物园,4.0,3347,野生动物园,Utsunomiya Station,56.4,0.70,0.8000,0.6807,0.0814,0.6723,http://commons.wikimedia.org/wiki/Special:FilePath/Nasu%20SafariPark%27s%20lion%20bus.jpg,37.0591667,140.0058333,Q28068900,那須サファリパーク
1939,藍の館,德島縣,博物館,4.2,517,博物館,Tokushima Station,7.8,0.70,0.8400,0.5242,0.3898,0.6722,http://commons.wikimedia.org/wiki/Special:FilePath/Aizumi%20Ai%20no%20Yakata.jpg,34.1156110,134.4822780,Q11622548,藍の館
2845,海津大崎,滋賀縣,觀光景點,4.4,919,觀光景點,Otsu Station,53.5,0.70,0.8800,0.5723,0.0854,0.6722,http://commons.wikimedia.org/wiki/Special:FilePath/Biwako123844.jpg,35.4492700,136.0876300,Q11559016,海津大崎
3102,箱根美術館,神奈川縣,陶瓷博物館,4.3,1291,陶瓷博物館,Yokohama Station,57.9,0.70,0.8600,0.6008,0.0795,0.6722,http://commons.wikimedia.org/wiki/Special:FilePath/%E7%AE%B1%E6%A0%B9%E7%BE%8E%E8%A1%93%E9%A4%A8%E6%9C%AC%E9%A4%A8.jpg,35.2481670,139.0426670,Q11284659,箱根美術館
3240,福岡縣青少年科學館,福岡縣,科學博物館,4.3,1032,科學博物館,Hakata Station,31.9,0.70,0.8600,0.5821,0.1356,0.6722,http://commons.wikimedia.org/wiki/Special:FilePath/Fukuoka%20Science%20Museum%2020170203-2.jpg,33.3180830,130.5283610,Q11592913,福岡県青少年科学館
3990,霧島アートの森,鹿兒島縣,美術館,4.2,1644,美術館,Kagoshima-Chuo Station,45.5,0.70,0.8400,0.6211,0.0990,0.6722,http://commons.wikimedia.org/wiki/Special:FilePath/Kirishima%20Open-Air%20Museum%202008.jpg,31.9395980,130.7786910,Q10855706,霧島アートの森
3295,東北サファリパーク,福島縣,野生动物园,4.1,1245,野生动物园,Fukushima Station,15.2,0.70,0.8200,0.5978,0.2472,0.6721,http://commons.wikimedia.org/wiki/Special:FilePath/%E6%94%BE%E3%81%97%E9%A3%BC%E3%81%84%E3%82%A8%E3%83%AA%E3%82%A2.jpg,37.6386111,140.3666667,Q11526117,東北サファリパーク
2309,BIG FUN平和島,東京都,アミューズメント施設,3.7,3420,アミューズメント施設,Tokyo Station,11.0,0.70,0.7400,0.6825,0.3122,0.6720,,35.5844720,139.7407220,Q11330769,BIGFUN平和島
2371,东京大空袭战灾资料中心,東京都,軍事博物館,4.2,328,軍事博物館,Tokyo Station,5.0,0.70,0.8400,0.4861,0.5021,0.6720,http://commons.wikimedia.org/wiki/Special:FilePath/Exterior%20of%20the%20Center%20of%20the%20Tokyo%20Raids%20and%20War%20Damage%20in%20January%202019.jpg,35.6817000,139.8220000,Q15961648,東京大空襲 戦災資料センター
3171,久留米市美術館,福岡縣,美術館,4.3,1036,美術館,Hakata Station,32.6,0.70,0.8600,0.5824,0.1331,0.6720,http://commons.wikimedia.org/wiki/Special:FilePath/Rakusuinoike%20Pond%20and%20Kurume%20City%20Museum%20of%20Art.jpg,33.3120330,130.5303660,Q11586698,久留米市美術館
1436,曾根丘陵公園,山梨縣,風土記之丘,4.1,751,風土記之丘,Kofu Station,8.4,0.70,0.8200,0.5554,0.3725,0.6719,http://commons.wikimedia.org/wiki/Special:FilePath/%E7%94%B2%E6%96%90%E9%A2%A8%E5%9C%9F%E8%A8%98%E3%81%AE%E4%B8%98%E3%81%AE%E9%81%8A%E5%85%B7%20-%20panoramio.jpg,35.5922222,138.5825000,Q11515320,山梨県曽根丘陵公園
1729,盛岡手作り村,岩手縣,主題公園,3.8,2211,主題公園,Morioka Station,9.6,0.70,0.7600,0.6459,0.3417,0.6719,http://commons.wikimedia.org/wiki/Special:FilePath/Morioka%20Handi-Works%20Square%2020170715a.jpg,39.6930139,141.0243969,Q136379395,盛岡手づくり村
2549,板橋区立教育科学館,東京都,科學博物館,4.2,752,科學博物館,Tokyo Station,12.1,0.70,0.8400,0.5555,0.2927,0.6719,http://commons.wikimedia.org/wiki/Special:FilePath/Itabashi%20Science%20and%20Education%20Hall.JPG,35.7634056,139.6795722,Q11532661,板橋区立教育科学館
3261,いわき市石炭・化石館,福島縣,礦業博物館,4.2,1947,礦業博物館,Fukushima Station,89.3,0.70,0.8400,0.6353,0.0530,0.6719,http://commons.wikimedia.org/wiki/Special:FilePath/%E3%81%84%E3%82%8F%E3%81%8D%E5%B8%82%E7%9F%B3%E7%82%AD%E5%8C%96%E7%9F%B3%E9%A4%A8.JPG,37.0125000,140.8483333,Q11260157,いわき市石炭・化石館 ほるる
2015,湯築城資料館,愛媛縣,博物館,4.0,409,博物館,Matsuyama Station,3.3,0.70,0.8000,0.5046,0.6047,0.6718,,33.8481170,132.7856120,Q104783927,湯築城資料館
3101,箱根拉利克博物館,神奈川縣,人物紀念館,4.2,1762,人物紀念館,Yokohama Station,59.8,0.70,0.8400,0.6269,0.0772,0.6718,http://commons.wikimedia.org/wiki/Special:FilePath/170721%20Lalique%20Museum%20Hakone%20Japan04n.jpg,35.2695640,139.0091640,Q11603353,箱根ラリック美術館
3232,福岡市下水道博物館,福岡縣,建築物,4.3,61,建築物,Hakata Station,1.0,0.70,0.8600,0.3461,0.8390,0.6717,http://commons.wikimedia.org/wiki/Special:FilePath/Pomplaza%20Hall%208-3%20Gionmachi%20Hakata-ku%20Fukuoka%2020230801.jpg,33.5915556,130.4104722,Q122973288,福岡市下水道博物館
424,オホーツクとっかりセンター,北海道,水族館,4.4,1148,水族館,Sapporo Station,215.0,0.70,0.8800,0.5910,0.0227,0.6716,,44.3335830,143.3735280,Q11292366,オホーツクとっかりセンター(アザラシランド)
888,武藏野村,埼玉縣,主題樂園,4.0,2389,主題樂園,Omiya Station,26.5,0.70,0.8000,0.6524,0.1586,0.6716,http://commons.wikimedia.org/wiki/Special:FilePath/Musashino-mura.JPG,36.1374170,139.5504440,Q11279549,緑の中のファミリーランド むさしの村
3922,植田正治寫真美術館,鳥取縣,美術館,4.4,974,美術館,Tottori Station,72.5,0.70,0.8800,0.5772,0.0645,0.6716,http://commons.wikimedia.org/wiki/Special:FilePath/Shoji%20Ueda%20Museum%20of%20Photography02n4592.jpg,35.3898610,133.4358330,Q9047014,植田正治写真美術館
107,伏見桃山城キャッスルランド,京都府,主題樂園,3.7,1723,主題樂園,Kyoto Station,5.4,0.70,0.7400,0.6250,0.4805,0.6715,http://commons.wikimedia.org/wiki/Special:FilePath/%E4%BC%8F%E8%A6%8B%E6%A1%83%E5%B1%B1%E5%9F%8E06.jpg,34.9394722,135.7768056,Q11381116,伏見桃山城
1431,山梨県立考古博物館,山梨縣,都道府县立博物馆,4.2,523,都道府县立博物馆,Kofu Station,8.2,0.70,0.8400,0.5251,0.3786,0.6714,,35.5942340,138.5827690,Q117218555,山梨県立考古博物館
3642,舊開智學校,長野縣,教育博物館,4.1,2237,教育博物館,Nagano Station,48.6,0.70,0.8200,0.6469,0.0932,0.6714,http://commons.wikimedia.org/wiki/Special:FilePath/250424%20Former%20Kaichi%20School%20Matsumoto%20Nagano%20pref%20Japan01s3.jpg,36.2433333,137.9683333,Q716411,旧開智学校
3501,舊香港上海銀行長崎支店,長崎縣,博物館,3.9,322,博物館,Nagasaki Station,1.8,0.70,0.7800,0.4846,0.7398,0.6713,http://commons.wikimedia.org/wiki/Special:FilePath/Former%20Hongkong%20and%20Shanghai%20Bank%20Nagasaki%20Branch%2020180714%2001.jpg,32.7363340,129.8691820,Q11511154,旧香港上海銀行 長崎支店 記念館
3782,濱名湖PalPal,靜岡縣,主題樂園,4.0,3458,主題樂園,Shizuoka Station,74.1,0.70,0.8000,0.6834,0.0632,0.6713,http://commons.wikimedia.org/wiki/Special:FilePath/Kanzanji%20ropeway.JPG,34.7638530,137.6167080,Q11557598,浜名湖パルパル
190,徵古館,佐賀縣,歷史博物館,4.0,200,歷史博物館,Saga Station,1.4,0.70,0.8000,0.4448,0.7773,0.6712,http://commons.wikimedia.org/wiki/Special:FilePath/Chokokan%20ac%20%281%29.jpg,33.2515860,130.3014070,Q64796766,徴古館
2945,松井秀喜棒球博物館,石川縣,人物紀念館,4.2,1207,人物紀念館,Kanazawa Station,25.0,0.70,0.8400,0.5952,0.1667,0.6712,http://commons.wikimedia.org/wiki/Special:FilePath/Matsui%20Hideki%20Baseball%20Museum%201.jpg,36.4309722,136.4365278,Q11529176,松井秀喜ベースボールミュージアム
3350,秋田市文化創造館,秋田縣,活動場地,3.9,180,活動場地,Akita Station,0.7,0.70,0.7800,0.4360,0.8844,0.6712,http://commons.wikimedia.org/wiki/Special:FilePath/Akita%20City%20Cultural%20Creation%20Center%2020240525.jpg,39.7192760,140.1228330,Q126116556,秋田市文化創造館
1502,大垣城,岐阜縣,軍事博物館,3.8,2866,軍事博物館,Gifu Station,13.7,0.70,0.7600,0.6677,0.2668,0.6710,http://commons.wikimedia.org/wiki/Special:FilePath/Ogaki%20Tenshu.JPG,35.3619444,136.6161111,Q1067359,大垣城
2515,東京ラーメン国技館 舞,東京都,食品主题園區,3.7,1845,食品主题園區,Tokyo Station,5.9,0.70,0.7400,0.6307,0.4574,0.6710,http://commons.wikimedia.org/wiki/Special:FilePath/Ramen%20Kokugi-kan.jpg,35.6281205,139.7737318,Q11347767,東京ラーメン国技館 舞
3712,青森北麻本吕婆历史馆,青森縣,歷史博物館,3.8,343,歷史博物館,Aomori Station,1.3,0.70,0.7600,0.4898,0.7992,0.6709,,40.8372440,140.7252490,Q120655368,あおもり北のまほろば歴史館
989,堺市博物馆,大阪府,市立博物館,4.1,1227,市立博物館,Osaka Station,16.0,0.70,0.8200,0.5966,0.2380,0.6708,http://commons.wikimedia.org/wiki/Special:FilePath/%E5%A0%BA%E5%B8%82%E5%8D%9A%E7%89%A9%E9%A4%A8%20%2848814571636%29.jpg,34.5588611,135.4842500,Q1448918,堺市博物館
1507,大垣市郷土館,岐阜縣,地方文化館,3.8,2866,地方文化館,Gifu Station,13.9,0.70,0.7600,0.6677,0.2645,0.6708,http://commons.wikimedia.org/wiki/Special:FilePath/%E5%A4%A7%E5%9E%A3%E5%B8%82%E9%83%B7%E5%9C%9F%E9%A4%A8.jpg,35.3615889,136.6144222,Q48746685,大垣城
2423,國立極地研究所,東京都,研究機構,4.4,716,研究機構,Tokyo Station,32.5,0.70,0.8800,0.5514,0.1332,0.6708,http://commons.wikimedia.org/wiki/Special:FilePath/National%20Institute%20of%20Japanese%20Literature.jpg,35.7125000,139.4090000,Q1213729,国立極地研究所 南極・北極科学館
2723,玩具町萬代博物館,栃木縣,玩具博物館,4.0,1328,玩具博物館,Utsunomiya Station,11.7,0.70,0.8000,0.6032,0.2985,0.6708,http://commons.wikimedia.org/wiki/Special:FilePath/Bandai-museum.jpg,36.4654540,139.8383180,Q3329081,おもちゃのまちバンダイミュージアム
2833,彥根城博物館,滋賀縣,歷史博物館,4.2,1564,歷史博物館,Otsu Station,46.5,0.70,0.8400,0.6169,0.0970,0.6708,http://commons.wikimedia.org/wiki/Special:FilePath/Hikone%20Castle%20Museum01s3200.jpg,35.2756110,136.2535280,Q11487933,彦根城博物館
3711,陆奥北方渔船博物馆,青森縣,漁業博物館,3.8,343,漁業博物館,Aomori Station,1.3,0.70,0.7600,0.4898,0.7989,0.6708,http://commons.wikimedia.org/wiki/Special:FilePath/Michinoku%20Traditional%20Wooden%20Boat%20Museum.JPG,40.8372780,140.7252500,Q11278985,あおもり北のまほろば歴史館
772,谷津玫瑰園,千葉縣,已廢止組織,4.0,1374,已廢止組織,Chiba Station,12.3,0.70,0.8000,0.6060,0.2893,0.6707,http://commons.wikimedia.org/wiki/Special:FilePath/Yatsuyuuen%2C1954.jpg,35.6808610,140.0055560,Q11633027,谷津バラ園
1106,松伯美術館,奈良縣,美術館,4.2,454,美術館,Nara Station,7.3,0.70,0.8400,0.5133,0.4057,0.6706,http://commons.wikimedia.org/wiki/Special:FilePath/Yang%20Guifei%20by%20Uemura%20Shoen%20%28Shohaku%20Art%20Museum%29.jpg,34.7100170,135.7471780,Q11529256,松伯美術館
2553,林芙美子紀念館,東京都,人物紀念館,4.3,377,人物紀念館,Tokyo Station,8.4,0.70,0.8600,0.4977,0.3727,0.6706,http://commons.wikimedia.org/wiki/Special:FilePath/Hayashi%20fumiko%20memorial%20hall%20shinjuku.JPG,35.7158610,139.6842500,Q11533289,林芙美子記念館
1522,岐阜市科学館,岐阜縣,科學博物館,4.1,210,科學博物館,Gifu Station,2.4,0.70,0.8200,0.4488,0.6780,0.6705,http://commons.wikimedia.org/wiki/Special:FilePath/Gifu%20City%20Science%20Museum%201.JPG,35.4039050,136.7308610,Q5359267,岐阜市科学館
1819,竹島資料室,島根縣,博物館,4.2,99,博物館,Matsue Station,1.4,0.70,0.8400,0.3862,0.7868,0.6705,http://commons.wikimedia.org/wiki/Special:FilePath/Takeshima%20Museum%20ac.jpg,35.4711390,133.0514720,Q11599122,竹島資料室
1914,名頃,德島縣,觀光景點,4.3,1180,觀光景點,Tokushima Station,54.7,0.70,0.8600,0.5933,0.0838,0.6704,,33.8559100,134.0198270,Q28154087,天空の村 かかしの里
3813,静岡市立登呂博物館,靜岡縣,考古博物館,4.0,310,考古博物館,Shizuoka Station,2.6,0.70,0.8000,0.4814,0.6604,0.6704,http://commons.wikimedia.org/wiki/Special:FilePath/Shizuoka%20City%20Toro%20Museum.JPG,34.9553889,138.4088056,Q85884479,静岡市立登呂博物館
2050,スカイデッキ,愛知縣,觀景台,4.6,386,觀景台,Nagoya Station,35.3,0.70,0.9200,0.4997,0.1241,0.6703,,34.8586602,136.8121623,Q134436319,中部国際空港 スカイデッキ
2917,COSMO ISLE羽咋,石川縣,宇宙工学博物館,4.4,746,宇宙工学博物館,Kanazawa Station,37.7,0.70,0.8800,0.5549,0.1170,0.6702,http://commons.wikimedia.org/wiki/Special:FilePath/Cosmo%20Isle%20Hakui.jpg,36.8981389,136.7882778,Q11302097,宇宙科学博物館 コスモアイル羽咋
3272,ブリティッシュヒルズ,福島縣,主題公園,4.3,1229,主題公園,Fukushima Station,65.4,0.70,0.8600,0.5967,0.0710,0.6701,http://commons.wikimedia.org/wiki/Special:FilePath/%E3%83%96%E3%83%AA%E3%83%86%E3%82%A3%E3%83%83%E3%82%B7%E3%83%A5%E3%83%92%E3%83%AB%E3%82%BA%20%E3%83%9E%E3%83%8A%E3%83%BC%E3%83%8F%E3%82%A6%E3%82%B9%2020150524.jpg,37.2583333,140.0611111,Q97312067,British Hills
3897,高知県立足摺海洋館,高知縣,水族館,4.2,1878,水族館,Kochi Station,106.9,0.70,0.8400,0.6322,0.0447,0.6701,http://commons.wikimedia.org/wiki/Special:FilePath/Ashizuri%20Aquarium%20SATOUMI.jpg,32.7913330,132.8628610,Q99611864,高知県立足摺海洋館 SATOUMI
594,札幌藝術之森美術館,北海道,美術館,4.3,581,美術館,Sapporo Station,14.4,0.70,0.8600,0.5339,0.2574,0.6699,http://commons.wikimedia.org/wiki/Special:FilePath/Sapporo%20art%20museum.jpg,42.9392222,141.3401389,Q11249478,札幌芸術の森野外美術館
2981,金澤市立中村紀念美術館,石川縣,美術館,4.1,208,美術館,Kanazawa Station,2.4,0.70,0.8200,0.4480,0.6745,0.6699,http://commons.wikimedia.org/wiki/Special:FilePath/%E9%87%91%E6%B2%A2%E5%B8%82%E7%AB%8B%E4%B8%AD%E6%9D%91%E8%A8%98%E5%BF%B5%E7%BE%8E%E8%A1%93%E9%A4%A8002.jpg,36.5588890,136.6605560,Q11647436,金沢市立中村記念美術館
220,ㄏㄏ,兵庫縣,主題樂園,4.1,1367,主題樂園,Kobe Station,19.9,0.70,0.8200,0.6056,0.2011,0.6698,,34.5749029,135.0020789,Q130563661,ニジゲンノモリ
375,西宮市大谷記念美術館,兵庫縣,美術館,4.2,802,美術館,Kobe Station,14.6,0.70,0.8400,0.5609,0.2549,0.6698,http://commons.wikimedia.org/wiki/Special:FilePath/230825%20Otani%20Memorial%20Art%20Museum%20Nishinomiya%20City%20Hyogo%20pref%20Japan07s3.jpg,34.7321110,135.3245830,Q11627626,西宮市大谷記念美術館
1876,廣島市交通科學館,廣島縣,科學博物館,4.0,1033,科學博物館,Hiroshima Station,9.2,0.70,0.8000,0.5821,0.3521,0.6698,http://commons.wikimedia.org/wiki/Special:FilePath/Hiroshima%20City%20Transportation%20Museum%202.jpg,34.4708610,132.4286410,Q5358361,ヌマジ交通ミュージアム
3256,いわき・ら・ら・ミュウ,福島縣,道之驛,3.7,8952,道之驛,Fukushima Station,98.3,0.70,0.7400,0.7632,0.0484,0.6698,http://commons.wikimedia.org/wiki/Special:FilePath/Iwaki%20Lalamew%201.JPG,36.9443330,140.9054720,Q767776,道の駅 いわき・ら・ら・ミュウ
2826,大津市科學館,滋賀縣,科學博物館,3.9,459,科學博物館,Otsu Station,2.9,0.70,0.7800,0.5142,0.6345,0.6697,http://commons.wikimedia.org/wiki/Special:FilePath/Otsu-City-Science-Museum.jpg,34.9940556,135.8936944,Q55522393,大津市科学館
2183,碧南海濱水族館,愛知縣,水族館,4.1,1800,水族館,Nagoya Station,33.6,0.70,0.8200,0.6287,0.1295,0.6696,http://commons.wikimedia.org/wiki/Special:FilePath/HEKINAN%20SEA%20SIDE%20AQUARIUM.JPG,34.8801610,136.9819670,Q11587774,碧南海浜水族館
1143,仙台市歴史民俗資料館,宮城縣,历史建筑,4.0,183,历史建筑,Sendai Station,1.4,0.70,0.8000,0.4374,0.7823,0.6694,http://commons.wikimedia.org/wiki/Special:FilePath/%D0%A1%D0%B5%D0%BD%D0%B4%D0%B0%D0%B9%D1%81%D0%BA%D0%B8%D0%B9%20%D0%B3%D0%BE%D1%80%D0%BE%D0%B4%D1%81%D0%BA%D0%BE%D0%B9%20%D0%BC%D1%83%D0%B7%D0%B5%D0%B9%20%D0%B8%D1%81%D1%82%D0%BE%D1%80%D0%B8%D0%B8%20%D0%B8%20%D0%B1%D1%8B%D1%82%D0%B0%201.jpg,38.2609167,140.8983056,Q87746275,仙台市歴史民俗資料館（旧歩兵第四連隊兵舎 ）
1663,招き猫美術館,岡山縣,美術館,4.1,681,美術館,Okayama Station,8.4,0.70,0.8200,0.5472,0.3725,0.6694,,34.7392010,133.9448930,Q133294748,招き猫美術館
580,札幌市アイヌ文化交流センター,北海道,アイヌ博物館,4.3,594,アイヌ博物館,Sapporo Station,15.4,0.70,0.8600,0.5358,0.2454,0.6693,http://commons.wikimedia.org/wiki/Special:FilePath/Sapporo%20Ainu%20Culture%20Promotion%20Center%20201705.jpg,42.9689769,141.2198269,Q11521197,札幌市アイヌ文化交流センター (サッポロピリカコタン)
683,カンドゥー幕張新都心,千葉縣,主題公園,4.0,988,主題公園,Chiba Station,9.0,0.70,0.8000,0.5784,0.3581,0.6693,,35.6558889,140.0289439,Q18701116,カンドゥー
980,南蛮文化館,大阪府,美術館,4.3,52,美術館,Osaka Station,0.9,0.70,0.8600,0.3330,0.8536,0.6693,,34.7094170,135.4917500,Q11408411,南蛮文化館
2905,熊本県立美術館分館,熊本縣,美術館,3.9,396,美術館,Kumamoto Station,2.5,0.70,0.7800,0.5019,0.6678,0.6693,http://commons.wikimedia.org/wiki/Special:FilePath/Kumamoto-Prefectural%20Museum%20of%20Art%20pavilion%201.jpg,32.8066944,130.7080000,Q124817868,熊本県立美術館分館
2906,熊本縣傳統工藝館,熊本縣,博物館,3.9,396,博物館,Kumamoto Station,2.5,0.70,0.7800,0.5019,0.6673,0.6693,,32.8075830,130.7068890,Q17228347,熊本県立美術館分館
1332,金子みすゞ記念館,山口縣,人物紀念館,4.2,1318,人物紀念館,Yamaguchi Station,35.5,0.70,0.8400,0.6026,0.1235,0.6691,http://commons.wikimedia.org/wiki/Special:FilePath/Misuzu-museum.jpg,34.3914850,131.1986660,Q132472853,金子みすゞ記念館
273,姬路市立水族館,兵庫縣,水族館,4.1,2033,水族館,Kobe Station,48.6,0.70,0.8200,0.6389,0.0934,0.6690,http://commons.wikimedia.org/wiki/Special:FilePath/Himeji%20City%20Aquarium%20Himeji%20Hyogo%20pref%20Japan01n.jpg,34.8227220,134.6760280,Q2584900,姫路市立水族館
1108,橿原市昆蟲館,奈良縣,昆虫館,4.2,1000,昆虫館,Nara Station,21.0,0.70,0.8400,0.5794,0.1920,0.6690,http://commons.wikimedia.org/wiki/Special:FilePath/Kashihara-City%20Insectarium.JPG,34.4913890,135.8269440,Q11544564,橿原市昆虫館
2624,練馬區立美術館,東京都,美術館,4.1,998,美術館,Tokyo Station,13.4,0.70,0.8200,0.5792,0.2723,0.6690,http://commons.wikimedia.org/wiki/Special:FilePath/Nerima%20art%20museum.JPG,35.7371100,139.6361100,Q11608069,練馬区立美術館
1842,みろくの里,廣島縣,主題樂園,4.0,3144,主題樂園,Hiroshima Station,76.2,0.70,0.8000,0.6754,0.0615,0.6688,,34.4205833,133.3059444,Q11279374,みろくの里
1488,博石館,岐阜縣,鉱物博物館,4.1,2138,鉱物博物館,Gifu Station,59.1,0.70,0.8200,0.6431,0.0781,0.6687,http://commons.wikimedia.org/wiki/Special:FilePath/Hakusekikan%20mineral%20museum.JPG,35.4967420,137.3993750,Q11409010,ストーンミュージアム博石館
2934,大樋美術館,石川縣,私人博物館,4.1,151,私人博物館,Kanazawa Station,1.7,0.70,0.8200,0.4213,0.7432,0.6687,http://commons.wikimedia.org/wiki/Special:FilePath/Ohimuseum%20MG%203362a.JPG,36.5699750,136.6644940,Q11436507,大樋美術館
3356,秋田故里村,秋田縣,主題公園,3.9,4016,主題公園,Akita Station,59.1,0.70,0.7800,0.6959,0.0780,0.6686,http://commons.wikimedia.org/wiki/Special:FilePath/Akita%20Furusato-mura%2C%20Wonder%20Castle%203.jpg,39.2933500,140.5462060,Q11595197,秋田ふるさと村
2732,足尾銅山観光,栃木縣,觀光景點,3.9,3568,觀光景點,Utsunomiya Station,41.7,0.70,0.7800,0.6860,0.1070,0.6685,http://commons.wikimedia.org/wiki/Special:FilePath/Ashio%20Copper%20Mine%20mine%20shaft%20ac%20%281%29.jpg,36.6333000,139.4404000,Q125257662,足尾銅山観光
1848,入船山記念館,廣島縣,博物館,4.2,922,博物館,Hiroshima Station,19.3,0.70,0.8400,0.5726,0.2058,0.6684,http://commons.wikimedia.org/wiki/Special:FilePath/%E5%85%A5%E8%88%B9%E5%B1%B1%E7%B4%80%E5%BF%B5%E9%A4%A8%20%2848118220931%29.jpg,34.2402780,132.5638890,Q11389025,入船山記念館
2056,ブラザーミュージアム,愛知縣,公司博物館,4.3,282,公司博物館,Nagoya Station,6.8,0.70,0.8600,0.4735,0.4239,0.6684,http://commons.wikimedia.org/wiki/Special:FilePath/Brother%20Communication%20Space%20Nagoya%2020110709-001.jpg,35.1189390,136.9208110,Q11334476,ブラザー ミュージアム
157,舞鶴歸國紀念館,京都府,博物館,4.2,1584,博物館,Kyoto Station,66.9,0.70,0.8400,0.6180,0.0696,0.6683,http://commons.wikimedia.org/wiki/Special:FilePath/Hikiage051012.jpg,35.5095000,135.3965830,Q11613714,舞鶴引揚記念館
1434,忍野 しのびの里,山梨縣,主題公園,4.0,2322,主題公園,Kofu Station,32.5,0.70,0.8000,0.6500,0.1334,0.6683,,35.4571944,138.8181944,Q59154259,忍野 しのびの里
2316,JRA競馬博物館,東京都,體育博物館,4.4,567,體育博物館,Tokyo Station,25.3,0.70,0.8800,0.5319,0.1653,0.6681,http://commons.wikimedia.org/wiki/Special:FilePath/JRA-RACING%20MUSEUM.jpg,35.6663610,139.4881390,Q17210727,JRA競馬博物館
700,千葉市花之美術館,千葉縣,美術館,3.9,647,美術館,Chiba Station,4.4,0.70,0.7800,0.5429,0.5314,0.6680,http://commons.wikimedia.org/wiki/Special:FilePath/Floral%20Museum%20of%20Chiba2.jpg,35.6182220,140.0647780,Q11406052,BOTANICA MUSEUM
2070,世界のメダカ館,愛知縣,水族館,4.4,264,水族館,Nagoya Station,9.0,0.70,0.8800,0.4680,0.3564,0.6680,http://commons.wikimedia.org/wiki/Special:FilePath/Medaka%20World%20of%20Higashiyama%20Zoo%20-%201.jpg,35.1579011,136.9795399,Q115283045,世界のメダカ館
2168,热田神宫宝物馆,愛知縣,宝物館,4.0,607,宝物館,Nagoya Station,5.7,0.70,0.8000,0.5376,0.4669,0.6680,http://commons.wikimedia.org/wiki/Special:FilePath/Bunka-Den%20%28Treasure%20Exhibition%20Hall%29%20in%20Atsuta%20Shrine%20-%201.jpg,35.1249170,136.9094530,Q11569116,熱田神宮 宝物館・文化殿
1014,大阪府立狹山池博物館,大阪府,博物館,4.2,990,博物館,Osaka Station,22.3,0.70,0.8400,0.5786,0.1832,0.6679,http://commons.wikimedia.org/wiki/Special:FilePath/Sayamaike-Museum01.JPG,34.5074170,135.5518610,Q11441131,大阪府立狭山池博物館
567,旭川市科学館サイパル,北海道,公開天文台,4.3,1248,公開天文台,Sapporo Station,112.4,0.70,0.8600,0.5980,0.0426,0.6677,http://commons.wikimedia.org/wiki/Special:FilePath/%E3%82%B5%E3%82%A4%E3%83%91%E3%83%AB.JPG,43.7563056,142.3705000,Q11511737,旭川市科学館 サイパル
2072,伊奈生活博物館,愛知縣,陶瓷博物館,4.2,1192,陶瓷博物館,Nagoya Station,32.4,0.70,0.8400,0.5941,0.1339,0.6676,http://commons.wikimedia.org/wiki/Special:FilePath/Inaxlivemuseum%202010.jpg,34.8811780,136.8487030,Q11224073,INAXライブミュージアム
938,大分縣立藝術會館,大分縣,多功能大厅,4.3,108,多功能大厅,Oita Station,2.7,0.70,0.8600,0.3934,0.6530,0.6673,http://commons.wikimedia.org/wiki/Special:FilePath/Oita%20geikan1.jpg,33.2383333,131.6344444,Q11432896,大分県立埋蔵文化財センター
2098,名古屋市下水道科学館,愛知縣,水廠博物館,4.0,320,水廠博物館,Nagoya Station,3.1,0.70,0.8000,0.4840,0.6206,0.6673,http://commons.wikimedia.org/wiki/Special:FilePath/Meijo%20Water%20treatment%20center-01.jpg,35.1921361,136.9028639,Q11361063,ﾒﾀｳｫｰﾀｰ下水道科学館なごや
3445,地圖與測量科學館,茨城縣,科學博物館,4.3,988,科學博物館,Mito Station,45.9,0.70,0.8600,0.5784,0.0982,0.6673,http://commons.wikimedia.org/wiki/Special:FilePath/ChizutoSokuryounoKagakukan.jpg,36.1039530,140.0855830,Q11424135,地図と測量の科学館
3849,瀨戶大橋紀念館,香川縣,科技博物館,4.1,1255,科技博物館,Takamatsu Station,20.2,0.70,0.8200,0.5984,0.1981,0.6673,http://commons.wikimedia.org/wiki/Special:FilePath/Great%20Seto%20Bridge%20Memorial%20Hall%2002.jpg,34.3526940,133.8262060,Q11566602,瀬戸大橋記念館
89,京都市考古資料館,京都府,考古博物館,4.1,390,考古博物館,Kyoto Station,5.2,0.70,0.8200,0.5006,0.4900,0.6672,http://commons.wikimedia.org/wiki/Special:FilePath/KyotoArchaeologicalMuseum.jpg,35.0319570,135.7493820,Q11375124,京都市考古資料館
3571,大町山岳博物館,長野縣,動物園,4.3,851,動物園,Nagano Station,32.3,0.70,0.8600,0.5659,0.1341,0.6672,http://commons.wikimedia.org/wiki/Special:FilePath/20090502oomachisangakuhakubutsukan01.JPG,36.5052500,137.8705556,Q11437989,大町山岳博物館
864,埼玉縣立自然之博物館,埼玉縣,都道府县立博物馆,4.2,1382,都道府县立博物馆,Omiya Station,50.0,0.70,0.8400,0.6065,0.0910,0.6671,http://commons.wikimedia.org/wiki/Special:FilePath/Ngatoro%20Saitamakenritu%20sizennohakubutukan%201.jpg,36.0874200,139.1159050,Q11426751,埼玉県立自然の博物館
935,大分縣立埋藏文化財中心,大分縣,埋藏文化財中心,4.3,108,埋藏文化財中心,Oita Station,2.7,0.70,0.8600,0.3934,0.6505,0.6671,http://commons.wikimedia.org/wiki/Special:FilePath/Oita%20geikan1.jpg,33.2384167,131.6347500,Q11432816,大分県立埋蔵文化財センター
1284,回天記念館,山口縣,纪念博物馆,4.5,431,纪念博物馆,Yamaguchi Station,29.6,0.70,0.9000,0.5089,0.1445,0.6671,http://commons.wikimedia.org/wiki/Special:FilePath/Kaitenkinenkan01.jpg,33.9933330,131.7173890,Q11420194,回天記念館
1963,マイントピア別子,愛媛縣,mining park,3.9,3620,mining park,Matsuyama Station,52.0,0.70,0.7800,0.6872,0.0878,0.6670,http://commons.wikimedia.org/wiki/Special:FilePath/Roadside%20Station%20Mine%20topia%20Besshi.jpg,33.9014444,133.3095000,Q11339828,マイントピア別子
3420,群馬県立歴史博物館,群馬縣,都道府县立博物馆,4.1,687,都道府县立博物馆,Maebashi Station,9.5,0.70,0.8200,0.5480,0.3458,0.6670,http://commons.wikimedia.org/wiki/Special:FilePath/Gunma-pref-History-museum.jpg,36.2985000,139.0794722,Q20982941,群馬県立近代美術館
3422,群馬県立近代美術館,群馬縣,美術館,4.1,687,美術館,Maebashi Station,9.4,0.70,0.8200,0.5480,0.3465,0.6670,http://commons.wikimedia.org/wiki/Special:FilePath/The%20Museum%20of%20Modern%20Art%2C%20Gunma.JPG,36.2987220,139.0786390,Q11609688,群馬県立近代美術館
93,京都府立京都学・歴彩館,京都府,都道府県立図書館,4.1,519,都道府県立図書館,Kyoto Station,7.0,0.70,0.8200,0.5245,0.4159,0.6669,http://commons.wikimedia.org/wiki/Special:FilePath/Kyoto%20Institute%2C%20Library%20and%20Archives%20ac%20%281%29.jpg,35.0486111,135.7666667,Q85875943,京都府立京都学・歴彩館
1790,島根縣立三瓶自然館,島根縣,都道府县立博物馆,4.3,1020,都道府县立博物馆,Matsue Station,53.0,0.70,0.8600,0.5811,0.0861,0.6669,http://commons.wikimedia.org/wiki/Special:FilePath/Shimane%20Prefectural%20Sanbe%20Nature%20Museum.jpg,35.1527278,132.6205472,Q11476474,島根県立三瓶自然館サヒメル
2107,名古屋港シートレインランド,愛知縣,主題樂園,3.9,1189,主題樂園,Nagoya Station,8.6,0.70,0.7800,0.5939,0.3676,0.6669,http://commons.wikimedia.org/wiki/Special:FilePath/Nagoya%20port%20Sea-Train%20Land%2001.JPG,35.0935780,136.8782060,Q11415200,シートレインランド
2836,成田美術館,滋賀縣,美術館,4.1,1945,美術館,Otsu Station,55.2,0.70,0.8200,0.6352,0.0830,0.6669,http://commons.wikimedia.org/wiki/Special:FilePath/Narita%20museum01s3200.jpg,35.3746670,136.2688610,Q11495725,ヤンマーミュージアム
1861,平山郁夫美術館,廣島縣,美術館,4.3,1037,美術館,Hiroshima Station,57.4,0.70,0.8600,0.5825,0.0801,0.6668,http://commons.wikimedia.org/wiki/Special:FilePath/Ikuo%20Hirayama%20Museum.jpg,34.3056944,133.0904167,Q22661322,平山郁夫美術館
2816,ヤンマーミュージアム,滋賀縣,公司博物館,4.1,1945,公司博物館,Otsu Station,55.3,0.70,0.8200,0.6352,0.0829,0.6668,http://commons.wikimedia.org/wiki/Special:FilePath/YANMAR%20MUSEUM%2001.jpg,35.3743333,136.2702222,Q30922619,ヤンマーミュージアム
3357,秋田犬の里,秋田縣,遊客中心,4.1,2095,遊客中心,Akita Station,73.1,0.70,0.8200,0.6414,0.0641,0.6668,http://commons.wikimedia.org/wiki/Special:FilePath/Akita%20Dog%20Visitor%20Center%2020200613.jpg,40.2867389,140.5561278,Q110990382,秋田犬の里
586,札幌市豊平川さけ科学館,北海道,科學博物館,4.1,551,科學博物館,Sapporo Station,7.5,0.70,0.8200,0.5295,0.3987,0.6667,http://commons.wikimedia.org/wiki/Special:FilePath/ToyohiragawaSakeKakagukan2004-5.jpg,43.0011111,141.3433333,Q11521425,札幌市豊平川さけ科学館
3154,福井縣立恐龍博物館,福井縣,古生物博物馆,4.3,741,古生物博物馆,Fukui Station,25.5,0.70,0.8600,0.5543,0.1637,0.6667,http://commons.wikimedia.org/wiki/Special:FilePath/Fukui%20Prefectural%20Dinosaur%20Museum%2020231217.jpg,36.0829090,136.5066660,Q3247157,かつやまディノパーク
428,サホロリゾート ベア・マウンテン,北海道,クマ牧場,4.4,879,クマ牧場,Sapporo Station,118.9,0.70,0.8800,0.5686,0.0404,0.6666,http://commons.wikimedia.org/wiki/Special:FilePath/Sahoro%20Resort%20Bear%20Mountain%20%E3%82%B5%E3%83%9B%E3%83%AD%E3%83%AA%E3%82%BE%E3%83%BC%E3%83%88%20%E3%83%99%E3%82%A2%E3%83%9E%E3%82%A6%E3%83%B3%E3%83%86%E3%83%B306.jpg,43.1780556,142.8077778,Q11305053,サホロリゾート ベア・マウンテン
2763,佐喜眞美術館,沖繩縣,美術館,4.4,320,美術館,Naha Bus Terminal,12.0,0.70,0.8800,0.4840,0.2939,0.6666,http://commons.wikimedia.org/wiki/Special:FilePath/Sakima%20Art%20Museum03n3000.jpg,26.2780280,127.7749720,Q11383094,佐喜眞美術館
2706,日光山輪王寺宝物殿,栃木縣,宝物館,4.2,1170,宝物館,Utsunomiya Station,34.3,0.70,0.8400,0.5926,0.1272,0.6665,http://commons.wikimedia.org/wiki/Special:FilePath/Treasure%20house%20of%20Rinnoji%20Temple.JPG,36.7545167,139.6008075,Q104696769,宝物殿
3519,雲仙岳災害紀念館,長崎縣,火山博物館,4.1,1825,火山博物館,Nagasaki Station,47.2,0.70,0.8200,0.6298,0.0957,0.6665,http://commons.wikimedia.org/wiki/Special:FilePath/Mt%20Unzen%20Disaster%20Memorial%20Hall.jpg,32.7436389,130.3757222,Q28691707,がまだすドーム (雲仙岳災害記念館)
96,京都府立綜合資料館,京都府,都道府县立博物馆,4.1,519,都道府县立博物馆,Kyoto Station,7.2,0.70,0.8200,0.5245,0.4087,0.6662,http://commons.wikimedia.org/wiki/Special:FilePath/Verbundarchiv%20Kyoto.jpg,35.0505560,135.7664170,Q11375271,京都府立京都学・歴彩館
2684,グリムの森,栃木縣,主題公園,4.0,1184,主題公園,Utsunomiya Station,12.8,0.70,0.8000,0.5936,0.2813,0.6662,,36.4490278,139.8587222,Q112082511,グリムの森
2850,滋賀県立美術館,滋賀縣,美術館,4.2,412,美術館,Otsu Station,8.0,0.70,0.8400,0.5052,0.3848,0.6660,http://commons.wikimedia.org/wiki/Special:FilePath/Shiga%20Museum%20of%20Art%20exterior.jpg,34.9704440,135.9421390,Q11564683,滋賀県立美術館
3461,笠間日動美術館,茨城縣,美術館,4.2,844,美術館,Mito Station,19.5,0.70,0.8400,0.5652,0.2037,0.6659,http://commons.wikimedia.org/wiki/Special:FilePath/Kasama%20Nichido%20Museum%20Main%20Building.jpg,36.3844600,140.2584400,Q11599987,笠間日動美術館
871,川口市立科學館,埼玉縣,公開天文台,4.2,599,公開天文台,Omiya Station,12.3,0.70,0.8400,0.5365,0.2886,0.6658,http://commons.wikimedia.org/wiki/Special:FilePath/Kawaguchi%20Science%20Museum.JPG,35.8273330,139.7199170,Q11477989,川口市立科学館・サイエンスワールド
2619,竹久夢二美術館,東京都,美術館,4.2,193,美術館,Tokyo Station,3.7,0.70,0.8400,0.4418,0.5719,0.6657,http://commons.wikimedia.org/wiki/Special:FilePath/Takehisa-Yumeji-Museum.jpg,35.7147300,139.7634900,Q11598754,竹久夢二美術館
2931,四高記念文化交流館,石川縣,旧学校施設,3.9,269,旧学校施設,Kanazawa Station,1.9,0.70,0.7800,0.4695,0.7280,0.6657,http://commons.wikimedia.org/wiki/Special:FilePath/The%20Fourth%20High%20School%20Memorial%20Museum%20of%20Cultural%20Exchange%20Ishikawa.jpg,36.5625000,136.6557780,Q11420187,石川四高記念文化交流館
248,兵庫縣立美術館 原田之森藝廊,兵庫縣,美術館,4.0,445,美術館,Kobe Station,4.6,0.70,0.8000,0.5116,0.5207,0.6656,http://commons.wikimedia.org/wiki/Special:FilePath/140621%20Hyogo%20Prefectural%20Museum%20of%20Art%20Annex%20Kobe%20Japan02s5.jpg,34.7086111,135.2138889,Q11393094,兵庫県立美術館王子分館 原田の森ギャラリー
368,絲綢溫泉,兵庫縣,温泉镇,4.2,1514,温泉镇,Kobe Station,88.7,0.70,0.8400,0.6142,0.0534,0.6656,,35.4580280,134.9661670,Q11308360,シルク温泉 やまびこ
2943,手取魚樂園,石川縣,主題樂園,3.9,2057,主題樂園,Kanazawa Station,18.1,0.70,0.7800,0.6399,0.2161,0.6656,http://commons.wikimedia.org/wiki/Special:FilePath/Tedori%20Fish%20Land.jpg,36.4590830,136.5092500,Q11496930,手取フィッシュランド
1484,光ミュージアム,岐阜縣,博物館,4.3,1111,博物館,Gifu Station,93.6,0.70,0.8600,0.5882,0.0507,0.6655,http://commons.wikimedia.org/wiki/Special:FilePath/Hikari%20museum.jpg,36.1559722,137.2342778,Q5760427,光ミュージアム
1454,釈迦堂遺跡博物館,山梨縣,考古博物館,4.2,634,考古博物館,Kofu Station,13.5,0.70,0.8400,0.5412,0.2698,0.6654,http://commons.wikimedia.org/wiki/Special:FilePath/Shakado%20relics%20museum.JPG,35.6445778,138.7154917,Q11644532,釈迦堂遺跡博物館
1460,ぎふ清流里山公園,岐阜縣,主題公園,3.8,3504,主題公園,Gifu Station,26.2,0.70,0.7600,0.6845,0.1602,0.6654,http://commons.wikimedia.org/wiki/Special:FilePath/Seiryu%20satoyama%20park%20ginza.jpg,35.4764444,137.0334722,Q11508260,ぎふ清流里山公園
3757,富士山樹空の森,靜岡縣,主題公園,4.1,1846,主題公園,Shizuoka Station,56.6,0.70,0.8200,0.6308,0.0812,0.6654,,35.2966667,138.8680556,Q49492347,富士山樹空の森
2900,熊本市水之科學館,熊本縣,水廠博物館,4.2,346,水廠博物館,Kumamoto Station,6.9,0.70,0.8400,0.4906,0.4205,0.6652,http://commons.wikimedia.org/wiki/Special:FilePath/Kumamoto-city%20museum%20of%20water%20science%201.jpg,32.8461111,130.7219444,Q11568018,熊本市水の科学館
3939,鳥取市歷史博物館,鳥取縣,歷史博物館,3.9,249,歷史博物館,Tottori Station,1.7,0.70,0.7800,0.4631,0.7423,0.6652,http://commons.wikimedia.org/wiki/Special:FilePath/Tottori%20City%20Historical%20Museum01n4350.jpg,35.4989000,134.2440000,Q4707166,鳥取市歴史博物館 やまびこ館
2587,澀澤史料館,東京都,人物紀念館,4.1,541,人物紀念館,Tokyo Station,8.0,0.70,0.8200,0.5280,0.3857,0.6650,http://commons.wikimedia.org/wiki/Special:FilePath/%E6%B8%8B%E6%B2%A2%E5%8F%B2%E6%96%99%E9%A4%A8.jpg,35.7491390,139.7392220,Q11254595,渋沢史料館
161,貴船,京都府,門前町,4.4,357,門前町,Kyoto Station,15.1,0.70,0.8800,0.4932,0.2486,0.6648,http://commons.wikimedia.org/wiki/Special:FilePath/Kibune%20Kawadoko01s5s4272.jpg,35.1216667,135.7627778,Q3196329,貴船茶屋
458,函館市青函連絡船紀念館摩周丸,北海道,博物館船,4.1,2198,博物館船,Sapporo Station,153.0,0.70,0.8200,0.6454,0.0316,0.6648,http://commons.wikimedia.org/wiki/Special:FilePath/Mashu-maru%20zenkei.JPG,41.7729440,140.7218890,Q11396003,函館市青函連絡船記念館 摩周丸
884,東武スーパープール,埼玉縣,水上遊樂園,4.0,1273,水上遊樂園,Omiya Station,15.1,0.70,0.8000,0.5996,0.2490,0.6648,http://commons.wikimedia.org/wiki/Special:FilePath/Tobu%20Super%20Pool%20Entrance.jpg,36.0255522,139.7041779,Q11527480,東武スーパープール
3067,橫濱市歷史博物館,神奈川縣,歷史博物館,4.0,923,歷史博物館,Yokohama Station,10.2,0.70,0.8000,0.5727,0.3294,0.6648,http://commons.wikimedia.org/wiki/Special:FilePath/Yokohama%20History%20Museum%2020150201.jpg,35.5502000,139.5780000,Q4902594,横浜市歴史博物館
316,櫻正宗記念館櫻宴,兵庫縣,公司博物館,4.0,841,公司博物館,Kobe Station,9.2,0.70,0.8000,0.5649,0.3527,0.6647,,34.7098610,135.2714170,Q11544833,櫻正宗記念館『櫻宴』
581,札幌市下水道科学館,北海道,科學博物館,4.0,505,科學博物館,Sapporo Station,5.4,0.70,0.8000,0.5222,0.4803,0.6647,http://commons.wikimedia.org/wiki/Special:FilePath/Sapporo%20Sewerage%20Science%20Museum.JPG,43.1169760,141.3426090,Q123124887,札幌市下水道科学館
689,伊能忠敬記念館,千葉縣,人物紀念館,4.1,1676,人物紀念館,Chiba Station,46.2,0.70,0.8200,0.6227,0.0976,0.6646,http://commons.wikimedia.org/wiki/Special:FilePath/The%20Inoh%20Tadataka%20Museum%2004.jpg,35.8883333,140.4972222,Q105188779,伊能忠敬記念館
2275,新潟県立歴史博物館,新潟縣,都道府县立博物馆,4.3,957,都道府县立博物馆,Niigata Station,58.7,0.70,0.8600,0.5757,0.0785,0.6646,http://commons.wikimedia.org/wiki/Special:FilePath/Niigata%20Prefectural%20Museum%20of%20History.jpg,37.4383333,138.7677778,Q11503104,新潟県立歴史博物館
3520,音浴博物館,長崎縣,音楽博物館,4.6,257,音楽博物館,Nagasaki Station,24.6,0.70,0.9200,0.4657,0.1690,0.6646,http://commons.wikimedia.org/wiki/Special:FilePath/MG%200121%20%E9%9F%B3%E6%B5%B4%E5%8D%9A%E7%89%A9%E9%A4%A8.JPG,32.9262780,129.7086390,Q11664299,音浴博物館
327,濱福鶴吟醸工房,兵庫縣,公司博物館,4.0,841,公司博物館,Kobe Station,9.3,0.70,0.8000,0.5649,0.3498,0.6645,,34.7098611,135.2728056,Q11558039,櫻正宗記念館『櫻宴』
2441,奧多摩水與綠接觸館,東京都,水廠博物館,3.9,3523,水廠博物館,Tokyo Station,66.1,0.70,0.7800,0.6850,0.0704,0.6645,http://commons.wikimedia.org/wiki/Special:FilePath/Okutama%20Mizu-to-Midori-no-Fureaikan.jpg,35.7928060,139.0483330,Q11445650,奥多摩 水と緑のふれあい館
3828,丸亀市猪熊弦一郎現代美術館,香川縣,美術館,4.3,660,美術館,Takamatsu Station,24.3,0.70,0.8600,0.5446,0.1707,0.6645,http://commons.wikimedia.org/wiki/Special:FilePath/Marugame%20Genichiro-Inokuma%20Museum%20of%20Contemporary%20Art%20exterior%20ac.jpg,34.2912250,133.7921030,Q11367991,丸亀市猪熊弦一郎現代美術館（MIMOCA）
168,高麗美術館,京都府,美術館,4.5,142,美術館,Kyoto Station,7.7,0.70,0.9000,0.4162,0.3952,0.6644,http://commons.wikimedia.org/wiki/Special:FilePath/Koryo%20Museum.jpg,35.0542920,135.7508070,Q21019672,高麗美術館
1722,江刺藤原之鄉,岩手縣,电影布景,4.0,2441,电影布景,Morioka Station,56.6,0.70,0.8000,0.6542,0.0812,0.6644,http://commons.wikimedia.org/wiki/Special:FilePath/Esashi-fujiharanosato.jpg,39.1944440,141.1888890,Q11260958,歴史公園えさし藤原の郷
2400,勝海舟記念館,東京都,人物紀念館,4.3,376,人物紀念館,Tokyo Station,11.1,0.70,0.8600,0.4975,0.3112,0.6644,http://commons.wikimedia.org/wiki/Special:FilePath/Katsu%20Kaishu%20Memorial%20Museum.jpg,35.6024020,139.6922484,Q97371284,大田区立勝海舟記念館
2940,徳田秋聲記念館,石川縣,人物紀念館,4.1,136,人物紀念館,Kanazawa Station,1.9,0.70,0.8200,0.4126,0.7265,0.6644,http://commons.wikimedia.org/wiki/Special:FilePath/Tokudashuseikinenkan002.jpg,36.5709170,136.6670830,Q11490424,徳田秋聲記念館
3911,円形劇場くらよしフィギュアミュージアム,鳥取縣,博物館,4.2,1123,博物館,Tottori Station,37.9,0.70,0.8400,0.5891,0.1166,0.6644,http://commons.wikimedia.org/wiki/Special:FilePath/Former%20Meirin%20Primary%20School%20Round-shaped%20Building.jpg,35.4292600,133.8152600,Q57744700,円形劇場くらよしフィギュアミュージアム
1094,奈良縣立萬葉文化館,奈良縣,美術館,4.1,1183,美術館,Nara Station,22.6,0.70,0.8200,0.5935,0.1811,0.6642,http://commons.wikimedia.org/wiki/Special:FilePath/Man%27y%C5%8D-%20Museum%20Entrance.jpg,34.4772222,135.8222222,Q11445177,奈良県立万葉文化館
2620,紙幣與郵票博物館,東京都,印刷博物館,4.1,556,印刷博物館,Tokyo Station,8.5,0.70,0.8200,0.5303,0.3701,0.6641,http://commons.wikimedia.org/wiki/Special:FilePath/Museum-gaikan.jpg,35.7543330,139.7393060,Q11263157,お札と切手の博物館
3518,长崎市恐龙博物馆,長崎縣,古生物博物馆,4.1,1108,古生物博物馆,Nagasaki Station,20.3,0.70,0.8200,0.5880,0.1973,0.6641,http://commons.wikimedia.org/wiki/Special:FilePath/Nagasaki%20City%20Dinosaur%20Museum%2020221024.jpg,32.5937778,129.7617500,Q117052982,長崎市恐竜博物館
1756,さんべ縄文の森ミュージアム,島根縣,博物館,4.4,659,博物館,Matsue Station,52.8,0.70,0.8800,0.5445,0.0865,0.6640,http://commons.wikimedia.org/wiki/Special:FilePath/Azukihara.jpg,35.1775377,132.5998059,Q123740216,さんべ縄文の森ミュージアム
2207,豊橋市自然史博物館,愛知縣,自然歷史博物館,4.3,980,自然歷史博物館,Nagoya Station,70.8,0.70,0.8600,0.5777,0.0659,0.6639,http://commons.wikimedia.org/wiki/Special:FilePath/Nonhoi%20park1.jpg,34.7211389,137.4321111,Q55521274,豊橋市自然史博物館
2768,南風原町立南風原文化センター,沖繩縣,博物館,4.3,203,博物館,Naha Bus Terminal,5.9,0.70,0.8600,0.4460,0.4608,0.6639,,26.1869460,127.7304700,Q104784712,南風原町立南風原文化センター
42,石水博物館,三重縣,博物館,4.3,140,博物館,Tsu Station,4.0,0.70,0.8600,0.4150,0.5531,0.6638,http://commons.wikimedia.org/wiki/Special:FilePath/Sekisui%20museum.JPG,34.6979350,136.5047260,Q106211284,石水博物館
507,国立爱奴民族博物馆,北海道,アイヌ博物館,4.1,1731,アイヌ博物館,Sapporo Station,56.4,0.70,0.8200,0.6254,0.0814,0.6638,http://commons.wikimedia.org/wiki/Special:FilePath/Shiraoi-upopoy%2038.jpg,42.5613470,141.3668850,Q116872384,国立アイヌ民族博物館
672,阿伊努民族博物館,北海道,廃止された博物館,4.1,1731,廃止された博物館,Sapporo Station,56.4,0.70,0.8200,0.6254,0.0814,0.6638,http://commons.wikimedia.org/wiki/Special:FilePath/Ainu%20Museum%20building.JPG,42.5613889,141.3669444,Q10333378,国立アイヌ民族博物館
1064,马力欧赛车：酷霸王的挑战,大阪府,機動遊戲,4.0,633,機動遊戲,Osaka Station,7.1,0.70,0.8000,0.5411,0.4131,0.6636,http://commons.wikimedia.org/wiki/Special:FilePath/Mario%20Kart%20Koopa%27s%20Challenge%20%28Universal%20Studios%20Japan%29%201.jpg,34.6679417,135.4305455,Q104125924,マリオカート ～クッパの挑戦状～
1066,高槻市立今城塚古代歴史館,大阪府,博物館,4.3,549,博物館,Osaka Station,19.0,0.70,0.8600,0.5292,0.2082,0.6636,http://commons.wikimedia.org/wiki/Special:FilePath/Imasirotuka-museum%2001.jpg,34.8524350,135.5960140,Q11376793,高槻市立今城塚古代歴史館（いましろ大王の杜）
271,姫路科学館,兵庫縣,科學博物館,4.3,893,科學博物館,Kobe Station,53.9,0.70,0.8600,0.5699,0.0849,0.6635,http://commons.wikimedia.org/wiki/Special:FilePath/%E5%A7%AB%E8%B7%AF%E7%A7%91%E5%AD%A6%E9%A4%A8.jpg,34.8517500,134.6268330,Q11447564,姫路科学館
2806,西表野生生物保護中心,沖繩縣,博物館,4.5,634,博物館,Naha Bus Terminal,433.0,0.70,0.9000,0.5412,0.0114,0.6635,http://commons.wikimedia.org/wiki/Special:FilePath/Iriomote%20wildlife%20conservation%20centre.jpg,24.3308333,123.9088889,Q60986412,西表野生生物保護センター
2037,おかざき世界子ども美術博物館,愛知縣,美術館,4.2,1111,美術館,Nagoya Station,40.6,0.70,0.8400,0.5882,0.1096,0.6634,http://commons.wikimedia.org/wiki/Special:FilePath/OKazaki-Sekai-Kodomo-1.jpg,34.9269500,137.2137810,Q11261375,おかざき世界子ども美術博物館
94,京都府立堂本印象美術館,京都府,美術館,4.1,401,美術館,Kyoto Station,6.2,0.70,0.8200,0.5029,0.4447,0.6633,http://commons.wikimedia.org/wiki/Special:FilePath/Insho-Domoto%20Museum%20of%20Fine%20Arts01s5.jpg,35.0351390,135.7260560,Q11375242,京都府立堂本印象美術館
127,平等院鳳翔館,京都府,博物館,4.5,199,博物館,Kyoto Station,11.7,0.70,0.9000,0.4444,0.2999,0.6633,http://commons.wikimedia.org/wiki/Special:FilePath/Byodoin%20Uji%20Kyoto19s3s4410.jpg,34.8887044,135.8073916,Q11483478,平等院ミュージアム鳳翔館
2140,新美南吉紀念館,愛知縣,人物紀念館,4.2,954,人物紀念館,Nagoya Station,29.2,0.70,0.8400,0.5755,0.1462,0.6633,http://commons.wikimedia.org/wiki/Special:FilePath/Niiminankixhikinenkan.JPG,34.9093390,136.9112030,Q11503947,新美南吉記念館
3122,镰仓文学馆,神奈川縣,历史房屋博物馆,4.1,1002,历史房屋博物馆,Yokohama Station,18.4,0.70,0.8200,0.5796,0.2138,0.6633,http://commons.wikimedia.org/wiki/Special:FilePath/Literature%20Museum%20kamakura.jpg,35.3156000,139.5389444,Q5214583,鎌倉文学館
2529,東京海洋大学マリンサイエンスミュージアム,東京都,大學博物館,4.4,152,大學博物館,Tokyo Station,6.2,0.70,0.8800,0.4219,0.4461,0.6632,,35.6275140,139.7482050,Q133225949,東京海洋大学マリンサイエンスミュージアム
209,NESTA RESORT KOBE,兵庫縣,主題公園,3.7,3586,主題公園,Kobe Station,18.7,0.70,0.7400,0.6865,0.2111,0.6630,,34.8165278,135.0596389,Q27824205,NESTA RESORT KOBE（ネスタリゾート神戸）
2401,北區飛鳥山博物館,東京都,博物館,4.1,501,博物館,Tokyo Station,8.0,0.70,0.8200,0.5215,0.3842,0.6629,http://commons.wikimedia.org/wiki/Special:FilePath/Kita%20Ward%20Asukayama%20Museum.jpg,35.7495833,139.7390278,Q11401205,北区飛鳥山博物館
3368,かみつけの里博物館,群馬縣,考古博物館,4.0,669,考古博物館,Maebashi Station,7.8,0.70,0.8000,0.5457,0.3917,0.6629,http://commons.wikimedia.org/wiki/Special:FilePath/Kamitsukeno-sato%20Museum%20of%20Archaeology.jpg,36.3788056,138.9860556,Q96695273,かみつけの里博物館
3886,海洋堂ホビー館四万十,高知縣,玩具博物館,4.2,1263,玩具博物館,Kochi Station,65.2,0.70,0.8400,0.5990,0.0712,0.6628,http://commons.wikimedia.org/wiki/Special:FilePath/%E6%B5%B7%E6%B4%8B%E5%A0%82%E3%83%9B%E3%83%93%E3%83%BC%E9%A4%A8%20-%20panoramio.jpg,33.1527500,133.0450556,Q118411189,海洋堂ホビー館四万十
184,吉野ヶ里遺跡展示室,佐賀縣,考古博物館,4.2,465,考古博物館,Saga Station,10.6,0.70,0.8400,0.5153,0.3207,0.6627,http://commons.wikimedia.org/wiki/Special:FilePath/%E5%90%89%E9%87%8E%E3%83%B6%E9%87%8C%E9%81%BA%E8%B7%A1%E5%B1%95%E7%A4%BA%E5%AE%A4.JPG,33.3243170,130.3855010,Q137656274,吉野ヶ里遺跡展示室
563,旧青山別邸,北海道,博物館,4.1,1356,博物館,Sapporo Station,33.2,0.70,0.8200,0.6049,0.1309,0.6626,,43.2317270,141.0079570,Q104240374,小樽貴賓館
1250,螢火魷博物館,富山縣,博物館,3.7,2906,博物館,Toyama Station,14.2,0.70,0.7400,0.6688,0.2598,0.6626,http://commons.wikimedia.org/wiki/Special:FilePath/Hotaruika%20Museum%2C%20Toyama%2C%20Japan.jpg,36.7744440,137.3444440,Q11277755,ほたるいかミュージアム
2605,目黒区美術館,東京都,美術館,4.0,636,美術館,Tokyo Station,7.4,0.70,0.8000,0.5415,0.4020,0.6626,http://commons.wikimedia.org/wiki/Special:FilePath/Meguro%20Museum%20of%20Art%2C%20Tokyo.JPG,35.6349070,139.7076630,Q3815450,目黒区美術館
3787,濱松科学館,靜岡縣,科學博物館,4.2,1259,科學博物館,Shizuoka Station,66.2,0.70,0.8400,0.5987,0.0702,0.6626,http://commons.wikimedia.org/wiki/Special:FilePath/HamamatsuSciMus.jpg,34.7049810,137.7398580,Q11557880,浜松科学館 みらいーら
2167,瀬戸蔵ミュージアム,愛知縣,陶瓷博物館,4.1,1054,陶瓷博物館,Nagoya Station,20.8,0.70,0.8200,0.5838,0.1937,0.6625,http://commons.wikimedia.org/wiki/Special:FilePath/Setoguramuseum1.JPG,35.2253860,137.1006640,Q11566675,瀬戸蔵ミュージアム
2409,台東區立書道博物館,東京都,書法美術館,4.1,306,書法美術館,Tokyo Station,4.9,0.70,0.8200,0.4803,0.5046,0.6625,http://commons.wikimedia.org/wiki/Special:FilePath/Taito-Ku%20Calligraphy%20Museum.JPG,35.7246940,139.7764440,Q11411955,台東区立書道博物館
3318,郡山カルチャーパーク,福島縣,主題樂園,4.1,1526,主題樂園,Fukushima Station,44.6,0.70,0.8200,0.6148,0.1008,0.6625,http://commons.wikimedia.org/wiki/Special:FilePath/201505%E9%83%A1%E5%B1%B1%E3%82%AB%E3%83%AB%E3%83%81%E3%83%A3%E3%83%BC%E3%83%91%E3%83%BC%E3%82%AF.JPG,37.3666944,140.3288611,Q11643134,AGCエレクトロニクス郡山カルチャーパーク
2248,十日町市博物館,新潟縣,市立博物館,4.4,707,市立博物館,Niigata Station,89.9,0.70,0.8800,0.5504,0.0527,0.6624,http://commons.wikimedia.org/wiki/Special:FilePath/Tokamachi%20City%20Museum.JPG,37.1408333,138.7558333,Q15867362,十日町市博物館
2267,新潟市新津美術館,新潟縣,美術館,4.0,1271,美術館,Niigata Station,17.2,0.70,0.8000,0.5995,0.2251,0.6624,http://commons.wikimedia.org/wiki/Special:FilePath/Niitsu%20Art%20Museum%20201905.jpg,37.7625280,139.1123610,Q17209769,新潟市新津美術館
2601,畠山紀念館,東京都,美術館,4.2,294,美術館,Tokyo Station,6.5,0.70,0.8400,0.4769,0.4333,0.6624,http://commons.wikimedia.org/wiki/Special:FilePath/Hatakeyama%20Memorial%20Museum.JPG,35.6323060,139.7268900,Q3330210,荏原 畠山美術館
2829,安土城天主信長之館,滋賀縣,博物館,4.0,1777,博物館,Otsu Station,30.4,0.70,0.8000,0.6276,0.1411,0.6624,http://commons.wikimedia.org/wiki/Special:FilePath/Nobunaganoyakata2.jpg,35.1487500,136.1479722,Q3945402,安土城天主 信長の館
2866,草津宿本陣,滋賀縣,本陣,4.1,540,本陣,Otsu Station,8.9,0.70,0.8200,0.5278,0.3603,0.6624,http://commons.wikimedia.org/wiki/Special:FilePath/Kusatsu-juku%20Honjin%20201905-1.jpg,35.0177400,135.9603600,Q77824459,草津宿本陣
2887,北里柴三郎記念館,熊本縣,人物紀念館,4.3,858,人物紀念館,Kumamoto Station,54.1,0.70,0.8600,0.5666,0.0846,0.6624,http://commons.wikimedia.org/wiki/Special:FilePath/Kitasato%20Shibasaburo%20Museum01.jpg,33.1422278,131.0904500,Q11404246,北里柴三郎記念館
483,北海道立文学館,北海道,文學館,4.0,238,文學館,Sapporo Station,2.8,0.70,0.8000,0.4593,0.6449,0.6623,http://commons.wikimedia.org/wiki/Special:FilePath/%E6%9C%AD%E5%B9%8C%E3%81%AE%E6%96%87%E5%AD%A6%E9%A4%A8.JPG,43.0442500,141.3561670,Q11402965,北海道立文学館
2467,戸栗美術館,東京都,陶瓷博物館,4.2,315,陶瓷博物館,Tokyo Station,7.1,0.70,0.8400,0.4827,0.4149,0.6623,http://commons.wikimedia.org/wiki/Special:FilePath/Toguri%20Museum%20of%20Art%202010.jpg,35.6614000,139.6929310,Q11496415,戸栗美術館
406,HOKUBU記念絵画館,北海道,美術館,4.5,42,美術館,Sapporo Station,2.4,0.70,0.9000,0.3154,0.6758,0.6622,,43.0498500,141.3651600,Q28691367,HOKUBU記念絵画館
1028,小西家住宅,大阪府,历史房屋博物馆,4.3,64,历史房屋博物馆,Osaka Station,1.8,0.70,0.8600,0.3501,0.7316,0.6622,http://commons.wikimedia.org/wiki/Special:FilePath/Konishi%20Gisuke%20Shoten.jpg,34.6886940,135.5068890,Q11463585,旧小西家住宅史料館
2914,阿蘇火山博物館,熊本縣,火山博物館,3.9,2603,火山博物館,Kumamoto Station,35.4,0.70,0.7800,0.6596,0.1237,0.6622,http://commons.wikimedia.org/wiki/Special:FilePath/Aso%20Volcano%20Museum.jpg,32.8852778,131.0519444,Q4807478,阿蘇火山博物館
3848,李禹煥美術館,香川縣,美術館,3.9,1333,美術館,Takamatsu Station,12.2,0.70,0.7800,0.6035,0.2915,0.6622,http://commons.wikimedia.org/wiki/Special:FilePath/Lee%20U-Fan%20museum%20%E6%9D%8E%E7%A6%B9%E7%85%A5%E7%BE%8E%E8%A1%93%E9%A4%A8%20%E9%A6%99%E5%B7%9D%E7%9C%8C%E9%A6%99%E5%B7%9D%E9%83%A1%E7%9B%B4%E5%B3%B6%E7%94%BA%E5%AD%97%E5%80%89%E6%B5%A6%20PC192973.jpg,34.4488890,133.9888890,Q11522528,李禹煥美術館
893,澀澤榮一紀念館,埼玉縣,人物紀念館,4.0,2128,人物紀念館,Omiya Station,48.8,0.70,0.8000,0.6427,0.0930,0.6621,http://commons.wikimedia.org/wiki/Special:FilePath/Eiichi%20Shibusawa%20Memorial%20Museum.JPG,36.2342500,139.2639440,Q21653251,渋沢栄一記念館
1433,平山郁夫シルクロード美術館,山梨縣,美術館,4.4,488,美術館,Kofu Station,30.2,0.70,0.8800,0.5193,0.1420,0.6620,http://commons.wikimedia.org/wiki/Special:FilePath/%E5%B9%B3%E5%B1%B1%E9%83%81%E5%A4%AB%E3%82%B7%E3%83%AB%E3%82%AF%E3%83%AD%E3%83%BC%E3%83%89%E7%BE%8E%E8%A1%93%E9%A4%A820220618-P1380431.jpg,35.8793710,138.3594230,Q112090672,平山郁夫シルクロード美術館
3385,太田市美術館・図書館,群馬縣,美術館,4.2,901,美術館,Maebashi Station,29.1,0.70,0.8400,0.5707,0.1465,0.6619,http://commons.wikimedia.org/wiki/Special:FilePath/Art%20Museum%20%26%20Library%2C%20Ota%20ac%20%282%29.jpg,36.2946111,139.3784722,Q60986994,太田市美術館・図書館
3061,横滨三塔,神奈川縣,地貌景观,4.6,34,地貌景观,Yokohama Station,2.8,0.70,0.9200,0.2982,0.6424,0.6617,http://commons.wikimedia.org/wiki/Special:FilePath/Prefectural%20office%20of%20Kanagawa.jpg,35.4526000,139.6485000,Q6135572,横浜三塔ビューポイント（大さん橋）
3193,北九州市立美術館,福岡縣,美術館,4.2,1107,美術館,Hakata Station,48.7,0.70,0.8400,0.5879,0.0930,0.6617,http://commons.wikimedia.org/wiki/Special:FilePath/Kitakyushu%20Municipal%20Museum%20of%20Art%2020090728.JPG,33.8698611,130.8265278,Q3297769,北九州市立美術館
910,醤遊王国,埼玉縣,食品店,4.2,832,食品店,Omiya Station,25.4,0.70,0.8400,0.5640,0.1643,0.6616,http://commons.wikimedia.org/wiki/Special:FilePath/Hidaka%20Saitama%20Shoyu%20kingdom%201.JPG,35.9206670,139.3422500,Q11644497,醤遊王国 本店
2968,西茶屋資料館,石川縣,人物紀念館,4.1,148,人物紀念館,Kanazawa Station,2.4,0.70,0.8200,0.4197,0.6771,0.6616,http://commons.wikimedia.org/wiki/Special:FilePath/Nishichayashiryokan003.jpg,36.5566670,136.6473280,Q11629456,金沢市西茶屋資料館
3057,横浜市民ギャラリー,神奈川縣,美術館,3.7,438,美術館,Yokohama Station,1.9,0.70,0.7400,0.5103,0.7244,0.6615,http://commons.wikimedia.org/wiki/Special:FilePath/Yokohama%20Civic%20Art%20Gallery.JPG,35.4494440,139.6269440,Q11543025,横浜市民ギャラリー
875,川越祭會館,埼玉縣,山車会館,4.2,522,山車会館,Omiya Station,12.9,0.70,0.8400,0.5250,0.2790,0.6614,http://commons.wikimedia.org/wiki/Special:FilePath/Kawagoe%20Festival%20Museum.JPG,35.9243060,139.4823610,Q11479196,川越まつり会館
3433,こもれび森のイバライド,茨城縣,主題公園,3.9,2892,主題公園,Mito Station,51.3,0.70,0.7800,0.6684,0.0888,0.6614,,35.9404170,140.2696940,Q11339218,こもれび森のイバライド
3826,ベネッセハウス,香川縣,飯店,4.6,134,飯店,Takamatsu Station,11.7,0.70,0.9200,0.4114,0.2997,0.6614,http://commons.wikimedia.org/wiki/Special:FilePath/Benesse%20Art%20House%20%286900628038%29.jpg,34.4450000,133.9908890,Q11337013,ベネッセハウス オーバル
125,嵯峨嵐山文華館,京都府,文學館,4.1,487,文學館,Kyoto Station,8.3,0.70,0.8200,0.5192,0.3751,0.6613,http://commons.wikimedia.org/wiki/Special:FilePath/Saga%20Arashiyama%20Museum%20of%20Arts%20and%20Culture.jpg,35.0136111,135.6738889,Q60987195,嵯峨嵐山文華館
515,夕張市石炭博物館,北海道,礦業博物館,4.2,1114,礦業博物館,Sapporo Station,51.9,0.70,0.8400,0.5885,0.0879,0.6613,http://commons.wikimedia.org/wiki/Special:FilePath/Yubari-coalmine-museum.JPG,43.0683890,141.9891670,Q11430194,夕張市石炭博物館
632,石炭の歴史村,北海道,主題公園,4.2,1114,主題公園,Sapporo Station,51.8,0.70,0.8400,0.5885,0.0881,0.6613,http://commons.wikimedia.org/wiki/Special:FilePath/Yubari-coalmine-museum.JPG,43.0672640,141.9879860,Q5774785,夕張市石炭博物館
1617,ヒルゼン高原センター,岡山縣,主題樂園,3.8,4387,主題樂園,Okayama Station,74.1,0.70,0.7600,0.7034,0.0632,0.6613,http://commons.wikimedia.org/wiki/Special:FilePath/Hiruzen%20Kogen%20Center.jpg,35.2908890,133.6353360,Q11330326,ヒルゼン高原センター・ジョイフルパーク
3560,北野カルチュラルセンター,長野縣,美術館,4.1,84,美術館,Nagano Station,1.1,0.70,0.8200,0.3726,0.8154,0.6613,http://commons.wikimedia.org/wiki/Special:FilePath/Kitano%20Cultural%20Centre.jpg,36.6530830,138.1870830,Q11404260,北野カルチュラルセンター
123,小倉百人一首殿堂時雨殿,京都府,文學館,4.1,487,文學館,Kyoto Station,8.3,0.70,0.8200,0.5192,0.3747,0.6612,http://commons.wikimedia.org/wiki/Special:FilePath/%E5%B0%8F%E5%80%89%E7%99%BE%E4%BA%BA%E4%B8%80%E9%A6%96%E3%81%AE%E6%AE%BF%E5%A0%82%E3%83%BB%E6%99%82%E9%9B%A8%E6%AE%BF%20-%20panoramio.jpg,35.0136960,135.6737660,Q7496444,嵯峨嵐山文華館
1325,萩博物館,山口縣,博物館,4.1,1182,博物館,Yamaguchi Station,28.0,0.70,0.8200,0.5934,0.1516,0.6612,http://commons.wikimedia.org/wiki/Special:FilePath/Hagi%20museum%20main%20building.JPG,34.4132500,131.3904720,Q11620299,萩博物館
2884,不知火美術館,熊本縣,美術館,4.3,444,美術館,Kumamoto Station,16.1,0.70,0.8600,0.5114,0.2374,0.6612,http://commons.wikimedia.org/wiki/Special:FilePath/Shiranui.gif,32.6468890,130.6690830,Q17228812,不知火美術館・図書館
3215,平和南緑地展望台,福岡縣,觀景台,4.2,147,觀景台,Hakata Station,3.4,0.70,0.8400,0.4191,0.5949,0.6612,,33.5624444,130.4051944,Q122897885,平和南緑地展望台
1630,倉敷科学センター,岡山縣,科學博物館,4.2,705,科學博物館,Okayama Station,20.0,0.70,0.8400,0.5501,0.2002,0.6611,,34.5356450,133.7691420,Q132642666,ライフパーク倉敷科学センター
2324,NTT技術史料館,東京都,科技博物館,4.4,359,科技博物館,Tokyo Station,18.8,0.70,0.8800,0.4936,0.2105,0.6611,http://commons.wikimedia.org/wiki/Special:FilePath/NTT%20History%20Center%20of%20Technologies.JPG,35.7194278,139.5647667,Q20043894,NTT技術史料館
2013,松山市考古館,愛媛縣,考古博物館,3.9,189,考古博物館,Matsuyama Station,1.5,0.70,0.7800,0.4401,0.7691,0.6609,http://commons.wikimedia.org/wiki/Special:FilePath/Archaeological%20Museum%20at%20Matsuyama%20City.jpg,33.8398000,132.7352560,Q11529852,松山市考古館
2758,中村家住宅,沖繩縣,古民家,4.2,571,古民家,Naha Bus Terminal,14.9,0.70,0.8400,0.5325,0.2517,0.6609,http://commons.wikimedia.org/wiki/Special:FilePath/Nakamura%20House%20Kitanakagusuku01n3104.jpg,26.2900000,127.8006778,Q11365521,中村家住宅
3126,馬之博物館,神奈川縣,博物館,4.0,407,博物館,Yokohama Station,5.1,0.70,0.8000,0.5041,0.4962,0.6609,http://commons.wikimedia.org/wiki/Special:FilePath/Uma%202007%2001%2028.JPG,35.4226670,139.6395830,Q17217536,馬の博物館
2284,燕市産業史料館,新潟縣,工业博物馆,4.3,652,工业博物馆,Niigata Station,31.4,0.70,0.8600,0.5436,0.1372,0.6608,http://commons.wikimedia.org/wiki/Special:FilePath/Tsubame%20Industrial%20Materials%20Museum%20Mar2022-001.jpg,37.6527778,138.9191667,Q11569266,燕市産業史料館
2330,UESHIMA MUSEUM,東京都,現代美術館,4.4,135,現代美術館,Tokyo Station,6.1,0.70,0.8800,0.4120,0.4521,0.6608,,35.6638650,139.7035130,Q137773264,UESHIMA MUSEUM(植島美術館)
3866,高松市歴史資料館,香川縣,歷史博物館,4.2,66,歷史博物館,Takamatsu Station,1.3,0.70,0.8400,0.3526,0.7897,0.6608,http://commons.wikimedia.org/wiki/Special:FilePath/Takamatsu%20City%20Central%20Library%20exterior%20ac%20%281%29.jpg,34.3440590,134.0343720,Q104783879,高松市歴史資料館
1425,山梨県立フラワーセンター ハイジの村,山梨縣,植物園,3.6,3981,植物園,Kofu Station,15.7,0.70,0.7200,0.6952,0.2414,0.6607,http://commons.wikimedia.org/wiki/Special:FilePath/Yamanashi%20Prefectural%20Flower%20Center%20%22Heidi%27s%20Village%22%2003.jpg,35.7808056,138.4649444,Q11469688,ハイジの村
1439,河口湖美術館,山梨縣,美術館,4.2,786,美術館,Kofu Station,24.6,0.70,0.8400,0.5592,0.1689,0.6607,http://commons.wikimedia.org/wiki/Special:FilePath/170504%20Kawaguchiko%20Museum%20of%20Art%20Fujikawaguchiko%20Yamanashi%20pref%20Japan02s3.jpg,35.5191667,138.7705556,Q3329567,河口湖美術館
847,和銅鉱泉,埼玉縣,温泉镇,4.2,1060,温泉镇,Omiya Station,48.9,0.70,0.8400,0.5843,0.0928,0.6606,,36.0398560,139.1064480,Q108452484,和銅鉱泉 ゆの宿 和どう
2851,滋賀県立陶芸の森陶芸館,滋賀縣,陶瓷博物館,3.9,1909,陶瓷博物館,Otsu Station,22.1,0.70,0.7800,0.6336,0.1848,0.6606,http://commons.wikimedia.org/wiki/Special:FilePath/Shigaraki%20Ceramic%20Cultural%20Park15s3872.jpg,34.8843990,136.0577100,Q132731490,滋賀県立陶芸の森
2855,滋賀縣立陶藝之森,滋賀縣,陶瓷博物館,3.9,1909,陶瓷博物館,Otsu Station,22.0,0.70,0.7800,0.6336,0.1852,0.6606,http://commons.wikimedia.org/wiki/Special:FilePath/Shigaraki%20Ceramic%20Cultural%20Park15s3872.jpg,34.8862220,136.0585830,Q11564689,滋賀県立陶芸の森
2034,あま市七宝焼アートヴィレッジ,愛知縣,主題公園,4.0,597,主題公園,Nagoya Station,7.6,0.70,0.8000,0.5362,0.3965,0.6605,http://commons.wikimedia.org/wiki/Special:FilePath/Shippo%20Art%20Village-20150201.jpg,35.1836690,136.7992530,Q22117790,あま市七宝焼アートヴィレッジ 七宝焼ふれあい伝承館
2822,信楽古陶館,滋賀縣,陶瓷博物館,3.9,1909,陶瓷博物館,Otsu Station,22.2,0.70,0.7800,0.6336,0.1838,0.6605,http://commons.wikimedia.org/wiki/Special:FilePath/071020%20Shigaraki%20Kotokan%20Koka%20Shiga%20pref%20Japan01s5.jpg,34.8860833,136.0612500,Q17211447,滋賀県立陶芸の森
265,太閤之湯,兵庫縣,即日來回溫泉,3.7,2718,即日來回溫泉,Kobe Station,14.8,0.70,0.7400,0.6632,0.2529,0.6603,http://commons.wikimedia.org/wiki/Special:FilePath/161112%20Taikou-no-yu%20spa%20Arima%20Onsen%20Kobe%20Japan01s3.jpg,34.7975970,135.2520420,Q28692452,太閤の湯
709,千葉縣立現代產業科學館,千葉縣,科技博物館,4.1,936,科技博物館,Chiba Station,19.8,0.70,0.8200,0.5739,0.2014,0.6603,http://commons.wikimedia.org/wiki/Special:FilePath/Chiba%20Museum%20of%20Science%20and%20Industry.jpg,35.7150000,139.9327778,Q5095308,千葉県立現代産業科学館
778,館山市立博物館,千葉縣,博物館,3.9,3059,博物館,Chiba Station,74.0,0.70,0.7800,0.6731,0.0633,0.6603,http://commons.wikimedia.org/wiki/Special:FilePath/%E9%A4%A8%E5%B1%B1%E5%B8%82%E7%AB%8B%E5%8D%9A%E7%89%A9%E9%A4%A8%20-%20panoramio.jpg,34.9824900,139.8545100,Q71906226,渚の博物館 (館山市立博物館分館)
1994,子規堂,愛媛縣,人物紀念館,3.8,226,人物紀念館,Matsuyama Station,1.3,0.70,0.7600,0.4550,0.7976,0.6603,http://commons.wikimedia.org/wiki/Special:FilePath/Shikido1.jpg,33.8345830,132.7633890,Q11447937,子規堂
2672,青梅鐵道公園,東京都,鉄道公園,4.1,1424,鉄道公園,Tokyo Station,47.1,0.70,0.8200,0.6090,0.0959,0.6603,http://commons.wikimedia.org/wiki/Special:FilePath/OmeRailwayPark-c.jpg,35.7923000,139.2630000,Q11662011,青梅鉄道公園
174,中富記念藥物博物館,佐賀縣,歷史博物館,4.3,563,歷史博物館,Saga Station,24.8,0.70,0.8600,0.5313,0.1678,0.6602,http://commons.wikimedia.org/wiki/Special:FilePath/Nakatomi%20Memorial%20Medicine%20Museum.jpg,33.3978000,130.5109528,Q11363052,中冨記念くすり博物館
2561,横山大観記念館,東京都,人物紀念館,4.0,270,人物紀念館,Tokyo Station,3.4,0.70,0.8000,0.4698,0.5926,0.6602,http://commons.wikimedia.org/wiki/Special:FilePath/Yokoyama%20Taikan%20Memorial%20Hall.JPG,35.7120950,139.7681660,Q30925115,横山大観記念館
3465,茨城県天心記念五浦美術館,茨城縣,美術館,4.2,1112,美術館,Mito Station,59.6,0.70,0.8400,0.5883,0.0775,0.6602,,36.8395000,140.7990000,Q7700648,茨城県天心記念五浦美術館
3633,真田寶物館,長野縣,歷史博物館,4.0,676,歷史博物館,Nagano Station,8.8,0.70,0.8000,0.5466,0.3618,0.6602,http://commons.wikimedia.org/wiki/Special:FilePath/Sanada%20Tresures%20Museum.jpg,36.5640000,138.1974720,Q11583381,真田宝物館
429,サンピアザ水族館,北海道,水族館,3.8,1481,水族館,Sapporo Station,10.4,0.70,0.7600,0.6123,0.3239,0.6601,http://commons.wikimedia.org/wiki/Special:FilePath/Sanpiaza%20Suizokukan.jpg,43.0369444,141.4716667,Q11305917,新さっぽろサンピアザ水族館
1987,四國鐵道文化館,愛媛縣,鐵路博物館,4.3,710,鐵路博物館,Matsuyama Station,41.1,0.70,0.8600,0.5507,0.1084,0.6601,http://commons.wikimedia.org/wiki/Special:FilePath/Shikoku%20Railway%20Cultural%20Center%20north%20wing.jpg,33.9127778,133.1883333,Q11419786,鉄道歴史パーク in SAIJO(四国鉄道文化館・十河信二記念館)
2025,鉄道歴史パーク in SAIJO,愛媛縣,鉄道公園,4.3,710,鉄道公園,Matsuyama Station,41.1,0.70,0.8600,0.5507,0.1084,0.6601,,33.9129722,133.1881944,Q11649748,鉄道歴史パーク in SAIJO(四国鉄道文化館・十河信二記念館)
2574,江東区芭蕉記念館,東京都,人物紀念館,3.8,400,人物紀念館,Tokyo Station,2.7,0.70,0.7600,0.5027,0.6529,0.6601,http://commons.wikimedia.org/wiki/Special:FilePath/Basho%20kinenkan.jpg,35.6844190,139.7962620,Q809981,江東区芭蕉記念館
2919,トレインパーク白山,石川縣,鐵路博物館,4.1,661,鐵路博物館,Kanazawa Station,12.5,0.70,0.8200,0.5447,0.2865,0.6601,http://commons.wikimedia.org/wiki/Special:FilePath/%E3%83%88%E3%83%AC%E3%82%A4%E3%83%B3%E3%83%91%E3%83%BC%E3%82%AF%E7%99%BD%E5%B1%B1.jpg,36.5144440,136.5333330,Q126200035,トレインパーク白山
276,孫文紀念館,兵庫縣,Sun Yat-sen Memorial Hall,4.2,533,Sun Yat-sen Memorial Hall,Kobe Station,14.2,0.70,0.8400,0.5267,0.2598,0.6600,http://commons.wikimedia.org/wiki/Special:FilePath/Ijokaku01s2040.jpg,34.6301110,135.0343610,Q11448952,孫文記念館
3321,郡山市立美術館,福島縣,美術館,4.2,965,美術館,Fukushima Station,40.3,0.70,0.8400,0.5764,0.1103,0.6600,http://commons.wikimedia.org/wiki/Special:FilePath/Koriyama%20City%20Museum%20of%20Art.jpg,37.3926670,140.4198610,Q11643178,郡山市立美術館
3505,远藤周作文学馆,長崎縣,人物紀念館,4.3,464,人物紀念館,Nagasaki Station,18.3,0.70,0.8600,0.5151,0.2150,0.6600,http://commons.wikimedia.org/wiki/Special:FilePath/Shusaku%20Endo%20Literary%20Museum.jpg,32.8358650,129.7026930,Q93429,遠藤周作文学館
1145,仙台文学館,宮城縣,文學館,4.0,316,文學館,Sendai Station,4.1,0.70,0.8000,0.4830,0.5502,0.6599,http://commons.wikimedia.org/wiki/Special:FilePath/Sendai%20Bungaku%20kan1%20crop.jpg,38.2966220,140.8760860,Q11378011,仙台文学館
3190,北九州市科学館,福岡縣,科學博物館,4.2,1021,科學博物館,Hakata Station,47.6,0.70,0.8400,0.5812,0.0950,0.6599,,33.8716667,130.8086111,Q124867042,スペースLABO（北九州市科学館）
698,千葉市立加曽利貝塚博物館,千葉縣,考古博物館,4.0,372,考古博物館,Chiba Station,4.8,0.70,0.8000,0.4966,0.5082,0.6598,http://commons.wikimedia.org/wiki/Special:FilePath/KasoriShellMoundsMuseum20110918.jpg,35.6237250,140.1651920,Q104696860,千葉市立加曽利貝塚博物館
1194,大淀川学習館,宮崎縣,科學博物館,4.4,93,科學博物館,Miyazaki Station,4.4,0.70,0.8800,0.3810,0.5335,0.6597,,31.9488611,131.4065000,Q97212589,大淀川学習館
357,神户市水科学博物馆,兵庫縣,科學博物館,3.9,189,科學博物館,Kobe Station,1.6,0.70,0.7800,0.4401,0.7560,0.6596,http://commons.wikimedia.org/wiki/Special:FilePath/Kobe%20water%20science%20museum03s3200.jpg,34.6938889,135.1758333,Q11589929,神戸市水の科学博物館
1662,巴西公园鹫羽山游乐场,岡山縣,主題樂園,3.9,2055,主題樂園,Okayama Station,26.9,0.70,0.7800,0.6398,0.1568,0.6596,http://commons.wikimedia.org/wiki/Special:FilePath/%E9%B7%B2%E7%BE%BD%E5%B1%B1%E3%83%8F%E3%82%A4%E3%83%A9%E3%83%B3%E3%83%89%20-%20panoramio.jpg,34.4461110,133.7979170,Q10345405,ブラジリアンパーク 鷲羽山ハイランド
1847,健康科學館,廣島縣,科學博物館,4.0,224,科學博物館,Hiroshima Station,2.9,0.70,0.8000,0.4542,0.6331,0.6596,http://commons.wikimedia.org/wiki/Special:FilePath/Hiroshima%20Koto%20Kogyo%20Gakko%20140811.JPG,34.3762780,132.4571390,Q11387212,広島市健康づくりセンター 健康科学館
2425,國立科學博物館附屬自然教育園,東京都,植物園,3.9,679,植物園,Tokyo Station,6.5,0.70,0.7800,0.5470,0.4344,0.6595,http://commons.wikimedia.org/wiki/Special:FilePath/Pond%20-%20Institute%20for%20Nature%20Study%2C%20Tokyo%20-%20DSC02096.JPG,35.6360070,139.7213120,Q5557026,台北駐日経済文化代表処
480,北海道立北方民族博物館,北海道,都道府县立博物馆,4.3,987,都道府县立博物馆,Sapporo Station,254.7,0.70,0.8600,0.5783,0.0193,0.6594,http://commons.wikimedia.org/wiki/Special:FilePath/130713%20Hokkaido%20Museum%20of%20Northern%20Peoples%20Abashiri%20Hokkaido%20Japan02s3.jpg,43.9967500,144.2396670,Q11402956,北海道立北方民族博物館
2018,生樹の御門,愛媛縣,巨樹,4.6,287,巨樹,Matsuyama Station,51.1,0.70,0.9200,0.4749,0.0891,0.6594,http://commons.wikimedia.org/wiki/Special:FilePath/%E5%A4%A7%E5%B1%B1%E7%A5%87%E7%A5%9E%E7%A4%BE%20%E7%94%9F%E6%A8%B9%E3%81%AE%E5%BE%A1%E9%96%80.JPG,34.2477780,133.0084720,Q17192836,生樹の御門
3188,北九州市漫画ミュージアム,福岡縣,博物館,4.2,1046,博物館,Hakata Station,54.2,0.70,0.8400,0.5832,0.0845,0.6594,,33.8875000,130.8847222,Q121084173,北九州市漫画ミュージアム
3855,豊島横尾館,香川縣,美術館,4.2,546,美術館,Takamatsu Station,15.2,0.70,0.8400,0.5287,0.2474,0.6594,http://commons.wikimedia.org/wiki/Special:FilePath/Setouchi%20Triennale%20-Teshima%20Yokoo%20House%20%EF%BC%88%E8%B1%8A%E5%B3%B6%E6%A8%AA%E5%B0%BE%E9%A4%A8%EF%BC%89%E6%A8%AA%E5%B0%BE%E5%BF%A0%E5%89%87-%E6%B0%B8%E5%B1%B1%E8%A3%95%E5%AD%90%20DSCF2301.JPG,34.4868610,134.0596110,Q17217541,豊島横尾館
4002,鹿兒島近代文學館,鹿兒島縣,文學館,3.9,201,文學館,Kagoshima-Chuo Station,1.8,0.70,0.7800,0.4452,0.7385,0.6594,http://commons.wikimedia.org/wiki/Special:FilePath/Kagoshima%20City%20Modern%20Literature%20Museum.JPG,31.5962500,130.5525000,Q11263686,鹿児島市中央公民館
38,波羅蜜多博物館,三重縣,美術館,4.2,840,美術館,Tsu Station,31.1,0.70,0.8400,0.5648,0.1387,0.6593,http://commons.wikimedia.org/wiki/Special:FilePath/Paramita%20museum.jpg,35.0127820,136.4898250,Q17221655,パラミタミュージアム
2358,一葉紀念館,東京都,人物紀念館,4.0,411,人物紀念館,Tokyo Station,5.5,0.70,0.8000,0.5050,0.4784,0.6593,http://commons.wikimedia.org/wiki/Special:FilePath/Ichiyo%20Memorial%20Museum.JPG,35.7255560,139.7928060,Q11353179,台東区立一葉記念館
991,堺市立ビッグバン,大阪府,科學博物館,4.0,1351,科學博物館,Osaka Station,23.1,0.70,0.8000,0.6046,0.1776,0.6592,http://commons.wikimedia.org/wiki/Special:FilePath/Big-Bang-of-Osaka-Pref002.JPG,34.4948610,135.5137220,Q11441052,堺市立ビッグバン
1304,日清議和紀念館,山口縣,博物館,4.3,757,博物館,Yamaguchi Station,54.4,0.70,0.8600,0.5561,0.0841,0.6592,http://commons.wikimedia.org/wiki/Special:FilePath/Museum%20of%20Treaty%20of%20Shimonoseki%20in%20Shumpanro%20Hotel.JPG,33.9590000,130.9483333,Q61732106,日清講和記念館
1329,赤間神宮宝物殿,山口縣,博物館,4.3,757,博物館,Yamaguchi Station,54.4,0.70,0.8600,0.5561,0.0842,0.6592,,33.9595460,130.9484810,Q132496860,日清講和記念館
167,風俗博物館,京都府,時裝博物館,3.8,185,時裝博物館,Kyoto Station,1.0,0.70,0.7600,0.4383,0.8361,0.6591,http://commons.wikimedia.org/wiki/Special:FilePath/Izutsu-Samegai%20building.jpg,34.9933890,135.7533330,Q11665410,風俗博物館
1356,土門拳記念館,山形縣,人物紀念館,4.3,842,人物紀念館,Yamagata Station,83.8,0.70,0.8600,0.5650,0.0563,0.6591,http://commons.wikimedia.org/wiki/Special:FilePath/Ken%20Domon%20Museum%20of%20Photography%2C%2022%20September%202009%2C%20002.jpg,38.8912990,139.8237160,Q3539675,土門拳写真美術館
2922,中谷宇吉郎雪の科学館,石川縣,科學博物館,4.3,647,科學博物館,Kanazawa Station,35.8,0.70,0.8600,0.5429,0.1226,0.6591,http://commons.wikimedia.org/wiki/Special:FilePath/Nakaya%20Ukichoro%20Museum%20of%20Snow%20and%20Ice.JPG,36.3524444,136.3625000,Q17226278,中谷宇吉郎雪の科学館
3821,Ando Museum,香川縣,博物館,4.0,899,博物館,Takamatsu Station,12.9,0.70,0.8000,0.5705,0.2787,0.6590,,34.4594253,133.9970343,Q135903981,ANDO MUSEUM
3996,鹿兒島市中央公民館,鹿兒島縣,建築物,3.9,201,建築物,Kagoshima-Chuo Station,1.8,0.70,0.7800,0.4452,0.7341,0.6590,http://commons.wikimedia.org/wiki/Special:FilePath/Kagoshima%20City%20Public%20Hall%20ac%20%281%29.jpg,31.5952780,130.5544440,Q11676534,鹿児島市中央公民館
154,立命館大学国際平和ミュージアム,京都府,大學博物館,4.2,237,大學博物館,Kyoto Station,6.0,0.70,0.8400,0.4589,0.4525,0.6589,http://commons.wikimedia.org/wiki/Special:FilePath/Ritsumeikan-Univ-Kinugasa-04.jpg,35.0336944,135.7273056,Q6452177,立命館大学国際平和ミュージアム
1584,郡上八幡博覧館,岐阜縣,博物館,4.0,1785,博物館,Gifu Station,42.4,0.70,0.8000,0.6280,0.1055,0.6589,http://commons.wikimedia.org/wiki/Special:FilePath/Gujo-Hachiman%20Hakurankan%202019-08%20ac%20%281%29.jpg,35.7534444,136.9571389,Q48748520,郡上八幡博覧館
2844,海洋堂フィギュアミュージアム黒壁龍遊館,滋賀縣,公司博物館,4.1,1408,公司博物館,Otsu Station,55.8,0.70,0.8200,0.6081,0.0823,0.6587,http://commons.wikimedia.org/wiki/Special:FilePath/Kaiy%C5%8Dd%C5%8D%20Figure%20Museum%20Kurokabe%20Ry%C5%ABy%C5%ABkan%2020210626%2001.jpg,35.3811940,136.2683890,Q11558989,海洋堂フィギュアミュージアム黒壁 龍遊館
2878,黒壁ガラス館,滋賀縣,美術館,4.1,1408,美術館,Otsu Station,55.6,0.70,0.8200,0.6081,0.0825,0.6587,http://commons.wikimedia.org/wiki/Special:FilePath/Kurokabe%20glass%20hall0s32001.jpg,35.3806670,136.2670830,Q11678066,海洋堂フィギュアミュージアム黒壁 龍遊館
469,北海道Greenland,北海道,主題樂園,4.0,1658,主題樂園,Sapporo Station,36.5,0.70,0.8000,0.6218,0.1206,0.6586,http://commons.wikimedia.org/wiki/Special:FilePath/Hokkaido-Greenland-amusement-park.JPG,43.1658333,141.7800000,Q11402472,北海道グリーンランド
430,トロッコ王国美深,北海道,主題公園,4.5,491,主題公園,Sapporo Station,191.3,0.70,0.9000,0.5198,0.0255,0.6585,http://commons.wikimedia.org/wiki/Special:FilePath/Bifuka%20Torokko%20Oukoku%20draisines.jpg,44.5475000,142.5698330,Q11322179,トロッコ王国 美深
750,波波丘,千葉縣,鐵路博物館,4.1,1222,鐵路博物館,Chiba Station,38.0,0.70,0.8200,0.5962,0.1162,0.6585,http://commons.wikimedia.org/wiki/Special:FilePath/Poppo-no-Oka1.jpg,35.2983611,140.2764722,Q48744243,いすみポッポの丘
3429,高崎市美術館,群馬縣,美術館,4.1,464,美術館,Maebashi Station,8.9,0.70,0.8200,0.5151,0.3594,0.6585,http://commons.wikimedia.org/wiki/Special:FilePath/Takasaki%20Museum%20of%20Art.jpg,36.3207220,139.0106110,Q11669765,高崎市美術館
1513,奥の細道むすびの地記念館,岐阜縣,博物館,3.9,1306,博物館,Gifu Station,14.4,0.70,0.7800,0.6018,0.2584,0.6584,http://commons.wikimedia.org/wiki/Special:FilePath/%C5%8Cgaki%20City%20Basho%27s%20Oku%20no%20Hosomichi%20Haiku%20Journey%20Museum.jpg,35.3562222,136.6118333,Q17224675,奥の細道むすびの地記念館
3484,堂崎天主堂,長崎縣,キリスト教博物館,4.3,839,キリスト教博物館,Nagasaki Station,96.6,0.70,0.8600,0.5647,0.0492,0.6583,http://commons.wikimedia.org/wiki/Special:FilePath/Douzaki%20Church%20in%20Nagasaki.JPG,32.7558610,128.8371940,Q11427886,堂崎天主堂キリシタン資料館
3873,伊野町紙之博物館,高知縣,紙博物館,4.1,567,紙博物館,Kochi Station,11.3,0.70,0.8200,0.5319,0.3060,0.6582,http://commons.wikimedia.org/wiki/Special:FilePath/%E3%81%84%E3%81%AE%E7%94%BA%E7%B4%99%E3%81%AE%E5%8D%9A%E7%89%A9%E9%A4%A8.jpg,33.5477778,133.4230833,Q15228713,いの町 紙の博物館
3980,田中一村記念美術館,鹿兒島縣,美術館,4.4,696,美術館,Kagoshima-Chuo Station,361.3,0.70,0.8800,0.5491,0.0136,0.6581,http://commons.wikimedia.org/wiki/Special:FilePath/Isson%20Tanaka%20Memorial%20Art%20Museum.jpg,28.4180790,129.6942240,Q123366330,田中一村記念美術館
1296,山口縣廳舍,山口縣,历史建筑,3.9,173,历史建筑,Yamaguchi Station,1.6,0.70,0.7800,0.4327,0.7622,0.6580,http://commons.wikimedia.org/wiki/Special:FilePath/%E5%B1%B1%E5%8F%A3%E7%9C%8C%E6%94%BF%E8%B3%87%E6%96%99%E9%A4%A8.jpg,34.1850830,131.4720280,Q11467018,山口県政資料館
1897,筆の里工房,廣島縣,博物館,4.0,746,博物館,Hiroshima Station,11.0,0.70,0.8000,0.5549,0.3120,0.6577,http://commons.wikimedia.org/wiki/Special:FilePath/%E7%AD%86%E3%81%AE%E9%87%8C01.jpg,34.3427180,132.5753530,Q11602688,筆の里工房
3434,つくばわんわんランド,茨城縣,主題公園,3.8,3148,主題公園,Mito Station,40.5,0.70,0.7600,0.6755,0.1100,0.6577,http://commons.wikimedia.org/wiki/Special:FilePath/TsukubaWanWanLand%28Entrance%29.jpg,36.2036670,140.0751940,Q17215455,つくばわんわんランド
1470,フェザーミュージアム,岐阜縣,公司博物館,4.3,395,公司博物館,Gifu Station,16.6,0.70,0.8600,0.5016,0.2314,0.6576,http://commons.wikimedia.org/wiki/Special:FilePath/Feather%20Museum%201.JPG,35.4835360,136.9151360,Q11294725,フェザーミュージアム
2032,あいち朝日遺跡ミュージアム,愛知縣,考古博物館,4.1,301,考古博物館,Nagoya Station,5.9,0.70,0.8200,0.4789,0.4590,0.6576,http://commons.wikimedia.org/wiki/Special:FilePath/Asahi%20museum3.jpg,35.2178630,136.8514420,Q132755779,あいち朝日遺跡ミュージアム
2054,ネックス・プラザ,愛知縣,交通博物館,4.2,142,交通博物館,Nagoya Station,3.8,0.70,0.8400,0.4162,0.5662,0.6575,http://commons.wikimedia.org/wiki/Special:FilePath/%E5%90%8D%E5%8F%A4%E5%B1%8B%E5%B8%82%E5%8C%97%E5%8C%BA%E3%83%8D%E3%83%83%E3%82%AF%E3%82%B9%E3%83%97%E3%83%A9%E3%82%B6.JPG,35.1947860,136.9118640,Q11325393,ネックス・プラザ 名古屋高速道路広報資料センター
2470,文京故鄉歷史館,東京都,地方文化館,4.0,221,地方文化館,Tokyo Station,3.1,0.70,0.8000,0.4531,0.6152,0.6575,http://commons.wikimedia.org/wiki/Special:FilePath/Furusato%20History%20Museum%2C%20Bunkyo%2002.jpg,35.7080000,139.7566000,Q11499743,文京ふるさと歴史館
3063,橫濱Sky Walk,神奈川縣,步行者專用道路,4.3,132,步行者專用道路,Yokohama Station,4.9,0.70,0.8600,0.4101,0.5040,0.6574,http://commons.wikimedia.org/wiki/Special:FilePath/Yokohama-Skywalk%2CSkytower.JPG,35.4588611,139.6762778,Q11542858,横浜スカイウォーク スカイタワー
568,旭川拉麵村,北海道,商號,3.8,4080,商號,Sapporo Station,116.9,0.70,0.7600,0.6973,0.0410,0.6573,,43.7819444,142.4144444,Q11087091,あさひかわラーメン村
1446,甲府市武田氏館跡歴史館,山梨縣,歷史博物館,3.8,299,歷史博物館,Kofu Station,2.2,0.70,0.7600,0.4784,0.6977,0.6573,http://commons.wikimedia.org/wiki/Special:FilePath/Shingen%20Museum%202019a.jpg,35.6852194,138.5771056,Q63457212,甲府市武田氏館跡歴史館
1683,美星天文台,岡山縣,博物館,4.3,590,博物館,Okayama Station,34.1,0.70,0.8600,0.5352,0.1278,0.6573,,34.6720000,133.5453611,Q11609097,美星天文台
3801,酪農王国オラッチェ,靜岡縣,主題公園,3.9,2559,主題公園,Shizuoka Station,58.8,0.70,0.7800,0.6582,0.0783,0.6573,,35.1032500,139.0147778,Q72515975,酪農王国オラッチェ
536,小樽芸術村,北海道,公司博物館,4.5,300,公司博物館,Sapporo Station,31.8,0.70,0.9000,0.4786,0.1360,0.6572,http://commons.wikimedia.org/wiki/Special:FilePath/Nitori%20Otaru%20Art%20Base%2002.jpg,43.1980556,141.0019444,Q30227146,似鳥美術館（旧北海道拓殖銀行小樽支店）
1741,远野市市立博物馆,岩手縣,圖書館,4.4,504,圖書館,Morioka Station,53.5,0.70,0.8800,0.5220,0.0855,0.6572,http://commons.wikimedia.org/wiki/Special:FilePath/Tono%20municipal%20museum02s3200.jpg,39.3277500,141.5289170,Q11642429,遠野市立博物館
2254,寺泊水族博物館,新潟縣,水族館,4.0,1641,水族館,Niigata Station,40.7,0.70,0.8000,0.6209,0.1093,0.6572,http://commons.wikimedia.org/wiki/Special:FilePath/Teradomari%20Aquarium%2003.jpg,37.6338889,138.7602778,Q61722200,長岡市寺泊水族博物館
3894,高知市立自由民權紀念館,高知縣,博物館,3.8,356,博物館,Kochi Station,2.7,0.70,0.7600,0.4929,0.6531,0.6572,http://commons.wikimedia.org/wiki/Special:FilePath/Kochi%20Liberty%20and%20Peoples%20Rights%20Museum03s3200.jpg,33.5431110,133.5502500,Q11672370,高知市立自由民権記念館
2017,瓶泥舎びいどろ・ぎやまん・ガラス美術館,愛媛縣,美術館,4.7,23,美術館,Matsuyama Station,3.2,0.70,0.9400,0.2665,0.6100,0.6570,,33.8534270,132.7823020,Q123532547,瓶泥舎(びんでいしゃ)びいどろ・ぎやまん・ガラス美術館
3016,大磯長灘,神奈川縣,水上遊樂園,4.0,1545,水上遊樂園,Yokohama Station,35.8,0.70,0.8000,0.6159,0.1226,0.6570,http://commons.wikimedia.org/wiki/Special:FilePath/OISO.jpg,35.3016667,139.2833333,Q11438299,大磯ロングビーチ
790,南方熊楠紀念館,和歌山縣,人物紀念館,4.3,713,人物紀念館,Wakayama Station,61.3,0.70,0.8600,0.5511,0.0754,0.6569,http://commons.wikimedia.org/wiki/Special:FilePath/%E5%8D%97%E6%96%B9%E7%86%8A%E6%A5%A0%E8%A8%98%E5%BF%B5%E9%A4%A8.JPG,33.6937220,135.3362780,Q11407875,南方熊楠記念館
1258,魚津埋没林博物館,富山縣,博物館,4.0,1167,博物館,Toyama Station,21.1,0.70,0.8000,0.5924,0.1918,0.6569,http://commons.wikimedia.org/wiki/Special:FilePath/Uozu%20Buried%20Forest%20Museum%20ac%20%281%29.jpg,36.8225000,137.3950000,Q11674014,魚津埋没林博物館
2997,ヨコハマおもしろ水族館,神奈川縣,水族館,4.1,163,水族館,Yokohama Station,3.3,0.70,0.8200,0.4277,0.6055,0.6569,http://commons.wikimedia.org/wiki/Special:FilePath/Yokohama%20Fortune%20Aquarium.jpg,35.4429440,139.6445830,Q17230652,横浜開運水族館 フォーチュンアクアリウム
176,佐賀大学美術館,佐賀縣,大學博物館,4.0,159,大學博物館,Saga Station,2.2,0.70,0.8000,0.4256,0.6915,0.6568,http://commons.wikimedia.org/wiki/Special:FilePath/Saga%20University%20Art%20Museum%202016.JPG,33.2443944,130.2922444,Q28684603,佐賀大学美術館
224,世界扑满博物館,兵庫縣,博物館,4.4,333,博物館,Kobe Station,21.9,0.70,0.8800,0.4874,0.1858,0.6568,http://commons.wikimedia.org/wiki/Special:FilePath/Amashin-Piggy%20bank.jpg,34.7166940,135.4134170,Q11362202,尼崎信用金庫 世界の貯金箱博物館
1189,追分溫泉,宮城縣,温泉镇,4.2,948,温泉镇,Sendai Station,55.4,0.70,0.8400,0.5749,0.0828,0.6568,,38.5814770,141.3681890,Q108603935,追分温泉
1981,内子町木蠟資料館上芳我邸,愛媛縣,历史房屋博物馆,4.3,566,历史房屋博物馆,Matsuyama Station,32.7,0.70,0.8600,0.5317,0.1325,0.6568,http://commons.wikimedia.org/wiki/Special:FilePath/Kamihaga%20Residence.jpg,33.5572560,132.6537770,Q123556061,木蝋資料館 上芳我邸
2877,长滨铁道广场,滋賀縣,鐵路博物館,4.1,1306,鐵路博物館,Otsu Station,55.2,0.70,0.8200,0.6018,0.0830,0.6568,http://commons.wikimedia.org/wiki/Special:FilePath/Nagahama-Station-First-building2020.jpg,35.3768810,136.2658000,Q11653326,長浜鉄道スクエア
3686,八戸市埋蔵文化財センター 是川縄文館,青森縣,埋藏文化財中心,4.3,749,埋藏文化財中心,Aomori Station,74.7,0.70,0.8600,0.5552,0.0627,0.6568,http://commons.wikimedia.org/wiki/Special:FilePath/Korekawajomonkan.jpg,40.4755556,141.4883611,Q11391172,八戸市埋蔵文化財センター 是川縄文館
3923,池本喜巳小さな写真美術館,鳥取縣,攝影博物館,4.7,7,攝影博物館,Tottori Station,0.6,0.70,0.9400,0.1744,0.8851,0.6568,,35.4952640,134.2328030,Q138261683,池本喜巳小さな写真美術館 / 池本喜巳写真事務所
591,札幌村郷土記念館,北海道,地方文化館,4.2,92,地方文化館,Sapporo Station,2.5,0.70,0.8400,0.3801,0.6667,0.6567,http://commons.wikimedia.org/wiki/Special:FilePath/%E6%9C%AD%E5%B9%8C%E6%9D%91%E9%83%B7%E5%9C%9F%E8%A8%98%E5%BF%B5%E9%A4%A8.JPG,43.0805556,141.3769444,Q11521442,札幌村郷土記念館
1083,奈良トヨタ・まほろばミュージアム,奈良縣,公司博物館,4.2,83,公司博物館,Nara Station,2.2,0.70,0.8400,0.3716,0.6921,0.6567,http://commons.wikimedia.org/wiki/Special:FilePath/NARA%20TOYOTA%20MAHOROBA%20MUSEUM.jpg,34.6681610,135.7996470,Q136745798,奈良トヨタ まほろばミュージアム
1138,中本誠司現代美術館,宮城縣,历史房屋博物馆,4.4,79,历史房屋博物馆,Sendai Station,4.2,0.70,0.8800,0.3675,0.5439,0.6566,http://commons.wikimedia.org/wiki/Special:FilePath/Seishinakamotomuseum.jpg,38.2947220,140.8630560,Q22119783,中本誠司現代美術館
189,川古のクス,佐賀縣,巨樹,4.2,717,巨樹,Saga Station,28.3,0.70,0.8400,0.5515,0.1502,0.6565,http://commons.wikimedia.org/wiki/Special:FilePath/Kawako%20camphor%20tree.jpg,33.2518330,129.9933330,Q112167804,川古の大楠公園
1550,杉原千畝記念館,岐阜縣,博物館,4.2,819,博物館,Gifu Station,37.7,0.70,0.8400,0.5627,0.1170,0.6565,http://commons.wikimedia.org/wiki/Special:FilePath/The%20Chiune%20Sugihara%20Memorial%20Hall%2020210723%2002.jpg,35.4666667,137.1666667,Q47417030,杉原千畝記念館
2419,国立近現代建築資料館,東京都,國家檔案館,4.1,157,國家檔案館,Tokyo Station,3.2,0.70,0.8200,0.4246,0.6109,0.6565,http://commons.wikimedia.org/wiki/Special:FilePath/National%20Archives%20of%20Modern%20Architecture%20in%20Japan%201.jpg,35.7098361,139.7666389,Q28312009,国立近現代建築資料館
1139,仙台万華鏡美術館,宮城縣,美術館,4.0,820,美術館,Sendai Station,13.2,0.70,0.8000,0.5628,0.2754,0.6564,http://commons.wikimedia.org/wiki/Special:FilePath/Sendai%20Kaleidoscope%20Art%20Museum.jpg,38.2213889,140.7400833,Q38267005,仙台万華鏡美術館
1855,奥田元宋・小由女美術館,廣島縣,人物紀念館,4.2,934,人物紀念館,Hiroshima Station,55.4,0.70,0.8400,0.5737,0.0828,0.6564,http://commons.wikimedia.org/wiki/Special:FilePath/GensoSayume.JPG,34.7763889,132.8683333,Q22118199,奥田元宋·小由女美術館
3046,曾我梅林,神奈川縣,觀光景點,4.2,861,觀光景點,Yokohama Station,43.1,0.70,0.8400,0.5669,0.1039,0.6564,,35.2994444,139.1930556,Q105448979,曽我梅林
1610,おかやまフォレストパーク ドイツの森,岡山縣,主題公園,3.8,2311,主題公園,Okayama Station,23.9,0.70,0.7600,0.6496,0.1731,0.6562,http://commons.wikimedia.org/wiki/Special:FilePath/Okayama%20Agriculture%20Park%20German%20Forest%20Kronenberg%2001.jpg,34.8667222,134.0134722,Q11261717,おかやまフォレストパーク ドイツの森
2743,鹽原溫泉,栃木縣,温泉郷,4.1,1198,温泉郷,Utsunomiya Station,46.0,0.70,0.8200,0.5946,0.0980,0.6562,http://commons.wikimedia.org/wiki/Special:FilePath/Yuppo%20no%20Sato.JPG,36.9685000,139.8231000,Q11428634,湯っ歩
3748,修善寺虹之鄉,靜岡縣,主題公園,3.8,3158,主題公園,Shizuoka Station,47.6,0.70,0.7600,0.6758,0.0951,0.6562,http://commons.wikimedia.org/wiki/Special:FilePath/Nijinosato%2020121104%20Entrance.jpg,34.9745690,138.9109240,Q3459356,修善寺 虹の郷
2068,三河武士のやかた家康館,愛知縣,歷史博物館,4.1,1061,歷史博物館,Nagoya Station,34.6,0.70,0.8200,0.5844,0.1262,0.6559,http://commons.wikimedia.org/wiki/Special:FilePath/The%20Iyeyasu%20And%20Mikawa%20Bushi%20Museum%202019-12%20ac.jpg,34.9577333,137.1588306,Q27850747,三河武士のやかた家康館
2086,南山大学人類学博物館,愛知縣,博物館,4.6,74,博物館,Nagoya Station,7.7,0.70,0.9200,0.3621,0.3926,0.6559,http://commons.wikimedia.org/wiki/Special:FilePath/Nanzanjinpaku.jpg,35.1498860,136.9626170,Q11407757,南山大学 人類学博物館
2696,奥鬼怒溫泉鄉,栃木縣,温泉郷,4.2,921,温泉郷,Utsunomiya Station,56.6,0.70,0.8400,0.5725,0.0811,0.6559,,36.8686110,139.3938890,Q11446183,奥鬼怒温泉 加仁湯
3309,福島市飯野UFO交流館,福島縣,天文博物館,3.9,868,天文博物館,Fukushima Station,9.9,0.70,0.7800,0.5676,0.3362,0.6559,http://commons.wikimedia.org/wiki/Special:FilePath/UFO%20fureaikan.jpg,37.6877222,140.5341111,Q11593098,UFOふれあい館
3805,阿豆佐和氣神社的大楠,靜岡縣,巨樹,4.7,192,巨樹,Shizuoka Station,63.5,0.70,0.9400,0.4414,0.0730,0.6557,http://commons.wikimedia.org/wiki/Special:FilePath/Azusawake%20Jinja%20no%20Okusu%20-02.jpg,35.1005000,139.0678194,Q60403026,大楠
533,小樽オルゴール堂,北海道,音楽博物館,4.4,383,音楽博物館,Sapporo Station,31.0,0.70,0.8800,0.4991,0.1390,0.6556,http://commons.wikimedia.org/wiki/Special:FilePath/Otaru-orgel-do%2CMusical%20box%20museum%2C%E5%B0%8F%E6%A8%BD%E3%82%AA%E3%83%AB%E3%82%B4%E3%83%BC%E3%83%AB%E5%A0%826180194.JPG,43.1906020,141.0077700,Q48765500,小樽オルゴール堂2号館アンティークミュージアム
3412,神流町恐竜センター,群馬縣,古生物博物馆,4.1,1096,古生物博物馆,Maebashi Station,39.5,0.70,0.8200,0.5871,0.1123,0.6554,http://commons.wikimedia.org/wiki/Special:FilePath/Kanna%20Dinosaur%20Center%202.jpg,36.0919485,138.8204303,Q55533662,神流町恐竜センター
410,えこりん村,北海道,主題公園,4.0,1264,主題公園,Sapporo Station,27.1,0.70,0.8000,0.5990,0.1559,0.6553,http://commons.wikimedia.org/wiki/Special:FilePath/Ecorin-mura2.jpg,42.8722222,141.5472222,Q11260956,えこりん村
2412,吉村昭記念文学館,東京都,人物紀念館,4.4,119,人物紀念館,Tokyo Station,6.7,0.70,0.8800,0.4015,0.4287,0.6553,http://commons.wikimedia.org/wiki/Special:FilePath/Yuinomori%20Arakawa.jpg,35.7395000,139.7841944,Q38277897,吉村昭記念文学館
351,神戶時尚美術館,兵庫縣,美術館,3.9,738,美術館,Kobe Station,8.5,0.70,0.7800,0.5540,0.3699,0.6552,http://commons.wikimedia.org/wiki/Special:FilePath/Kobe%20fashion%20museum03bs3200.jpg,34.6883330,135.2706390,Q11589762,神戸ゆかりの美術館
355,神戶藝術博物館,兵庫縣,美術館,3.9,738,美術館,Kobe Station,8.5,0.70,0.7800,0.5540,0.3699,0.6552,http://commons.wikimedia.org/wiki/Special:FilePath/Kobe%20Yukari%20Art%20Museum02s3264.jpg,34.6883330,135.2706390,Q11589726,神戸ゆかりの美術館
887,桶川飛行学校平和祈念館,埼玉縣,和平博物館,4.2,420,和平博物館,Omiya Station,13.4,0.70,0.8400,0.5068,0.2718,0.6552,http://commons.wikimedia.org/wiki/Special:FilePath/Okegawa%20Saitama%20Okegawa%20Flight%20School%20Peace%20Memorial%20Hall%20Entrance%201.jpg,35.9893889,139.5161944,Q108335102,桶川飛行学校平和祈念館
1043,汤木美术馆,大阪府,美術館,4.0,123,美術館,Osaka Station,1.8,0.70,0.8000,0.4043,0.7390,0.6552,http://commons.wikimedia.org/wiki/Special:FilePath/Yuki-museum.JPG,34.6875000,135.5022500,Q11563573,湯木美術館
2612,福澤諭吉記念慶應義塾史展示館,東京都,纪念博物馆,4.5,53,纪念博物馆,Tokyo Station,4.1,0.70,0.9000,0.3345,0.5487,0.6552,http://commons.wikimedia.org/wiki/Special:FilePath/Old%20Keio%20University%20Library%205.jpg,35.6494210,139.7438030,Q133305825,福澤諭吉記念 慶應義塾史展示館
2946,栢野大杉,石川縣,巨樹,4.4,445,巨樹,Kanazawa Station,46.7,0.70,0.8800,0.5116,0.0966,0.6551,http://commons.wikimedia.org/wiki/Special:FilePath/Kayano%20%C5%8Csugi%2020070814.jpg,36.2275000,136.3600000,Q5600400,栢野の大杉（天覧の大杉）
2628,臺北駐日本經濟文化代表處台灣文化中心,東京都,文化中心,4.0,128,文化中心,Tokyo Station,1.9,0.70,0.8000,0.4076,0.7276,0.6550,http://commons.wikimedia.org/wiki/Special:FilePath/Taiwan%20Cultural%20Center%2C%20Taipei%20Economic%20and%20Cultural%20Representative%20Office.jpg,35.6700690,139.7515480,Q62029384,台湾文化センター
446,二風谷アイヌ文化博物館,北海道,アイヌ博物館,4.2,972,アイヌ博物館,Sapporo Station,81.4,0.70,0.8400,0.5770,0.0579,0.6549,http://commons.wikimedia.org/wiki/Special:FilePath/Nibutani%20Ainu%20Culture%20Museum.JPG,42.6369320,142.1567210,Q11371926,平取町立二風谷アイヌ文化博物館
1415,富士すばるランド,山梨縣,主題公園,4.0,1289,主題公園,Kofu Station,29.0,0.70,0.8000,0.6007,0.1470,0.6549,,35.4572222,138.7588889,Q49492343,富士すばるランド
3747,佐野美術館,靜岡縣,美術館,4.1,1174,美術館,Shizuoka Station,50.6,0.70,0.8200,0.5929,0.0900,0.6549,http://commons.wikimedia.org/wiki/Special:FilePath/Sano%20Art%20Museum.jpg,35.1149444,138.9159167,Q11385099,佐野美術館
1880,廣島市鄉土資料館,廣島縣,地方文化館,4.0,235,地方文化館,Hiroshima Station,3.7,0.70,0.8000,0.4582,0.5729,0.6548,http://commons.wikimedia.org/wiki/Special:FilePath/Hiroshima%20City%20Museum%20of%20History%20and%20Traditional%20Hiroshima%20ac%20%282%29.jpg,34.3659722,132.4618333,Q5771219,広島市郷土資料館
1652,大橋家住宅,岡山縣,历史房屋博物馆,4.4,246,历史房屋博物馆,Okayama Station,15.8,0.70,0.8800,0.4621,0.2406,0.6547,http://commons.wikimedia.org/wiki/Special:FilePath/Kurashiki%20Ohashi%20House01n4592.jpg,34.5969170,133.7683890,Q11436586,大橋家住宅
1909,ひの字渓谷,德島縣,谷地,4.5,358,谷地,Tokushima Station,70.1,0.70,0.9000,0.4934,0.0666,0.6547,http://commons.wikimedia.org/wiki/Special:FilePath/%E3%81%B2%E3%81%AE%E5%AD%97%E6%B8%93%E8%B0%B7%2001%2020200802.jpg,33.9083333,133.8175000,Q107723579,ひの字渓谷展望所
3361,秋田縣立博物館,秋田縣,都道府县立博物馆,4.1,533,都道府县立博物馆,Akita Station,12.4,0.70,0.8200,0.5267,0.2869,0.6547,http://commons.wikimedia.org/wiki/Special:FilePath/Exterior%20of%20Akita%20Prefectural%20Museum%2020180818a.jpg,39.8172222,140.0661111,Q11595445,秋田県立博物館
3467,茨城県陶芸美術館,茨城縣,陶瓷博物館,4.0,1000,陶瓷博物館,Mito Station,19.1,0.70,0.8000,0.5794,0.2078,0.6546,http://commons.wikimedia.org/wiki/Special:FilePath/Ibaraki%20Ceramic%20Art%20Museum.JPG,36.3723130,140.2631650,Q132183583,茨城県陶芸美術館
455,函館市北方民族資料館,北海道,银行建筑物,4.3,772,银行建筑物,Sapporo Station,153.9,0.70,0.8600,0.5577,0.0315,0.6545,http://commons.wikimedia.org/wiki/Special:FilePath/Hakodate%20City%20Museum%20of%20Northern%20Peoples01n.jpg,41.7671320,140.7119650,Q27644574,函館市北方民族資料館
1087,奈良市埋蔵文化財調査センター,奈良縣,埋藏文化財中心,4.5,24,埋藏文化財中心,Nara Station,1.8,0.70,0.9000,0.2700,0.7352,0.6545,,34.6702620,135.8035390,Q25051731,奈良市埋蔵文化財調査センター
2709,日光東照宮宝物館,栃木縣,宝物館,4.2,726,宝物館,Utsunomiya Station,34.5,0.70,0.8400,0.5526,0.1267,0.6545,,36.7559447,139.6002424,Q135975455,宝物館
3207,太宰府遊園地,福岡縣,主題樂園,3.9,1049,主題樂園,Hakata Station,13.2,0.70,0.7800,0.5834,0.2744,0.6545,http://commons.wikimedia.org/wiki/Special:FilePath/Dazaifu%20Amuzement%20Park%2020150815.jpg,33.5211390,130.5368060,Q11271553,だざいふ遊園地
181,佐賀縣立名護屋城博物館,佐賀縣,都道府县立博物馆,4.2,832,都道府县立博物馆,Saga Station,49.3,0.70,0.8400,0.5640,0.0921,0.6544,http://commons.wikimedia.org/wiki/Special:FilePath/NagoyaC%20museum.jpg,33.5277778,129.8702778,Q4801489,佐賀県立名護屋城博物館
601,標津鮭魚科學館,北海道,水族館,4.2,1126,水族館,Sapporo Station,311.4,0.70,0.8400,0.5894,0.0158,0.6544,http://commons.wikimedia.org/wiki/Special:FilePath/Shibetsu%20Salmon%20Museum.JPG,43.6600830,145.1161390,Q11542208,標津サーモン科学館
1653,奈義町現代美術館,岡山縣,現代美術館,4.2,864,現代美術館,Okayama Station,56.0,0.70,0.8400,0.5672,0.0820,0.6544,http://commons.wikimedia.org/wiki/Special:FilePath/Nagi%20MOCA.jpg,35.1239440,134.1749440,Q15933226,奈義町現代美術館
1728,盛岡市遺跡の学び館,岩手縣,考古博物館,4.0,94,考古博物館,Morioka Station,1.3,0.70,0.8000,0.3819,0.7981,0.6544,,39.6920560,141.1285560,Q11581389,盛岡市遺跡の学び館
3179,二見ヶ浦,福岡縣,觀光景點,4.5,217,觀光景點,Hakata Station,21.5,0.70,0.9000,0.4516,0.1888,0.6544,http://commons.wikimedia.org/wiki/Special:FilePath/Futamigaura%20Beach%20from%20observation%20deck%20of%20Futamigaura%20Cemetery%201.JPG,33.6404722,130.1966389,Q21654514,桜井二見ヶ浦
1123,飛鳥資料館,奈良縣,附属機関,4.2,568,附属機関,Nara Station,21.8,0.70,0.8400,0.5320,0.1866,0.6543,http://commons.wikimedia.org/wiki/Special:FilePath/Nabunken-asuka.jpg,34.4845040,135.8249620,Q4811853,奈良文化財研究所飛鳥資料館
2664,雑司が谷旧宣教師館,東京都,历史房屋博物馆,4.1,272,历史房屋博物馆,Tokyo Station,6.1,0.70,0.8200,0.4704,0.4513,0.6543,,35.7207222,139.7205833,Q3915272,豊島区立 雑司が谷旧宣教師館（旧マッケーレブ邸）
197,村岡総本舗羊羹資料館,佐賀縣,食物博物館,4.1,418,食物博物館,Saga Station,9.6,0.70,0.8200,0.5064,0.3427,0.6542,http://commons.wikimedia.org/wiki/Special:FilePath/%E6%9D%91%E5%B2%A1%E7%B7%8F%E6%9C%AC%E8%88%97%E7%BE%8A%E7%BE%B9%E8%B3%87%E6%96%99%E9%A4%A8.jpg,33.3013400,130.2043100,Q128213520,村岡総本舗 羊羹資料館
425,オホーツクミュージアムえさし,北海道,博物館,4.6,305,博物館,Sapporo Station,230.3,0.70,0.9200,0.4800,0.0213,0.6541,http://commons.wikimedia.org/wiki/Special:FilePath/OME%20-%20outside.jpg,44.9439940,142.5718960,Q26257945,オホーツクミュージアムえさし
1814,知夫赤壁,島根縣,觀光景點,4.7,179,觀光景點,Matsue Station,62.2,0.70,0.9400,0.4355,0.0744,0.6541,http://commons.wikimedia.org/wiki/Special:FilePath/%E6%B5%B7%E3%81%8B%E3%82%89%E8%A6%8B%E3%82%8B%E7%9F%A5%E5%A4%AB%E8%B5%A4%E5%A3%81.jpg,36.0211970,133.0022470,Q11584562,隠岐知夫赤壁
164,醍醐寺霊宝館,京都府,宝物館,4.6,60,宝物館,Kyoto Station,6.7,0.70,0.9200,0.3448,0.4261,0.6540,,34.9510180,135.8192850,Q133289013,霊宝館
63,ウトロ平和祈念館,京都府,歷史博物館,4.4,189,歷史博物館,Kyoto Station,11.8,0.70,0.8800,0.4401,0.2980,0.6538,,34.8806115,135.7741665,Q123091932,ウトロ平和祈念館
2640,虹の下水道館,東京都,水廠博物館,4.0,336,水廠博物館,Tokyo Station,5.6,0.70,0.8000,0.4881,0.4739,0.6538,http://commons.wikimedia.org/wiki/Special:FilePath/Tokyo%20Sewerage%20Museum%20%22Rainbow%22.jpg,35.6331670,139.7838060,Q11625416,東京都虹の下水道館
2594,田河水泡・のらくろ館,東京都,動漫博物館,4.1,141,動漫博物館,Tokyo Station,3.2,0.70,0.8200,0.4156,0.6097,0.6537,,35.6852222,139.8021944,Q17209701,田河水泡・のらくろ館
3865,香川縣立東山魁夷瀨戶內美術館,香川縣,人物紀念館,4.1,733,人物紀念館,Takamatsu Station,20.4,0.70,0.8200,0.5534,0.1967,0.6537,http://commons.wikimedia.org/wiki/Special:FilePath/Kphsam01s3872.jpg,34.3493830,133.8241890,Q11667379,香川県立東山魁夷せとうち美術館
3890,足摺海底館,高知縣,觀光塔,4.3,712,觀光塔,Kochi Station,107.6,0.70,0.8600,0.5510,0.0444,0.6537,http://commons.wikimedia.org/wiki/Special:FilePath/%E8%B6%B3%E6%91%BA%E6%B5%B7%E5%BA%95%E9%A4%A8.jpg,32.7859722,132.8601389,Q48748845,天然ミュージアム・足摺海底館
363,立杭陶之鄉,兵庫縣,陶瓷博物館,4.0,1313,陶瓷博物館,Kobe Station,33.8,0.70,0.8000,0.6022,0.1289,0.6536,http://commons.wikimedia.org/wiki/Special:FilePath/140510%20Tamba%20Traditional%20Art%20Craft%20Park%20Sue%20no%20Sato%20Sasayama%20Hyogo%20pref%20Japan02s3.jpg,34.9810280,135.1316110,Q17229092,丹波伝統工芸公園 立杭陶の郷 (窯元横丁)
3413,竹久夢二伊香保記念館,群馬縣,人物紀念館,4.1,682,人物紀念館,Maebashi Station,18.4,0.70,0.8200,0.5474,0.2140,0.6536,http://commons.wikimedia.org/wiki/Special:FilePath/Takehisa%20Yumeji%20Ikaho%20Art%20Museum.JPG,36.4997222,138.9269444,Q30933837,竹久夢二伊香保記念館
338,石之寶殿,兵庫縣,遺跡,4.4,381,遺跡,Kobe Station,36.8,0.70,0.8800,0.4986,0.1196,0.6535,http://commons.wikimedia.org/wiki/Special:FilePath/Ishi-no-hoden%20%2C%20%E7%9F%B3%E3%81%AE%E5%AE%9D%E6%AE%BF%20-%20panoramio%20%283%29.jpg,34.7825417,134.7952167,Q11584736,石の宝殿
1645,吉備路文学館,岡山縣,文學館,4.1,59,文學館,Okayama Station,1.1,0.70,0.8200,0.3434,0.8240,0.6534,http://commons.wikimedia.org/wiki/Special:FilePath/Kibiji%20Literary%20Museum10n4000.jpg,34.6751660,133.9238820,Q132323362,吉備路文学館
2969,輪島キリコ会館,石川縣,山車会館,4.0,1780,山車会館,Kanazawa Station,93.9,0.70,0.8000,0.6277,0.0505,0.6534,http://commons.wikimedia.org/wiki/Special:FilePath/Wajima%20Kiriko%20Art%20Museum%20ac%20%283%29.jpg,37.3970620,136.9076550,Q113163171,輪島キリコ会館
165,野村美術館,京都府,美術館,4.1,187,美術館,Kyoto Station,4.4,0.70,0.8200,0.4392,0.5343,0.6532,http://commons.wikimedia.org/wiki/Special:FilePath/%E7%BE%8E%E8%A1%93%E9%A4%A8%E5%A4%96%E8%A6%B3.jpg,35.0129170,135.7933330,Q11645680,野村美術館
443,中札内美術村,北海道,庭園,4.5,388,庭園,Sapporo Station,153.9,0.70,0.9000,0.5001,0.0315,0.6532,http://commons.wikimedia.org/wiki/Special:FilePath/131013%20Nakasatsunai%20Art%20Village%20Hokkaido%20Japan00s3.jpg,42.6775000,143.1625000,Q17225728,六花亭アートヴィレッジ 中札内美術村
1248,立川破火山口水土流失预防博物馆,富山縣,博物館,4.3,425,博物館,Toyama Station,24.6,0.70,0.8600,0.5078,0.1687,0.6532,http://commons.wikimedia.org/wiki/Special:FilePath/080503%20Tateyama%20Caldera%20Sabo%20Museum%20Tatetana%20Japan10s.jpg,36.5822780,137.4458610,Q30112754,富山県 立山カルデラ砂防博物館
1416,富士吉田市立富士山レーダードーム館,山梨縣,気象博物館,4.1,911,気象博物館,Kofu Station,31.5,0.70,0.8200,0.5716,0.1368,0.6532,http://commons.wikimedia.org/wiki/Special:FilePath/Mount%20Fuji%20Radar%20Dome%20Museum%20s2.JPG,35.4577780,138.8036110,Q11455940,富士吉田市立 富士山レーダードーム館
2232,ビュー福島潟,新潟縣,博物館,3.9,1136,博物館,Niigata Station,15.7,0.70,0.7800,0.5901,0.2420,0.6532,http://commons.wikimedia.org/wiki/Special:FilePath/View%20fukushimagata.jpg,37.9135556,139.2402778,Q11330973,水の駅「ビュー福島潟」
2534,東京都埋藏文化財中心,東京都,埋藏文化財中心,4.4,349,埋藏文化財中心,Tokyo Station,31.3,0.70,0.8800,0.4913,0.1379,0.6532,http://commons.wikimedia.org/wiki/Special:FilePath/TOKYO%20METROPOLITAN%20ARCHAEOLOGICAL%20CENTER.jpg,35.6260560,139.4277220,Q11525278,東京都埋蔵文化財センター
570,月形樺戸博物館,北海道,監獄博物館,4.3,531,監獄博物館,Sapporo Station,39.6,0.70,0.8600,0.5264,0.1121,0.6531,http://commons.wikimedia.org/wiki/Special:FilePath/Tsukigata%20Kabato%20museum.jpg,43.3391110,141.6689720,Q11516088,月形樺戸博物館
3657,野尻湖ナウマンゾウ博物館,長野縣,古生物博物馆,4.0,1006,古生物博物馆,Nagano Station,21.1,0.70,0.8000,0.5799,0.1915,0.6531,http://commons.wikimedia.org/wiki/Special:FilePath/230807%20Nojiriko%20Naumann%20Elephant%20Museum%20Shinano%20Nagano%20pref%20Japan01s3.jpg,36.8322790,138.2062090,Q18338769,野尻湖ナウマンゾウ博物館
1130,みやぎ東日本大震災津波伝承館,宮城縣,海嘯博物館,4.3,534,海嘯博物館,Sendai Station,40.8,0.70,0.8600,0.5269,0.1091,0.6530,,38.4180833,141.3048056,Q109255730,みやぎ東日本大震災津波伝承館
3250,門司電氣通信懷舊館,福岡縣,历史建筑,4.4,451,历史建筑,Hakata Station,64.4,0.70,0.8800,0.5127,0.0720,0.6530,http://commons.wikimedia.org/wiki/Special:FilePath/Moji%20Telecommunication%20Museum%20ac.jpg,33.9502780,130.9669440,Q11654990,門司電気通信レトロ館
3376,原美術館ARC,群馬縣,博物馆建筑,4.1,644,博物馆建筑,Maebashi Station,17.5,0.70,0.8200,0.5426,0.2223,0.6530,http://commons.wikimedia.org/wiki/Special:FilePath/Haramuseumarc.JPG,36.5027700,138.9452800,Q60400398,原美術館ARC
827,Yaoko川越美術館,埼玉縣,人物紀念館,4.3,262,人物紀念館,Omiya Station,12.4,0.70,0.8600,0.4673,0.2872,0.6529,http://commons.wikimedia.org/wiki/Special:FilePath/Yaoko%20Kawagoe%20Museum%20aka%20Yuji%20Misu%20Memorial%20Hall.jpg,35.9285560,139.4890560,Q11344966,ヤオコー川越美術館
1016,大阪府立近飛鳥博物館,大阪府,都道府县立博物馆,4.1,816,都道府县立博物馆,Osaka Station,26.0,0.70,0.8200,0.5624,0.1614,0.6529,http://commons.wikimedia.org/wiki/Special:FilePath/Chikatsu%20asuka%20museum01s3592.jpg,34.5030556,135.6436111,Q4557237,大阪府立近つ飛鳥博物館
1249,蜃景樂園,富山縣,主題樂園,4.0,930,主題樂園,Toyama Station,18.9,0.70,0.8000,0.5733,0.2092,0.6529,http://commons.wikimedia.org/wiki/Special:FilePath/Mirage%20Land.jpg,36.8000000,137.3858333,Q11342840,ミラージュランド
2589,物流博物館,東京都,交通博物館,4.0,382,交通博物館,Tokyo Station,6.6,0.70,0.8000,0.4988,0.4312,0.6528,http://commons.wikimedia.org/wiki/Special:FilePath/Museum%20of%20Logistics.JPG,35.6290900,139.7322340,Q21654524,物流博物館
1860,尾道市立美術館,廣島縣,美術館,4.2,846,美術館,Hiroshima Station,66.1,0.70,0.8400,0.5654,0.0703,0.6527,http://commons.wikimedia.org/wiki/Special:FilePath/Onomichi%20City%20Museum%20of%20Art.jpg,34.4099170,133.1958000,Q11465485,尾道市立美術館
2962,石川縣西田幾多郎紀念哲學館,石川縣,人物紀念館,4.2,429,人物紀念館,Kanazawa Station,15.7,0.70,0.8400,0.5085,0.2418,0.6527,http://commons.wikimedia.org/wiki/Special:FilePath/Nishida%20Museum.jpg,36.7141670,136.6938890,Q11586041,石川県西田幾多郎記念哲学館
858,埼玉県立川の博物館,埼玉縣,都道府县立博物馆,4.0,1394,都道府县立博物馆,Omiya Station,43.2,0.70,0.8000,0.6072,0.1038,0.6526,http://commons.wikimedia.org/wiki/Special:FilePath/Saitama%20Museum%20of%20Rivers.jpg,36.1157220,139.2197500,Q11426657,埼玉県立 川の博物館
655,苫小牧市科学センター,北海道,科學博物館,4.2,786,科學博物館,Sapporo Station,52.8,0.70,0.8400,0.5592,0.0865,0.6524,http://commons.wikimedia.org/wiki/Special:FilePath/Tomakomai%20Science%20Center.jpg,42.6319444,141.6050000,Q11616823,苫小牧市 科学センター
2081,剣の宝庫 草薙館,愛知縣,博物館,4.1,237,博物館,Nagoya Station,5.7,0.70,0.8200,0.4589,0.4674,0.6524,http://commons.wikimedia.org/wiki/Special:FilePath/Atsuta%20Jingu6.jpg,35.1245969,136.9083179,Q110259947,草薙館
2136,愛知縣立陶瓷博物館,愛知縣,都道府县立博物馆,4.1,681,都道府县立博物馆,Nagoya Station,19.8,0.70,0.8200,0.5472,0.2020,0.6524,http://commons.wikimedia.org/wiki/Special:FilePath/Aichi%20Prefectural%20Ceramic%20Museum-01.jpg,35.1858333,137.0980556,Q4696582,愛知県陶磁美術館
3635,碌山美術館,長野縣,人物紀念館,4.2,734,人物紀念館,Nagano Station,43.2,0.70,0.8400,0.5535,0.1038,0.6524,http://commons.wikimedia.org/wiki/Special:FilePath/150921%20Rokuzan%20Art%20Museum%20Azumino%20Nagano%20pref%20Japan01s3.jpg,36.3436940,137.8813890,Q11587726,碌山美術館
1209,願望成真十字之海,宮崎縣,觀光景點,4.3,593,觀光景點,Miyazaki Station,60.4,0.70,0.8600,0.5356,0.0764,0.6523,http://commons.wikimedia.org/wiki/Special:FilePath/O%20mar%20da%20cruz%20Hyuga%20Miyazaki.jpg,32.4176111,131.6776389,Q11299478,願いが叶うクルスの海
3227,田川市煤炭·歷史博物館,福岡縣,礦業博物館,4.2,685,礦業博物館,Hakata Station,36.9,0.70,0.8400,0.5477,0.1195,0.6523,http://commons.wikimedia.org/wiki/Special:FilePath/Tawaga%20City%20Coal%20Mining%20Historical%20Museum.jpg,33.6409444,130.8140000,Q11576740,田川市石炭・歴史博物館
1437,根津記念館,山梨縣,历史房屋博物馆,4.2,269,历史房屋博物馆,Kofu Station,9.1,0.70,0.8400,0.4695,0.3539,0.6522,http://commons.wikimedia.org/wiki/Special:FilePath/Nezu%20Memorial%20Museum%20in%20Yamanashi%20City%20Yamanashi%20Pref.jpg,35.6788056,138.6683056,Q11536453,根津記念館
2285,白壁兵舎,新潟縣,軍事博物館,4.3,396,軍事博物館,Niigata Station,23.3,0.70,0.8600,0.5019,0.1764,0.6522,http://commons.wikimedia.org/wiki/Special:FilePath/160717%20White%20wall%20barracks%20archives%20museum%20of%20public%20relations%20Shibata%20Niigata%20pref%20Japan01s3.jpg,37.9543458,139.3224425,Q11579494,白壁兵舎広報史料館
2611,神引展望台,東京都,觀景台,4.7,197,觀景台,Tokyo Station,159.2,0.70,0.9400,0.4435,0.0305,0.6521,http://commons.wikimedia.org/wiki/Special:FilePath/Kanbiki%20Observatory%2C%20Shikinejima%2C%20Tokyo%2C%20Japan.JPG,34.3262335,139.2035085,Q117253775,神引展望台
2095,名古屋刀剣ワールド,愛知縣,美術館,4.4,34,美術館,Nagoya Station,2.1,0.70,0.8800,0.2982,0.7050,0.6520,http://commons.wikimedia.org/wiki/Special:FilePath/Sakae%20Tower%20Hills%2020200802-04.jpg,35.1631944,136.9025000,Q65251252,名古屋刀剣ワールド ミュージアムショップ
3373,上毛野はにわの里公園,群馬縣,考古学公園,4.0,433,考古学公園,Maebashi Station,7.8,0.70,0.8000,0.5093,0.3919,0.6520,,36.3788889,138.9861111,Q21652793,上毛野はにわの里公園
565,旭川市博物館,北海道,市立博物館,4.3,663,市立博物館,Sapporo Station,111.4,0.70,0.8600,0.5450,0.0429,0.6518,http://commons.wikimedia.org/wiki/Special:FilePath/%E6%97%AD%E5%B7%9D%E5%B8%82%E5%8D%9A%E7%89%A9%E9%A4%A8.jpg,43.7594444,142.3505556,Q11511727,旭川市博物館
1174,東北福祉大学芹沢銈介美術工芸館,宮城縣,大学美术馆,4.5,42,大学美术馆,Sendai Station,3.7,0.70,0.9000,0.3154,0.5717,0.6518,,38.2795556,140.8472778,Q78121486,東北福祉大学 芹沢銈介美術工芸館
1791,島根縣立八雲立風土記之丘,島根縣,風土記之丘,4.0,268,風土記之丘,Matsue Station,4.8,0.70,0.8000,0.4692,0.5107,0.6518,http://commons.wikimedia.org/wiki/Special:FilePath/Matsue%20fudoki%20no%20oka%20IMG%2020161019%20150423.jpg,35.4266944,133.0900556,Q104721896,島根県立八雲立つ風土記の丘
2073,体感！しだみ古墳群ミュージアム,愛知縣,考古博物館,4.0,822,考古博物館,Nagoya Station,16.9,0.70,0.8000,0.5630,0.2281,0.6517,http://commons.wikimedia.org/wiki/Special:FilePath/Shidami%20Kofungun%20Experience%20Museum%2C%20Kamishidami%20Moriyama%20Ward%20Nagoya%202019.jpg,35.2520500,137.0389900,Q62587911,体感!しだみ古墳群ミュージアム
3054,横浜山手テニス発祥記念館,神奈川縣,博物館,4.1,169,博物館,Yokohama Station,4.2,0.70,0.8200,0.4307,0.5445,0.6517,,35.4349304,139.6483838,Q133287900,横浜山手テニス発祥記念館
1263,なぎさ水族館,山口縣,水族館,4.3,636,水族館,Yamaguchi Station,91.6,0.70,0.8600,0.5415,0.0518,0.6516,http://commons.wikimedia.org/wiki/Special:FilePath/NagisaAquarium.jpg,33.9512500,132.4379167,Q48752477,なぎさ水族館
2078,刈谷市美術館,愛知縣,美術館,4.1,734,美術館,Nagoya Station,23.5,0.70,0.8200,0.5535,0.1754,0.6516,http://commons.wikimedia.org/wiki/Special:FilePath/140112%20Kariya%20City%20Art%20Museum%20Kariya%20Aich%20pref%20Japan01s3.jpg,34.9855560,137.0055560,Q11396288,刈谷市美術館
2550,板橋区立美術館,東京都,美術館,4.1,571,美術館,Tokyo Station,15.9,0.70,0.8200,0.5325,0.2389,0.6516,http://commons.wikimedia.org/wiki/Special:FilePath/Itabashi%20ku%20ritsu%20Bijutsukan%20Gaikan%2020200321.jpg,35.7842136,139.6444913,Q11532663,板橋区立美術館
1529,岐阜県現代陶芸美術館,岐阜縣,陶瓷博物館,4.2,668,陶瓷博物館,Gifu Station,37.2,0.70,0.8400,0.5456,0.1186,0.6515,http://commons.wikimedia.org/wiki/Special:FilePath/Museum%20of%20modern%20ceramic%20art%20gifu.jpg,35.3309530,137.1548860,Q11471469,岐阜県現代陶芸美術館
2623,練馬區立石神井公園故鄉文化館,東京都,地方文化館,4.1,579,地方文化館,Tokyo Station,16.4,0.70,0.8200,0.5336,0.2339,0.6515,http://commons.wikimedia.org/wiki/Special:FilePath/Nerima%20Shakujiikoen%20Furusato%20Museum.jpg,35.7375000,139.5994440,Q11608060,練馬区立 石神井公園ふるさと文化館
2923,前田土佐守家資料館,石川縣,博物館,3.7,277,博物館,Kanazawa Station,1.8,0.70,0.7400,0.4720,0.7394,0.6515,http://commons.wikimedia.org/wiki/Special:FilePath/%E5%89%8D%E7%94%B0%E5%9C%9F%E4%BD%90%E5%AE%88%E5%AE%B6%E8%B3%87%E6%96%99%E9%A4%A8001.jpg,36.5624167,136.6508722,Q11397505,前田土佐守家資料館
962,あくあぴあ芥川,大阪府,水族館,4.2,480,水族館,Osaka Station,20.0,0.70,0.8400,0.5179,0.2000,0.6514,http://commons.wikimedia.org/wiki/Special:FilePath/Aquapia%20Akutagawa01s3s4500.jpg,34.8641110,135.5921110,Q11257046,高槻市立自然博物館 あくあぴあ芥川
2678,龍子記念館,東京都,美術館,4.2,329,美術館,Tokyo Station,11.9,0.70,0.8400,0.4864,0.2952,0.6514,http://commons.wikimedia.org/wiki/Special:FilePath/Ryushi%20Memorial%20Museum%20of%20Art.jpg,35.5823400,139.7156200,Q112192996,大田区立龍子記念館
490,北見ハッカ記念館,北海道,博物館,4.2,972,博物館,Sapporo Station,220.8,0.70,0.8400,0.5770,0.0221,0.6513,http://commons.wikimedia.org/wiki/Special:FilePath/Kitami%20mint%20memorial%20museum001.jpg,43.7997222,143.8938889,Q22118516,北見ハッカ記念館
1674,犬養木堂記念館,岡山縣,人物紀念館,4.3,148,人物紀念館,Okayama Station,7.1,0.70,0.8600,0.4197,0.4127,0.6512,http://commons.wikimedia.org/wiki/Special:FilePath/Inukai%20Tsuyoshi%27s%20parents%27%20home.JPG,34.6521330,133.8428060,Q11571293,犬養木堂記念館
3090,相模原市立博物館,神奈川縣,市立博物館,4.2,521,市立博物館,Yokohama Station,23.2,0.70,0.8400,0.5248,0.1772,0.6512,http://commons.wikimedia.org/wiki/Special:FilePath/Hayabusa-5.jpg,35.5592694,139.3930611,Q11582112,相模原市立博物館
529,小原道城書道美術館,北海道,美術館,4.4,15,美術館,Sapporo Station,0.6,0.70,0.8800,0.2325,0.8937,0.6511,,43.0636460,141.3531910,Q123124756,小原道城 書道美術館
678,麓郷の森,北海道,觀光景點,4.1,1199,觀光景點,Sapporo Station,100.2,0.70,0.8200,0.5946,0.0475,0.6511,http://commons.wikimedia.org/wiki/Special:FilePath/%E9%BA%93%E9%83%B7%E3%81%AE%E6%A3%AE%20%E9%BB%92%E6%9D%BF%E4%BA%94%E9%83%8E%E3%81%AE%E4%B8%B8%E5%A4%AA%E5%B0%8F%E5%B1%8B%20Akiyoshi%27s%20RoomP6220389.jpg,43.3124278,142.5405278,Q11677337,麓郷の森
2009,村上海賊ミュージアム,愛媛縣,海軍博物館,3.9,1874,海軍博物館,Matsuyama Station,47.9,0.70,0.7800,0.6320,0.0945,0.6511,http://commons.wikimedia.org/wiki/Special:FilePath/Imabari%20Murakami-Kaizoku-Museum.jpg,34.1688330,133.0874440,Q11522834,今治市村上海賊ミュージアム
319,淡路モンキーセンター,兵庫縣,觀光景點,4.1,1035,觀光景點,Kobe Station,55.3,0.70,0.8200,0.5823,0.0829,0.6510,http://commons.wikimedia.org/wiki/Special:FilePath/Awaji%20Monkey%20Center%20005.jpg,34.2451389,134.8833056,Q113995546,淡路島モンキーセンター
582,札幌市交通資料館,北海道,交通博物館,4.4,108,交通博物館,Sapporo Station,7.2,0.70,0.8800,0.3934,0.4097,0.6510,http://commons.wikimedia.org/wiki/Special:FilePath/Sapporo%20Transportation%20Museum.JPG,43.0046920,141.3644360,Q11521250,札幌市交通資料館
1216,佐藤紀念美術館,富山縣,美術館,3.9,90,美術館,Toyama Station,0.9,0.70,0.7800,0.3783,0.8543,0.6509,http://commons.wikimedia.org/wiki/Special:FilePath/Sato%20Memorial%20Art%20Museum%20Toyama02st3200.jpg,36.6938890,137.2118330,Q11384443,富山市佐藤記念美術館
1479,中山道広重美術館,岐阜縣,美術館,4.4,406,美術館,Gifu Station,59.4,0.70,0.8800,0.5039,0.0776,0.6509,http://commons.wikimedia.org/wiki/Special:FilePath/Hiroshige%20Museum%20of%20Art%2CEna.jpg,35.4529420,137.4100470,Q11364291,中山道広重美術館
2122,市営交通資料センター,愛知縣,交通博物館,3.9,160,交通博物館,Nagoya Station,2.0,0.70,0.7800,0.4262,0.7103,0.6509,http://commons.wikimedia.org/wiki/Special:FilePath/Nagoya%20City%20Transportation%20Data%20Center%2020130817.JPG,35.1758667,136.9031028,Q11480075,名古屋市交通局 市営交通資料センター
611,洞爺湖町立火山科学館,北海道,火山博物館,4.1,1100,火山博物館,Sapporo Station,71.1,0.70,0.8200,0.5874,0.0657,0.6508,http://commons.wikimedia.org/wiki/Special:FilePath/Toyako%20volcano%20science%20museum.JPG,42.5639444,140.8151111,Q117312350,洞爺湖ビジターセンター・火山科学館
3119,鎌倉歴史文化交流館,神奈川縣,地方文化館,4.2,427,地方文化館,Yokohama Station,17.4,0.70,0.8400,0.5082,0.2234,0.6508,http://commons.wikimedia.org/wiki/Special:FilePath/Kamakura%20Museum%20of%20History%20%26%20Culture%201.jpg,35.3223750,139.5476528,Q30932992,鎌倉歴史文化交流館
3636,神長官守矢史料館,長野縣,house archive,4.4,425,house archive,Nagano Station,72.2,0.70,0.8800,0.5078,0.0648,0.6508,http://commons.wikimedia.org/wiki/Special:FilePath/%E7%A5%9E%E9%95%B7%E5%AE%98%E5%AE%88%E7%9F%A2%E5%8F%B2%E6%96%99%E9%A4%A8%20%2851790275588%29.jpg,35.9955280,138.1280000,Q11591010,神長官 守矢史料館
3048,東海道かわさき宿交流館,神奈川縣,社區中心,4.0,535,社區中心,Yokohama Station,10.3,0.70,0.8000,0.5270,0.3258,0.6507,http://commons.wikimedia.org/wiki/Special:FilePath/Tokaido%20Kawasaki%20Shuku%20Koryukan%20Building.jpg,35.5324720,139.7029440,Q17229268,東海道かわさき宿交流館
3494,東山手十二番館,長崎縣,历史房屋博物馆,4.0,96,历史房屋博物馆,Nagasaki Station,1.6,0.70,0.8000,0.3837,0.7562,0.6507,http://commons.wikimedia.org/wiki/Special:FilePath/Higashiyamate%2012bankan%20westside.jpg,32.7378060,129.8735830,Q11526710,東山手十二番館
1131,アクアテラス錦ケ丘,宮城縣,水族館,3.8,998,水族館,Sendai Station,10.3,0.70,0.7600,0.5792,0.3278,0.6506,,38.2571111,140.7650556,Q21652335,アクアテラス錦ケ丘
1607,BIZEN中南美美術館,岡山縣,美術館,4.5,234,美術館,Okayama Station,33.2,0.70,0.9000,0.4579,0.1311,0.6505,http://commons.wikimedia.org/wiki/Special:FilePath/130131%20BIZEN%20America%20Latin%20Museum01bs5.jpg,34.7343611,134.2717500,Q49958566,BIZEN中南米美術館
3311,福島縣立博物館,福島縣,都道府县立博物馆,4.1,1014,都道府县立博物馆,Fukushima Station,54.8,0.70,0.8200,0.5806,0.0836,0.6505,http://commons.wikimedia.org/wiki/Special:FilePath/Fukushima%20Museum%202022.jpg,37.4889230,139.9345530,Q4352239,福島県立博物館
2927,加賀本多博物館,石川縣,博物館,4.0,133,博物館,Kanazawa Station,2.4,0.70,0.8000,0.4108,0.6716,0.6504,http://commons.wikimedia.org/wiki/Special:FilePath/Ishikawa-ken%20History%20Museum03s3s4272b.jpg,36.5590830,136.6617500,Q11625080,加賀本多博物館
2929,和倉昭和博物館とおもちゃ館,石川縣,玩具博物館,4.2,756,玩具博物館,Kanazawa Station,60.8,0.70,0.8400,0.5560,0.0760,0.6504,http://commons.wikimedia.org/wiki/Special:FilePath/Museum%20of%20Showa%20and%20Toy%2C%20Nanao.jpg,37.0798889,136.9197778,Q11417155,和倉昭和博物館とおもちゃ館
3166,金津創作の森,福井縣,美術館,4.1,613,美術館,Fukui Station,19.1,0.70,0.8200,0.5384,0.2077,0.6503,http://commons.wikimedia.org/wiki/Special:FilePath/Kanaz%20Forest%20of%20Creation.JPG,36.2306667,136.2612222,Q11647566,金津創作の森美術館
3485,壹岐市立一支国博物館,長崎縣,博物館,4.2,863,博物館,Nagasaki Station,113.4,0.70,0.8400,0.5671,0.0422,0.6503,http://commons.wikimedia.org/wiki/Special:FilePath/Iki%20City%20Ikikoku%20Museum.jpg,33.7676110,129.7553610,Q11429588,壱岐市立一支国博物館
3653,軽井沢安東美術館,長野縣,人物紀念館,4.5,276,人物紀念館,Nagano Station,52.0,0.70,0.9000,0.4717,0.0877,0.6503,http://commons.wikimedia.org/wiki/Special:FilePath/240308%20Mus%C3%A9e%20Ando%20%C3%A0%20Karuizawa%20Karuizawa%20Japan01s3.jpg,36.3468650,138.6394638,Q114674643,軽井沢安東美術館
3760,愛逢岬,靜岡縣,海岬,4.4,390,海岬,Shizuoka Station,56.6,0.70,0.8800,0.5006,0.0812,0.6503,,34.6094722,138.8243611,Q124062263,あいあい岬
1155,名取市震災復興伝承館,宮城縣,海嘯博物館,4.1,407,海嘯博物館,Sendai Station,11.2,0.70,0.8200,0.5041,0.3092,0.6502,http://commons.wikimedia.org/wiki/Special:FilePath/Natori%20City%20Earthquake%20Reconstruction%20Tradition%20Center%201.jpg,38.1768724,140.9538187,Q109265542,名取市震災復興伝承館
2572,江戸川区角野栄子児童文学館,東京都,文學館,4.3,212,文學館,Tokyo Station,11.0,0.70,0.8600,0.4496,0.3126,0.6502,http://commons.wikimedia.org/wiki/Special:FilePath/Kiki%27s%20Museum%20of%20Literature.jpg,35.6492500,139.8822500,Q123309852,魔法の文学館（江戸川区角野栄子児童文学館）
3181,伊都團歷史博物館,福岡縣,考古博物館,4.2,406,考古博物館,Hakata Station,16.8,0.70,0.8400,0.5039,0.2298,0.6502,http://commons.wikimedia.org/wiki/Special:FilePath/Ito-koku-History-Museum.jpg,33.5362780,130.2517780,Q11380926,伊都国歴史博物館
313,植村直己冒險館,兵庫縣,人物紀念館,4.3,604,人物紀念館,Kobe Station,95.9,0.70,0.8600,0.5372,0.0495,0.6501,http://commons.wikimedia.org/wiki/Special:FilePath/130914%20Uemura%20Naomi%20Memorial%20Museum%20Toyooka%20Hyogo%20pref%20Japan01s3.jpg,35.4613890,134.7321670,Q11540592,植村直己冒険館・どんぐりbase
575,本郷新記念札幌彫刻美術館,北海道,人物紀念館,4.1,177,人物紀念館,Sapporo Station,4.7,0.70,0.8200,0.4346,0.5175,0.6501,http://commons.wikimedia.org/wiki/Special:FilePath/Hongo%20Shin%20Memorial%20Museum%20of%20Sculpture%2C%20Sapporo%20-%20Main%20Hall.jpg,43.0551810,141.2964800,Q68620047,本郷新記念札幌彫刻美術館
3128,かこさとし ふるさと絵本館「砳」,福井縣,繪本博物館,4.4,236,繪本博物館,Fukui Station,19.4,0.70,0.8800,0.4586,0.2049,0.6501,http://commons.wikimedia.org/wiki/Special:FilePath/Kako%20Satoshi%20Furusato%20Ehonkan%20exterior%20ac%20%281%29.jpg,35.8959167,136.1569444,Q55869477,かこさとし ふるさと絵本館 砳
50,道の駅紀宝町ウミガメ公園,三重縣,水族館,3.9,2211,水族館,Tsu Station,116.0,0.70,0.7800,0.6459,0.0413,0.6499,http://commons.wikimedia.org/wiki/Special:FilePath/Michinoeki24003%20Kiho%20town.jpg,33.7697778,136.0285000,Q11641448,道の駅 紀宝町ウミガメ公園
284,尼崎市綜合文化中心,兵庫縣,美術館,3.9,1266,美術館,Kobe Station,22.6,0.70,0.7800,0.5992,0.1810,0.6499,http://commons.wikimedia.org/wiki/Special:FilePath/Amashin-alkaic.jpg,34.7211111,135.4202778,Q11464999,尼崎市総合文化センター
2875,長浜城歴史博物館,滋賀縣,歷史博物館,3.9,1868,歷史博物館,Otsu Station,55.0,0.70,0.7800,0.6318,0.0833,0.6499,http://commons.wikimedia.org/wiki/Special:FilePath/%E9%95%B7%E6%B5%9C%E5%9F%8E2%20Nagahama%20Castle%20-%20panoramio.jpg,35.3776420,136.2614630,Q104720989,長浜城歴史博物館
908,遠山記念館,埼玉縣,美術館,4.2,366,美術館,Omiya Station,14.8,0.70,0.8400,0.4953,0.2520,0.6498,http://commons.wikimedia.org/wiki/Special:FilePath/The%20Toyama%20Memorial%20Museum%202015-2.jpg,35.9877070,139.4933150,Q21653719,遠山記念館
2598,町田市立國際版畫美術館,東京都,美術館,4.0,1106,美術館,Tokyo Station,32.1,0.70,0.8000,0.5879,0.1349,0.6498,http://commons.wikimedia.org/wiki/Special:FilePath/Machida%20City%20Museum%20of%20Graphic%20Arts.jpg,35.5441667,139.4550000,Q11578302,町田市立国際版画美術館
3175,九州大学综合研究博物馆,福岡縣,大學博物館,4.1,135,大學博物館,Hakata Station,3.6,0.70,0.8200,0.4120,0.5815,0.6498,http://commons.wikimedia.org/wiki/Special:FilePath/Former%20faculty%20of%20engineering%20main%20building%2C%20Hakozaki%2C%20Kyushu%20University%2020150203.jpg,33.6223360,130.4252260,Q11370222,九州大学 総合研究博物館
3247,西南学院大学博物馆,福岡縣,大學博物館,4.4,84,大學博物館,Hakata Station,5.9,0.70,0.8800,0.3726,0.4604,0.6498,http://commons.wikimedia.org/wiki/Special:FilePath/SGU%20museum.jpg,33.5853889,130.3576944,Q85883647,西南学院大学博物館（旧西南学院本館・講堂）
814,白濱能量樂園,和歌山縣,主題公園,3.9,1924,主題公園,Wakayama Station,63.0,0.70,0.7800,0.6343,0.0736,0.6496,http://commons.wikimedia.org/wiki/Special:FilePath/%E7%99%BD%E6%B5%9C%E3%82%A8%E3%83%8D%E3%83%AB%E3%82%AE%E3%83%BC%E3%83%A9%E3%83%B3%E3%83%89.JPG,33.6804444,135.3463611,Q11580007,白浜エネルギーランド
845,原爆圖丸木美術館,埼玉縣,美術館,4.3,394,美術館,Omiya Station,28.0,0.70,0.8600,0.5014,0.1516,0.6496,http://commons.wikimedia.org/wiki/Special:FilePath/Maruki%20museum.jpg,36.0282500,139.3521389,Q7739750,原爆の図丸木美術館
1468,ソーラーアーク,岐阜縣,科學博物館,4.6,83,科學博物館,Gifu Station,11.6,0.70,0.9200,0.3716,0.3009,0.6496,http://commons.wikimedia.org/wiki/Special:FilePath/Solar%20Ark.jpg,35.3309410,136.6711860,Q570166,ソーラーアーク
2087,南知多グリーンバレイ,愛知縣,主題公園,4.1,931,主題公園,Nagoya Station,47.1,0.70,0.8200,0.5734,0.0961,0.6496,,34.7480280,136.8997780,Q27016919,南知多グリーンバレイ
1932,日和佐うみがめ博物館カレッタ,德島縣,自然歷史博物館,4.1,852,自然歷史博物館,Tokushima Station,37.8,0.70,0.8200,0.5660,0.1169,0.6495,http://commons.wikimedia.org/wiki/Special:FilePath/Hiwasa%20Chelonian%20Museum%20Caretta%202025.jpg,33.7346110,134.5410280,Q11505181,日和佐うみがめ博物館カレッタ
2883,下の城のイチョウ,熊本縣,巨樹,4.1,959,巨樹,Kumamoto Station,52.6,0.70,0.8200,0.5759,0.0869,0.6495,http://commons.wikimedia.org/wiki/Special:FilePath/Ginkgo%20Trees%20Oguni%20Kumamoto01.jpg,33.1504170,131.0550000,Q115685772,下城の大イチョウ
438,三笠铁道纪念馆,北海道,鐵路博物館,4.1,932,鐵路博物館,Sapporo Station,48.2,0.70,0.8200,0.5735,0.0939,0.6494,http://commons.wikimedia.org/wiki/Special:FilePath/Mikasa%20railroad%20memorial%20hall.JPG,43.2273060,141.9040830,Q11356924,三笠鉄道記念館
2861,甲賀流忍術屋敷,滋賀縣,历史房屋博物馆,4.0,1037,历史房屋博物馆,Otsu Station,29.2,0.70,0.8000,0.5825,0.1462,0.6494,http://commons.wikimedia.org/wiki/Special:FilePath/Koga-ryu%20Ninjya%20house%20%2C%20%E7%94%B2%E8%B3%80%E6%B5%81%20%E5%BF%8D%E8%A1%93%E5%B1%8B%E6%95%B7%20-%20panoramio%20%283%29.jpg,34.9184440,136.1673610,Q11577998,甲賀流 忍術屋敷
3143,福井市愛宕坂茶道美術館,福井縣,美術館,4.0,72,美術館,Fukui Station,1.1,0.70,0.8000,0.3598,0.8143,0.6494,http://commons.wikimedia.org/wiki/Special:FilePath/Fukui%20City%20Atagozaka%20Tea%20Ceremony%20Museum01bs3200.jpg,36.0599890,136.2111330,Q11591305,福井市愛宕坂茶道美術館
711,千葉縣立關宿城博物館,千葉縣,博物館,3.9,1891,博物館,Chiba Station,61.8,0.70,0.7800,0.6328,0.0748,0.6493,http://commons.wikimedia.org/wiki/Special:FilePath/%E9%96%A2%E5%AE%BF%E5%9F%8E%20-%20panoramio%20%28cropped%29.jpg,36.1005560,139.7824440,Q11406368,関宿城博物館
1703,傳承園,岩手縣,民家園,4.0,1318,民家園,Morioka Station,53.3,0.70,0.8000,0.6026,0.0857,0.6493,http://commons.wikimedia.org/wiki/Special:FilePath/Denshoen04s3872.jpg,39.3572780,141.5691940,Q11381378,伝承園
3428,高崎市山田かまち美術館,群馬縣,美術館,4.3,195,美術館,Maebashi Station,10.4,0.70,0.8600,0.4427,0.3254,0.6493,http://commons.wikimedia.org/wiki/Special:FilePath/Yamada%20Kamachi%20Museum%20of%20Art%2C%20Takasaki.jpg,36.3178610,138.9903060,Q11470074,高崎市山田かまち美術館
1112,法隆寺大宝蔵院,奈良縣,宝物館,4.4,143,宝物館,Nara Station,10.5,0.70,0.8800,0.4168,0.3218,0.6492,http://commons.wikimedia.org/wiki/Special:FilePath/Horyu-ji28s3200.jpg,34.6150848,135.7354395,Q123148254,大宝蔵院
147,益富地学会館,京都府,地質学博物館,4.3,76,地質学博物館,Kyoto Station,4.0,0.70,0.8600,0.3643,0.5585,0.6491,http://commons.wikimedia.org/wiki/Special:FilePath/%E7%9B%8A%E5%AF%8C%E5%9C%B0%E5%AD%A6%E4%BC%9A%E9%A4%A8.jpg,35.0213520,135.7586890,Q11581197,益富地学会館·石ふしぎ博物館
837,ワク井ミュージアム,埼玉縣,汽車博物館,4.5,189,汽車博物館,Omiya Station,24.2,0.70,0.9000,0.4401,0.1713,0.6491,,36.1237611,139.6363194,Q22120897,ワク井ミュージアム
1626,倉敷市立美術館,岡山縣,美術館,4.2,374,美術館,Okayama Station,15.9,0.70,0.8400,0.4971,0.2397,0.6491,http://commons.wikimedia.org/wiki/Special:FilePath/Kurashiki%20City%20Art%20Museam.JPG,34.5946940,133.7689440,Q11386746,倉敷市立自然史博物館
1627,倉敷市立自然史博物館,岡山縣,自然歷史博物館,4.2,374,自然歷史博物館,Okayama Station,15.8,0.70,0.8400,0.4971,0.2400,0.6491,http://commons.wikimedia.org/wiki/Special:FilePath/Library%20and%20Museum%20in%20Kurashiki.jpg,34.5955000,133.7686110,Q65248889,倉敷市立自然史博物館
1712,岩山パークランド,岩手縣,主題樂園,3.8,440,主題樂園,Morioka Station,4.7,0.70,0.7600,0.5107,0.5177,0.6490,,39.7011111,141.1908333,Q11474399,岩山パークランド
1795,島根縣藝術文化中心,島根縣,音乐演出场所,4.2,843,音乐演出场所,Matsue Station,141.4,0.70,0.8400,0.5651,0.0342,0.6489,http://commons.wikimedia.org/wiki/Special:FilePath/Grand%20Toit.jpg,34.6728490,131.8478100,Q11476530,島根県芸術文化センター グラントワ
2120,岡崎市美術博物館,愛知縣,博物館,4.1,846,博物館,Nagoya Station,39.4,0.70,0.8200,0.5654,0.1127,0.6489,http://commons.wikimedia.org/wiki/Special:FilePath/Okazaki%20Mindscape%20museum.JPG,34.9475000,137.2172220,Q11472922,岡崎市美術博物館
2466,戰爭與和平女性博物館,東京都,和平博物館,4.2,143,和平博物館,Tokyo Station,5.4,0.70,0.8400,0.4168,0.4788,0.6489,,35.7080361,139.7167000,Q11446206,アクティブ・ミュージアム「女たちの戦争と平和資料館」
3619,森將軍塚古墳館,長野縣,考古博物館,4.1,437,考古博物館,Nagano Station,12.9,0.70,0.8200,0.5101,0.2791,0.6489,http://commons.wikimedia.org/wiki/Special:FilePath/Mori-Syogun%20Kofun%20kan.JPG,36.5343444,138.1376333,Q11539448,長野県立歴史館
3984,薩摩伝承館,鹿兒島縣,美術館,4.3,443,美術館,Kagoshima-Chuo Station,38.3,0.70,0.8600,0.5112,0.1155,0.6489,http://commons.wikimedia.org/wiki/Special:FilePath/Satsuma-denshokan.jpg,31.2530560,130.6538330,Q11622277,薩摩伝承館
3379,大川美術館,群馬縣,美術館,4.4,254,美術館,Maebashi Station,23.7,0.70,0.8800,0.4647,0.1743,0.6488,http://commons.wikimedia.org/wiki/Special:FilePath/Okawa%20Museum%20of%20Art.JPG,36.4168333,139.3340000,Q5157831,大川美術館
464,北一ヴェネツィア美術館,北海道,美術館,3.9,1433,美術館,Sapporo Station,31.2,0.70,0.7800,0.6096,0.1381,0.6487,http://commons.wikimedia.org/wiki/Special:FilePath/Sakaimachi%20street%20Otaru%20Hokkaido05s3.jpg,43.1941632,141.0068999,Q121268815,北一ヴェネツィア美術館
2438,大田区立郷土博物館,東京都,地方文化館,4.1,394,地方文化館,Tokyo Station,11.5,0.70,0.8200,0.5014,0.3030,0.6487,http://commons.wikimedia.org/wiki/Special:FilePath/Ota%20folk%20museum%20minamimagome%20ota%202015.jpg,35.5885290,139.7106210,Q104708388,大田区立郷土博物館
3663,長野縣立歷史館,長野縣,公共檔案館,4.1,437,公共檔案館,Nagano Station,13.0,0.70,0.8200,0.5101,0.2771,0.6487,http://commons.wikimedia.org/wiki/Special:FilePath/Nagano%20Prefectural%20Museum%20of%20History.JPG,36.5339167,138.1351389,Q21653908,長野県立歴史館
2389,佐藤美術館,東京都,美術館,4.1,168,美術館,Tokyo Station,4.7,0.70,0.8200,0.4302,0.5151,0.6486,http://commons.wikimedia.org/wiki/Special:FilePath/Sato%20Museum%20of%20Art%2C%20Shinjuku%2001.jpg,35.6817220,139.7150000,Q11384365,佐藤美術館
2792,沖縄郵政資料センター,沖繩縣,郵政博物館,4.5,11,郵政博物館,Naha Bus Terminal,0.8,0.70,0.9000,0.2084,0.8606,0.6486,http://commons.wikimedia.org/wiki/Special:FilePath/Naha%20Post%20Office.JPG,26.2052220,127.6794170,Q11553011,沖縄郵政資料センター
3559,北泽美术馆,長野縣,美術館,4.2,718,美術館,Nagano Station,65.7,0.70,0.8400,0.5517,0.0708,0.6486,http://commons.wikimedia.org/wiki/Special:FilePath/130607%20Kitazawa%20Museum%20of%20Art%20Suwa%20Japan01n.jpg,36.0558060,138.1117220,Q11403773,北澤美術館
345,神戶市立小磯記念美術館,兵庫縣,人物紀念館,4.0,400,人物紀念館,Kobe Station,8.3,0.70,0.8000,0.5027,0.3765,0.6485,http://commons.wikimedia.org/wiki/Special:FilePath/Kobe%20city%20koiso%20memorial%20museum%20of%20art02s3200.jpg,34.6928060,135.2671940,Q11589991,神戸市立小磯記念美術館
1387,相馬樓,山形縣,料亭,4.3,555,料亭,Yamagata Station,86.0,0.70,0.8600,0.5301,0.0549,0.6485,http://commons.wikimedia.org/wiki/Special:FilePath/Soma-Ro%20180421.jpg,38.9194167,139.8332778,Q48755105,舞娘茶屋 相馬樓
2295,越後妻有里山現代美術館MonET,新潟縣,現代美術館,4.1,1056,現代美術館,Niigata Station,90.0,0.70,0.8200,0.5840,0.0526,0.6485,http://commons.wikimedia.org/wiki/Special:FilePath/Echigo-Tsumari%20Satoyama%20Museum%20of%20Contemporary%20Art%20KINARE.JPG,37.1388889,138.7602778,Q28686072,越後妻有 里山現代美術館 MonET
862,埼玉縣立SAKITAMA史跡博物館,埼玉縣,考古博物館,4.1,706,考古博物館,Omiya Station,27.7,0.70,0.8200,0.5503,0.1528,0.6484,http://commons.wikimedia.org/wiki/Special:FilePath/Saitamaprefecturalmusuemofsakitamaancientburialmound-outside-may2011.jpg,36.1249280,139.4755900,Q5017775,埼玉県立さきたま史跡の博物館
3132,一筆啟上 日本最短書信館,福井縣,博物館,4.0,522,博物館,Fukui Station,11.2,0.70,0.8000,0.5250,0.3088,0.6484,http://commons.wikimedia.org/wiki/Special:FilePath/Japanese%20best%20is%20short%20201512.jpg,36.1536560,136.2748330,Q21654086,一筆啓上 日本一短い手紙の館
3308,福島市民家園,福島縣,民家園,4.0,388,民家園,Fukushima Station,8.0,0.70,0.8000,0.5001,0.3837,0.6484,http://commons.wikimedia.org/wiki/Special:FilePath/Fukushima%20City%20Minka-en%20entrance.jpg,37.7311944,140.3729722,Q11593090,福島市民家園
299,星の子館,兵庫縣,科學博物館,4.5,257,科學博物館,Kobe Station,53.8,0.70,0.9000,0.4657,0.0851,0.6482,,34.8527220,134.6286390,Q11512732,姫路市宿泊型児童館 星の子館
1328,豊田ホタルの里ミュージアム,山口縣,自然歷史博物館,4.4,309,自然歷史博物館,Yamaguchi Station,37.1,0.70,0.8800,0.4811,0.1188,0.6482,http://commons.wikimedia.org/wiki/Special:FilePath/Toyota%20Hotaru%20no%20sato%20museum.JPG,34.1982500,131.0781110,Q11633980,豊田ホタルの里ミュージアム
1713,岩手サファリパーク,岩手縣,野生动物园,4.1,1061,野生动物园,Morioka Station,99.7,0.70,0.8200,0.5844,0.0477,0.6481,,38.8099170,141.2589440,Q11474596,岩手サファリパーク
2051,スカイワードあさひ,愛知縣,博物館,4.0,633,博物館,Nagoya Station,14.5,0.70,0.8000,0.5411,0.2563,0.6480,http://commons.wikimedia.org/wiki/Special:FilePath/Skyward-Asahi01.jpg,35.2207780,137.0290080,Q11311288,スカイワード あさひ
3307,福島市写真美術館,福島縣,攝影博物館,3.8,133,攝影博物館,Fukushima Station,1.2,0.70,0.7600,0.4108,0.8080,0.6480,http://commons.wikimedia.org/wiki/Special:FilePath/Fukushima%20City%20Museum%20of%20Photography.JPG,37.7644140,140.4631470,Q11593084,福島市写真美術館
1985,四万十川学習センターおさかな館,愛媛縣,水族館,4.2,706,水族館,Matsuyama Station,68.1,0.70,0.8400,0.5503,0.0684,0.6479,http://commons.wikimedia.org/wiki/Special:FilePath/Osakanakan%20Matsuno.jpg,33.2291670,132.7102780,Q11419591,虹の森公園 おさかな館
74,京セラギャラリー,京都府,美術館,4.1,152,美術館,Kyoto Station,4.4,0.70,0.8200,0.4219,0.5322,0.6478,http://commons.wikimedia.org/wiki/Special:FilePath/The%20Kyocera%20Museum%20of%20Art1.JPG,34.9468333,135.7507222,Q11374199,京セラギャラリー
1405,ええじゃないか,山梨縣,スチール・ローラー・コースター,4.6,140,スチール・ローラー・コースター,Kofu Station,27.6,0.70,0.9200,0.4150,0.1532,0.6478,http://commons.wikimedia.org/wiki/Special:FilePath/Eejanaika%20coaster%20FujiQ%201024.jpg,35.4884200,138.7808420,Q1295262,FUJIYAMA
1959,あかがねミュージアム,愛媛縣,美術館,4.1,894,美術館,Matsuyama Station,51.6,0.70,0.8200,0.5700,0.0883,0.6478,http://commons.wikimedia.org/wiki/Special:FilePath/Akagane01.jpg,33.9493611,133.2951111,Q28663265,あかがねミュージアム
680,The Happy Ride with Baymax,千葉縣,機動遊戲,4.4,228,機動遊戲,Chiba Station,21.3,0.70,0.8800,0.4557,0.1900,0.6477,,35.6318118,139.8784077,Q100740653,ベイマックスのハッピーライド
3900,高知縣立歴史民俗資料館,高知縣,都道府县立博物馆,3.9,525,都道府县立博物馆,Kochi Station,8.1,0.70,0.7800,0.5254,0.3809,0.6477,http://commons.wikimedia.org/wiki/Special:FilePath/Kochi%20Prefectural%20Museum%20of%20History%2002.JPG,33.5960830,133.6235000,Q11672466,高知県立歴史民俗資料館
734,我孫子市鳥博物館,千葉縣,動物学博物館,4.1,695,動物学博物館,Chiba Station,28.6,0.70,0.8200,0.5489,0.1490,0.6476,http://commons.wikimedia.org/wiki/Special:FilePath/Abiko%20City%20Museum%20of%20Birds.JPG,35.8613333,140.0307500,Q11495876,我孫子市 鳥の博物館
1129,みちのく伊達政宗歴史館,宮城縣,歷史博物館,3.9,1080,歷史博物館,Sendai Station,20.2,0.70,0.7800,0.5859,0.1982,0.6476,http://commons.wikimedia.org/wiki/Special:FilePath/%E3%81%BF%E3%81%A1%E3%81%AE%E3%81%8F%E4%BC%8A%E9%81%94%E6%94%BF%E5%AE%97%E6%AD%B4%E5%8F%B2%E9%A4%A8.jpg,38.3716389,141.0655556,Q81950736,みちのく伊達政宗歴史館
1929,德島縣立近代美術館,德島縣,都道府县立博物馆,4.1,152,都道府县立博物馆,Tokushima Station,4.4,0.70,0.8200,0.4219,0.5301,0.6476,http://commons.wikimedia.org/wiki/Special:FilePath/Tokushima%20Modern%20Art%20Museum.JPG,34.0398060,134.5266940,Q11489972,徳島県立近代美術館
2882,リデル・ライト両女史記念館,熊本縣,人物紀念館,4.6,34,人物紀念館,Kumamoto Station,5.0,0.70,0.9200,0.2982,0.5011,0.6476,http://commons.wikimedia.org/wiki/Special:FilePath/The%20Riddell-Wright%20Memorial%20Hall.JPG,32.8190000,130.7307778,Q17230725,リデル、ライト両女史記念館
172,三瀬ルベール牧場 どんぐり村,佐賀縣,主題公園,3.9,913,主題公園,Saga Station,15.9,0.70,0.7800,0.5718,0.2392,0.6475,http://commons.wikimedia.org/wiki/Special:FilePath/Mitsuse%20Donguri%20Village%20front.jpg,33.4056333,130.2737972,Q11356637,三瀬ルベール牧場どんぐり村
1924,徳島県立鳥居龍蔵記念博物館,德島縣,人物紀念館,4.1,152,人物紀念館,Tokushima Station,4.4,0.70,0.8200,0.4219,0.5293,0.6475,http://commons.wikimedia.org/wiki/Special:FilePath/Tokushima%20Prefectural%20Torii%20Ryuzo%20Memorial%20Museum.JPG,34.0398610,134.5262500,Q11489984,徳島県立近代美術館
2735,那須とりっくあーとぴあ,栃木縣,美術館,4.0,1227,美術館,Utsunomiya Station,53.9,0.70,0.8000,0.5966,0.0850,0.6475,http://commons.wikimedia.org/wiki/Special:FilePath/%E3%83%9F%E3%82%B1%E3%83%A9%E3%83%B3%E3%82%B8%E3%82%A7%E3%83%AD%E9%A4%A8.jpg,37.0304722,140.0387278,Q60988082,那須とりっくあーとぴあ
3109,藤泽市藤泽浮世绘馆,神奈川縣,美術館,4.3,309,美術館,Yokohama Station,21.1,0.70,0.8600,0.4811,0.1914,0.6475,,35.3406111,139.4477778,Q48763537,藤澤浮世絵館
667,釧路市こども遊学館,北海道,科學博物館,4.3,607,科學博物館,Sapporo Station,246.3,0.70,0.8600,0.5376,0.0199,0.6473,http://commons.wikimedia.org/wiki/Special:FilePath/%E3%81%93%E3%81%A9%E3%82%82%E9%81%8A%E5%AD%A6%E9%A4%A8.jpg,42.9866667,144.3788889,Q11648277,あすなろ会こども遊学館（釧路市こども遊学館）
795,和歌山市立博物館,和歌山縣,市立博物館,4.0,123,市立博物館,Wakayama Station,2.6,0.70,0.8000,0.4043,0.6599,0.6473,http://commons.wikimedia.org/wiki/Special:FilePath/Wakayama%20City%20Museum1.jpg,34.2331940,135.1631110,Q11417339,和歌山市立博物館
872,川越市立博物館,埼玉縣,市立博物館,4.1,390,市立博物館,Omiya Station,12.1,0.70,0.8200,0.5006,0.2916,0.6473,http://commons.wikimedia.org/wiki/Special:FilePath/Kawagoe%20City%20Museum.JPG,35.9259710,139.4914310,Q11479227,川越市立博物館
1927,德島縣立博物館,德島縣,都道府县立博物馆,4.1,152,都道府县立博物馆,Tokushima Station,4.5,0.70,0.8200,0.4219,0.5277,0.6473,http://commons.wikimedia.org/wiki/Special:FilePath/Tokushima%20Prefectural%20Museum.JPG,34.0397000,134.5260000,Q4707942,徳島県立近代美術館
932,大分市海部古墳資料館,大分縣,考古博物館,4.2,287,考古博物館,Oita Station,12.4,0.70,0.8400,0.4749,0.2876,0.6472,http://commons.wikimedia.org/wiki/Special:FilePath/Amabe%20kohun%20siryokan%2001.jpg,33.2335580,131.7397690,Q104784114,亀塚古墳公園・海部古墳資料館
2004,愛媛県歴史文化博物館,愛媛縣,都道府县立博物馆,4.2,653,都道府县立博物馆,Matsuyama Station,57.2,0.70,0.8400,0.5437,0.0804,0.6472,http://commons.wikimedia.org/wiki/Special:FilePath/Ehime%20Rekihaku%20museum.jpg,33.3639444,132.5181111,Q11493579,愛媛県歴史文化博物館
690,佐倉市立美術館,千葉縣,美術館,4.0,652,美術館,Chiba Station,15.8,0.70,0.8000,0.5436,0.2406,0.6471,http://commons.wikimedia.org/wiki/Special:FilePath/Sakura%20City%20Museum%20of%20Art%202010.jpg,35.7191944,140.2295833,Q11382975,佐倉市立美術館
2662,長谷川町子美術館,東京都,美術館,4.4,153,美術館,Tokyo Station,12.6,0.70,0.8800,0.4224,0.2836,0.6471,http://commons.wikimedia.org/wiki/Special:FilePath/Hasegawa%20Machiko%20Art%20Museum.JPG,35.6279900,139.6436200,Q3788646,長谷川町子記念館
3524,SUWA玻璃之乡美术馆,長野縣,美術館,3.8,2447,美術館,Nagano Station,69.0,0.70,0.7600,0.6544,0.0675,0.6471,http://commons.wikimedia.org/wiki/Special:FilePath/SUWA%20Glass-no-Sato%20Museum.JPG,36.0284170,138.0803330,Q11631824,SUWAガラスの里
733,成田機場天空與大地歴史館,千葉縣,歷史博物館,4.4,264,歷史博物館,Chiba Station,29.3,0.70,0.8800,0.4680,0.1456,0.6470,http://commons.wikimedia.org/wiki/Special:FilePath/SoratodaichinorekishikanZenkei.jpg,35.7391667,140.3986111,Q30926629,成田空港 空と大地の歴史館
821,道の駅田辺市龍神ごまさんスカイタワー,和歌山縣,道之驛,3.7,2801,道之驛,Wakayama Station,39.2,0.70,0.7400,0.6657,0.1130,0.6470,http://commons.wikimedia.org/wiki/Special:FilePath/Michinoeki%20RyujinGomasan.JPG,34.0612222,135.5643333,Q11641408,道の駅 ごまさんスカイタワー
1382,本間美術館,山形縣,美術館,4.2,719,美術館,Yamagata Station,86.0,0.70,0.8400,0.5518,0.0549,0.6470,http://commons.wikimedia.org/wiki/Special:FilePath/Homma%20Museum%20of%20Art.jpg,38.9234020,139.8421070,Q11521018,本間美術館
1597,飛騨高山まちの博物館,岐阜縣,地方文化館,4.1,1002,地方文化館,Gifu Station,93.4,0.70,0.8200,0.5796,0.0508,0.6470,http://commons.wikimedia.org/wiki/Special:FilePath/260124%20Takayama%20Museum%20of%20History%20and%20Art%20Takayama%20Gifu%20pref%20Japan01s3.jpg,36.1422080,137.2613750,Q11665924,飛騨高山まちの博物館
2231,サントピアワールド,新潟縣,主題樂園,3.9,1153,主題樂園,Niigata Station,23.4,0.70,0.7800,0.5913,0.1758,0.6470,http://commons.wikimedia.org/wiki/Special:FilePath/SUNTOPIA%20WORLD.JPG,37.7649167,139.2528333,Q11305817,サントピアワールド
2846,湖北野鳥センター,滋賀縣,自然中心,4.3,472,自然中心,Otsu Station,57.4,0.70,0.8600,0.5165,0.0801,0.6470,http://commons.wikimedia.org/wiki/Special:FilePath/Shiga%20prefectural%20road%20331.JPG,35.4465480,136.1898670,Q132733822,湖北野鳥センター
2857,琵琶湖水鳥・湿地センター,滋賀縣,自然中心,4.3,472,自然中心,Otsu Station,57.4,0.70,0.8600,0.5165,0.0801,0.6470,,35.4462570,136.1899220,Q132160193,湖北野鳥センター
983,和泉市久保惣紀念美術館,大阪府,美術館,4.2,494,美術館,Osaka Station,28.9,0.70,0.8400,0.5204,0.1475,0.6469,http://commons.wikimedia.org/wiki/Special:FilePath/Izumi-Kubosou001NEW.JPG,34.4450560,135.4533890,Q11417787,和泉市久保惣記念美術館
2097,名古屋大學博物館,愛知縣,大學博物館,4.2,193,大學博物館,Nagoya Station,8.0,0.70,0.8400,0.4418,0.3840,0.6469,http://commons.wikimedia.org/wiki/Special:FilePath/Nagoya%20University%20Museum01.jpg,35.1531020,136.9669870,Q11414911,名古屋大学博物館（古川記念館）
3725,かんなみ仏の里美術館,靜岡縣,美術館,4.3,467,美術館,Shizuoka Station,55.7,0.70,0.8600,0.5157,0.0824,0.6469,http://commons.wikimedia.org/wiki/Special:FilePath/Kannami%20Buddha%20statues%20Museum.jpg,35.1200000,138.9730560,Q77806445,かんなみ仏の里美術館
3995,鹿児島県上野原縄文の森,鹿兒島縣,考古学公園,4.2,492,考古学公園,Kagoshima-Chuo Station,28.5,0.70,0.8400,0.5200,0.1493,0.6469,http://commons.wikimedia.org/wiki/Special:FilePath/Uenohara%20Jomon%20No%20Mori.jpg,31.7124722,130.8011389,Q113296969,鹿児島県上野原縄文の森
436,三浦綾子記念文学館,北海道,人物紀念館,4.3,544,人物紀念館,Sapporo Station,110.8,0.70,0.8600,0.5284,0.0432,0.6468,http://commons.wikimedia.org/wiki/Special:FilePath/AyakoMiuraMemorial.jpg,43.7535830,142.3478330,Q11356532,三浦綾子記念文学館
3255,いわきマリンタワー,福島縣,觀光塔,4.0,1386,觀光塔,Fukushima Station,99.3,0.70,0.8000,0.6068,0.0479,0.6468,http://commons.wikimedia.org/wiki/Special:FilePath/%E3%81%84%E3%82%8F%E3%81%8D%E3%83%9E%E3%83%AA%E3%83%B3%E3%82%BF%E3%83%AF%E3%83%BC.jpg,36.9393890,140.9200000,Q11260116,いわきマリンタワー
3769,池田20世紀美術館,靜岡縣,美術館,4.3,486,美術館,Shizuoka Station,65.6,0.70,0.8600,0.5190,0.0709,0.6468,http://commons.wikimedia.org/wiki/Special:FilePath/Research%20survey%20Ikeda%20Museum%20of%2020th%20Century%20Art%201975%201.png,34.9216675,139.1054655,Q11551651,池田20世紀美術館
2544,東映アニメーションミュージアム,東京都,博物館,4.0,689,博物館,Tokyo Station,17.4,0.70,0.8000,0.5482,0.2228,0.6467,http://commons.wikimedia.org/wiki/Special:FilePath/TOEI%20ANIMATION%20Oizumi%20Studio.JPG,35.7520278,139.5946667,Q18337440,東映アニメーションミュージアム
545,市立室蘭水族館,北海道,水族館,4.1,977,水族館,Sapporo Station,87.6,0.70,0.8200,0.5775,0.0540,0.6466,http://commons.wikimedia.org/wiki/Special:FilePath/Muroran%20Aquarium%2840848993613%29.jpg,42.3397500,140.9437500,Q11480658,室蘭民報みんなの水族館 (市立室蘭水族館)
780,魚見塚展望台,千葉縣,觀景台,4.2,642,觀景台,Chiba Station,57.8,0.70,0.8400,0.5423,0.0796,0.6466,,35.0936940,140.1000830,Q11674070,魚見塚展望台 誓いの丘
861,埼玉縣和平資料館,埼玉縣,和平博物館,4.1,630,和平博物館,Omiya Station,25.4,0.70,0.8200,0.5407,0.1643,0.6466,http://commons.wikimedia.org/wiki/Special:FilePath/Higashimatsuyama%20Peace%20Museum%20Of%20Saitama%201.JPG,35.9986110,139.3656340,Q11426567,埼玉ピースミュージアム (埼玉県平和資料館)
57,齋宮歴史博物館,三重縣,都道府县立博物馆,4.1,593,都道府县立博物馆,Tsu Station,23.1,0.70,0.8200,0.5356,0.1778,0.6465,http://commons.wikimedia.org/wiki/Special:FilePath/Saik%C3%BB%20Historical%20Museum2.jpg,34.5427780,136.6094440,Q11500404,斎宮歴史博物館
1180,石ノ森章太郎ふるさと記念館,宮城縣,動漫博物館,4.1,880,動漫博物館,Sendai Station,58.7,0.70,0.8200,0.5687,0.0785,0.6465,,38.7198740,141.2135390,Q48744156,石ノ森章太郎ふるさと記念館
274,姬路市立美術館,兵庫縣,美術館,4.1,821,美術館,Kobe Station,47.5,0.70,0.8200,0.5629,0.0953,0.6464,http://commons.wikimedia.org/wiki/Special:FilePath/Himeji%20City%20Museum%20of%20Art20bs4480.jpg,34.8397220,134.6966670,Q11447532,姫路市立美術館
966,くすりの道修町資料館,大阪府,歷史博物館,4.2,46,歷史博物館,Osaka Station,1.8,0.70,0.8400,0.3229,0.7356,0.6464,http://commons.wikimedia.org/wiki/Special:FilePath/Sukunahikona-jinja2.jpg,34.6886361,135.5059972,Q17214457,くすりの道修町資料館
3674,黒姫童話館,長野縣,文學館,4.2,392,文學館,Nagano Station,19.9,0.70,0.8400,0.5010,0.2005,0.6464,http://commons.wikimedia.org/wiki/Special:FilePath/230807%20Kurohime%20Fairy%20Tale%20Museum%20Shinano%20Nagano%20pref%20Japan05s3.jpg,36.8215000,138.1678333,Q11678081,黒姫童話館
275,姬路文學館,兵庫縣,博物馆建筑,4.2,598,博物馆建筑,Kobe Station,48.3,0.70,0.8400,0.5363,0.0938,0.6463,http://commons.wikimedia.org/wiki/Special:FilePath/Himeji%20City%20Museum%20of%20Literature04s3872.jpg,34.8417670,134.6876640,Q11447552,姫路文学館
2427,土方歳三資料館,東京都,生家,4.2,504,生家,Tokyo Station,31.4,0.70,0.8400,0.5220,0.1373,0.6463,,35.6697500,139.4195278,Q97202254,土方歳三資料館
3104,箱根駅伝ミュージアム,神奈川縣,體育博物館,3.9,1676,體育博物館,Yokohama Station,62.4,0.70,0.7800,0.6227,0.0742,0.6462,http://commons.wikimedia.org/wiki/Special:FilePath/%E7%AE%B1%E6%A0%B9%E9%A7%85%E4%BC%9D%E3%83%9F%E3%83%A5%E3%83%BC%E3%82%B8%E3%82%A2%E3%83%A0%202015%20%2824190623542%29.jpg,35.1894444,139.0248333,Q111244119,箱根駅伝ミュージアム
668,釧路市立博物館,北海道,市立博物館,4.2,797,市立博物館,Sapporo Station,248.4,0.70,0.8400,0.5604,0.0197,0.6461,http://commons.wikimedia.org/wiki/Special:FilePath/Kushiro%20Museum.jpg,42.9746290,144.4035820,Q11648285,釧路市立博物館
1318,緑と花と彫刻の博物館,山口縣,植物園,4.2,495,植物園,Yamaguchi Station,30.9,0.70,0.8400,0.5205,0.1393,0.6461,http://commons.wikimedia.org/wiki/Special:FilePath/UBE%20tokiwa%20Museum.JPG,33.9485556,131.2817500,Q11607744,ときわミュージアム
2675,高輪消防署二本榎出張所,東京都,古蹟,4.4,73,古蹟,Tokyo Station,5.9,0.70,0.8800,0.3610,0.4582,0.6461,http://commons.wikimedia.org/wiki/Special:FilePath/20241123%20Takanawa%20Fire%20Station%20Nihon-enoki%20Branch%20Office.jpg,35.6357222,139.7331944,Q11672881,東京消防庁 高輪消防署 二本榎出張所
891,浦和美術館,埼玉縣,美術館,3.9,346,美術館,Omiya Station,5.7,0.70,0.7800,0.4906,0.4677,0.6459,http://commons.wikimedia.org/wiki/Special:FilePath/UrawaCenturyCity201303.jpg,35.8606670,139.6524440,Q11260799,うらわ美術館
829,さいたま市立漫画会館,埼玉縣,動漫博物館,3.8,195,動漫博物館,Omiya Station,2.2,0.70,0.7600,0.4427,0.6900,0.6458,http://commons.wikimedia.org/wiki/Special:FilePath/Saitama%20Saitama%20Municipal%20Manga%20Hall%201.JPG,35.9256111,139.6318056,Q56345064,さいたま市立漫画会館
2204,豊橋市二川宿本陣資料館,愛知縣,博物館,4.2,657,博物館,Nagoya Station,71.8,0.70,0.8400,0.5442,0.0651,0.6458,http://commons.wikimedia.org/wiki/Special:FilePath/Futagawa-Yado.jpg,34.7233333,137.4497222,Q39152597,豊橋市二川宿本陣資料館
3360,秋田県立近代美術館,秋田縣,都道府县立博物馆,4.2,625,都道府县立博物馆,Akita Station,59.2,0.70,0.8400,0.5400,0.0778,0.6458,http://commons.wikimedia.org/wiki/Special:FilePath/Akita%20Museum%20of%20Modern%20Art%2020190503.jpg,39.2925000,140.5475000,Q11595519,秋田県立近代美術館
639,稚内市立ノシャップ寒流水族館,北海道,水族館,4.2,790,水族館,Sapporo Station,265.7,0.70,0.8400,0.5597,0.0185,0.6457,http://commons.wikimedia.org/wiki/Special:FilePath/Wakkanai%20municipal%20youth%20science%20museum%20and%20NOSHAPPU%20Kan-ryu%20aquarium.JPG,45.4493333,141.6449167,Q11596319,稚内市立ノシャップ寒流水族館
649,羅臼國後展望塔,北海道,觀景台,4.2,800,觀景台,Sapporo Station,326.6,0.70,0.8400,0.5607,0.0151,0.6457,http://commons.wikimedia.org/wiki/Special:FilePath/Rausu%20Kunashiri%20Observatory%20Deck%202.jpg,44.0156111,145.1863333,Q22341618,羅臼国後展望塔
673,阿寒国際ツルセンター,北海道,博物館,4.2,778,博物館,Sapporo Station,227.3,0.70,0.8400,0.5584,0.0215,0.6457,http://commons.wikimedia.org/wiki/Special:FilePath/Japanse%20kraanvogels%20in%20Akan%20International%20Crane%20Centre%2C%20-24%20februari%202012%20a.jpg,43.1429000,144.1492050,Q123127197,阿寒国際ツルセンター グルス
2247,北雪酒造,新潟縣,觀光景點,4.5,237,觀光景點,Niigata Station,57.1,0.70,0.9000,0.4589,0.0806,0.6457,http://commons.wikimedia.org/wiki/Special:FilePath/Hokusetsu%20SHUZOU%20in%20Sado%20-%20Sep%2023%2C%202012.jpg,37.8709611,138.4135500,Q22127721,（株）北雪酒造
3133,人道の港敦賀ムゼウム,福井縣,海事博物館,4.1,792,海事博物館,Fukui Station,46.4,0.70,0.8200,0.5599,0.0973,0.6457,http://commons.wikimedia.org/wiki/Special:FilePath/Port%20of%20Humanity%20Tsuruga%20Museum%202022.jpg,35.6627778,136.0734444,Q47419034,人道の港 敦賀ムゼウム
1742,遠野ふるさと村,岩手縣,民家園,4.1,802,民家園,Morioka Station,48.5,0.70,0.8200,0.5609,0.0934,0.6456,http://commons.wikimedia.org/wiki/Special:FilePath/Tono-furusato-mura04s3872.jpg,39.3960000,141.5403890,Q11642412,遠野ふるさと村
1337,防府市青少年科学館,山口縣,科學博物館,4.2,321,科學博物館,Yamaguchi Station,15.7,0.70,0.8400,0.4843,0.2421,0.6455,,34.0492720,131.5617200,Q131324777,防府市青少年科学館・ソラール
1567,笠松町歴史未来館,岐阜縣,歷史博物館,4.2,110,歷史博物館,Gifu Station,4.8,0.70,0.8400,0.3950,0.5102,0.6455,http://commons.wikimedia.org/wiki/Special:FilePath/%E7%AC%A0%E6%9D%BE%E7%94%BA%E6%AD%B4%E5%8F%B2%E6%9C%AA%E6%9D%A5%E9%A4%A8.jpg,35.3660556,136.7617778,Q48746198,笠松町歴史未来館
2454,帕德嫩多摩,東京都,文化中心,4.0,921,文化中心,Tokyo Station,31.5,0.70,0.8000,0.5725,0.1372,0.6455,http://commons.wikimedia.org/wiki/Special:FilePath/Parthenon-Tama.JPG,35.6217500,139.4267780,Q11329444,パルテノン多摩
2780,平安名埼燈塔,沖繩縣,觀景台,4.6,219,觀景台,Naha Bus Terminal,277.1,0.70,0.9200,0.4523,0.0177,0.6455,http://commons.wikimedia.org/wiki/Special:FilePath/Miyako%20higashi%20hennazaki%20lighthouse.JPG,24.7194444,125.4686111,Q11060860,平安名埼灯台
3709,縄文の学び舎・小牧野館,青森縣,考古博物館,4.2,203,考古博物館,Aomori Station,9.0,0.70,0.8400,0.4460,0.3565,0.6455,http://commons.wikimedia.org/wiki/Special:FilePath/Komakino%20site%20preservation%20museum%2002.jpg,40.7477820,140.7233680,Q132659035,青森市小牧野遺跡保護センター 縄文の学び舎・小牧野館
1526,岐阜県博物館,岐阜縣,都道府县立博物馆,4.0,516,都道府县立博物馆,Gifu Station,12.8,0.70,0.8000,0.5240,0.2815,0.6454,http://commons.wikimedia.org/wiki/Special:FilePath/Gifu%20Prefectural%20Museum%201.JPG,35.4782060,136.8686640,Q11471444,岐阜県博物館
1061,逸翁美术馆,大阪府,美術館,4.1,424,美術館,Osaka Station,15.0,0.70,0.8200,0.5076,0.2501,0.6453,http://commons.wikimedia.org/wiki/Special:FilePath/150214%20Itsuo%20Art%20Museum%20Ikeda%20Osaka%20pref%20Japan16n.jpg,34.8255560,135.4287780,Q11640228,逸翁美術館
1536,平湯民俗館,岐阜縣,历史房屋博物馆,4.3,514,历史房屋博物馆,Gifu Station,113.0,0.70,0.8600,0.5237,0.0424,0.6453,http://commons.wikimedia.org/wiki/Special:FilePath/Hirayu-minzokukan02ds3872.jpg,36.1919028,137.5543139,Q11483232,平湯民俗館
2319,MoN Takanawa: The Museum of Narratives,東京都,博物館,4.2,117,博物館,Tokyo Station,5.1,0.70,0.8400,0.4001,0.4926,0.6453,,35.6396900,139.7418290,Q136463408,MoN Takanawa: The Museum of Narratives
3696,弘前れんが倉庫美術館,青森縣,現代美術館,4.1,687,現代美術館,Aomori Station,33.8,0.70,0.8200,0.5480,0.1288,0.6453,http://commons.wikimedia.org/wiki/Special:FilePath/Hirosaki%20Museum%20of%20Contemporary%20Art.jpg,40.5981690,140.4729090,Q123124042,弘前れんが倉庫美術館
1944,阿波史跡公園,德島縣,考古学公園,4.1,248,考古学公園,Tokushima Station,8.0,0.70,0.8200,0.4627,0.3836,0.6452,http://commons.wikimedia.org/wiki/Special:FilePath/Awa-siseki-koen.jpeg,34.0578056,134.4660556,Q11657512,阿波史跡公園
476,北海道立オホーツク流氷科学センター,北海道,科學博物館,4.2,754,科學博物館,Sapporo Station,214.7,0.70,0.8400,0.5558,0.0228,0.6450,http://commons.wikimedia.org/wiki/Special:FilePath/Michinoeki%20Okhotsk%20monbetsu.jpg,44.3283260,143.3750150,Q132551264,北海道立オホーツク流氷科学センター GIZA
494,十勝ヒルズ,北海道,主題公園,4.1,998,主題公園,Sapporo Station,155.7,0.70,0.8200,0.5792,0.0311,0.6449,http://commons.wikimedia.org/wiki/Special:FilePath/Tokachi%20Hills%2C%20Makubetsu%2C%20Hokkaido%20-%20Aug%2013%2C%202025%20%281%29.jpg,42.8633333,143.2433333,Q30576578,十勝ヒルズ
3926,燕趙園,鳥取縣,中國園林,3.8,1674,中國園林,Tottori Station,30.3,0.70,0.7600,0.6226,0.1417,0.6449,http://commons.wikimedia.org/wiki/Special:FilePath/Enchoen01n4592.jpg,35.4658889,133.8930000,Q5375437,中国庭園 燕趙園
1854,大久野島毒氣資料館,廣島縣,軍事博物館,4.1,777,軍事博物館,Hiroshima Station,48.7,0.70,0.8200,0.5583,0.0931,0.6448,http://commons.wikimedia.org/wiki/Special:FilePath/Dokugasmuseum.JPG,34.3059444,132.9941111,Q82275912,大久野島 毒ガス資料館
3032,平塚市美術館,神奈川縣,美術館,4.0,859,美術館,Yokohama Station,28.7,0.70,0.8000,0.5667,0.1483,0.6448,http://commons.wikimedia.org/wiki/Special:FilePath/Hiratsuka%20MOA.JPG,35.3380790,139.3475950,Q24807748,平塚市美術館
3798,豊田佐吉記念館,靜岡縣,人物紀念館,4.3,475,人物紀念館,Shizuoka Station,83.8,0.70,0.8600,0.5171,0.0563,0.6448,http://commons.wikimedia.org/wiki/Special:FilePath/Toyota%20Sakichi%20Birthplace.JPG,34.7103778,137.5278611,Q38266991,豊田佐吉記念館
1447,甲斐黃金村·湯之奧金山博物館,山梨縣,博物館,4.1,619,博物館,Kofu Station,28.4,0.70,0.8200,0.5392,0.1496,0.6447,http://commons.wikimedia.org/wiki/Special:FilePath/The%20Yu-no-oku%20Museum%20of%20Gold%20Mining%20History.jpg,35.4238700,138.4718900,Q60988980,甲斐黄金村・湯之奥金山博物館
1616,ジーンズミュージアム,岡山縣,織物博物館,4.1,549,織物博物館,Okayama Station,22.9,0.70,0.8200,0.5292,0.1794,0.6447,http://commons.wikimedia.org/wiki/Special:FilePath/Betty%20Smith%20Jeans%20Museum%20%E3%83%99%E3%83%86%E3%82%A3%E3%82%B9%E3%83%9F%E3%82%B9%E3%83%BB%E3%82%B8%E3%83%BC%E3%83%B3%E3%82%BA%E3%83%9F%E3%83%A5%E3%83%BC%E3%82%B8%E3%82%A2%E3%83%A0%20-%20panoramio.jpg,34.4765230,133.8232510,Q132613443,ベティスミス ジーンズミュージアム&ヴィレッジ
1957,鳴門市賀川豊彦記念館,德島縣,人物紀念館,3.8,841,人物紀念館,Tokushima Station,11.0,0.70,0.7600,0.5649,0.3123,0.6447,http://commons.wikimedia.org/wiki/Special:FilePath/140712%20Naruto%20City%20Kagawa%20Toyohiko%20Museum%20Naruto%20Tokushima%20pref%20Japan01s3.jpg,34.1632780,134.4987500,Q17209243,鳴門市ドイツ館
2157,水の歴史資料館,愛知縣,水廠博物館,4.0,288,水廠博物館,Nagoya Station,6.9,0.70,0.8000,0.4752,0.4218,0.6447,http://commons.wikimedia.org/wiki/Special:FilePath/Nagoya%20City%20Water%20History%20Museum%2020150527.JPG,35.1756390,136.9566940,Q21654788,水の歴史資料館
2482,日野AUTO PLAZA,東京都,公司博物館,4.6,148,公司博物館,Tokyo Station,41.1,0.70,0.9200,0.4197,0.1084,0.6447,http://commons.wikimedia.org/wiki/Special:FilePath/HinoAutoPlaza.jpg,35.6272390,139.3168440,Q11510539,日野オートプラザ
1964,ミウラート・ヴィレッジ（三浦美術館）,愛媛縣,美術館,4.2,143,美術館,Matsuyama Station,6.5,0.70,0.8400,0.4168,0.4357,0.6446,http://commons.wikimedia.org/wiki/Special:FilePath/Matsuyama-Miurart%20Village%283%29%20-%20panoramio.jpg,33.8985142,132.7538520,Q123532457,ミウラート・ヴィレッジ（三浦美術館）
1265,はい!からっと横丁,山口縣,主題樂園,3.9,1513,主題樂園,Yamaguchi Station,55.3,0.70,0.7800,0.6141,0.0829,0.6445,http://commons.wikimedia.org/wiki/Special:FilePath/Haikarat%20yokocho.jpg,33.9530833,130.9412222,Q17216562,はい！からっと横丁
1899,袋町小学校平和資料館,廣島縣,和平博物館,4.0,76,和平博物館,Hiroshima Station,1.7,0.70,0.8000,0.3643,0.7513,0.6444,http://commons.wikimedia.org/wiki/Special:FilePath/Fukuromachi%20Elementary%20School%20Peace%20Museum01.JPG,34.3917600,132.4587060,Q98926045,頼山陽史跡資料館
1956,鳴門市ドイツ館,德島縣,建築物,3.8,841,建築物,Tokushima Station,11.1,0.70,0.7600,0.5649,0.3097,0.6444,http://commons.wikimedia.org/wiki/Special:FilePath/140712%20Naruto%20German%20House%20Naruto%20Tokushima%20pref%20Japan02s3.jpg,34.1647220,134.4990830,Q3740674,鳴門市ドイツ館
3192,北九州市立松本清張紀念館,福岡縣,人物紀念館,4.2,571,人物紀念館,Hakata Station,53.0,0.70,0.8400,0.5325,0.0862,0.6444,http://commons.wikimedia.org/wiki/Special:FilePath/140721%20Matsumoto%20Seicho%20Memorial%20Museum%20Kitakyushu%20Japan01bs3.jpg,33.8838889,130.8725000,Q17210881,北九州市立 松本清張記念館
3365,金勇,秋田縣,遊客中心,4.4,306,遊客中心,Akita Station,55.5,0.70,0.8800,0.4803,0.0827,0.6444,http://commons.wikimedia.org/wiki/Special:FilePath/Exterior%20of%20the%20Kaneyu%2020200607a.jpg,40.2089720,140.0253610,Q11646558,能代市旧料亭金勇
583,札幌市博物館活動センター,北海道,博物館,4.3,92,博物館,Sapporo Station,5.8,0.70,0.8600,0.3801,0.4627,0.6443,http://commons.wikimedia.org/wiki/Special:FilePath/Sapporo%20Museum%20Activity%20Center.jpg,43.0189140,141.3723630,Q123128203,札幌市博物館活動センター
1169,旧登米高等尋常小学校校舎,宮城縣,旧学校施設,4.2,580,旧学校施設,Sendai Station,55.9,0.70,0.8400,0.5338,0.0821,0.6443,http://commons.wikimedia.org/wiki/Special:FilePath/Toyoma%20school%20museum050807.jpg,38.6553000,141.2800000,Q7830685,教育資料館（みやぎの明治村）
3354,秋田市立秋田城跡歴史資料館,秋田縣,考古博物館,4.0,212,考古博物館,Akita Station,5.1,0.70,0.8000,0.4496,0.4945,0.6443,http://commons.wikimedia.org/wiki/Special:FilePath/Akita%20City%20History%20Museum%20of%20Akita%20Fort%20Ruins.jpg,39.7396170,140.0779020,Q104696381,秋田市立秋田城跡歴史資料館
77,京都佛立ミュージアム,京都府,宗教博物馆,4.1,152,宗教博物馆,Kyoto Station,5.1,0.70,0.8200,0.4219,0.4967,0.6442,http://commons.wikimedia.org/wiki/Special:FilePath/2012exhibition1.jpg,35.0271360,135.7354143,Q22118562,京都佛立ミュージアム
815,稻垛之火館,和歌山縣,海嘯博物館,4.1,537,海嘯博物館,Wakayama Station,23.0,0.70,0.8200,0.5273,0.1787,0.6441,http://commons.wikimedia.org/wiki/Special:FilePath/Inamura%20no%20hi%20no%20yakata.jpg,34.0258333,135.1730556,Q23017542,稲むらの火の館
2734,那珂川町馬頭広重美術館,栃木縣,美術館,4.0,873,美術館,Utsunomiya Station,31.5,0.70,0.8000,0.5680,0.1371,0.6441,http://commons.wikimedia.org/wiki/Special:FilePath/Bato%20Hiroshige%20Museum%202009.jpg,36.7391110,140.1709440,Q42704985,那珂川町 馬頭広重美術館
3548,佐久市兒童未來館,長野縣,科學博物館,4.2,550,科學博物館,Nagano Station,48.6,0.70,0.8400,0.5293,0.0932,0.6441,http://commons.wikimedia.org/wiki/Special:FilePath/Saku%20Children%27s%20Science%20Dome.JPG,36.2716110,138.4758330,Q11382612,sakumo佐久市子ども未来館
726,市原歴史博物館,千葉縣,歷史博物館,4.2,256,歷史博物館,Chiba Station,12.6,0.70,0.8400,0.4654,0.2841,0.6440,http://commons.wikimedia.org/wiki/Special:FilePath/Ichihara%20Rekishi%20Hakubutsukan.jpg,35.5017778,140.1370556,Q115253922,市原歴史博物館
2414,品川区立品川歴史館,東京都,歷史博物館,4.0,397,歷史博物館,Tokyo Station,10.0,0.70,0.8000,0.5021,0.3342,0.6440,http://commons.wikimedia.org/wiki/Special:FilePath/Shinagawa%20historical%20museum%202009.JPG,35.5968056,139.7301389,Q11418382,品川区立品川歴史館
3966,屋久町立屋久杉自然館,鹿兒島縣,自然歷史博物館,4.2,692,自然歷史博物館,Kagoshima-Chuo Station,142.0,0.70,0.8400,0.5486,0.0340,0.6440,http://commons.wikimedia.org/wiki/Special:FilePath/Yakusugi%20Shizenkan%20%28Yakusugi%20Museum%29.jpg,30.3090900,130.6329000,Q127416253,屋久杉自然館
1675,玉野市立玉野海洋博物館,岡山縣,水族館,3.9,1020,水族館,Okayama Station,23.6,0.70,0.7800,0.5811,0.1750,0.6438,http://commons.wikimedia.org/wiki/Special:FilePath/Shibukawa%20Marine%20Aquarium.jpg,34.4548750,133.9054780,Q11572836,渋川マリン水族館（玉野海洋博物館）
3736,上原美術館,靜岡縣,美術館,4.3,412,美術館,Shizuoka Station,55.9,0.70,0.8600,0.5052,0.0820,0.6438,,34.7285833,138.9255833,Q109370453,上原美術館
3737,上原近代美術館,靜岡縣,现代美术馆,4.3,412,现代美术馆,Shizuoka Station,56.0,0.70,0.8600,0.5052,0.0820,0.6438,http://commons.wikimedia.org/wiki/Special:FilePath/The%20Bridge%20at%20Argenteuil%20by%20Renoir%20%28Uehara%20Museum%20of%20Modern%20Art%29.jpg,34.7285690,138.9256900,Q22032181,上原美術館
1680,笠岡市立鱟博物館,岡山縣,自然歷史博物館,4.0,972,自然歷史博物館,Okayama Station,42.0,0.70,0.8000,0.5770,0.1064,0.6437,http://commons.wikimedia.org/wiki/Special:FilePath/Kasaoka%20City%20Horseshoe%20Crab%20Museum%20-%20Apr%2012%2C%202007.jpg,34.4773890,133.5215280,Q11599876,笠岡市立カブトガニ博物館
2297,鉢&田島征三・絵本と木の実の美術館,新潟縣,美術館,4.4,337,美術館,Niigata Station,94.7,0.70,0.8800,0.4884,0.0502,0.6435,http://commons.wikimedia.org/wiki/Special:FilePath/Hachi%20%26%20Seizo%20Tashima%20Museum%20of%20Picture%20Book%20Art.jpg,37.1125000,138.6936111,Q28686116,鉢&田島征三 絵本と木の実の美術館
437,三笠市立博物館,北海道,古生物博物馆,4.0,1044,古生物博物馆,Sapporo Station,54.1,0.70,0.8000,0.5830,0.0847,0.6434,http://commons.wikimedia.org/wiki/Special:FilePath/Mikasa%2001.JPG,43.2612780,141.9627220,Q11356913,三笠市立博物館
1525,岐阜県先端科学技術体験センター,岐阜縣,博物馆建筑,4.2,513,博物馆建筑,Gifu Station,43.7,0.70,0.8400,0.5235,0.1026,0.6433,http://commons.wikimedia.org/wiki/Special:FilePath/Gifu%20Research%20Information%20Center%20Science%20World2008-1.jpg,35.3761110,137.2369440,Q11471438,サイエンスワールド 岐阜県先端科学技術体験センター
1559,瑞浪市地球回廊,岐阜縣,自然歷史博物館,4.2,513,自然歷史博物館,Gifu Station,43.8,0.70,0.8400,0.5235,0.1025,0.6433,http://commons.wikimedia.org/wiki/Special:FilePath/Mizunami%20city%20chikyu%20kairo.jpg,35.3741060,137.2372560,Q11573909,サイエンスワールド 岐阜県先端科学技術体験センター
1560,瑞浪市市之瀬廣太記念美術館,岐阜縣,美術館,4.2,513,美術館,Gifu Station,43.7,0.70,0.8400,0.5235,0.1026,0.6433,http://commons.wikimedia.org/wiki/Special:FilePath/Mizunami%20city%20ichinose%20hirota%20museum.jpg,35.3749444,137.2371111,Q114905513,サイエンスワールド 岐阜県先端科学技術体験センター
1817,石見銀山世界遺產中心,島根縣,礦業博物館,3.8,2099,礦業博物館,Matsue Station,68.4,0.70,0.7600,0.6416,0.0682,0.6433,http://commons.wikimedia.org/wiki/Special:FilePath/180504%20Iwami%20Ginzan%20World%20Heritage%20Center%20Oda%20Shimane%20pref%20Japan02s5.jpg,35.1056667,132.4517222,Q55530487,石見銀山 世界遺産センター
2505,杉並區立鄉土博物館,東京都,地方文化館,4.1,304,地方文化館,Tokyo Station,11.0,0.70,0.8200,0.4797,0.3125,0.6432,http://commons.wikimedia.org/wiki/Special:FilePath/Suginami%20Historical%20Museum.JPG,35.6859170,139.6454470,Q20045092,杉並区立郷土博物館（本館）
2562,歌舞伎座ギャラリー,東京都,剧院博物馆,3.9,84,剧院博物馆,Tokyo Station,1.3,0.70,0.7800,0.3726,0.7947,0.6432,,35.6696000,139.7679000,Q116971619,歌舞伎座ギャラリー＆歌舞伎座ホール
2724,益子参考館,栃木縣,历史房屋博物馆,4.3,261,历史房屋博物馆,Utsunomiya Station,21.2,0.70,0.8600,0.4670,0.1911,0.6432,http://commons.wikimedia.org/wiki/Special:FilePath/%E7%9B%8A%E5%AD%90%E5%8F%82%E8%80%83%E9%A4%A8%EF%BC%92%E5%8F%B7%E9%A4%A8%E3%81%A8%EF%BC%93%E5%8F%B7%E9%A4%A8.jpg,36.4707361,140.1084028,Q11581175,濱田庄司記念益子参考館
3785,濱松市秋野不矩美術館,靜岡縣,美術館,4.2,546,美術館,Shizuoka Station,53.3,0.70,0.8400,0.5287,0.0858,0.6432,http://commons.wikimedia.org/wiki/Special:FilePath/AkinoFukuMuseum%20Um%202019091501%2001.jpg,34.8648611,137.8192778,Q77806922,浜松市秋野不矩美術館
3850,瀬戸内海歴史民俗資料館,香川縣,都道府县立博物馆,4.1,305,都道府县立博物馆,Takamatsu Station,11.1,0.70,0.8200,0.4800,0.3115,0.6432,http://commons.wikimedia.org/wiki/Special:FilePath/Gosikidai31.jpg,34.3782170,133.9309830,Q11566553,瀬戸内海歴史民俗資料館
1340,陸奥記念館,山口縣,海軍博物館,4.1,855,海軍博物館,Yamaguchi Station,91.6,0.70,0.8200,0.5663,0.0518,0.6431,http://commons.wikimedia.org/wiki/Special:FilePath/MUTSU%20SHUBYOU.JPG,33.9506389,132.4375000,Q11658604,陸奥記念館
1694,もぐらんぴあ,岩手縣,水族館,4.0,1144,水族館,Morioka Station,81.8,0.70,0.8000,0.5907,0.0576,0.6430,http://commons.wikimedia.org/wiki/Special:FilePath/Mogurampia%201.jpg,40.2212890,141.8157220,Q11279914,久慈地下水族科学館 もぐらんぴあ
1901,賴山陽史蹟資料館,廣島縣,歷史博物館,4.0,76,歷史博物館,Hiroshima Station,1.8,0.70,0.8000,0.3643,0.7367,0.6430,http://commons.wikimedia.org/wiki/Special:FilePath/Rai%20Sanyo%20Shiseki%20Museum%2001.jpg,34.3915000,132.4572780,Q11665011,頼山陽史跡資料館
2020,砥部焼伝統産業会館,愛媛縣,陶瓷博物館,4.4,123,陶瓷博物館,Matsuyama Station,11.8,0.70,0.8800,0.4043,0.2970,0.6430,http://commons.wikimedia.org/wiki/Special:FilePath/Entrance%20of%20Tobe-Yaki%20Heritage%20Center%20-%20Jul%2015%2C%202014.jpg,33.7392780,132.7918890,Q11587568,坂村真民記念館
1761,仁摩沙博物館,島根縣,博物館,4.0,1099,博物館,Matsue Station,69.4,0.70,0.8000,0.5873,0.0672,0.6429,http://commons.wikimedia.org/wiki/Special:FilePath/Sandmuseum%20Nima.jpg,35.1463890,132.4047220,Q11376381,仁摩サンドミュージアム
1256,高岡市美術館,富山縣,美術館,3.9,811,美術館,Toyama Station,17.5,0.70,0.7800,0.5619,0.2221,0.6428,http://commons.wikimedia.org/wiki/Special:FilePath/Takaoka%20Art%20Museum%201-1.jpg,36.7512640,137.0265330,Q11669515,高岡市美術館
1571,美濃和紙あかりアート館,岐阜縣,美術館,4.2,350,美術館,Gifu Station,20.9,0.70,0.8400,0.4915,0.1932,0.6428,http://commons.wikimedia.org/wiki/Special:FilePath/Mino%20Washi%20Akari%20Art%20Hall%20ac%20%281%29.jpg,35.5471667,136.9125000,Q11609219,美濃和紙あかりアート館
2638,葛飾區鄉土與天文博物館,東京都,地方文化館,4.2,210,地方文化館,Tokyo Station,10.5,0.70,0.8400,0.4488,0.3217,0.6428,http://commons.wikimedia.org/wiki/Special:FilePath/Katsushika%20City%20Museum.JPG,35.7529170,139.8434470,Q11621071,葛飾区郷土と天文の博物館
2908,熊本縣立裝飾古墳館,熊本縣,都道府县立博物馆,4.2,369,都道府县立博物馆,Kumamoto Station,22.7,0.70,0.8400,0.4959,0.1806,0.6428,http://commons.wikimedia.org/wiki/Special:FilePath/Kumamoto%20Prefectural%20Ancient%20Burial%20Mound%20Museum%2002.jpg,32.9936667,130.6696944,Q4557656,熊本県立装飾古墳館
117,大西清右衛門美術館,京都府,美術館,4.2,53,美術館,Kyoto Station,2.5,0.70,0.8400,0.3345,0.6634,0.6427,http://commons.wikimedia.org/wiki/Special:FilePath/Onishi%20Seiwemon%20Museum.jpg,35.0084770,135.7557470,Q127602236,大西清右衛門美術館
1989,坂村真民記念館,愛媛縣,纪念博物馆,4.4,123,纪念博物馆,Matsuyama Station,12.0,0.70,0.8800,0.4043,0.2945,0.6427,,33.7380970,132.7924030,Q123536533,坂村真民記念館
3249,観世音寺宝蔵,福岡縣,博物館,4.6,67,博物館,Hakata Station,12.6,0.70,0.9200,0.3539,0.2842,0.6426,http://commons.wikimedia.org/wiki/Special:FilePath/Museum%20of%20Kanzeonji%20Temple.jpg,33.5149190,130.5222420,Q104784023,観世音寺 宝蔵
3615,松本市鐘錶博物館,長野縣,時計博物館,4.1,717,時計博物館,Nagano Station,49.6,0.70,0.8200,0.5515,0.0916,0.6426,http://commons.wikimedia.org/wiki/Special:FilePath/Matsumoto%20timepiece%20museum02n4592.jpg,36.2338250,137.9686690,Q11531031,松本市時計博物館
2392,八王子市兒童科學館,東京都,天象儀,4.1,658,天象儀,Tokyo Station,39.7,0.70,0.8200,0.5444,0.1118,0.6425,http://commons.wikimedia.org/wiki/Special:FilePath/Hachioji%20City%20Children%27s%20Museum%20of%20Science.JPG,35.6648610,139.3277780,Q17229781,コニカミノルタ サイエンスドーム (八王子市こども科学館)
295,日本盛酒蔵通り煉瓦館,兵庫縣,公司博物館,4.0,551,公司博物館,Kobe Station,16.2,0.70,0.8000,0.5295,0.2354,0.6424,,34.7302220,135.3446940,Q11508663,日本盛 酒蔵通り煉瓦館
1218,冰見市潮風畫廊,富山縣,美術館,4.0,751,美術館,Toyama Station,26.7,0.70,0.8000,0.5554,0.1579,0.6424,,36.8591390,136.9873330,Q48763471,氷見市潮風ギャラリー 藤子不二雄Aアートコレクション
1646,吉兆庵美術館,岡山縣,美術館,4.2,20,美術館,Okayama Station,0.6,0.70,0.8400,0.2553,0.8975,0.6424,,34.6615111,133.9194365,Q136481568,岡山【吉兆庵美術館】
2610,神宮橋,東京都,橋,4.2,121,橋,Tokyo Station,6.0,0.70,0.8400,0.4029,0.4549,0.6424,http://commons.wikimedia.org/wiki/Special:FilePath/Jingubashi%20%28Shibuya%2C%20Tokyo%29.jpg,35.6697000,139.7023000,Q11589493,神宮橋
1764,出雲かんべの里,島根縣,博物館,4.1,134,博物館,Matsue Station,4.8,0.70,0.8200,0.4114,0.5092,0.6423,,35.4252160,133.0873440,Q132444490,出雲かんべの里
2480,日本近代文學館,東京都,文學館,4.1,221,文學館,Tokyo Station,8.0,0.70,0.8200,0.4531,0.3832,0.6423,http://commons.wikimedia.org/wiki/Special:FilePath/Nihon-kindai-bungakukan.jpg,35.6628080,139.6809290,Q1954709,日本近代文学館
3649,诹访市原田泰治美术馆,長野縣,美術館,4.2,563,美術館,Nagano Station,67.7,0.70,0.8400,0.5313,0.0688,0.6423,http://commons.wikimedia.org/wiki/Special:FilePath/140606%20Taizi%20Harada%20Art%20Museum%20Suwa%20Nagano%20pref%20Japan03s3.jpg,36.0388890,138.0983610,Q11631864,諏訪市原田泰治美術館
2707,日光市平家の里,栃木縣,戶外博物館,3.8,1866,戶外博物館,Utsunomiya Station,52.7,0.70,0.7600,0.6317,0.0866,0.6422,http://commons.wikimedia.org/wiki/Special:FilePath/Heike-no-sato.JPG,36.9614444,139.5849444,Q111215407,平家の里
3812,静岡市東海道広重美術館,靜岡縣,美術館,4.0,671,美術館,Shizuoka Station,22.2,0.70,0.8000,0.5460,0.1838,0.6422,http://commons.wikimedia.org/wiki/Special:FilePath/Nakagawa-machi%20Bato%20Hiroshige%20Museum%20of%20Art%2C%20main%20building.JPG,35.1080000,138.5671111,Q109357780,静岡市東海道広重美術館
459,函馆市北洋资料馆,北海道,漁業博物館,4.3,471,漁業博物館,Sapporo Station,149.9,0.70,0.8600,0.5164,0.0323,0.6421,http://commons.wikimedia.org/wiki/Special:FilePath/Hakodate%20Citizens%20Arts%20Hall%20Hokkaido%20Japan01bs.jpg,41.7936667,140.7560000,Q11395994,函館市北洋資料館
45,羅浮雕刻藝術館,三重縣,彫刻美術館,3.9,738,彫刻美術館,Tsu Station,16.0,0.70,0.7800,0.5540,0.2378,0.6420,http://commons.wikimedia.org/wiki/Special:FilePath/Louvre%20Sculpture%20Museum%2C%20Mie.jpg,34.6765310,136.3493000,Q11349249,ルーブル彫刻美術館
249,兵庫陶藝美術館,兵庫縣,美術館,4.1,605,美術館,Kobe Station,34.1,0.70,0.8200,0.5373,0.1278,0.6420,http://commons.wikimedia.org/wiki/Special:FilePath/140510The%20Museum%20of%20Ceramic%20Art%2C%20Hyogo%20Sasayama%20Hyogo%20pref%20Japan01bs5.jpg,34.9839830,135.1310530,Q11393672,兵庫陶芸美術館
3045,明治大学平和教育登戸研究所資料館,神奈川縣,博物館,4.5,116,博物館,Yokohama Station,17.5,0.70,0.9000,0.3994,0.2219,0.6420,,35.6113590,139.5470400,Q104708749,明治大学平和教育登戸研究所資料館
333,白鷹綠水苑,兵庫縣,酒博物館,4.2,279,酒博物館,Kobe Station,15.7,0.70,0.8400,0.4726,0.2411,0.6419,http://commons.wikimedia.org/wiki/Special:FilePath/Hakutaka-ryokusuien01s5s3200.jpg,34.7305280,135.3387220,Q11580631,白鷹禄水苑
414,きたみファミリーランド,北海道,主題樂園,4.3,485,主題樂園,Sapporo Station,221.0,0.70,0.8600,0.5188,0.0221,0.6419,,43.7558101,143.9188439,Q109603910,きたみファミリーランド
2933,堂形のシイノキ,石川縣,巨樹,3.9,109,巨樹,Kanazawa Station,2.0,0.70,0.7800,0.3942,0.7166,0.6419,http://commons.wikimedia.org/wiki/Special:FilePath/Grand%20chinquapin%20tree%20in%20front%20of%20Shiinoki%20Cultural%20Complex%20of%20Ishikawa%20Prefecture.JPG,36.5621667,136.6578333,Q111585833,金沢ふるさと偉人館
2595,田端文士村紀念館,東京都,文學館,4.0,240,文學館,Tokyo Station,6.4,0.70,0.8000,0.4600,0.4383,0.6418,http://commons.wikimedia.org/wiki/Special:FilePath/TabataBunshimuraKinenkan20120109.jpg,35.7384720,139.7592780,Q11577225,田端文士村記念館
1779,奧出雲多根自然博物館,島根縣,自然歷史博物館,4.1,530,自然歷史博物館,Matsue Station,26.6,0.70,0.8200,0.5262,0.1581,0.6417,,35.2327090,132.9876160,Q132412446,奥出雲多根自然博物館
2502,木材、合板博物館,東京都,博物館,4.1,190,博物館,Tokyo Station,7.1,0.70,0.8200,0.4405,0.4148,0.6416,http://commons.wikimedia.org/wiki/Special:FilePath/Shinkiba%20Tower%2001.JPG,35.6457472,139.8318417,Q11518627,木材・合板博物館
2602,白根記念渋谷区郷土博物館・文学館,東京都,文學館,4.0,209,文學館,Tokyo Station,5.6,0.70,0.8000,0.4484,0.4696,0.6415,http://commons.wikimedia.org/wiki/Special:FilePath/Shirane%20Memorial%20Museum1.JPG,35.6563889,139.7125500,Q21019078,白根記念渋谷区郷土博物館・文学館
3545,井戸尻考古館,長野縣,考古博物館,4.4,304,考古博物館,Nagano Station,85.4,0.70,0.8800,0.4797,0.0553,0.6415,,35.8779740,138.2769560,Q132830167,井戸尻考古館
112,北野天満宮宝物殿,京都府,宝物館,4.2,105,宝物館,Kyoto Station,5.4,0.70,0.8400,0.3911,0.4803,0.6414,http://commons.wikimedia.org/wiki/Special:FilePath/Kitano-tenmangu%20Kyoto%20Japan23s3s4500.jpg,35.0305859,135.7356157,Q127588655,宝物殿
1620,井原市立平櫛田中美術館,岡山縣,美術館,4.3,342,美術館,Okayama Station,42.3,0.70,0.8600,0.4896,0.1056,0.6414,,34.5980560,133.4633330,Q11373381,井原市立平櫛田中美術館
2255,小千谷市錦鯉の里,新潟縣,水族館,4.0,1041,水族館,Niigata Station,70.8,0.70,0.8000,0.5828,0.0659,0.6414,http://commons.wikimedia.org/wiki/Special:FilePath/Ojiya%20Nishikigoi%20no%20Sato%20ac%20%281%29.jpg,37.3111111,138.7952778,Q11650572,錦鯉の里
1116,箱本館 ｢紺屋｣,奈良縣,博物館,4.0,175,博物館,Nara Station,4.8,0.70,0.8000,0.4336,0.5119,0.6413,http://commons.wikimedia.org/wiki/Special:FilePath/Hakomotokan%20konya01s1600.jpg,34.6477300,135.7852000,Q123146797,箱本館｢紺屋｣
3141,旧敦賀港駅舎,福井縣,站房,4.1,666,站房,Fukui Station,46.6,0.70,0.8200,0.5454,0.0968,0.6413,http://commons.wikimedia.org/wiki/Special:FilePath/Tsuruga%20Railway%20Museum%20ac%20%282%29.jpg,35.6607780,136.0728060,Q11511060,敦賀鉄道資料館（旧敦賀港駅舎）
3432,かすみがうら市水族館,茨城縣,水族館,3.9,1116,水族館,Mito Station,34.5,0.70,0.7800,0.5886,0.1267,0.6413,http://commons.wikimedia.org/wiki/Special:FilePath/Kasumigaura-shi%20Aquarium.JPG,36.0715939,140.3760069,Q21652750,かすみがうら市 水族館
3666,飯田市川本喜八郎人形美術館,長野縣,美術館,4.3,447,美術館,Nagano Station,129.6,0.70,0.8600,0.5120,0.0371,0.6413,http://commons.wikimedia.org/wiki/Special:FilePath/Iida%20City%20Kawamoto%20Kihachiro%20Puppet%20Museum.jpg,35.5149420,137.8256940,Q11666522,飯田市川本喜八郎人形美術館
953,道の駅鯛生金山,大分縣,道之驛,3.9,1408,道之驛,Oita Station,68.4,0.70,0.7800,0.6081,0.0682,0.6412,http://commons.wikimedia.org/wiki/Special:FilePath/Taio%20mine%20shoppingCenter.jpg,33.1291667,130.8826944,Q11641576,道の駅 鯛生金山
3286,天鏡閣,福島縣,别墅,4.0,900,别墅,Fukushima Station,44.8,0.70,0.8000,0.5706,0.1004,0.6412,http://commons.wikimedia.org/wiki/Special:FilePath/Tenkyokaku.jpg,37.5214000,140.0440000,Q11443742,天鏡閣
2343,オカムラいすの博物館,東京都,公司博物館,4.4,27,公司博物館,Tokyo Station,2.7,0.70,0.8800,0.2795,0.6528,0.6411,http://commons.wikimedia.org/wiki/Special:FilePath/Okamura%20chairs%20museum.jpg,35.6750000,139.7386670,Q17224098,オカムラいすの博物館
58,いけばな資料館,京都府,美術館,4.5,18,美術館,Kyoto Station,2.5,0.70,0.9000,0.2469,0.6691,0.6410,,35.0080130,135.7600800,Q132529351,いけばな資料館
121,安達くみひも館,京都府,工藝博物館,4.2,75,工藝博物館,Kyoto Station,3.9,0.70,0.8400,0.3632,0.5599,0.6410,,35.0211460,135.7585790,Q132529589,安達くみひも館
3456,日立シビックセンター科学館,茨城縣,科學博物館,4.2,395,科學博物館,Mito Station,29.4,0.70,0.8400,0.5016,0.1454,0.6410,,36.5902778,140.6594444,Q17229940,日立シビックセンター 科学館 サクリエ
2786,沖縄平和祈念堂,沖繩縣,和平博物館,4.1,329,和平博物館,Naha Bus Terminal,13.5,0.70,0.8200,0.4864,0.2696,0.6409,http://commons.wikimedia.org/wiki/Special:FilePath/Okinawa%20Heiwakinen%20Memorial%20Hall01n3104.jpg,26.0974230,127.7237460,Q132156950,沖縄平和祈念堂
3917,山陰海岸ジオパーク海と大地の自然館,鳥取縣,自然歷史博物館,4.1,356,自然歷史博物館,Tottori Station,15.1,0.70,0.8200,0.4929,0.2488,0.6408,http://commons.wikimedia.org/wiki/Special:FilePath/San%27in%20Kaigan%20Nature%20Museum.JPG,35.5933890,134.3394720,Q11471128,山陰海岸ジオパーク海と大地の自然館
3958,奄美PARK,鹿兒島縣,主題公園,4.0,1248,主題公園,Kagoshima-Chuo Station,361.5,0.70,0.8000,0.5980,0.0136,0.6408,http://commons.wikimedia.org/wiki/Special:FilePath/Amami%20Park.jpg,28.4166670,129.6944440,Q11444846,奄美パーク
2885,人吉鉄道ミュージアム MOZOCAステーション868,熊本縣,鐵路博物館,4.0,985,鐵路博物館,Kumamoto Station,64.2,0.70,0.8000,0.5781,0.0722,0.6407,,32.2148266,130.7513052,Q131173789,人吉鉄道ミュージアム MOZOCAステーション868
3162,越前がにミュージアム,福井縣,博物館,3.8,1297,博物館,Fukui Station,25.7,0.70,0.7600,0.6012,0.1630,0.6407,http://commons.wikimedia.org/wiki/Special:FilePath/Echizengani%20museum.JPG,35.9200170,135.9983330,Q11636403,越前がにミュージアム
3241,立花家史料館,福岡縣,歷史博物館,4.2,476,歷史博物館,Hakata Station,48.0,0.70,0.8400,0.5172,0.0943,0.6406,http://commons.wikimedia.org/wiki/Special:FilePath/Entrance%20of%20Tononokura%20Warehouse%20and%20Historical%20Museum%20of%20the%20Tachibana%20Clan.JPG,33.1588400,130.3973100,Q104783988,立花家史料館
3987,輝北天球館,鹿兒島縣,天文台,4.2,372,天文台,Kagoshima-Chuo Station,27.1,0.70,0.8400,0.4966,0.1560,0.6406,http://commons.wikimedia.org/wiki/Special:FilePath/Kihoku%20Tenkyukan%202009.JPG,31.5946389,130.8263056,Q11637674,輝北天球館
2114,奥殿阵屋,愛知縣,觀光景點,3.9,1056,觀光景點,Nagoya Station,32.6,0.70,0.7800,0.5840,0.1331,0.6405,http://commons.wikimedia.org/wiki/Special:FilePath/Okutono-Jinya-1.jpg,35.0292500,137.1948889,Q11445943,奥殿陣屋
3030,川崎市市民博物館,神奈川縣,市立博物館,3.9,622,市立博物館,Yokohama Station,13.8,0.70,0.7800,0.5396,0.2661,0.6405,http://commons.wikimedia.org/wiki/Special:FilePath/Kawasaki%20City%20Museum.jpg,35.5885830,139.6472500,Q11478412,川崎市市民ミュージアム
3180,五郎山古墳館,福岡縣,考古博物館,4.5,116,考古博物館,Hakata Station,19.2,0.70,0.9000,0.3994,0.2065,0.6405,http://commons.wikimedia.org/wiki/Special:FilePath/Gorouyama-kohun-kan.JPG,33.4515320,130.5444300,Q118334339,五郎山古墳館
2520,東京大学総合研究博物館小石川分館,東京都,大學博物館,4.1,130,大學博物館,Tokyo Station,5.0,0.70,0.8200,0.4089,0.4976,0.6404,http://commons.wikimedia.org/wiki/Special:FilePath/%E6%9D%B1%E4%BA%AC%E5%A4%A7%E5%AD%A6%E7%B7%8F%E5%90%88%E7%A0%94%E7%A9%B6%E5%8D%9A%E7%89%A9%E9%A4%A8%E5%B0%8F%E7%9F%B3%E5%B7%9D%E5%88%86%E9%A4%A80001.jpg,35.7214040,139.7411420,Q3815581,東京大学総合研究博物館 小石川分館
3574,安曇野アートヒルズミュージアム,長野縣,美術館,3.9,1209,美術館,Nagano Station,45.8,0.70,0.7800,0.5953,0.0985,0.6404,http://commons.wikimedia.org/wiki/Special:FilePath/Azumino%20Arthills%20Museum.jpg,36.3401389,137.8420556,Q17190581,安曇野アートヒルズミュージアム
1294,山口県埋蔵文化財センター,山口縣,埋藏文化財中心,3.7,143,埋藏文化財中心,Yamaguchi Station,1.3,0.70,0.7400,0.4168,0.7930,0.6403,http://commons.wikimedia.org/wiki/Special:FilePath/Yamaguchi%20Prefecture%20Buried%20Cultural%20Properties%20Center.jpg,34.1820220,131.4713800,Q123269260,山口市歴史民俗資料館
3076,橫須賀市自然人文博物館,神奈川縣,博物館,4.1,446,博物館,Yokohama Station,21.8,0.70,0.8200,0.5118,0.1865,0.6402,http://commons.wikimedia.org/wiki/Special:FilePath/Yokosuka%20City%20Museum.JPG,35.2745310,139.6736130,Q11543534,横須賀市自然・人文博物館
457,函館市縄文文化交流センター,北海道,考古博物館,4.2,587,考古博物館,Sapporo Station,131.1,0.70,0.8400,0.5348,0.0367,0.6401,http://commons.wikimedia.org/wiki/Special:FilePath/Michinoeki%20jyoumonRoman.JPG,41.9279214,140.9447497,Q28685000,函館市縄文文化交流センター
3372,スバルビジターセンター,群馬縣,公司博物館,4.3,277,公司博物館,Maebashi Station,29.5,0.70,0.8600,0.4720,0.1451,0.6401,http://commons.wikimedia.org/wiki/Special:FilePath/Subaru%201500%20at%20SUBARU%20Visitor%20center%202014-2.jpg,36.2755278,139.3730000,Q28554991,スバルビジターセンター
2227,Iyoboya會館,新潟縣,水族館,4.1,648,水族館,Niigata Station,50.2,0.70,0.8200,0.5431,0.0906,0.6400,http://commons.wikimedia.org/wiki/Special:FilePath/Iyoboya%20Museum.jpg,38.2277778,139.4713889,Q61721910,イヨボヤ会館
2393,八王子市夢美術館,東京都,美術館,4.0,817,美術館,Tokyo Station,39.5,0.70,0.8000,0.5625,0.1124,0.6400,http://commons.wikimedia.org/wiki/Special:FilePath/Hachioji%20Yume%20Art%20Museum.JPG,35.6604167,139.3306111,Q11391573,八王子市夢美術館
2633,荒川区立荒川ふるさと文化館,東京都,地方文化館,4.3,90,地方文化館,Tokyo Station,6.8,0.70,0.8600,0.3783,0.4250,0.6400,http://commons.wikimedia.org/wiki/Special:FilePath/Arakawa%20Furusato%20Bunkakan%2001.jpg,35.7375190,139.7954180,Q104698248,荒川区立荒川ふるさと文化館
2328,TERRADA ART COMPLEX,東京都,美術館,4.4,68,美術館,Tokyo Station,7.1,0.70,0.8800,0.3551,0.4138,0.6399,http://commons.wikimedia.org/wiki/Special:FilePath/TAC.jpg,35.6197500,139.7464167,Q38255018,TERRADA ART COMPLEX II
2674,首かけイチョウ,東京都,巨樹,4.2,28,巨樹,Tokyo Station,1.3,0.70,0.8400,0.2824,0.7913,0.6399,http://commons.wikimedia.org/wiki/Special:FilePath/Ginkgo%20biloba%20-%20Hibiya%20Park%202.jpg,35.6737611,139.7557333,Q61014548,首賭けイチョウ
923,九州自動車歴史館,大分縣,汽車博物館,4.2,327,汽車博物館,Oita Station,22.7,0.70,0.8400,0.4858,0.1803,0.6398,,33.2669444,131.3654667,Q48747201,九州自動車歴史館 Yufuin Retro Motor Museum
1793,島根縣立石見美術館,島根縣,美術館,4.3,425,美術館,Matsue Station,141.3,0.70,0.8600,0.5078,0.0342,0.6397,http://commons.wikimedia.org/wiki/Special:FilePath/Grand%20Toit.jpg,34.6729836,131.8480842,Q132396562,島根県立石見美術館
2123,常喵,愛知縣,觀光景點,4.3,281,觀光景點,Nagoya Station,31.5,0.70,0.8600,0.4732,0.1371,0.6397,http://commons.wikimedia.org/wiki/Special:FilePath/Tokoname%20Yakimono%20Sanpomichi%202009-10E.JPG,34.8900570,136.8382510,Q136744903,とこなめ招き猫通り
2376,中野区立歴史民俗資料館,東京都,民俗博物館,4.0,345,民俗博物館,Tokyo Station,10.4,0.70,0.8000,0.4903,0.3249,0.6396,http://commons.wikimedia.org/wiki/Special:FilePath/Nakano%20Museum%20of%20History%20and%20Folklore%20%282%29%202022-12-25.jpg,35.7242460,139.6650080,Q104708387,山﨑記念中野区立歴史民俗資料館
3209,奴國之丘歷史公園,福岡縣,考古学公園,4.1,161,考古学公園,Hakata Station,6.5,0.70,0.8200,0.4267,0.4359,0.6396,http://commons.wikimedia.org/wiki/Special:FilePath/%E5%B2%A1%E6%9C%AC%E9%81%BA%E8%B7%A1%E3%81%AE%E8%A6%86%E5%B1%8B%20Up200608032200.jpg,33.5380556,130.4516667,Q11446615,奴国の丘歴史公園
3627,満蒙開拓平和記念館,長野縣,和平博物館,4.3,421,和平博物館,Nagano Station,139.3,0.70,0.8600,0.5070,0.0346,0.6396,http://commons.wikimedia.org/wiki/Special:FilePath/Manchuria%20pioneer%20Peace%20Memorial%20Hall%201.JPG,35.4417500,137.7489170,Q17210960,満蒙開拓平和記念館
3820,駿府博物館,靜岡縣,博物館,3.8,138,博物館,Shizuoka Station,2.0,0.70,0.7600,0.4138,0.7143,0.6396,http://commons.wikimedia.org/wiki/Special:FilePath/Sunpu%20Museum-1.jpg,34.9591111,138.4044722,Q109370382,駿府博物館
1605,高山祭屋台会館,岐阜縣,山車会館,4.0,1023,山車会館,Gifu Station,93.9,0.70,0.8000,0.5813,0.0505,0.6394,http://commons.wikimedia.org/wiki/Special:FilePath/Takayama%20Festival%20Float%20Exhibition%20Hall%20%2C%20%E9%AB%98%E5%B1%B1%E7%A5%AD%E5%B1%8B%E5%8F%B0%E4%BC%9A%E9%A4%A8%20-%20panoramio.jpg,36.1483850,137.2601081,Q123476040,高山祭屋台会館
1776,和鋼博物館,島根縣,博物館,4.0,515,博物館,Matsue Station,17.5,0.70,0.8000,0.5238,0.2222,0.6394,http://commons.wikimedia.org/wiki/Special:FilePath/Wak%C5%8D%20Museum.jpg,35.4352778,133.2536111,Q11418233,和鋼博物館
3025,山口蓬春記念館,神奈川縣,博物館,4.5,123,博物館,Yokohama Station,22.6,0.70,0.9000,0.4043,0.1811,0.6394,http://commons.wikimedia.org/wiki/Special:FilePath/Research%20survey%20Hoshun%20Yamaguchi%20Memorial%20Hall%201953%201.jpg,35.2664647,139.5757545,Q125763321,山口蓬春記念館
3726,ぐりんぱ,靜岡縣,主題樂園,3.7,2270,主題樂園,Shizuoka Station,50.8,0.70,0.7400,0.6481,0.0896,0.6394,http://commons.wikimedia.org/wiki/Special:FilePath/Grinpa%202016%20%2830207859440%29.jpg,35.2943530,138.7845080,Q11265813,ぐりんぱ
136,松花堂,京都府,日本庭園,3.9,562,日本庭園,Kyoto Station,12.9,0.70,0.7800,0.5312,0.2793,0.6393,,34.8795830,135.7017780,Q11532219,八幡市立松花堂庭園・美術館
482,北海道立帶廣美術館,北海道,美術館,4.1,793,美術館,Sapporo Station,150.3,0.70,0.8200,0.5600,0.0322,0.6392,http://commons.wikimedia.org/wiki/Special:FilePath/131012%20Hokkaido%20Obihiro%20Museum%20of%20Art01s3.jpg,42.9045830,143.1855280,Q11402964,北海道立帯広美術館
635,神田日勝記念美術館,北海道,美術館,4.3,413,美術館,Sapporo Station,133.2,0.70,0.8600,0.5054,0.0362,0.6392,http://commons.wikimedia.org/wiki/Special:FilePath/Kandanissho%20memorial%20museum%20of%20art.jpg,43.0967170,142.9900940,Q123252986,神田日勝記念美術館
728,市川自然博物館,千葉縣,自然歷史博物館,4.0,582,自然歷史博物館,Chiba Station,21.4,0.70,0.8000,0.5341,0.1894,0.6392,,35.7642500,139.9660000,Q85880033,市立市川自然博物館
1455,韮崎大村美術館,山梨縣,美術館,4.2,218,美術館,Kofu Station,13.1,0.70,0.8400,0.4520,0.2764,0.6392,http://commons.wikimedia.org/wiki/Special:FilePath/Nirasaki-Omura-Artmuseum%20A.JPG,35.7008333,138.4294444,Q22119906,韮崎大村美術館
1000,大阪大学中之島芸術センター,大阪府,大學博物館,4.4,13,大學博物館,Osaka Station,1.2,0.70,0.8800,0.2213,0.8071,0.6391,,34.6927340,135.4904340,Q127503070,大阪大学中之島芸術センター
1771,出雲科學館,島根縣,科學博物館,4.2,363,科學博物館,Matsue Station,29.3,0.70,0.8400,0.4946,0.1460,0.6390,http://commons.wikimedia.org/wiki/Special:FilePath/Izumo%20kagakukan.jpg,35.3619000,132.7661000,Q6102408,出雲科学館
2243,佐渡西三川ゴールドパーク,新潟縣,主題公園,3.9,1280,主題公園,Niigata Station,67.2,0.70,0.7800,0.6001,0.0693,0.6390,http://commons.wikimedia.org/wiki/Special:FilePath/Sado%20Nishimikawa%20Gold%20Park.jpg,37.8980556,138.2963889,Q106242079,佐渡西三川ゴールドパーク
2305,雪梁舎美術館,新潟縣,美術館,4.1,161,美術館,Niigata Station,6.6,0.70,0.8200,0.4267,0.4296,0.6390,http://commons.wikimedia.org/wiki/Special:FilePath/%E9%9B%AA%E6%A2%81%E8%88%8E%E7%BE%8E%E8%A1%93%E9%A4%A8%E5%A4%96%E8%A6%B3.jpg,37.8635833,139.0176944,Q106307296,雪梁舎美術館
188,川上峡温泉,佐賀縣,温泉镇,3.6,889,温泉镇,Saga Station,7.5,0.70,0.7200,0.5696,0.4003,0.6389,,33.3272700,130.2696000,Q108604813,佐賀・川上峡温泉 ホテル龍登園
1292,山口市歴史民俗資料館,山口縣,歷史博物館,3.7,143,歷史博物館,Yamaguchi Station,1.4,0.70,0.7400,0.4168,0.7781,0.6389,,34.1827230,131.4703340,Q104783674,山口市歴史民俗資料館
2447,小平市平櫛田中雕刻美術館,東京都,人物紀念館,4.3,251,人物紀念館,Tokyo Station,26.6,0.70,0.8600,0.4637,0.1580,0.6389,http://commons.wikimedia.org/wiki/Special:FilePath/Kodaira%20Hirakushi%20Denchu%20Art%20Museum%20front.jpg,35.7179722,139.4755556,Q11460717,平櫛田中彫刻美術館
2842,比叡山国宝殿,滋賀縣,博物館,4.2,135,博物館,Otsu Station,7.7,0.70,0.8400,0.4120,0.3927,0.6389,http://commons.wikimedia.org/wiki/Special:FilePath/Enryakuji%20kokuhoden.jpg,35.0703890,135.8398770,Q123144783,国宝殿
2980,金澤古里偉人館,石川縣,人物紀念館,3.9,109,人物紀念館,Kanazawa Station,2.3,0.70,0.7800,0.3942,0.6864,0.6389,http://commons.wikimedia.org/wiki/Special:FilePath/Great%20People%20of%20Kanazawa%20Memorial%20Museum%2001.jpg,36.5591670,136.6579170,Q11647356,金沢ふるさと偉人館
2436,大森海苔のふるさと館,東京都,食物博物館,3.9,513,食物博物館,Tokyo Station,11.8,0.70,0.7800,0.5235,0.2980,0.6388,http://commons.wikimedia.org/wiki/Special:FilePath/Omori%20Nori%20Museum1.JPG,35.5771167,139.7427472,Q20748918,大森 海苔のふるさと館
2139,招財貓博物館,愛知縣,博物館,4.0,566,博物館,Nagoya Station,21.1,0.70,0.8000,0.5317,0.1917,0.6387,http://commons.wikimedia.org/wiki/Special:FilePath/Seto%20Maneki-Neko%20Museum.jpg,35.2263750,137.1033780,Q11497803,招き猫ミュージアム
3871,ジョン万次郎資料館,高知縣,人物紀念館,4.1,735,人物紀念館,Kochi Station,104.1,0.70,0.8200,0.5536,0.0458,0.6387,http://commons.wikimedia.org/wiki/Special:FilePath/%E3%82%B8%E3%83%A7%E3%83%B3%E4%B8%87%E6%AC%A1%E9%83%8E%E8%B3%87%E6%96%99%E9%A4%A8%20Sep%206%2C%202019.jpg,32.7814444,132.9327778,Q121047072,ジョン万次郎資料館
2516,東京動畫中心,東京都,博物館,3.9,289,博物館,Tokyo Station,6.4,0.70,0.7800,0.4755,0.4388,0.6385,http://commons.wikimedia.org/wiki/Special:FilePath/Tokyo%20Anime%20Center%2020160211%282%29.JPG,35.6616278,139.7005194,Q6128676,東京アニメセンター in DNP PLAZA SHIBUYA
3269,アクアマリンいなわしろカワセミ水族館,福島縣,水族館,3.8,1466,水族館,Fukushima Station,40.1,0.70,0.7600,0.6115,0.1109,0.6385,http://commons.wikimedia.org/wiki/Special:FilePath/%E3%82%A2%E3%82%AF%E3%82%A2%E3%83%9E%E3%83%AA%E3%83%B3%E3%81%84%E3%81%AA%E3%82%8F%E3%81%97%E3%82%8D%E3%82%AB%E3%83%AF%E3%82%BB%E3%83%9F%E6%B0%B4%E6%97%8F%E9%A4%A8.jpg,37.5613889,140.0745833,Q38266933,アクアマリンいなわしろカワセミ水族館
3299,猪苗代緑の村,福島縣,主題公園,3.8,1466,主題公園,Fukushima Station,40.1,0.70,0.7600,0.6115,0.1108,0.6385,http://commons.wikimedia.org/wiki/Special:FilePath/%E7%A3%90%E8%B6%8A%E8%A5%BF%E7%B7%9A%E3%83%BB%E7%BF%81%E5%B3%B6%E9%A7%85%E3%83%BB%E6%97%A7%E9%A7%85%E6%9C%AC%E5%B1%8B%28%E7%A7%BB%E7%AF%89%E4%BF%9D%E5%AD%98%29%E3%83%BB%E7%B7%91%E3%81%AE%E6%9D%91%281993.5.5%29%28s43-15%29.jpg,37.5608889,140.0745556,Q11571945,アクアマリンいなわしろカワセミ水族館
3118,金澤文庫,神奈川縣,歷史博物館,4.2,217,歷史博物館,Yokohama Station,13.6,0.70,0.8400,0.4516,0.2687,0.6383,http://commons.wikimedia.org/wiki/Special:FilePath/%E7%A5%9E%E5%A5%88%E5%B7%9D%E7%9C%8C%E7%AB%8B%E9%87%91%E6%B2%A2%E6%96%87%E5%BA%AB%20-%20panoramio%20%281%29.jpg,35.3439100,139.6287500,Q3192586,神奈川県立金沢文庫
662,足寄動物化石博物館,北海道,古生物博物馆,4.2,565,古生物博物馆,Sapporo Station,178.8,0.70,0.8400,0.5316,0.0272,0.6382,,43.2311194,143.5433722,Q11636869,足寄動物化石博物館
2230,まつだい「農舞台」,新潟縣,美術館,4.2,517,美術館,Niigata Station,95.3,0.70,0.8400,0.5242,0.0498,0.6382,http://commons.wikimedia.org/wiki/Special:FilePath/Matsudai%20Nohbutai.jpg,37.1316667,138.6150000,Q28686074,[D053]まつだい雪国農耕文化村センター「農舞台」 / MVRDV
3130,めがねミュージアム,福井縣,博物館,3.8,765,博物館,Fukui Station,13.4,0.70,0.7600,0.5570,0.2711,0.6382,,35.9426667,136.1988333,Q109604125,めがねミュージア厶
350,神戶文學館,兵庫縣,文學館,3.9,205,文學館,Kobe Station,4.6,0.70,0.7800,0.4468,0.5203,0.6381,http://commons.wikimedia.org/wiki/Special:FilePath/Kobe%20City%20Museum%20of%20Literature07n.jpg,34.7091667,135.2133333,Q3330671,神戸文学館
2888,合志マンガミュージアム,熊本縣,動漫博物館,4.3,144,動漫博物館,Kumamoto Station,12.3,0.70,0.8600,0.4174,0.2885,0.6381,http://commons.wikimedia.org/wiki/Special:FilePath/Koshi%20Manga%20Museum%20building%20at%20Miyoshi%20144.jpg,32.8910472,130.7450972,Q114245417,合志マンガミュージアム
283,尼崎市立歴史博物馆,兵庫縣,歷史博物館,4.2,302,歷史博物館,Kobe Station,22.5,0.70,0.8400,0.4792,0.1815,0.6379,http://commons.wikimedia.org/wiki/Special:FilePath/Amagasaki%20City%20Museum%20of%20History%20ac%20%281%29.jpg,34.7148889,135.4209444,Q11464987,尼崎市立歴史博物館
1011,大阪府立上方演藝資料館,大阪府,博物館,4.1,99,博物館,Osaka Station,4.3,0.70,0.8200,0.3862,0.5397,0.6378,http://commons.wikimedia.org/wiki/Special:FilePath/Wahha.jpg,34.6646110,135.5030560,Q11440995,大阪府立上方演芸資料館（ワッハ上方）
1768,出雲松鼠之丘,島根縣,主題公園,4.0,513,主題公園,Matsue Station,19.1,0.70,0.8000,0.5235,0.2072,0.6378,,35.3866390,132.8749720,Q11395835,出雲いりすの丘
2260,敦井美術館,新潟縣,美術館,3.8,52,美術館,Niigata Station,0.3,0.70,0.7600,0.3330,0.9389,0.6378,http://commons.wikimedia.org/wiki/Special:FilePath/Niigata%2CHokuriku%20Building.JPG,37.9144440,139.0595830,Q11499516,敦井美術館
3144,福井市橘曙覧紀念文學館,福井縣,人物紀念館,4.0,45,人物紀念館,Fukui Station,1.1,0.70,0.8000,0.3211,0.8144,0.6378,http://commons.wikimedia.org/wiki/Special:FilePath/Fukui%20City%20Akemi%20Tachibana%20Literature%20Memorial%20Museum01bs4592.jpg,36.0597560,136.2112060,Q11591308,福井市橘曙覧記念文学館
1928,德島縣立大鳴門橋架橋紀念館,德島縣,觀景台,3.8,983,觀景台,Tokushima Station,19.7,0.70,0.7600,0.5780,0.2027,0.6377,http://commons.wikimedia.org/wiki/Special:FilePath/EDDY02s3872.jpg,34.2349170,134.6401390,Q11489920,大鳴門橋架橋記念館エディ
3419,群馬県立日本絹の里,群馬縣,織物博物館,3.9,342,織物博物館,Maebashi Station,7.9,0.70,0.7800,0.4896,0.3882,0.6377,http://commons.wikimedia.org/wiki/Special:FilePath/%E6%97%A5%E6%9C%AC%E7%B5%B9%E3%81%AE%E9%87%8C.jpg,36.4072778,138.9897222,Q110496169,群馬県立日本絹の里
3616,松本民芸館,長野縣,工藝博物館,4.3,308,工藝博物館,Nagano Station,47.8,0.70,0.8600,0.4808,0.0947,0.6377,http://commons.wikimedia.org/wiki/Special:FilePath/Matsumoto%20Folkcraft%20Museum.jpg,36.2426667,137.9947778,Q104575353,松本民芸館
2115,安城市歴史博物館,愛知縣,博物館,4.0,677,博物館,Nagoya Station,31.9,0.70,0.8000,0.5467,0.1356,0.6376,http://commons.wikimedia.org/wiki/Special:FilePath/Anjo%20City%20Museum%20of%20History%202008.jpg,34.9457722,137.0980806,Q28328048,安城市歴史博物館
192,有田のイチョウ,佐賀縣,巨樹,4.3,278,巨樹,Saga Station,37.3,0.70,0.8600,0.4723,0.1182,0.6375,http://commons.wikimedia.org/wiki/Special:FilePath/Ginkgo%20Tree%20Arita%2001.jpg,33.1931944,129.9051667,Q111605751,有田の大公孫樹
836,メッツァ,埼玉縣,主題公園,4.1,451,主題公園,Omiya Station,26.8,0.70,0.8200,0.5127,0.1571,0.6375,http://commons.wikimedia.org/wiki/Special:FilePath/Moominvalley%20Park%202019e.jpg,35.8725000,139.3293333,Q21654949,メッツァビレッジ
3145,福井市水道紀念館,福井縣,水泵房,4.0,45,水泵房,Fukui Station,1.2,0.70,0.8000,0.3211,0.8116,0.6375,http://commons.wikimedia.org/wiki/Special:FilePath/Fukui-shi%20suido-kinenkan03n4592.jpg,36.0586640,136.2113250,Q11591310,福井市橘曙覧記念文学館
1531,岐阜縣刃物會館,岐阜縣,博物館,3.8,865,博物館,Gifu Station,16.5,0.70,0.7600,0.5673,0.2324,0.6374,http://commons.wikimedia.org/wiki/Special:FilePath/Gifu%20Knife%20Hall%201.JPG,35.4827030,136.9146000,Q11471441,協同組合岐阜関刃物会館
1591,關鍛冶傳承館,岐阜縣,博物館,3.8,865,博物館,Gifu Station,16.6,0.70,0.7600,0.5673,0.2314,0.6373,http://commons.wikimedia.org/wiki/Special:FilePath/Seki%20Sword%20Tradition%20Museum%201.JPG,35.4818140,136.9163920,Q11656463,協同組合岐阜関刃物会館
278,宝塚市立文化芸術センター,兵庫縣,美術館,4.1,389,美術館,Kobe Station,21.1,0.70,0.8200,0.5004,0.1914,0.6372,http://commons.wikimedia.org/wiki/Special:FilePath/Takarazuka%20Arts%20Center%20ac%20%281%29.jpg,34.8075000,135.3488889,Q109362761,宝塚市立文化芸術センター
2112,夢と学びの科学体験館,愛知縣,博物館,4.2,301,博物館,Nagoya Station,23.6,0.70,0.8400,0.4789,0.1749,0.6372,http://commons.wikimedia.org/wiki/Special:FilePath/Hands-On%20Science%20Museum%202020%20ac%20%281%29.jpg,34.9881361,137.0129667,Q21655090,夢と学びの科学体験館
2754,一中学徒隊資料展示室,沖繩縣,軍事博物館,4.7,11,軍事博物館,Naha Bus Terminal,3.5,0.70,0.9400,0.2084,0.5869,0.6372,http://commons.wikimedia.org/wiki/Special:FilePath/%E4%B8%80%E4%B8%AD%E5%AD%A6%E5%BE%92%E9%9A%8A%E5%B1%95%E7%A4%BA%E5%AE%A4.jpg,26.2173889,127.7140556,Q60986071,一中学徒隊資料展示室
3993,鹿児島大学総合研究博物館,鹿兒島縣,大學博物館,4.3,19,大學博物館,Kagoshima-Chuo Station,1.4,0.70,0.8600,0.2512,0.7784,0.6372,,31.5716360,130.5460240,Q48746463,鹿児島大学総合研究博物館
1599,飛驒國分寺大銀杏樹,岐阜縣,巨樹,4.6,137,巨樹,Gifu Station,93.2,0.70,0.9200,0.4132,0.0509,0.6371,http://commons.wikimedia.org/wiki/Special:FilePath/%E9%A3%9B%E9%A8%A8%E5%9B%BD%E5%88%86%E5%AF%BA%20%E5%A4%A7%E9%8A%80%E6%9D%8F.01.JPG,36.1433060,137.2538330,Q17224631,飛騨国分寺の大イチョウ
936,大分縣立歷史博物館,大分縣,博物館,4.2,389,博物館,Oita Station,41.1,0.70,0.8400,0.5004,0.1085,0.6370,http://commons.wikimedia.org/wiki/Special:FilePath/Oita%20Prefectural%20Museum%20of%20History%20in%20Usa%20city%2C%20Oita%20prefecture.JPG,33.5425000,131.3650000,Q3329680,大分県立歴史博物館
2458,建築倉庫ミュージアム,東京都,建築博物館,3.8,403,建築博物館,Tokyo Station,6.9,0.70,0.7600,0.5033,0.4199,0.6370,http://commons.wikimedia.org/wiki/Special:FilePath/ARCHI-DEPOT%20Museum%20191018e.jpg,35.6209142,139.7487092,Q38266999,建築倉庫 ARCHI-DEPOT
3565,坂城町鉄の展示館,長野縣,博物館,4.2,270,博物館,Nagano Station,20.0,0.70,0.8400,0.4698,0.2001,0.6370,,36.4633611,138.1829722,Q113950785,坂城町鉄の展示館
111,北村美術館,京都府,美術館,4.2,78,美術館,Kyoto Station,4.8,0.70,0.8400,0.3665,0.5097,0.6369,http://commons.wikimedia.org/wiki/Special:FilePath/Kyoto%20Kitamura%20Art%20Museum%202013-08.JPG,35.0280000,135.7703610,Q11402029,北村美術館
1295,山口県立萩美術館・浦上記念館,山口縣,美術館,4.1,445,美術館,Yamaguchi Station,27.5,0.70,0.8200,0.5116,0.1540,0.6369,http://commons.wikimedia.org/wiki/Special:FilePath/Hagi%20Uragami%20Mus.JPG,34.4094440,131.3943610,Q11467091,山口県立萩美術館·浦上記念館
1782,安野光雅美術館,島根縣,美術館,4.4,280,美術館,Matsue Station,161.1,0.70,0.8800,0.4729,0.0301,0.6369,http://commons.wikimedia.org/wiki/Special:FilePath/Anno%20Mitsumasa%20Art%20Museum%2020170503.jpg,34.4719810,131.7743200,Q132396460,安野光雅美術館
3512,長崎市野口彌太郎記念美術館,長崎縣,美術館,4.0,75,美術館,Nagasaki Station,2.4,0.70,0.8000,0.3632,0.6790,0.6369,http://commons.wikimedia.org/wiki/Special:FilePath/Nagasaki%20City%20Peace%20Hall.jpg,32.7728056,129.8650000,Q11652552,長崎市歴史民俗資料館
246,兵庫縣立歷史博物館,兵庫縣,都道府县立博物馆,4.0,772,都道府县立博物馆,Kobe Station,47.5,0.70,0.8000,0.5577,0.0953,0.6368,http://commons.wikimedia.org/wiki/Special:FilePath/Hyogo%20Prefectural%20Museum%20of%20History01s3872.jpg,34.8411110,134.6969440,Q11393043,兵庫県立歴史博物館
879,旧坂東家住宅見沼くらしっく館,埼玉縣,古民家,4.1,134,古民家,Omiya Station,6.0,0.70,0.8200,0.4114,0.4543,0.6368,http://commons.wikimedia.org/wiki/Special:FilePath/Minuma%20Classic%20museum.jpg,35.9061944,139.6907778,Q30934286,旧坂東家住宅見沼くらしっく館
1908,とくしまファミリーランド,德島縣,主題樂園,3.9,309,主題樂園,Tokushima Station,7.4,0.70,0.7800,0.4811,0.4037,0.6367,http://commons.wikimedia.org/wiki/Special:FilePath/Tokushima%20Family%20Land2.JPG,34.0133333,134.5188889,Q11273086,とくしま ファミリーランド
3825,ジョージナカシマ記念館,香川縣,人物紀念館,4.4,82,人物紀念館,Takamatsu Station,9.9,0.70,0.8800,0.3706,0.3354,0.6367,http://commons.wikimedia.org/wiki/Special:FilePath/%E3%82%B8%E3%83%A7%E3%83%BC%E3%82%B8%E3%83%8A%E3%82%AB%E3%82%B7%E3%83%9E%E8%A8%98%E5%BF%B5%E9%A4%A8%E5%85%A5%E3%82%8A%E5%8F%A3%EF%BC%92.jpg,34.3352670,134.1529030,Q11310850,ジョージナカシマ記念館
55,鳥羽市立海之博物館,三重縣,民俗博物館,4.0,766,民俗博物館,Tsu Station,47.7,0.70,0.8000,0.5571,0.0949,0.6366,http://commons.wikimedia.org/wiki/Special:FilePath/Toba%20Sea-Folk%20Museum01.jpg,34.4492080,136.8998720,Q11558616,鳥羽市立海の博物館
298,明石市立文化博物館,兵庫縣,文化博物館,3.8,854,文化博物館,Kobe Station,17.0,0.70,0.7600,0.5662,0.2272,0.6366,http://commons.wikimedia.org/wiki/Special:FilePath/Akashi%20City%20Museum%20of%20Culture%20Hyogo%20pref%20Japan01s3.jpg,34.6516667,134.9952778,Q11512517,明石市立文化博物館
1688,高梁市成羽美術館,岡山縣,美術館,4.1,505,美術館,Okayama Station,37.1,0.70,0.8200,0.5222,0.1187,0.6365,http://commons.wikimedia.org/wiki/Special:FilePath/Nariwa-cho%20museum01s4000m.jpg,34.7807220,133.5366670,Q11670668,高梁市成羽美術館
642,穗别博物馆,北海道,古生物博物馆,4.1,624,古生物博物馆,Sapporo Station,72.2,0.70,0.8200,0.5399,0.0647,0.6364,http://commons.wikimedia.org/wiki/Special:FilePath/Hobetsu%20Museum.jpg,42.7661167,142.1357139,Q22120589,むかわ町穂別恐竜博物館(海洋化石館)
2497,昭和生活博物館,東京都,博物館,4.1,281,博物館,Tokyo Station,13.9,0.70,0.8200,0.4732,0.2647,0.6364,http://commons.wikimedia.org/wiki/Special:FilePath/Showa%20no%20kurashi%20museum%20ota%202014.jpg,35.5752222,139.6858333,Q17228804,昭和のくらし博物館（旧小泉家住宅主屋）
2634,荒川知水資料館,東京都,博物館,3.9,475,博物館,Tokyo Station,12.1,0.70,0.7800,0.5171,0.2928,0.6364,http://commons.wikimedia.org/wiki/Special:FilePath/Arakawa%20Museum%20of%20Aqua.JPG,35.7855670,139.7301110,Q137374855,荒川知水資料館アモア
30,松浦武四郎記念館,三重縣,人物紀念館,4.1,216,人物紀念館,Tsu Station,10.2,0.70,0.8200,0.4512,0.3297,0.6363,,34.6425680,136.5090830,Q97738204,松浦武四郎記念館
931,大分市歴史資料館,大分縣,歷史博物館,4.0,196,歷史博物館,Oita Station,6.5,0.70,0.8000,0.4431,0.4339,0.6363,http://commons.wikimedia.org/wiki/Special:FilePath/Oita%20city%20historical%20museum.jpg,33.1952680,131.5529140,Q11432695,大分市歴史資料館
2320,Momonga Standing and Loop Coaster,東京都,スチール・ローラー・コースター,4.5,110,スチール・ローラー・コースター,Tokyo Station,23.3,0.70,0.9000,0.3950,0.1769,0.6362,,35.6245110,139.5193310,Q108822228,バンデット
3121,镰仓国宝馆,神奈川縣,市立博物館,4.1,321,市立博物館,Yokohama Station,16.8,0.70,0.8200,0.4843,0.2291,0.6362,http://commons.wikimedia.org/wiki/Special:FilePath/Kamakura%20Museum%20of%20National%20Treasures%20panoramic.jpg,35.3246670,139.5570360,Q3330314,鎌倉国宝館
3285,大安場史跡公園,福島縣,考古学公園,4.1,535,考古学公園,Fukushima Station,44.5,0.70,0.8200,0.5270,0.1009,0.6362,http://commons.wikimedia.org/wiki/Special:FilePath/Ohyasuba-park.jpg,37.3561111,140.4025000,Q21652646,大安場史跡公園
3096,神奈川縣立近代美術館,神奈川縣,都道府县立博物馆,4.1,321,都道府县立博物馆,Yokohama Station,16.9,0.70,0.8200,0.4843,0.2284,0.6361,http://commons.wikimedia.org/wiki/Special:FilePath/The%20Museum%20of%20Modern%20Art%2C%20Kamakura%202009.jpg,35.3246970,139.5547860,Q11589187,鎌倉国宝館
3558,北アルプス展望美術館,長野縣,美術館,4.2,367,美術館,Nagano Station,38.8,0.70,0.8400,0.4955,0.1142,0.6361,,36.3858056,137.8959167,Q78072490,北アルプス展望美術館 (池田町立美術館)
328,玄武洞博物館,兵庫縣,地質学博物館,4.0,914,地質学博物館,Kobe Station,106.7,0.70,0.8000,0.5719,0.0448,0.6360,http://commons.wikimedia.org/wiki/Special:FilePath/Genbudo%20Museum%20in%20Genbudo%20Park%20Toyooka%20Hyogo.JPG,35.5889720,134.8035000,Q11572292,玄武洞ミュージアム
3201,大宰府展示館,福岡縣,考古博物館,4.0,345,考古博物館,Hakata Station,12.3,0.70,0.8000,0.4903,0.2889,0.6360,http://commons.wikimedia.org/wiki/Special:FilePath/Dazaifu%20Museum%2020170104.jpg,33.5133056,130.5161944,Q65258063,大宰府展示館
2198,西尾市岩瀨文庫,愛知縣,圖書館,4.4,188,圖書館,Nagoya Station,36.5,0.70,0.8800,0.4396,0.1204,0.6359,http://commons.wikimedia.org/wiki/Special:FilePath/Iwase%20bunko.jpg,34.8743889,137.0538333,Q11627733,西尾市岩瀬文庫
162,赤れんが博物館,京都府,陶瓷博物館,3.8,1535,陶瓷博物館,Kyoto Station,64.1,0.70,0.7600,0.6153,0.0724,0.6358,http://commons.wikimedia.org/wiki/Special:FilePath/Red%20brick%20museum01s3200.jpg,35.4760830,135.3874440,Q11635286,舞鶴市立赤れんが博物館
675,雪の美術館,北海道,廃止された博物館,3.9,1251,廃止された博物館,Sapporo Station,110.0,0.70,0.7800,0.5982,0.0435,0.6358,http://commons.wikimedia.org/wiki/Special:FilePath/Snow%20Crystals%20Museum-20160725-1.jpg,43.7717222,142.3084722,Q11659823,雪の美術館
3273,ムシテックワールド,福島縣,昆虫博物館,4.1,567,昆虫博物館,Fukushima Station,56.0,0.70,0.8200,0.5319,0.0820,0.6358,http://commons.wikimedia.org/wiki/Special:FilePath/MUSHITEC%20WORLD%20FUKUSHIMA.jpg,37.2508333,140.4622222,Q11343100,ムシテックワールド
2374,中川船番所資料館,東京都,交通博物館,3.8,398,交通博物館,Tokyo Station,7.2,0.70,0.7600,0.5023,0.4103,0.6357,http://commons.wikimedia.org/wiki/Special:FilePath/NakagawaFunababbsho.JPG,35.6876667,139.8462778,Q11364944,江東区中川船番所資料館
3203,大牟田市石炭産業科学館,福岡縣,科學博物館,4.2,423,科學博物館,Hakata Station,62.2,0.70,0.8400,0.5074,0.0744,0.6357,http://commons.wikimedia.org/wiki/Special:FilePath/Omuta%20City%20Coal%20Industrial%20Science%20Museum%2020170717.jpg,33.0310833,130.4243889,Q11437770,MPLC石炭館（大牟田市石炭産業科学館）
1824,赤尾展望所,島根縣,觀景台,4.5,167,觀景台,Matsue Station,70.0,0.70,0.9000,0.4297,0.0667,0.6356,,36.0877778,132.9593889,Q66310909,赤尾展望所
1857,宮島歴史民俗資料館,廣島縣,博物館,4.3,176,博物館,Hiroshima Station,18.4,0.70,0.8600,0.4341,0.2135,0.6356,,34.2954410,132.3173230,Q116764321,宮島歴史民俗資料館
2161,清須市はるひ美術館,愛知縣,美術館,4.0,234,美術館,Nagoya Station,8.1,0.70,0.8000,0.4579,0.3822,0.6356,http://commons.wikimedia.org/wiki/Special:FilePath/260125%20Kiyosu%20City%20Haruhi%20Art%20Museum%20Kiyosu%20Aichipref%20Japan01s3.jpg,35.2355080,136.8407580,Q11561458,清須市はるひ美術館
2731,足利市立美術館,栃木縣,美術館,4.1,534,美術館,Utsunomiya Station,47.3,0.70,0.8200,0.5269,0.0956,0.6356,http://commons.wikimedia.org/wiki/Special:FilePath/Ashikaga%20Museum%20of%20Art%2001.jpg,36.3340280,139.4503890,Q11636775,足利市立美術館
193,有田ポーセリンパーク,佐賀縣,酒博物館,3.5,3282,酒博物館,Saga Station,37.8,0.70,0.7000,0.6790,0.1168,0.6354,http://commons.wikimedia.org/wiki/Special:FilePath/Zwinger%20Palace%20%28Arita%20Porcelain%20Park%29.jpg,33.1657920,129.9082660,Q3364242,有田ポーセリンパーク
1843,ウッドワン美術館,廣島縣,美術館,4.2,331,美術館,Hiroshima Station,32.4,0.70,0.8400,0.4869,0.1336,0.6354,http://commons.wikimedia.org/wiki/Special:FilePath/Wood%20one%20museum%20of%20art.jpg,34.4989167,132.1436389,Q11289011,ウッドワン美術館
2301,長岡市馬高縄文館,新潟縣,考古博物館,4.4,217,考古博物館,Niigata Station,57.8,0.70,0.8800,0.4516,0.0796,0.6354,http://commons.wikimedia.org/wiki/Special:FilePath/Umataka%20Jomon%20Museum.jpg,37.4466190,138.7684800,Q104708800,馬高縄文館
3127,おさごえ民家園,福井縣,生態博物館,4.0,83,生態博物館,Fukui Station,2.8,0.70,0.8000,0.3716,0.6397,0.6354,http://commons.wikimedia.org/wiki/Special:FilePath/Osagoe%20minkaen.jpg,36.0455833,136.1996389,Q30922332,福井市おさごえ民家園
435,モヨロ貝塚館,北海道,考古博物館,4.4,274,考古博物館,Sapporo Station,258.1,0.70,0.8800,0.4711,0.0190,0.6352,http://commons.wikimedia.org/wiki/Special:FilePath/2013%E5%B9%B44%E6%9C%88%E3%83%A2%E3%83%A8%E3%83%AD%E8%B2%9D%E5%A1%9A%E9%A4%A8.jpg,44.0246600,144.2692440,Q132199866,網走市立郷土博物館分館 モヨロ貝塚館
2852,滋賀縣立安土城考古博物館,滋賀縣,考古博物館,3.9,829,考古博物館,Otsu Station,30.5,0.70,0.7800,0.5637,0.1409,0.6352,http://commons.wikimedia.org/wiki/Special:FilePath/Spacam01s2816.jpg,35.1500000,136.1477778,Q11564645,滋賀県立安土城考古博物館
3667,飯田市美術博物館,長野縣,市立博物館,4.2,482,市立博物館,Nagano Station,129.8,0.70,0.8400,0.5183,0.0371,0.6352,http://commons.wikimedia.org/wiki/Special:FilePath/Iida%20City%20Museum%20exterior%20ac%20%281%29.jpg,35.5120420,137.8302100,Q11666529,飯田市美術博物館
484,北海道立旭川美術館,北海道,都道府县立博物馆,4.1,646,都道府县立博物馆,Sapporo Station,112.8,0.70,0.8200,0.5428,0.0424,0.6351,http://commons.wikimedia.org/wiki/Special:FilePath/%E5%8C%97%E6%B5%B7%E9%81%93%E7%AB%8B%E6%97%AD%E5%B7%9D%E7%BE%8E%E8%A1%93%E9%A4%A8.JPG,43.7741390,142.3553610,Q11402968,北海道立旭川美術館
1700,久慈琥珀博物館,岩手縣,古生物博物馆,4.0,812,古生物博物馆,Morioka Station,72.2,0.70,0.8000,0.5620,0.0647,0.6351,http://commons.wikimedia.org/wiki/Special:FilePath/Amber%20museumu%2C%20Kuji.jpg,40.1699170,141.7237780,Q74825456,久慈琥珀博物館
3391,岩宿博物館,群馬縣,考古博物館,4.0,461,考古博物館,Maebashi Station,19.1,0.70,0.8000,0.5146,0.2073,0.6351,http://commons.wikimedia.org/wiki/Special:FilePath/Iwajuku%20Museum%202.jpg,36.3988780,139.2853150,Q120754528,岩宿博物館
1990,大山祇神社宝物館,愛媛縣,博物館,4.4,205,博物館,Matsuyama Station,50.9,0.70,0.8800,0.4468,0.0894,0.6350,http://commons.wikimedia.org/wiki/Special:FilePath/Gate%20of%20Oyamazumi%20Shrine%20Museum.jpg,34.2474330,133.0045000,Q123527367,大山祇神社 宝物館
2625,翡翠原石館,東京都,博物館,4.2,110,博物館,Tokyo Station,7.3,0.70,0.8400,0.3950,0.4052,0.6350,,35.6204380,139.7353360,Q136707259,翡翠原石館
2903,熊本洋學校教師館Janes邸,熊本縣,历史房屋博物馆,4.1,87,历史房屋博物馆,Kumamoto Station,4.2,0.70,0.8200,0.3755,0.5434,0.6350,http://commons.wikimedia.org/wiki/Special:FilePath/Mr.%20Janes%27s%20residence.jpg,32.7893047,130.7348369,Q17215133,熊本洋学校教師ジェーンズ邸
2313,GAS MUSEUM 瓦斯資料館,東京都,公司博物館,4.0,537,公司博物館,Tokyo Station,25.0,0.70,0.8000,0.5273,0.1668,0.6349,http://commons.wikimedia.org/wiki/Special:FilePath/GAS%20MUSEUM%20%28Kodaira%29%2002.jpg,35.7419720,139.5007500,Q11200876,ガスミュージアム
3791,熱海城,靜岡縣,天守,3.7,2030,天守,Shizuoka Station,64.1,0.70,0.7400,0.6388,0.0724,0.6349,http://commons.wikimedia.org/wiki/Special:FilePath/Atami%20Castle%2020120915.jpg,35.0863889,139.0786111,Q11257168,熱海秘宝館
1046,生命誌研究館,大阪府,研究機構,4.3,179,研究機構,Osaka Station,19.8,0.70,0.8600,0.4355,0.2015,0.6348,http://commons.wikimedia.org/wiki/Special:FilePath/Biohistory-Museums.jpg,34.8534660,135.6110860,Q1451498,JT生命誌研究館
3793,熱海秘宝館,靜岡縣,性博物馆,3.7,2030,性博物馆,Shizuoka Station,64.2,0.70,0.7400,0.6388,0.0722,0.6348,http://commons.wikimedia.org/wiki/Special:FilePath/Atami%20Hihoukan%2C%20Atami%2C%20Shizuoka%2C%20Japan.JPG,35.0868333,139.0802222,Q65272704,熱海秘宝館
3943,鳥取県立美術館,鳥取縣,美術館,4.2,337,美術館,Tottori Station,35.7,0.70,0.8400,0.4884,0.1229,0.6348,http://commons.wikimedia.org/wiki/Special:FilePath/Tottori%20Prefectural%20Museum%20of%20Art.jpg,35.4325450,133.8389210,Q127385607,鳥取県立美術館
1049,石切温泉,大阪府,温泉镇,3.6,1342,温泉镇,Osaka Station,14.6,0.70,0.7200,0.6041,0.2546,0.6347,,34.6803800,135.6537490,Q108585581,大阪の絶景温泉旅館 ホテルセイリュウ
3783,濱名湖音樂盒博物館,靜岡縣,音楽博物館,3.9,1107,音楽博物館,Shizuoka Station,73.6,0.70,0.7800,0.5879,0.0636,0.6347,,34.7699470,137.6204000,Q11557595,浜名湖オルゴールミュージアム
2547,東洋大学井上円了記念博物館,東京都,人物紀念館,3.8,265,人物紀念館,Tokyo Station,5.0,0.70,0.7600,0.4683,0.5011,0.6346,http://commons.wikimedia.org/wiki/Special:FilePath/ToyoUniv%20Hakusan%20InoueHall.jpg,35.7237056,139.7497833,Q11527629,井上円了記念博物館
785,みさと天文台,和歌山縣,天文博物館,4.2,260,天文博物館,Wakayama Station,22.0,0.70,0.8400,0.4667,0.1849,0.6345,http://commons.wikimedia.org/wiki/Special:FilePath/%E3%81%BF%E3%81%95%E3%81%A8%E5%A4%A9%E6%96%87%E5%8F%B0.jpg,34.1445280,135.4061390,Q11278847,みさと天文台
1852,呉市立美術館,廣島縣,美術館,4.1,330,美術館,Hiroshima Station,19.3,0.70,0.8200,0.4866,0.2057,0.6345,http://commons.wikimedia.org/wiki/Special:FilePath/Kure%20Municipal%20Museum%20of%20Art%20Annex.JPG,34.2400000,132.5636111,Q11416750,呉市立美術館
3116,都筑民家園,神奈川縣,民家園,4.1,199,民家園,Yokohama Station,10.1,0.70,0.8200,0.4444,0.3320,0.6345,http://commons.wikimedia.org/wiki/Special:FilePath/Residence%20of%20Nagasawa%20Family%2001.jpg,35.5503056,139.5816944,Q111103855,都筑民家園
3294,會津壹番館,福島縣,飲茶店,4.2,390,飲茶店,Fukushima Station,54.9,0.70,0.8400,0.5006,0.0835,0.6345,http://commons.wikimedia.org/wiki/Special:FilePath/Aizu%20ichibankan%2001.JPG,37.4976389,139.9273333,Q112579027,会津壱番館（野口英世青春館）
942,宇佐市平和資料館,大分縣,和平博物館,4.1,484,和平博物館,Oita Station,41.5,0.70,0.8200,0.5186,0.1076,0.6344,,33.5285220,131.3344610,Q137772957,宇佐市平和資料館
2483,日野市立新選組のふるさと歴史館,東京都,歷史博物館,4.0,610,歷史博物館,Tokyo Station,33.5,0.70,0.8000,0.5380,0.1299,0.6344,http://commons.wikimedia.org/wiki/Special:FilePath/Hino%20City%20History%20Museum%20of%20Shinsen-gumi.JPG,35.6734444,139.3965000,Q115035571,新選組のふるさと歴史館
2775,宜野湾市立博物館,沖繩縣,市立博物館,4.1,176,市立博物館,Naha Bus Terminal,8.8,0.70,0.8200,0.4341,0.3613,0.6344,http://commons.wikimedia.org/wiki/Special:FilePath/Ginowan%20City%20Museum03n3104.jpg,26.2698060,127.7406110,Q11452301,宜野湾市立博物館
629,知床世界遺產中心,北海道,遊客中心,4.1,695,遊客中心,Sapporo Station,313.7,0.70,0.8200,0.5489,0.0157,0.6343,http://commons.wikimedia.org/wiki/Special:FilePath/Shiretoko%20World%20Heritage%20Conservation%20Center01n.jpg,44.0695000,144.9911940,Q11584569,知床世界遺産センター
637,稚內市開基百年記念塔及北方紀念館,北海道,觀光塔,4.1,688,觀光塔,Sapporo Station,262.3,0.70,0.8200,0.5481,0.0187,0.6343,http://commons.wikimedia.org/wiki/Special:FilePath/Exploitation%20100years%20commemoration%20tower.JPG,45.4169170,141.6633330,Q11596338,稚内市開基百年記念塔・稚内市北方記念館
2253,安吾 風の館,新潟縣,人物紀念館,4.0,75,人物紀念館,Niigata Station,2.7,0.70,0.8000,0.3632,0.6529,0.6343,http://commons.wikimedia.org/wiki/Special:FilePath/Niigata%20Ango-kaze-no-yakata%2020130811.JPG,37.9266667,139.0377778,Q11450434,安吾風の館
2181,碧南市哲學體驗村無我苑,愛知縣,博物館,4.3,225,博物館,Nagoya Station,31.2,0.70,0.8600,0.4546,0.1380,0.6342,http://commons.wikimedia.org/wiki/Special:FilePath/Hekinan%20City%20Hands-on%20Philosophy%20Museum.jpg,34.9104030,137.0098330,Q11587766,哲学たいけん村無我苑・瞑想回廊
1222,富山市民俗民芸村,富山縣,美術館,4.0,66,美術館,Toyama Station,2.3,0.70,0.8000,0.3526,0.6835,0.6341,http://commons.wikimedia.org/wiki/Special:FilePath/Thatched%20Roof%20Folk%20Art%20Museum.jpg,36.7102780,137.1894440,Q28687459,富山市民俗民芸村 とやま土人形工房（管理センター）
3629,田中本家博物館,長野縣,历史房屋博物馆,3.9,414,历史房屋博物馆,Nagano Station,11.5,0.70,0.7800,0.5056,0.3028,0.6340,http://commons.wikimedia.org/wiki/Special:FilePath/Tanaka%20Honke%20Museum%20%285019443553%29.jpg,36.6484310,138.3176390,Q11575632,田中本家博物館
674,阿寒湖畔ビジターセンター,北海道,自然中心,4.1,670,自然中心,Sapporo Station,226.4,0.70,0.8200,0.5459,0.0216,0.6339,,43.4351980,144.1010273,Q133283586,阿寒湖畔ビジターセンター
1893,湯本豪一記念日本妖怪博物館,廣島縣,博物館,3.8,1369,博物館,Hiroshima Station,57.5,0.70,0.7600,0.6057,0.0800,0.6337,http://commons.wikimedia.org/wiki/Special:FilePath/Mononoke%20museum.jpg,34.8153611,132.8451667,Q106678254,湯本豪一記念日本妖怪博物館 三次もののけミュージアム
3383,太田市立緣切寺滿德寺資料館,群馬縣,博物館,4.1,364,博物館,Maebashi Station,24.0,0.70,0.8200,0.4948,0.1725,0.6337,http://commons.wikimedia.org/wiki/Special:FilePath/Ota%20Gunma%20Mantokuji%20Museum%201.JPG,36.2533890,139.2861110,Q17222445,縁切寺 満徳寺資料館
1389,米泽市上杉博物馆,山形縣,博物館,4.0,651,博物館,Yamagata Station,42.6,0.70,0.8000,0.5435,0.1051,0.6335,http://commons.wikimedia.org/wiki/Special:FilePath/Denkoku-no%20Mori%20%28Yonezawa%20City%20Uesugi%20Museum%29.jpg,37.9075278,140.1066611,Q11604262,米沢市上杉博物館
727,市原湖畔美術館,千葉縣,美術館,3.9,759,美術館,Chiba Station,29.7,0.70,0.7800,0.5563,0.1442,0.6333,http://commons.wikimedia.org/wiki/Special:FilePath/Ichihara%20Lakeside%20Museum.JPG,35.3493060,140.1606390,Q17193257,市原湖畔美術館
2127,彌富市歴史民俗資料館,愛知縣,博物館,4.2,199,博物館,Nagoya Station,15.8,0.70,0.8400,0.4444,0.2400,0.6333,http://commons.wikimedia.org/wiki/Special:FilePath/Yatomi%20City%20History%20and%20Folklore%20Museum%202022-04%20ac%20%281%29.jpg,35.1094444,136.7244444,Q60580236,弥富市歴史民俗資料館
2596,町田市民文學館KOTOBA LAND,東京都,文學館,4.2,304,文學館,Tokyo Station,32.4,0.70,0.8400,0.4797,0.1336,0.6333,http://commons.wikimedia.org/wiki/Special:FilePath/Building%20of%20Machida%20Citizens%20Literature%20Museum%20KOTOBA%20LAND.jpg,35.5425722,139.4513611,Q11578292,町田市民文学館 ことばらんど
2679,TRICK ART PIA日光,栃木縣,美術館,3.7,1467,美術館,Utsunomiya Station,31.0,0.70,0.7400,0.6115,0.1389,0.6333,http://commons.wikimedia.org/wiki/Special:FilePath/Trick%20Artpia%20Nikko.JPG,36.7890500,139.7017083,Q30931573,とりっくあーとぴあ日光
2912,荒尾干潟水鳥・湿地センター,熊本縣,自然中心,4.3,215,自然中心,Kumamoto Station,30.6,0.70,0.8600,0.4508,0.1403,0.6333,,32.9612370,130.4326720,Q132160284,荒尾干潟水鳥·湿地センター
3612,松本市立博物館,長野縣,市立博物館,4.1,493,市立博物館,Nagano Station,49.1,0.70,0.8200,0.5202,0.0924,0.6333,http://commons.wikimedia.org/wiki/Special:FilePath/220728%20Matsumoto%20City%20Museum%20Japan01s3.jpg,36.2375780,137.9706140,Q11531038,松本市立博物館
2064,一宮市尾西歴史民俗資料館,愛知縣,博物館,4.2,232,博物館,Nagoya Station,20.0,0.70,0.8400,0.4572,0.2003,0.6332,http://commons.wikimedia.org/wiki/Special:FilePath/Bisai%20Museum%20of%20History%20and%20Folklore%2003.JPG,35.3057750,136.7364750,Q41530475,美濃路×木曽川ミュージアム 一宮市尾西歴史民俗資料館
3107,茅崎市美術館,神奈川縣,美術館,4.0,503,美術館,Yokohama Station,25.0,0.70,0.8000,0.5219,0.1664,0.6332,http://commons.wikimedia.org/wiki/Special:FilePath/Chigasaki%20City%20Art%20museum.jpg,35.3261944,139.4062778,Q104967760,茅ヶ崎市美術館
3370,やんば天明泥流ミュージアム,群馬縣,火山博物館,4.3,239,火山博物館,Maebashi Station,39.4,0.70,0.8600,0.4596,0.1126,0.6332,http://commons.wikimedia.org/wiki/Special:FilePath/Yamba%20Tenmei%20Mudflow%20Museum.jpg,36.5438632,138.6798644,Q109594587,やんば天明泥流ミュージアム
3184,八女市岩戸山歴史文化交流館,福岡縣,文化中心,4.3,244,文化中心,Hakata Station,41.8,0.70,0.8600,0.4614,0.1068,0.6331,,33.2309910,130.5533880,Q104784019,岩戸山歴史文化交流館 いわいの郷
3214,岩戸山歴史資料館,福岡縣,歷史博物館,4.3,244,歷史博物館,Hakata Station,42.0,0.70,0.8600,0.4614,0.1064,0.6331,,33.2290170,130.5523510,Q133326888,岩戸山歴史文化交流館 いわいの郷
3424,製粉ミュージアム,群馬縣,博物館,4.2,341,博物館,Maebashi Station,43.4,0.70,0.8400,0.4893,0.1033,0.6331,http://commons.wikimedia.org/wiki/Special:FilePath/Seifun%20Museum.JPG,36.2455930,139.5257880,Q130619145,日清製粉グループ 製粉ミュージアム
3730,フェルケール博物館,靜岡縣,美術館,4.0,264,美術館,Shizuoka Station,10.3,0.70,0.8000,0.4680,0.3262,0.6330,http://commons.wikimedia.org/wiki/Special:FilePath/Verkehr%20Shimizu%20Port%20Terminal%20Museum%2002.jpg,35.0075833,138.4933611,Q102427225,フェルケール博物館
3797,藤枝市郷土博物館・文学館,靜岡縣,博物館,3.9,517,博物館,Shizuoka Station,16.1,0.70,0.7800,0.5242,0.2374,0.6330,http://commons.wikimedia.org/wiki/Special:FilePath/Fujieda%20City%20Provincial%20Museum%2C%20Literary%20Museum.JPG,34.8761944,138.2566944,Q60986211,藤枝市郷土博物館・文学館
543,川湯ビジターセンター,北海道,自然中心,4.3,344,自然中心,Sapporo Station,257.1,0.70,0.8600,0.4901,0.0191,0.6329,http://commons.wikimedia.org/wiki/Special:FilePath/Kawayu%20Eco-Museum%20Center.jpg,43.6366460,144.4337620,Q133283713,川湯ビジターセンター
870,岩槻人形博物館,埼玉縣,人形博物館,3.8,414,人形博物館,Omiya Station,8.4,0.70,0.7600,0.5056,0.3722,0.6329,http://commons.wikimedia.org/wiki/Special:FilePath/Saitama%20Iwatsuki%20Ningyo%20Museum%20201902.jpg,35.9508333,139.7000000,Q28684346,さいたま市岩槻人形博物館
13,伊勢－安土桃山文化村,三重縣,主題公園,3.6,2104,主題公園,Tsu Station,35.9,0.70,0.7200,0.6418,0.1223,0.6328,http://commons.wikimedia.org/wiki/Special:FilePath/%E4%BC%8A%E5%8B%A2%E3%81%AE%E5%AE%89%E5%9C%9F%E5%9F%8E%20ADUCHI%20CASTLE%20%2C%20ISE%20-%20panoramio.jpg,34.4983140,136.7777030,Q11378931,伊勢忍者キングダム
3659,長野市立博物館,長野縣,市立博物館,4.0,149,市立博物館,Nagano Station,5.7,0.70,0.8000,0.4202,0.4664,0.6327,http://commons.wikimedia.org/wiki/Special:FilePath/Nagano%20City%20Museum.jpg,36.5915560,138.1879170,Q11654184,長野市立博物館
738,昭和の社,千葉縣,博物館,4.4,134,博物館,Chiba Station,24.2,0.70,0.8800,0.4114,0.1714,0.6326,http://commons.wikimedia.org/wiki/Special:FilePath/Showa-no-Mori%20Museum%20entrance%2020160610.jpg,35.7717100,139.9297900,Q24686952,昭和の杜博物館
1900,被爆遺構展示館,廣島縣,和平博物館,4.1,41,和平博物館,Hiroshima Station,2.1,0.70,0.8200,0.3135,0.7051,0.6326,,34.3922778,132.4534444,Q130729831,被爆遺構展示館
3055,横浜市三殿台考古館,神奈川縣,考古博物館,4.2,70,考古博物館,Yokohama Station,5.1,0.70,0.8400,0.3575,0.4936,0.6326,http://commons.wikimedia.org/wiki/Special:FilePath/%E6%A8%AA%E6%B5%9C%E5%B8%82%E4%B8%89%E6%AE%BF%E5%8F%B0%E8%80%83%E5%8F%A4%E9%A4%A8.jpg,35.4211111,139.6107778,Q107638557,横浜市三殿台考古館
322,淡路市立中浜稔猫美術館,兵庫縣,美術館,4.3,179,美術館,Kobe Station,23.1,0.70,0.8600,0.4355,0.1778,0.6324,http://commons.wikimedia.org/wiki/Special:FilePath/Awaji%20City%20Nakahama%20Minoru%20Cat%20Art%20Museum%20ac%20%281%29.jpg,34.5377780,134.9933330,Q121356866,淡路市立中浜稔猫美術館
2218,豐田鞍池紀念館,愛知縣,公司博物館,4.2,289,公司博物館,Nagoya Station,31.3,0.70,0.8400,0.4755,0.1376,0.6324,http://commons.wikimedia.org/wiki/Special:FilePath/Kiichiro%20Toyoda%20House%20Bertel-Schmitt.jpg,35.1000750,137.2151310,Q11321699,トヨタ鞍ヶ池記念館
2737,那須オルゴール美術館,栃木縣,音楽博物館,4.0,679,音楽博物館,Utsunomiya Station,55.1,0.70,0.8000,0.5470,0.0832,0.6324,http://commons.wikimedia.org/wiki/Special:FilePath/%E9%82%A3%E9%A0%88%E3%82%AA%E3%83%AB%E3%82%B4%E3%83%BC%E3%83%AB%E7%BE%8E%E8%A1%93%E9%A4%A8%E5%A4%96%E8%A6%B3.jpg,37.0438889,140.0277778,Q48756396,那須オルゴール美術館
198,東よか干潟ビジターセンター,佐賀縣,遊客中心,4.2,134,遊客中心,Saga Station,10.2,0.70,0.8400,0.4114,0.3288,0.6323,http://commons.wikimedia.org/wiki/Special:FilePath/Higasasu.jpg,33.1750714,130.2701348,Q137569482,東よか干潟ビジターセンター「ひがさす」
2250,国指定重要文化財渡邉邸,新潟縣,博物館,4.2,343,博物館,Niigata Station,48.3,0.70,0.8400,0.4898,0.0938,0.6323,,38.0901910,139.5649460,Q104708815,渡邉邸
3197,南公園西展望台,福岡縣,觀景台,4.2,51,觀景台,Hakata Station,3.8,0.70,0.8400,0.3314,0.5690,0.6323,http://commons.wikimedia.org/wiki/Special:FilePath/Minami-k%C5%8Den-nishi%20Observation%20Deck%20the%20fa%C3%A7ade%201%20Terukuni-1-ch%C5%8Dme%20Ch%C5%AB%C5%8D-ku%20Fukuoka%20City%2020230505.jpg,33.5736944,130.3849444,Q122918221,南公園西展望台
1031,新幹線公園,大阪府,公園,3.8,485,公園,Osaka Station,10.4,0.70,0.7600,0.5188,0.3251,0.6322,http://commons.wikimedia.org/wiki/Special:FilePath/%E6%96%B0%E5%B9%B9%E7%B7%9A%E5%85%AC%E5%9C%92.JPG,34.7752778,135.5670278,Q11502154,新幹線公園
1841,ふくやま美術館,廣島縣,美術館,4.0,744,美術館,Hiroshima Station,81.7,0.70,0.8000,0.5546,0.0577,0.6322,http://commons.wikimedia.org/wiki/Special:FilePath/Fukuyama%20Museum%20of%20Art02s2040.jpg,34.4909670,133.3590390,Q11277001,ふくやま美術館
1869,広島県立歴史博物館,廣島縣,都道府县立博物馆,4.0,744,都道府县立博物馆,Hiroshima Station,81.7,0.70,0.8000,0.5546,0.0577,0.6322,http://commons.wikimedia.org/wiki/Special:FilePath/Hiroshima%20Prefectural%20Museum%20of%20History01s2040.jpg,34.4897222,133.3588889,Q5771293,ふくやま美術館
2176,盛田味の館,愛知縣,食物博物館,4.1,428,食物博物館,Nagoya Station,38.2,0.70,0.8200,0.5084,0.1157,0.6321,http://commons.wikimedia.org/wiki/Special:FilePath/Moritaaji1.jpg,34.8273610,136.8661110,Q11581436,盛田 味の館
2367,世田谷区立郷土資料館,東京都,地方文化館,4.1,206,地方文化館,Tokyo Station,11.7,0.70,0.8200,0.4472,0.2993,0.6321,http://commons.wikimedia.org/wiki/Special:FilePath/Setagaya%20Museum%20of%20History.JPG,35.6412720,139.6472450,Q104708389,世田谷区立郷土資料館
3088,相模原Campus (JAXA),神奈川縣,科學博物館,4.3,175,科學博物館,Yokohama Station,23.0,0.70,0.8600,0.4336,0.1786,0.6320,http://commons.wikimedia.org/wiki/Special:FilePath/Front%20Entrance%20to%20ISAS.jpeg,35.5583333,139.3952778,Q7398960,JAXA 宇宙科学研究所 相模原キャンパス
163,遠藤剛熈美術館,京都府,美術館,4.1,34,美術館,Kyoto Station,1.7,0.70,0.8200,0.2982,0.7436,0.6318,,34.9997980,135.7506660,Q132529516,遠藤剛熈美術館
2066,三岸節子紀念美術館,愛知縣,美術館,4.0,409,美術館,Nagoya Station,19.6,0.70,0.8000,0.5046,0.2031,0.6317,http://commons.wikimedia.org/wiki/Special:FilePath/MIGISHI%20Setsuko%20Memorial%20Museum%2020161009.jpg,35.3081580,136.7458470,Q11355204,一宮市三岸節子記念美術館
854,埼玉市立浦和生活博物館民家園,埼玉縣,民家園,3.8,391,民家園,Omiya Station,8.4,0.70,0.7600,0.5008,0.3733,0.6316,http://commons.wikimedia.org/wiki/Special:FilePath/Saitama%20Saitama%20Livelihood%20Museum%20House%20Garden%201.JPG,35.8783610,139.7106110,Q11267493,浦和くらしの博物館民家園
922,久留島武彦記念館,大分縣,人物紀念館,4.4,167,人物紀念館,Oita Station,42.4,0.70,0.8800,0.4297,0.1055,0.6315,http://commons.wikimedia.org/wiki/Special:FilePath/%E8%A8%98%E5%BF%B5%E9%A4%A8%EF%BC%91.jpg,33.3033056,131.1585556,Q30930299,久留島武彦記念館
1074,唐古・鍵考古学ミュージアム,奈良縣,考古博物館,4.1,229,考古博物館,Nara Station,13.8,0.70,0.8200,0.4561,0.2663,0.6315,,34.5573637,135.8023821,Q22952132,唐古・鍵考古学ミュージアム
1213,ミュゼふくおかカメラ館,富山縣,攝影博物館,4.1,343,攝影博物館,Toyama Station,25.3,0.70,0.8200,0.4898,0.1652,0.6315,http://commons.wikimedia.org/wiki/Special:FilePath/Fukuoka%20Camera%20Museum.jpg,36.7114722,136.9298056,Q116972269,ミュゼふくおかカメラ館
2077,刈谷市歴史博物館,愛知縣,博物館,4.0,437,博物館,Nagoya Station,22.0,0.70,0.8000,0.5101,0.1851,0.6315,http://commons.wikimedia.org/wiki/Special:FilePath/Kariya%20city%20Museum%20of%20History%20exterior%20ac%20%282%29.jpg,34.9921278,136.9852222,Q63435512,刈谷市歴史博物館
2109,名都美術館,愛知縣,美術館,4.1,236,美術館,Nagoya Station,14.3,0.70,0.8200,0.4586,0.2590,0.6315,http://commons.wikimedia.org/wiki/Special:FilePath/%E5%90%8D%E9%83%BD%E7%BE%8E%E8%A1%93%E9%A4%A8.jpg,35.1708330,137.0388890,Q11415659,名都美術館
1013,大阪府立彌生文化博物館,大阪府,都道府县立博物馆,4.0,451,都道府县立博物馆,Osaka Station,23.5,0.70,0.8000,0.5127,0.1757,0.6314,http://commons.wikimedia.org/wiki/Special:FilePath/Osaka%20Prefectural%20Museum%20of%20Yayoi%20Culture01s3200.jpg,34.4992220,135.4271670,Q11441080,大阪府立弥生文化博物館
1744,遠野昔話村,岩手縣,民俗博物館,4.1,469,民俗博物館,Morioka Station,53.3,0.70,0.8200,0.5160,0.0857,0.6314,http://commons.wikimedia.org/wiki/Special:FilePath/Tono-mukashibanashi-mura03s3872.jpg,39.3294440,141.5286390,Q11272929,とおの物語の館
2263,新潟县立近代美術館,新潟縣,都道府县立博物馆,4.0,646,都道府县立博物馆,Niigata Station,53.7,0.70,0.8000,0.5428,0.0851,0.6314,http://commons.wikimedia.org/wiki/Special:FilePath/%E6%96%B0%E6%BD%9F%E8%BF%91%E4%BB%A3%E7%BE%8E%E8%A1%93%E9%A4%A8.jpg,37.4644722,138.8320833,Q11503129,新潟県立近代美術館
3528,イルフ童画館,長野縣,繪本博物館,4.3,264,繪本博物館,Nagano Station,66.0,0.70,0.8600,0.4680,0.0704,0.6314,http://commons.wikimedia.org/wiki/Special:FilePath/ILF%20Doga%20Museum.jpg,36.0598060,138.0487780,Q11287214,イルフ童画館
599,根室市北方領土資料館,北海道,博物館,4.2,454,博物館,Sapporo Station,363.1,0.70,0.8400,0.5133,0.0136,0.6313,,43.3849810,145.8114590,Q132197023,根室市北方領土資料館
631,石原裕次郎記念館,北海道,人物紀念館,4.1,370,人物紀念館,Sapporo Station,29.6,0.70,0.8200,0.4962,0.1445,0.6313,http://commons.wikimedia.org/wiki/Special:FilePath/Yujiro%20kinenkan.jpg,43.1852778,141.0227778,Q11585314,石原裕次郎記念館
2749,ひんぷんガジュマル,沖繩縣,巨樹,4.2,336,巨樹,Naha Bus Terminal,51.7,0.70,0.8400,0.4881,0.0882,0.6313,http://commons.wikimedia.org/wiki/Special:FilePath/Hinpun-Gajumaru.jpg,26.5873333,127.9859444,Q17226861,名護ひんぷんガジュマル
3058,横浜市民ギャラリーあざみ野,神奈川縣,美術館,4.1,212,美術館,Yokohama Station,12.6,0.70,0.8200,0.4496,0.2838,0.6313,http://commons.wikimedia.org/wiki/Special:FilePath/Art%20Forum%20Azamino%202025.jpg,35.5649444,139.5539444,Q11543026,横浜市民ギャラリーあざみ野
682,きみさらずタワー,千葉縣,觀光塔,4.0,513,觀光塔,Chiba Station,30.5,0.70,0.8000,0.5235,0.1410,0.6312,http://commons.wikimedia.org/wiki/Special:FilePath/Kimisarazu%20Tower%20at%20Odayama%20Park.jpg,35.3796390,139.9376670,Q575504,きみさらずタワー
48,貨物鐵道博物館,三重縣,鐵路博物館,4.2,314,鐵路博物館,Tsu Station,43.3,0.70,0.8400,0.4824,0.1035,0.6311,,35.1235560,136.5188610,Q11634688,貨物鉄道博物館
2353,レインボープール,東京都,水上遊樂園,4.0,540,水上遊樂園,Tokyo Station,34.1,0.70,0.8000,0.5278,0.1279,0.6311,,35.7064052,139.3908724,Q132859055,昭和記念公園 レインボープール
895,牛島之藤,埼玉縣,巨樹,3.8,656,巨樹,Omiya Station,16.0,0.70,0.7600,0.5441,0.2379,0.6310,http://commons.wikimedia.org/wiki/Special:FilePath/Kasukabe%20Wisteria%20Of%20Ushijima%201.jpg,35.9850000,139.7731944,Q11570113,藤花園（樹齢1200年 牛島のフジ）
1867,広島市映像文化ライブラリー,廣島縣,電影檔案館,4.0,44,電影檔案館,Hiroshima Station,1.7,0.70,0.8000,0.3193,0.7510,0.6309,http://commons.wikimedia.org/wiki/Special:FilePath/Hiroshima%20City%20Central%20Library%202021-03%20ac%20%282%29.jpg,34.3987220,132.4572780,Q11484543,広島市映像文化ライブラリー
128,広隆寺霊宝殿,京都府,宝物館,4.7,14,宝物館,Kyoto Station,5.7,0.70,0.9400,0.2271,0.4662,0.6308,http://commons.wikimedia.org/wiki/Special:FilePath/K%C3%B4ry%C3%BB-ji%20Temple%20-%20Reih%C3%B4-den.jpg,35.0155000,135.7074720,Q133269160,広隆寺 霊宝殿
2463,慶應義塾ミュージアム・コモンズ,東京都,大學博物館,4.3,38,大學博物館,Tokyo Station,4.1,0.70,0.8600,0.3073,0.5465,0.6308,http://commons.wikimedia.org/wiki/Special:FilePath/Keio%20Museum%20Commons.jpg,35.6487670,139.7443760,Q133238216,Keio Museum Commons
2388,佐伯祐三アトリエ記念館,東京都,人物紀念館,4.1,138,人物紀念館,Tokyo Station,8.0,0.70,0.8200,0.4138,0.3856,0.6307,http://commons.wikimedia.org/wiki/Special:FilePath/Saeki%20Yuzo%20Atelier%20Memorial%20Hall%202023-03-12.jpg,35.7208610,139.6936390,Q11382880,佐伯祐三アトリエ記念館（佐伯祐三アトリエの地）
2747,OKINAWAフルーツらんど,沖繩縣,主題公園,3.5,3075,主題公園,Naha Bus Terminal,53.5,0.70,0.7000,0.6736,0.0854,0.6306,,26.6177778,127.9691111,Q85866572,トロピカル王国 OKINAWAフルーツらんど
3111,西丹沢ビジターセンター,神奈川縣,遊客中心,4.1,447,遊客中心,Yokohama Station,50.7,0.70,0.8200,0.5120,0.0898,0.6306,,35.4720000,139.0630000,Q137583649,神奈川県立西丹沢ビジターセンター
940,天領日田洋酒博物館,大分縣,博物館,4.4,183,博物館,Oita Station,63.4,0.70,0.8800,0.4374,0.0731,0.6305,http://commons.wikimedia.org/wiki/Special:FilePath/Tenryo%20Hita%20Whisky%20Museum%20ac%20%281%29.jpg,33.3188330,130.9326390,Q125272543,天領日田洋酒博物館
1673,瀬戸内市立美術館,岡山縣,美術館,4.0,413,美術館,Okayama Station,21.5,0.70,0.8000,0.5054,0.1887,0.6305,http://commons.wikimedia.org/wiki/Special:FilePath/Ushimado%20Setouchi%20city%20hall%20Ushimado%20branch.JPG,34.6206800,134.1468700,Q121362441,瀬戸内市立美術館
776,銚子ポートタワー,千葉縣,觀光塔,3.7,1732,觀光塔,Chiba Station,69.2,0.70,0.7400,0.6254,0.0674,0.6304,http://commons.wikimedia.org/wiki/Special:FilePath/Choshi%20Port%20Tower%20%289007277727%29.jpg,35.7409444,140.8628333,Q28690311,銚子ポートタワー
754,海底2万マイル,千葉縣,機動遊戲,4.0,401,機動遊戲,Chiba Station,20.7,0.70,0.8000,0.5029,0.1945,0.6303,http://commons.wikimedia.org/wiki/Special:FilePath/Maihama%2C%20Urayasu%2C%20Chiba%20Prefecture%20279-0031%2C%20Japan%20-%20panoramio%20-%20jetsun%20%2811%29.jpg,35.6263889,139.8847222,Q54087317,海底2万マイル
2939,小松科學之丘科學館,石川縣,科學博物館,3.9,630,科學博物館,Kanazawa Station,26.1,0.70,0.7800,0.5407,0.1607,0.6303,http://commons.wikimedia.org/wiki/Special:FilePath/Science%20hills%20komatsu%20entrance.jpg,36.4013889,136.4555556,Q20044418,サイエンスヒルズこまつ ひととものづくり科学館
3187,北九州市平和のまちミュージアム,福岡縣,和平博物館,4.4,172,和平博物館,Hakata Station,53.0,0.70,0.8800,0.4322,0.0862,0.6303,,33.8829330,130.8726540,Q133264733,北九州市平和のまちミュージアム
376,西宮市貝類館,兵庫縣,動物学博物館,4.1,223,動物学博物館,Kobe Station,14.2,0.70,0.8200,0.4539,0.2608,0.6302,http://commons.wikimedia.org/wiki/Special:FilePath/Nishinomiya-Shell-Museum-2015080801.jpg,34.7122780,135.3278890,Q11627655,西宮市貝類館
1572,美濃和紙の里会館,岐阜縣,紙博物館,3.9,573,紙博物館,Gifu Station,22.2,0.70,0.7800,0.5328,0.1836,0.6302,http://commons.wikimedia.org/wiki/Special:FilePath/MINO-WASHI%20Museum.jpg,35.5834390,136.8764280,Q11609221,美濃和紙の里会館
3496,松浦史料博物馆,長崎縣,历史房屋博物馆,4.1,491,历史房屋博物馆,Nagasaki Station,75.1,0.70,0.8200,0.5198,0.0624,0.6302,http://commons.wikimedia.org/wiki/Special:FilePath/Matsura%20Museum%201.jpg,33.3729420,129.5522780,Q11531777,松浦史料博物館
70,中信美術館,京都府,美術館,4.0,90,美術館,Kyoto Station,3.8,0.70,0.8000,0.3783,0.5658,0.6301,,35.0200480,135.7536740,Q132529053,中信美術館
746,松戶市立博物館,千葉縣,博物館,4.0,454,博物館,Chiba Station,26.1,0.70,0.8000,0.5133,0.1608,0.6301,http://commons.wikimedia.org/wiki/Special:FilePath/MatsudoMuseum01.jpg,35.8009440,139.9395000,Q11530691,松戸市立博物館
873,川越市立美術館,埼玉縣,美術館,3.9,373,美術館,Omiya Station,12.2,0.70,0.7800,0.4968,0.2908,0.6301,http://commons.wikimedia.org/wiki/Special:FilePath/Kawagoe%20City%20Art%20Museum.JPG,35.9258330,139.4908060,Q11479242,川越市立美術館
1232,射水市大島絵本館,富山縣,繪本博物館,4.1,206,繪本博物館,Toyama Station,12.9,0.70,0.8200,0.4472,0.2791,0.6301,http://commons.wikimedia.org/wiki/Special:FilePath/%E5%A4%A7%E5%B3%B6%E7%B5%B5%E6%9C%AC%E9%A4%A8.jpg,36.7341670,137.0739720,Q11458551,射水市大島絵本館
1811,瑞穂ハンザケ自然館,島根縣,自然歷史博物館,4.5,140,自然歷史博物館,Matsue Station,84.5,0.70,0.9000,0.4150,0.0559,0.6301,,34.8498790,132.5167880,Q132420839,瑞穂ハンザケ自然館
3031,平塚市博物館,神奈川縣,市立博物館,4.1,347,市立博物館,Yokohama Station,28.7,0.70,0.8200,0.4908,0.1484,0.6301,http://commons.wikimedia.org/wiki/Special:FilePath/Hiratsuka%20City%20Museum.jpg,35.3368360,139.3486470,Q104708570,平塚市博物館
3761,掛川市ステンドグラス美術館,靜岡縣,美術館,4.1,405,美術館,Shizuoka Station,40.5,0.70,0.8200,0.5037,0.1099,0.6301,http://commons.wikimedia.org/wiki/Special:FilePath/Gaikan%20201505late.jpg,34.7761389,138.0145833,Q109328669,掛川ステンドグラス美術館
1217,八尾おわら資料館,富山縣,博物館,4.1,236,博物館,Toyama Station,15.5,0.70,0.8200,0.4586,0.2444,0.6300,,36.5770278,137.1358333,Q99677105,八尾おわら資料館
1998,宇和米博物館,愛媛縣,農業博物館,4.3,239,農業博物館,Matsuyama Station,57.0,0.70,0.8600,0.4596,0.0806,0.6300,http://commons.wikimedia.org/wiki/Special:FilePath/Kome%20hakubutsukan.jpg,33.3675500,132.5125790,Q133273309,宇和米博物館
2336,すみだ郷土文化資料館,東京都,地方文化館,3.8,224,地方文化館,Tokyo Station,5.0,0.70,0.7600,0.4542,0.4976,0.6300,http://commons.wikimedia.org/wiki/Special:FilePath/Sumida%20Heritage%20Museum.JPG,35.7139050,139.8058820,Q104698259,すみだ郷土文化資料館
978,八尾市立しおんじやま古墳学習館,大阪府,考古博物館,4.2,165,考古博物館,Osaka Station,14.9,0.70,0.8400,0.4287,0.2514,0.6298,,34.6397020,135.6396440,Q133272800,八尾市立しおんじやま古墳学習館
3861,陸上自衛隊善通寺駐屯地資料館,香川縣,軍事博物館,4.3,180,軍事博物館,Takamatsu Station,28.3,0.70,0.8600,0.4360,0.1502,0.6298,http://commons.wikimedia.org/wiki/Special:FilePath/Nogi-kan%20Zentsuji%20Kagawa%20Pref01s5.jpg,34.2200560,133.7821940,Q11658521,乃木館 (陸上自衛隊 善通寺駐屯地資料館)
1863,広島三次ワイナリー,廣島縣,商號,3.9,841,商號,Hiroshima Station,55.4,0.70,0.7800,0.5649,0.0828,0.6297,,34.7778170,132.8666200,Q119660004,広島三次ワイナリー
3717,青森県近代文学館,青森縣,文學館,4.2,45,文學館,Aomori Station,3.7,0.70,0.8400,0.3211,0.5733,0.6297,,40.7951620,140.7386300,Q123515864,青森県近代文学館
3172,九州历史资料馆,福岡縣,建築物,4.0,393,建築物,Hakata Station,21.1,0.70,0.8000,0.5012,0.1919,0.6296,http://commons.wikimedia.org/wiki/Special:FilePath/Kyushu%20Historical%20Museum02.jpg,33.4393000,130.5580000,Q4141386,九州歴史資料館
239,佐用の大イチョウ,兵庫縣,巨樹,4.3,258,巨樹,Kobe Station,82.8,0.70,0.8600,0.4660,0.0569,0.6295,http://commons.wikimedia.org/wiki/Special:FilePath/Ginkgo%20tree%20at%20Sayo%20200103.jpg,35.0054722,134.3623056,Q111817882,佐用の大イチョウ
1137,七濱國際村,宮城縣,音樂廳,4.0,337,音樂廳,Sendai Station,16.7,0.70,0.8000,0.4884,0.2303,0.6295,http://commons.wikimedia.org/wiki/Special:FilePath/Amphitheatre%20of%20Shichigahama%20Kokusai-mura%201.JPG,38.2983060,141.0675830,Q11353371,七ヶ浜国際村
3540,中央構造線博物館,長野縣,地質学博物館,4.2,381,地質学博物館,Nagano Station,121.6,0.70,0.8400,0.4986,0.0395,0.6295,http://commons.wikimedia.org/wiki/Special:FilePath/Median%20Tectonic%20Line%20Museum.jpg,35.5562500,138.0384720,Q11363715,大鹿村中央構造線博物館
1314,瑠璃光寺資料館,山口縣,宝物館,4.2,25,宝物館,Yamaguchi Station,2.0,0.70,0.8400,0.2732,0.7138,0.6294,,34.1895070,131.4721140,Q132478312,瑠璃光寺資料館
1723,深沢紅子野の花美術館,岩手縣,美術館,4.0,42,美術館,Morioka Station,1.7,0.70,0.8000,0.3154,0.7479,0.6294,,39.7032222,141.1560000,Q85882018,深沢紅子野の花美術館
2111,國盛酒之文化館,愛知縣,公司博物館,3.9,663,公司博物館,Nagoya Station,31.0,0.70,0.7800,0.5450,0.1388,0.6294,http://commons.wikimedia.org/wiki/Special:FilePath/Kunizakari%20Sake%20no%20Bunkakan%20Museum%20ac.jpg,34.8953610,136.9349750,Q11422741,國盛酒の文化館
15,刀剣ワールド桑名・多度,三重縣,美術館,4.6,82,美術館,Tsu Station,44.4,0.70,0.9200,0.3706,0.1013,0.6293,http://commons.wikimedia.org/wiki/Special:FilePath/%E5%88%80%E5%89%A3%E3%82%B3%E3%83%AC%E3%82%AF%E3%82%B7%E3%83%A7%E3%83%B3%E6%A1%91%E5%90%8D%E3%83%BB%E5%A4%9A%E5%BA%A6.jpg,35.1272222,136.5936111,Q109339483,刀剣ワールド桑名・多度 別館（ホテル多度温泉／ゴルフ場）
1185,蔵の郷土館齋理屋敷,宮城縣,地方文化館,4.0,537,地方文化館,Sendai Station,40.0,0.70,0.8000,0.5273,0.1111,0.6293,http://commons.wikimedia.org/wiki/Special:FilePath/Sairi%20Residence.jpg,37.9133330,140.7619440,Q11621865,蔵の郷土館 齋理屋敷
2753,ヒストリート,沖繩縣,歷史博物館,4.3,137,歷史博物館,Naha Bus Terminal,18.5,0.70,0.8600,0.4132,0.2131,0.6293,http://commons.wikimedia.org/wiki/Special:FilePath/Histreet2018.jpg,26.3376110,127.8009720,Q17989733,沖縄市戦後文化資料展示館 ヒストリート
2918,ウルトラマンスタジアム,石川縣,主題公園,4.2,186,主題公園,Kanazawa Station,18.1,0.70,0.8400,0.4387,0.2161,0.6292,http://commons.wikimedia.org/wiki/Special:FilePath/Tedori%20Fish%20Land.jpg,36.4590830,136.5092500,Q11289253,ウルトラマンスタジアム
3994,鹿児島市立ふるさと考古歴史館,鹿兒島縣,考古博物館,4.0,200,考古博物館,Kagoshima-Chuo Station,9.0,0.70,0.8000,0.4448,0.3580,0.6292,http://commons.wikimedia.org/wiki/Special:FilePath/Kagoshima%20City%20Museum%20of%20Archaeology%20Building.JPG,31.5110280,130.4999720,Q11676560,鹿児島市立ふるさと考古歴史館
83,京都工芸繊維大学. 美術工芸資料館,京都府,大學博物館,4.5,33,大學博物館,Kyoto Station,7.4,0.70,0.9000,0.2957,0.4040,0.6291,,35.0495490,135.7811890,Q127503199,京都工芸繊維大学 美術工芸資料館
1081,天理市立黑塚古墳展示館,奈良縣,考古博物館,4.2,150,考古博物館,Nara Station,13.6,0.70,0.8400,0.4208,0.2690,0.6291,http://commons.wikimedia.org/wiki/Special:FilePath/Kuroduka%20kofun%20museum01s3200.jpg,34.5600830,135.8440280,Q17228378,天理市立黒塚古墳展示館
1227,富山県埋蔵文化財センター,富山縣,考古博物館,4.1,50,考古博物館,Toyama Station,3.0,0.70,0.8200,0.3297,0.6221,0.6291,,36.7103889,137.1807778,Q30927608,富山県埋蔵文化財センター
2209,豊田市民藝館,愛知縣,工藝博物館,4.2,242,工藝博物館,Nagoya Station,28.6,0.70,0.8400,0.4607,0.1488,0.6291,http://commons.wikimedia.org/wiki/Special:FilePath/Toyotamingei1.jpg,35.1226860,137.1904000,Q11634043,豊田市民芸館
3645,蓼科テディベア美術館,長野縣,美術館,4.0,608,美術館,Nagano Station,59.6,0.70,0.8000,0.5377,0.0775,0.6291,http://commons.wikimedia.org/wiki/Special:FilePath/Lake%20Shirakaba38s5s3200.jpg,36.1087140,138.2344940,Q11621785,白樺湖・蓼科テディベア美術館
1088,奈良市美術館,奈良縣,美術館,3.8,76,美術館,Nara Station,1.6,0.70,0.7600,0.3643,0.7568,0.6290,http://commons.wikimedia.org/wiki/Special:FilePath/Nara%20City%20Museum%202020%2C9.jpg,34.6851667,135.8021667,Q11445098,奈良市美術館
2042,どんどこ森,愛知縣,主題公園,4.0,363,主題公園,Nagoya Station,19.3,0.70,0.8000,0.4946,0.2060,0.6290,http://commons.wikimedia.org/wiki/Special:FilePath/Satsuki%20and%20Mei%E2%80%99s%20House%20from%20observation%20platform%20-%201.jpg,35.1698260,137.0935250,Q114981552,どんどこ森
3435,カシマサッカーミュージアム,茨城縣,體育博物館,4.3,212,體育博物館,Mito Station,44.7,0.70,0.8600,0.4496,0.1007,0.6290,http://commons.wikimedia.org/wiki/Special:FilePath/%E3%82%AB%E3%82%B7%E3%83%9E%E3%82%B5%E3%83%83%E3%82%AB%E3%83%BC%E3%82%B9%E3%82%BF%E3%82%B8%E3%82%A2%E3%83%A0%20-%20panoramio%20%281%29.jpg,35.9917778,140.6410278,Q11294088,カシマサッカーミュージアム
3,ピレネー,三重縣,スチール・ローラー・コースター,4.6,85,スチール・ローラー・コースター,Tsu Station,51.7,0.70,0.9200,0.3736,0.0882,0.6289,http://commons.wikimedia.org/wiki/Special:FilePath/La%20Villa%20Espa%C3%B1ola%20de%20Shima%2C%20Parque%20Espa%C3%B1a%20-%20La%20monta%C3%B1a%20rusa%20%22Los%20Pirineos%22.jpg,34.3598320,136.8450000,Q601002,ピレネー
418,はこだてみらい館,北海道,科學博物館,4.1,528,科學博物館,Sapporo Station,152.9,0.70,0.8200,0.5259,0.0317,0.6289,,41.7728710,140.7284920,Q131431537,はこだてみらい館
1598,飛騨高山美術館,岐阜縣,美術館,4.2,354,美術館,Gifu Station,92.0,0.70,0.8400,0.4925,0.0516,0.6289,http://commons.wikimedia.org/wiki/Special:FilePath/Hida%20Takayama%20Museum%20of%20Art.JPG,36.1369610,137.2407530,Q11665929,飛驒高山美術館
3289,安達ヶ原ふるさと村,福島縣,主題公園,3.7,896,主題公園,Fukushima Station,17.9,0.70,0.7400,0.5702,0.2188,0.6289,,37.5935833,140.4638056,Q65261124,安達ヶ原ふるさと村
3682,三沢市寺山修司記念館,青森縣,人物紀念館,4.2,310,人物紀念館,Aomori Station,54.0,0.70,0.8400,0.4814,0.0848,0.6289,http://commons.wikimedia.org/wiki/Special:FilePath/151101%20Shuji%20Terayama%20Museum%20Misawa%20Aomori%20pref%20Japan03s3.jpg,40.7420560,141.3653610,Q21654765,三沢市寺山修司記念館
1365,山形大学附属博物館,山形縣,大學博物館,4.2,23,大學博物館,Yamagata Station,1.9,0.70,0.8400,0.2665,0.7289,0.6288,,38.2470833,140.3484722,Q65264511,山形大学附属博物館
1403,齋藤茂吉紀念館,山形縣,文學館,4.0,195,文學館,Yamagata Station,8.9,0.70,0.8000,0.4427,0.3600,0.6288,http://commons.wikimedia.org/wiki/Special:FilePath/Sait%C5%8D%20Mokichi%20photographed%20by%20Shigeru%20Tamura.jpg,38.1720700,140.2992710,Q11500667,斎藤茂吉記念館
1748,陸前高田市立博物館,岩手縣,市立博物館,4.5,134,市立博物館,Morioka Station,87.2,0.70,0.9000,0.4114,0.0542,0.6288,http://commons.wikimedia.org/wiki/Special:FilePath/Rikuzentakata%20City%20Museum.jpg,39.0155560,141.6280560,Q117068227,陸前高田市立博物館
3251,鴻巣山展望台,福岡縣,觀景台,4.1,69,觀景台,Hakata Station,4.3,0.70,0.8200,0.3563,0.5394,0.6288,http://commons.wikimedia.org/wiki/Special:FilePath/K%C5%8Dnosu%20Yama%20Observation%20Deck%20133-1%20Ozasa%201-ch%C5%8Dme%20Ch%C5%AB%C5%8D-ku%20Fukuoka%2020230602.jpg,33.5592500,130.3934167,Q122887879,鴻巣山展望台
1487,加藤栄三・東一記念美術館,岐阜縣,美術館,4.2,39,美術館,Gifu Station,3.4,0.70,0.8400,0.3094,0.5984,0.6287,http://commons.wikimedia.org/wiki/Special:FilePath/Katoeizotoichi.JPG,35.4350010,136.7750920,Q5350087,加藤栄三・東一記念美術館
602,横綱千代の山・千代の富士記念館,北海道,人物紀念館,4.2,389,人物紀念館,Sapporo Station,198.4,0.70,0.8400,0.5004,0.0246,0.6286,http://commons.wikimedia.org/wiki/Special:FilePath/Yokozuna%20Ciyonoyama-Chiyonofuji%20kinenkan.jpg,41.4791110,140.2555830,Q11543443,横綱千代の山・千代の富士記念館
1656,岡山天文博物館,岡山縣,科學博物館,4.0,469,科學博物館,Okayama Station,31.2,0.70,0.8000,0.5160,0.1380,0.6286,,34.5764440,133.5954720,Q11472119,岡山天文博物館
2093,吉卜力公園,愛知縣,主題公園,4.2,187,主題公園,Nagoya Station,18.9,0.70,0.8400,0.4392,0.2090,0.6286,http://commons.wikimedia.org/wiki/Special:FilePath/Satsuki%20and%20Mei%E2%80%99s%20House%20from%20observation%20platform%20-%201.jpg,35.1727778,137.0897222,Q97125735,魔女の谷
2225,魔女の谷,愛知縣,主題公園,4.2,187,主題公園,Nagoya Station,19.1,0.70,0.8400,0.4392,0.2079,0.6285,http://commons.wikimedia.org/wiki/Special:FilePath/Valley%20of%20Witches%20under%20construction%20-%203.jpg,35.1738889,137.0911111,Q124344329,魔女の谷
2830,安土城郭資料館,滋賀縣,博物館,3.8,848,博物館,Otsu Station,28.9,0.70,0.7600,0.5656,0.1475,0.6284,http://commons.wikimedia.org/wiki/Special:FilePath/Azuchi%20Castle%20Museum.jpeg,35.1420280,136.1333890,Q11450462,安土城郭資料館
2891,天草市立御所浦恐竜の島博物館,熊本縣,古生物博物馆,4.3,228,古生物博物馆,Kumamoto Station,60.2,0.70,0.8600,0.4557,0.0767,0.6284,http://commons.wikimedia.org/wiki/Special:FilePath/Amakusa%20Museum%20of%20Goshoura%20Dinosaur%20Island.jpg,32.3375560,130.3379440,Q127510243,御所浦恐竜の島博物館
2894,御所浦白亜紀資料館,熊本縣,古生物博物馆,4.3,228,古生物博物馆,Kumamoto Station,60.2,0.70,0.8600,0.4557,0.0767,0.6284,http://commons.wikimedia.org/wiki/Special:FilePath/Goshoura%20Cretaceous%20Museum.JPG,32.3375560,130.3379440,Q11489072,御所浦恐竜の島博物館
306,朝來藝術之森,兵庫縣,雕塑公园,4.1,447,雕塑公园,Kobe Station,69.8,0.70,0.8200,0.5120,0.0668,0.6283,http://commons.wikimedia.org/wiki/Special:FilePath/Asago%20Art%20Village15n4272.jpg,35.2386111,134.8300000,Q720406,あさご芸術の森美術館
307,朝來藝術之森美術館,兵庫縣,人物紀念館,4.1,447,人物紀念館,Kobe Station,69.8,0.70,0.8200,0.5120,0.0669,0.6283,http://commons.wikimedia.org/wiki/Special:FilePath/Asago%20Art%20Village%20Museum02n4272.jpg,35.2385000,134.8299170,Q11257182,あさご芸術の森美術館
843,入間市博物館,埼玉縣,市立博物館,3.9,580,市立博物館,Omiya Station,26.0,0.70,0.7800,0.5338,0.1615,0.6283,http://commons.wikimedia.org/wiki/Special:FilePath/Iruma%20Irumasi-hakubutukan%201.jpg,35.8015000,139.3668060,Q11389080,入間市博物館 ALIT
2790,沖縄県立芸術大学. 図書芸術資料館,沖繩縣,大學圖書館,4.8,6,大學圖書館,Naha Bus Terminal,4.1,0.70,0.9600,0.1632,0.5520,0.6282,,26.2188100,127.7192670,Q111735646,沖縄県立芸術大学附属図書芸術資料館
2810,首里城,沖繩縣,御城,4.8,6,御城,Naha Bus Terminal,4.0,0.70,0.9600,0.1632,0.5525,0.6282,http://commons.wikimedia.org/wiki/Special:FilePath/Naha%20Shuri%20Castle51s3s4200.jpg,26.2170306,127.7194750,Q907052,沖縄県立芸術大学附属図書芸術資料館
3525,Sezon现代美术馆,長野縣,美術館,4.1,394,美術館,Nagano Station,46.4,0.70,0.8200,0.5014,0.0973,0.6282,http://commons.wikimedia.org/wiki/Special:FilePath/220930%20Sezon%20Museum%20of%20Modern%20Art%20Karuizawa%20Nagano%20pref%20Japan04s3.jpg,36.3698060,138.5807780,Q11314323,セゾン現代美術館
1407,アフリカンアートミュージアム,山梨縣,美術館,4.5,84,美術館,Kofu Station,25.6,0.70,0.9000,0.3726,0.1632,0.6281,,35.8240000,138.3601667,Q109361733,アフリカンアートミュージアム
2890,天草キリシタン館,熊本縣,キリスト教博物館,4.0,585,キリスト教博物館,Kumamoto Station,60.0,0.70,0.8000,0.5345,0.0770,0.6281,http://commons.wikimedia.org/wiki/Special:FilePath/Amakusa%20Christian%20Museum.jpg,32.4599000,130.1840000,Q11443445,天草市立天草キリシタン館
885,柴原温泉,埼玉縣,温泉镇,4.4,160,温泉镇,Omiya Station,56.0,0.70,0.8800,0.4262,0.0820,0.6280,,35.9715680,139.0073380,Q108677196,柴原温泉 かやの家
2188,稻澤市荻須記念美術館,愛知縣,人物紀念館,4.1,177,人物紀念館,Nagoya Station,11.9,0.70,0.8200,0.4346,0.2965,0.6280,http://commons.wikimedia.org/wiki/Special:FilePath/Ogisu%20bijutsukan.jpg,35.2465390,136.7893860,Q11596708,稲沢市荻須記念美術館
2294,谷村美術館,新潟縣,美術館,4.3,266,美術館,Niigata Station,142.5,0.70,0.8600,0.4686,0.0339,0.6280,,37.0420270,137.8761100,Q123517194,谷村美術館
3347,白瀨南極探險隊紀念館,秋田縣,科學博物館,4.1,409,科學博物館,Akita Station,52.8,0.70,0.8200,0.5046,0.0865,0.6280,http://commons.wikimedia.org/wiki/Special:FilePath/Shirase%20Antaractic%20Expedition%20Memorial%20Museum%2020190420a.jpg,39.2685000,139.9263610,Q11580064,白瀬南極探検隊記念館
1157,塩竈市杉村惇美術館,宮城縣,人物紀念館,4.1,193,人物紀念館,Sendai Station,13.3,0.70,0.8200,0.4418,0.2740,0.6279,http://commons.wikimedia.org/wiki/Special:FilePath/211030%20Shiogama%20Sugimura%20Jun%20Museum%20of%20Art%20Shiogama%20Miyagi%20pref%20Japan01s3.jpg,38.3158333,141.0166667,Q22118917,塩竈市杉村惇美術館
1844,ホロコースト記念館,廣島縣,ホロコースト記念館,4.4,175,ホロコースト記念館,Hiroshima Station,82.1,0.70,0.8800,0.4336,0.0574,0.6278,http://commons.wikimedia.org/wiki/Special:FilePath/Holocaust%20Education%20Center%20in%20Fukuyama%20Hiroshima%2001.jpg,34.5208330,133.3576670,Q11338087,ホロコースト記念館
1342,香月泰男美術館,山口縣,美術館,4.3,167,美術館,Yamaguchi Station,28.7,0.70,0.8600,0.4297,0.1482,0.6277,,34.3587060,131.2627660,Q131327364,香月泰男美術館
2767,北谷町立博物館,沖繩縣,博物館,4.4,79,博物館,Naha Bus Terminal,14.7,0.70,0.8800,0.3675,0.2539,0.6276,http://commons.wikimedia.org/wiki/Special:FilePath/Chatan%20Museum%2002.jpg,26.3235840,127.7590410,Q132151557,北谷町立博物館
1041,水道紀念館,大阪府,水族館,3.8,106,水族館,Osaka Station,2.6,0.70,0.7600,0.3919,0.6596,0.6275,http://commons.wikimedia.org/wiki/Special:FilePath/Suido%20Kinenkan%20%28Osaka%293.jpg,34.7243611,135.5053611,Q11549303,大阪市水道局 水道記念館
2953,石川県九谷焼美術館,石川縣,陶瓷博物館,4.1,372,陶瓷博物館,Kanazawa Station,43.0,0.70,0.8200,0.4966,0.1041,0.6274,http://commons.wikimedia.org/wiki/Special:FilePath/%E4%B9%9D%E8%B0%B7%E7%84%BC%E7%BE%8E%E8%A1%93%E9%A4%A8.jpg,36.3027580,136.3103060,Q11585938,石川県九谷焼美術館
2958,石川県銭屋五兵衛記念館,石川縣,都道府县立博物馆,3.9,145,都道府县立博物馆,Kanazawa Station,5.0,0.70,0.7800,0.4180,0.4998,0.6274,http://commons.wikimedia.org/wiki/Special:FilePath/%E9%8A%AD%E5%B1%8B%E4%BA%94%E5%85%B5%E8%A1%9B%E8%A8%98%E5%BF%B5%E9%A4%A8.jpg,36.5969222,136.5970972,Q11586272,石川県銭屋五兵衛記念館
3374,中之条町歴史と民俗の博物館,群馬縣,民俗博物館,4.2,235,民俗博物館,Maebashi Station,30.8,0.70,0.8400,0.4582,0.1398,0.6274,http://commons.wikimedia.org/wiki/Special:FilePath/Nakanojo%20Museum%20of%20Folk%20and%20History%202.jpg,36.5894290,138.8428700,Q104696778,中之条町歴史と民俗の博物館「ミュゼ」
445,丸瀬布森林公園いこいの森,北海道,森林公園,4.4,194,森林公園,Sapporo Station,186.7,0.70,0.8800,0.4422,0.0261,0.6273,http://commons.wikimedia.org/wiki/Special:FilePath/Amemiya%2021gou%20Steam%20Locomotive%20Hokkaido%20Japan.jpg,43.9314167,143.3361389,Q11368387,丸瀬布森林公園いこいの森
791,南方熊楠顯彰館,和歌山縣,人物紀念館,4.3,216,人物紀念館,Wakayama Station,58.3,0.70,0.8600,0.4512,0.0790,0.6273,http://commons.wikimedia.org/wiki/Special:FilePath/251011%20Minakata%20Kumagusu%20Archives%20Tanabe%20Wakayama%20prefecture%20Japan04s3.jpg,33.7310830,135.3777500,Q11407877,南方熊楠顕彰館・南方熊楠邸
1192,內藤紀念館,宮崎縣,博物館,4.4,169,博物館,Miyazaki Station,77.1,0.70,0.8800,0.4307,0.0609,0.6273,http://commons.wikimedia.org/wiki/Special:FilePath/Nobeoka%20Castle%20Naito%20Memorial%20Museum%202023.jpg,32.5818060,131.6587500,Q11394557,延岡城・内藤記念博物館
1634,倉紡記念館,岡山縣,公司博物館,4.3,112,公司博物館,Okayama Station,15.5,0.70,0.8600,0.3965,0.2440,0.6273,http://commons.wikimedia.org/wiki/Special:FilePath/Kurashiki%20Ivy%20Square04nt3200.jpg,34.5953889,133.7730278,Q56640405,倉紡記念館
889,河鍋曉齋紀念美術館,埼玉縣,人物紀念館,4.1,171,人物紀念館,Omiya Station,11.9,0.70,0.8200,0.4317,0.2967,0.6272,http://commons.wikimedia.org/wiki/Special:FilePath/Kyosai%2020070210.jpg,35.8158222,139.6934250,Q11554289,河鍋暁斎記念美術館
1198,宮崎神宮徴古館,宮崎縣,博物館,4.3,20,博物館,Miyazaki Station,2.5,0.70,0.8600,0.2553,0.6656,0.6272,http://commons.wikimedia.org/wiki/Special:FilePath/Facility%20of%20Miyazaki%20jingu%20Shrine.jpg,31.9374444,131.4241944,Q85879543,宮﨑神宮徴古館
1414,北杜市考古資料館,山梨縣,考古博物館,4.3,158,考古博物館,Kofu Station,26.9,0.70,0.8600,0.4251,0.1568,0.6272,http://commons.wikimedia.org/wiki/Special:FilePath/%E5%8C%97%E6%9D%9C%E5%B8%82%E8%80%83%E5%8F%A4%E8%B3%87%E6%96%99%E9%A4%A8.jpg,35.8581111,138.3854444,Q85877328,北杜市考古資料館
3853,石の民俗資料館,香川縣,民俗博物館,4.1,121,民俗博物館,Takamatsu Station,8.0,0.70,0.8200,0.4029,0.3835,0.6272,http://commons.wikimedia.org/wiki/Special:FilePath/I%E7%9F%B3%E3%81%AE%E6%B0%91%E6%97%8F%E8%B3%87%E6%96%99%E9%A4%A81007.jpg,34.3527440,134.1341080,Q11584737,高松市石の民俗資料館
361,神戸映画資料館,兵庫縣,博物館,4.0,84,博物館,Kobe Station,4.0,0.70,0.8000,0.3726,0.5532,0.6271,,34.6543610,135.1462220,Q11590151,神戸映画資料館
1659,岡山県古代吉備文化財センター,岡山縣,博物館,4.0,122,博物館,Okayama Station,5.9,0.70,0.8000,0.4036,0.4600,0.6271,,34.6636660,133.8545200,Q123516711,岡山県古代吉備文化財センター
2592,瑞穂町郷土資料館,東京都,地方文化館,4.1,354,地方文化館,Tokyo Station,39.0,0.70,0.8200,0.4925,0.1135,0.6271,,35.7804630,139.3521310,Q22120454,瑞穂町郷土資料館 けやき館
2722,栗田美术馆,栃木縣,陶瓷博物館,4.1,368,陶瓷博物館,Utsunomiya Station,43.2,0.70,0.8200,0.4957,0.1037,0.6271,http://commons.wikimedia.org/wiki/Special:FilePath/KuritaMuseum.jpg,36.3166778,139.5216250,Q11536081,栗田美術館
3189,北九州市環境博物館,福岡縣,博物館,4.3,201,博物館,Hakata Station,47.3,0.70,0.8600,0.4452,0.0957,0.6271,http://commons.wikimedia.org/wiki/Special:FilePath/Kitakyushu%20Environment%20Museum.JPG,33.8678750,130.8074970,Q11400952,タカミヤ環境ミュージアム
335,白鹿記念酒造博物館,兵庫縣,公司博物館,4.0,290,公司博物館,Kobe Station,15.6,0.70,0.8000,0.4758,0.2430,0.6270,http://commons.wikimedia.org/wiki/Special:FilePath/Hakushika%20Memorial%20Museum02st3200.jpg,34.7279170,135.3380280,Q11580641,酒ミュージアム （白鹿記念酒造博物館） 記念館
767,芝山古墳·埴輪博物館,千葉縣,考古博物館,4.0,430,考古博物館,Chiba Station,29.9,0.70,0.8000,0.5087,0.1434,0.6270,http://commons.wikimedia.org/wiki/Special:FilePath/Shibayama%20Ancient-tomb%20and%20Clay-image%20Museum.JPG,35.6941670,140.4283330,Q11614636,芝山町立 芝山古墳・はにわ博物館
2249,十日町市立里山科学館 越後松之山「森の学校」キョロロ,新潟縣,自然歷史博物館,4.2,333,自然歷史博物館,Niigata Station,98.5,0.70,0.8400,0.4874,0.0483,0.6270,http://commons.wikimedia.org/wiki/Special:FilePath/%E8%B6%8A%E5%BE%8C%E6%9D%BE%E4%B9%8B%E5%B1%B1%E6%A3%AE%E3%81%AE%E5%AD%A6%E6%A0%A1%20%E3%82%AD%E3%83%A7%E3%83%AD%E3%83%AD1.jpg,37.0997222,138.6172222,Q11405091,十日町市立里山科学館 越後松之山「森の学校」キョロロ
3745,伊豆之長八美術館,靜岡縣,人物紀念館,4.0,505,人物紀念館,Shizuoka Station,43.2,0.70,0.8000,0.5222,0.1037,0.6270,http://commons.wikimedia.org/wiki/Special:FilePath/Izu-no-chohachi%20Museum%2001.jpg,34.7487778,138.7766389,Q11380530,伊豆の長八美術館
735,戸定歴史館,千葉縣,歷史博物館,4.1,294,歷史博物館,Chiba Station,26.6,0.70,0.8200,0.4769,0.1583,0.6269,http://commons.wikimedia.org/wiki/Special:FilePath/TojoRekishikan.jpg,35.7779100,139.8994400,Q60059496,松戸市戸定歴史館
372,薄口龍野醤油資料館,兵庫縣,食物博物館,4.1,408,食物博物館,Kobe Station,61.4,0.70,0.8200,0.5044,0.0753,0.6268,http://commons.wikimedia.org/wiki/Special:FilePath/Usukuchi-Tatsuno-Shoyu%20Museum01s2048.jpg,34.8664720,134.5457780,Q11260409,うすくち龍野醤油資料館
1302,忌宮神社宝物館,山口縣,宝物館,4.1,380,宝物館,Yamaguchi Station,49.3,0.70,0.8200,0.4984,0.0920,0.6267,http://commons.wikimedia.org/wiki/Special:FilePath/Treasure%20Museum%20of%20Iminomiya%20Shrine%20in%20Chofu%2C%20Shimonoseki%2C%20Yamaguchi.JPG,33.9989770,130.9871310,Q132496666,忌宮神社（豊浦宮）
1392,羽黒山の爺スギ,山形縣,巨樹,4.5,112,巨樹,Yamagata Station,59.6,0.70,0.9000,0.3965,0.0773,0.6267,http://commons.wikimedia.org/wiki/Special:FilePath/Jiji-sugi%2C%20the%20Grandpa%20Cedar%20in%20Mt.Haguro%2020180421.jpg,38.7051390,139.9670000,Q112080442,羽黒山の爺杉
3788,焼津小泉八雲記念館,靜岡縣,人物紀念館,4.2,140,人物紀念館,Shizuoka Station,14.1,0.70,0.8400,0.4150,0.2620,0.6267,http://commons.wikimedia.org/wiki/Special:FilePath/Yaizu%20Koizumi%20Yakumo%20Kinenkan%202020-04%20ac.jpg,34.8644722,138.3065556,Q18054898,焼津小泉八雲記念館
1215,世界一かわいい美術館,富山縣,美術館,4.3,68,美術館,Toyama Station,8.9,0.70,0.8600,0.3551,0.3609,0.6266,http://commons.wikimedia.org/wiki/Special:FilePath/Art%20Museum%20in%20Mizuhashi%2CToyama.jpg,36.7438320,137.2971243,Q30927870,世界一かわいい美術館
653,花の拠点「はなふる」,北海道,庭園,4.1,291,庭園,Sapporo Station,27.0,0.70,0.8200,0.4761,0.1564,0.6265,,42.8980556,141.5863889,Q104142410,花の拠点 はなふる
3802,野坂自動人偶美術館,靜岡縣,美術館,4.3,217,美術館,Shizuoka Station,65.9,0.70,0.8600,0.4516,0.0706,0.6265,,34.8894444,139.1043056,Q11645271,野坂オートマタ美術館
1778,奥出雲たたらと刀剣館,島根縣,博物館,4.0,437,博物館,Matsue Station,32.3,0.70,0.8000,0.5101,0.1339,0.6264,,35.1739490,133.0901190,Q132419563,奥出雲たたらと刀剣館
2867,草津市立草津宿街道交流館,滋賀縣,交通博物館,3.9,240,交通博物館,Otsu Station,8.7,0.70,0.7800,0.4600,0.3643,0.6264,http://commons.wikimedia.org/wiki/Special:FilePath/Kaidoukoryukan-museum.jpg,35.0156944,135.9590833,Q88281532,草津宿街道交流館
2210,豐橋市美術博物館,愛知縣,博物館,4.0,557,博物館,Nagoya Station,64.7,0.70,0.8000,0.5304,0.0717,0.6263,http://commons.wikimedia.org/wiki/Special:FilePath/Aichi%20Toyohashi%20c20240812%201359a.jpg,34.7692000,137.3950000,Q7830656,豊橋市美術博物館
282,尼信博物館,兵庫縣,公司博物館,4.3,135,公司博物館,Kobe Station,21.9,0.70,0.8600,0.4120,0.1859,0.6262,http://commons.wikimedia.org/wiki/Special:FilePath/%E5%B0%BC%E4%BF%A1%E5%8D%9A%E7%89%A9%E9%A4%A8.JPG,34.7166390,135.4133890,Q11464905,尼信会館
1230,富山縣立山博物館,富山縣,博物館,4.0,341,博物館,Toyama Station,20.8,0.70,0.8000,0.4893,0.1936,0.6262,http://commons.wikimedia.org/wiki/Special:FilePath/Tateyama-museum%20toyama-pref.jpg,36.5827110,137.3934890,Q11456516,富山県 立山博物館
2897,横井小楠紀念館,熊本縣,人物紀念館,4.3,64,人物紀念館,Kumamoto Station,8.5,0.70,0.8600,0.3501,0.3713,0.6262,http://commons.wikimedia.org/wiki/Special:FilePath/Yokoi%20Shonan%20Memorial%20Hall%206.jpg,32.7727778,130.7780278,Q28688020,横井小楠記念館
3258,いわき市アンモナイトセンター,福島縣,古生物博物馆,4.1,421,古生物博物馆,Fukushima Station,77.2,0.70,0.8200,0.5070,0.0608,0.6262,http://commons.wikimedia.org/wiki/Special:FilePath/Iwaki%20city%20anmonite%20center%20appearance.jpg,37.1756111,140.9434444,Q114231317,いわき市アンモナイトセンター
3729,ディスカバリーパーク焼津天文科学館,靜岡縣,科學博物館,4.0,302,科學博物館,Shizuoka Station,17.4,0.70,0.8000,0.4792,0.2236,0.6261,http://commons.wikimedia.org/wiki/Special:FilePath/Discovery%20Park%20Yaizu.jpg,34.8228056,138.3315556,Q96965500,ディスカバリーパーク焼津 天文科学館
2206,豊橋市地下資源館,愛知縣,博物館,4.1,409,博物館,Nagoya Station,70.2,0.70,0.8200,0.5046,0.0665,0.6260,http://commons.wikimedia.org/wiki/Special:FilePath/Toyohashi-Museum-of-Natural-Resources-1.jpg,34.7291220,137.4313890,Q11633805,豊橋市地下資源館
3331,ノースアジア大学雪国民俗館,秋田縣,民俗博物館,5.0,1,民俗博物館,Akita Station,2.3,0.70,1.0000,0.0581,0.6857,0.6260,http://commons.wikimedia.org/wiki/Special:FilePath/North%20Asia%20University%2C%20Folk%20museum%20of%20snow%20country.JPG,39.7154720,140.1564440,Q11325862,ノースアジア大学 雪国民俗研究所 資料館
739,木更津坎蘭沙公園KISARAPIA,千葉縣,主題樂園,3.7,985,主題樂園,Chiba Station,25.3,0.70,0.7400,0.5781,0.1648,0.6259,http://commons.wikimedia.org/wiki/Special:FilePath/Kisarapia%20kannrannsya.jpg,35.4389722,139.9328611,Q65270961,木更津かんらんしゃパーク キサラピア
1316,石井茶碗美術館,山口縣,陶瓷博物館,4.2,209,陶瓷博物館,Yamaguchi Station,27.6,0.70,0.8400,0.4484,0.1532,0.6259,,34.4106050,131.3932060,Q132473356,菊屋家住宅
2654,足立區立鄉土博物館,東京都,地方文化館,3.9,338,地方文化館,Tokyo Station,13.3,0.70,0.7800,0.4886,0.2733,0.6259,http://commons.wikimedia.org/wiki/Special:FilePath/Adachi%20Museum.JPG,35.7844160,139.8414300,Q11636983,東京都足立区立郷土博物館
423,エドウィン・ダン記念館,北海道,人物紀念館,4.3,66,人物紀念館,Sapporo Station,8.9,0.70,0.8600,0.3526,0.3604,0.6258,http://commons.wikimedia.org/wiki/Special:FilePath/%E3%82%A8%E3%83%89%E3%82%A6%E3%82%A3%E3%83%B3%E3%83%BB%E3%83%80%E3%83%B3%E8%A8%98%E5%BF%B5%E9%A4%A8.jpg,42.9888889,141.3522222,Q11290335,エドウィン・ダン記念館
1017,大阪日本民艺馆,大阪府,工藝博物館,4.1,171,工藝博物館,Osaka Station,12.7,0.70,0.8200,0.4317,0.2828,0.6258,http://commons.wikimedia.org/wiki/Special:FilePath/The%20Japan%20folk%20crafts%20museum%2C%20Osaka.jpg,34.8122778,135.5334389,Q55532678,大阪日本民芸館
1324,菊屋家住宅,山口縣,历史房屋博物馆,4.2,209,历史房屋博物馆,Yamaguchi Station,27.8,0.70,0.8400,0.4484,0.1522,0.6258,http://commons.wikimedia.org/wiki/Special:FilePath/Residence%20of%20Kikuya%20Family%2020170504.jpg,34.4127820,131.3937840,Q104783681,菊屋家住宅
481,北海道立埋蔵文化財センター,北海道,埋藏文化財中心,4.2,116,埋藏文化財中心,Sapporo Station,11.7,0.70,0.8400,0.3994,0.2993,0.6257,http://commons.wikimedia.org/wiki/Special:FilePath/Hokkaido%20Archaeological%20Operations%20Center.JPG,43.0601810,141.4943970,Q11402962,北海道埋蔵文化財センター
900,秩父銘仙館,埼玉縣,工业博物馆,4.1,365,工业博物馆,Omiya Station,49.2,0.70,0.8200,0.4950,0.0922,0.6257,http://commons.wikimedia.org/wiki/Special:FilePath/Chichibu%20Chichibumeisenkan%202.JPG,35.9905560,139.0872780,Q11271756,ちちぶ銘仙館
1092,奈良縣立民俗博物館,奈良縣,都道府县立博物馆,3.8,247,都道府县立博物馆,Nara Station,6.7,0.70,0.7600,0.4624,0.4290,0.6256,http://commons.wikimedia.org/wiki/Special:FilePath/150912%20Nara%20Prefectural%20Folk%20Museum%20Yamatokoriyama%20Nara%20pref%20Japan01s3.jpg,34.6528890,135.7542220,Q11445220,奈良県立民俗博物館
2697,宇都宮妖精博物館,栃木縣,美術館,3.8,52,美術館,Utsunomiya Station,1.1,0.70,0.7600,0.3330,0.8167,0.6256,http://commons.wikimedia.org/wiki/Special:FilePath/Utsunomiya%20Fairy%20Museum.jpg,36.5615280,139.8864440,Q17227774,宇都宮市民プラザ・うつのみや妖精ミュージアム
16,四日市市立博物館,三重縣,博物館,4.1,284,博物館,Tsu Station,27.7,0.70,0.8200,0.4741,0.1527,0.6255,http://commons.wikimedia.org/wiki/Special:FilePath/Museum%20Yokkaichi.jpg,34.9680000,136.6155556,Q24865208,四日市市立博物館・プラネタリウム
860,埼玉綠之森博物館,埼玉縣,戶外博物館,4.1,271,戶外博物館,Omiya Station,25.4,0.70,0.8200,0.4701,0.1643,0.6255,,35.7862780,139.3840560,Q11267531,カネパ緑の森博物館
1887,東広島市立美術館,廣島縣,美術館,4.0,367,美術館,Hiroshima Station,24.7,0.70,0.8000,0.4955,0.1682,0.6255,http://commons.wikimedia.org/wiki/Special:FilePath/Higashihiroshima%20City%20Museum%20of%20Art%202024.jpg,34.4271600,132.7425300,Q17223767,東広島市立美術館
2199,設楽原歴史資料館,愛知縣,歷史博物館,3.9,744,歷史博物館,Nagoya Station,65.2,0.70,0.7800,0.5546,0.0712,0.6255,http://commons.wikimedia.org/wiki/Special:FilePath/%E6%96%B0%E5%9F%8E%E5%B8%82%E8%A8%AD%E6%A5%BD%E5%8E%9F%E6%AD%B4%E5%8F%B2%E8%B3%87%E6%96%99%E9%A4%A8.JPG,34.9187500,137.5282500,Q104720628,設楽原歴史資料館
3302,相馬市伝承鎮魂祈念館,福島縣,海嘯博物館,4.0,481,海嘯博物館,Fukushima Station,45.1,0.70,0.8000,0.5181,0.0998,0.6254,http://commons.wikimedia.org/wiki/Special:FilePath/Haragama%20Obama%20Seaside%20Park%201.jpg,37.8299722,140.9640278,Q97311274,相馬市 伝承鎮魂祈念館
1865,広島大学総合博物館,廣島縣,大學博物館,4.5,68,大學博物館,Hiroshima Station,21.6,0.70,0.9000,0.3551,0.1880,0.6253,http://commons.wikimedia.org/wiki/Special:FilePath/Hiroshima%20university%20museum.jpg,34.4030000,132.7105278,Q11484500,広島大学総合博物館
1710,安家洞,岩手縣,觀光洞穴,4.3,200,觀光洞穴,Morioka Station,60.0,0.70,0.8600,0.4448,0.0769,0.6251,http://commons.wikimedia.org/wiki/Special:FilePath/Akkado%20SHINDEN.jpg,39.9836000,141.7360000,Q11450564,安家洞
342,神戶市埋蔵文化財中心,兵庫縣,埋藏文化財中心,4.2,137,埋藏文化財中心,Kobe Station,15.2,0.70,0.8400,0.4132,0.2479,0.6248,http://commons.wikimedia.org/wiki/Special:FilePath/Kobe-maizo01.JPG,34.7149170,135.0178610,Q11589921,神戸市埋蔵文化財センター
2751,エイサー会館,沖繩縣,博物館,4.3,113,博物館,Naha Bus Terminal,18.2,0.70,0.8600,0.3972,0.2160,0.6248,http://commons.wikimedia.org/wiki/Special:FilePath/%E3%82%A8%E3%82%A4%E3%82%B5%E3%83%BC%E4%BC%9A%E9%A4%A8%E5%85%A5%E5%8F%A3.jpg,26.3350970,127.7994290,Q132154132,エイサー会館
211,あずきミュージアム,兵庫縣,食物博物館,3.8,892,食物博物館,Kobe Station,46.4,0.70,0.7600,0.5698,0.0973,0.6247,http://commons.wikimedia.org/wiki/Special:FilePath/140111%20Azuki%20Museum%20Himeji%20Hyogo%20pref%20Japan21s3.jpg,34.8240280,134.7015830,Q17191323,あずきミュージアム
3714,青森市民美術展示館,青森縣,美術館,3.6,47,美術館,Aomori Station,0.0,0.70,0.7200,0.3247,0.9926,0.6247,,40.8287880,140.7349250,Q131910775,青森市民美術展示館
3780,深層水ミュージアム,靜岡縣,博物館,3.7,627,博物館,Shizuoka Station,13.8,0.70,0.7400,0.5403,0.2658,0.6247,http://commons.wikimedia.org/wiki/Special:FilePath/Suruga%20Bay%20Deep%20Sea%20Water%20Museum%202020-04%20ac%20%282%29.jpg,34.8586944,138.3259444,Q97218196,深層水ミュージアム
3924,海とくらしの史料館,鳥取縣,博物館,4.1,409,博物館,Tottori Station,89.2,0.70,0.8200,0.5046,0.0531,0.6247,http://commons.wikimedia.org/wiki/Special:FilePath/Umitokurashinoshiryoukan.jpg,35.5470830,133.2418890,Q17227783,海とくらしの史料館
1767,出雲文化傳承館,島根縣,博物館,4.0,405,博物館,Matsue Station,32.9,0.70,0.8000,0.5037,0.1320,0.6243,http://commons.wikimedia.org/wiki/Special:FilePath/%E5%87%BA%E9%9B%B2%E6%96%87%E5%8C%96%E4%BC%9D%E6%89%BF%E9%A4%A8%20-%20panoramio.jpg,35.3818600,132.7149280,Q132398704,出雲文化伝承館
638,稚内市樺太記念館,北海道,歷史博物館,4.2,334,歷史博物館,Sapporo Station,261.4,0.70,0.8400,0.4876,0.0188,0.6242,http://commons.wikimedia.org/wiki/Special:FilePath/Wakkanai%20Fukukoichiba%2018-06-02%202.jpg,45.4082160,141.6766420,Q68888166,稚内市樺太記念館
1708,奥州宇宙遊学館,岩手縣,天文博物館,4.2,268,天文博物館,Morioka Station,63.0,0.70,0.8400,0.4692,0.0735,0.6241,http://commons.wikimedia.org/wiki/Special:FilePath/Oshu%20Space%20and%20Astronomy%20Museum.jpg,39.1351740,141.1332600,Q120644751,奥州宇宙遊学館
3703,津軽こけし館,青森縣,人形博物館,3.9,482,人形博物館,Aomori Station,25.2,0.70,0.7800,0.5183,0.1656,0.6241,http://commons.wikimedia.org/wiki/Special:FilePath/Tsugaru%20kokeshi-kan01.jpg,40.6063280,140.6765220,Q11556382,津軽こけし館
3786,濱松市美術館,靜岡縣,美術館,3.9,710,美術館,Shizuoka Station,67.2,0.70,0.7800,0.5507,0.0692,0.6241,http://commons.wikimedia.org/wiki/Special:FilePath/Hamamatsu%20city%20museum.jpg,34.7118333,137.7237500,Q11557851,浜松市美術館
334,白鹤美术馆,兵庫縣,美術館,4.3,64,美術館,Kobe Station,9.3,0.70,0.8600,0.3501,0.3498,0.6240,http://commons.wikimedia.org/wiki/Special:FilePath/Hakutsuru%20museum01%201024.jpg,34.7308333,135.2583333,Q612608,白鶴美術館
2340,アミューズミュージアム,東京都,美術館,4.0,85,美術館,Tokyo Station,4.6,0.70,0.8000,0.3736,0.5192,0.6240,http://commons.wikimedia.org/wiki/Special:FilePath/AM%20view1.jpg,35.7145000,139.7979000,Q17230481,アミューズ ミュージアム
3854,讃岐民芸館,香川縣,工藝博物館,4.0,43,工藝博物館,Takamatsu Station,2.3,0.70,0.8000,0.3174,0.6879,0.6240,http://commons.wikimedia.org/wiki/Special:FilePath/Ritsurin%20Garden%20%E6%A0%97%E6%9E%97%E5%85%AC%E5%9C%92%E3%81%AE%E5%8F%A4%E6%B0%91%E8%8A%B8%E9%A4%A8.jpg,34.3301443,134.0449987,Q123484005,讃岐民芸館
1075,唐招提寺新宝蔵,奈良縣,宝物館,4.2,29,宝物館,Nara Station,3.0,0.70,0.8400,0.2852,0.6237,0.6239,http://commons.wikimedia.org/wiki/Special:FilePath/Toshodaiji%20Nara%20Nara%20pref34n4592.jpg,34.6758360,135.7863010,Q123246926,新宝蔵
1411,ローソン 河口湖駅前,山梨縣,觀光景點,3.8,670,觀光景點,Kofu Station,26.0,0.70,0.7600,0.5459,0.1614,0.6239,,35.4986100,138.7671600,Q135801024,ローソン 河口湖駅前店
1664,新見美術館,岡山縣,美術館,4.0,484,美術館,Okayama Station,55.0,0.70,0.8000,0.5186,0.0833,0.6239,http://commons.wikimedia.org/wiki/Special:FilePath/NIIMI-MUSIAM.JPG,34.9853000,133.4571900,Q121362810,新見美術館
2028,面河山岳博物館,愛媛縣,自然歷史博物館,4.2,215,自然歷史博物館,Matsuyama Station,34.5,0.70,0.8400,0.4508,0.1265,0.6239,http://commons.wikimedia.org/wiki/Special:FilePath/Omogo%20sangaku%20hakubutukan%20museum.jpg,33.7151940,133.0933330,Q11663793,面河山岳博物館
926,二階堂美術館,大分縣,美術館,4.2,138,美術館,Oita Station,16.1,0.70,0.8400,0.4138,0.2367,0.6238,,33.3677670,131.5424800,Q123366317,二階堂美術館
3051,松永記念館,神奈川縣,美術館,4.2,247,美術館,Yokohama Station,49.9,0.70,0.8400,0.4624,0.0911,0.6238,http://commons.wikimedia.org/wiki/Special:FilePath/R%C5%8Dky%C5%8Ds%C5%8D.jpg,35.2490280,139.1414720,Q11531611,松永記念館
3087,町立湯河原美術館,神奈川縣,美術館,4.0,495,美術館,Yokohama Station,61.3,0.70,0.8000,0.5205,0.0754,0.6237,http://commons.wikimedia.org/wiki/Special:FilePath/Yugawara%20Art%20Museum.JPG,35.1481667,139.0710278,Q61058198,町立湯河原美術館
3522,Harmo美术馆,長野縣,美術館,4.1,366,美術館,Nagano Station,64.9,0.70,0.8200,0.4953,0.0716,0.6237,,36.0652400,138.0882400,Q28682337,ハーモ美術館
3541,中山晋平紀念館,長野縣,人物紀念館,4.1,207,人物紀念館,Nagano Station,18.4,0.70,0.8200,0.4476,0.2138,0.6237,http://commons.wikimedia.org/wiki/Special:FilePath/Nakayama%20Shinpei%20Memorial%20Hall.jpg,36.7210050,138.3705310,Q84221487,中山晋平記念館
521,奥尻島津波館,北海道,博物館,4.3,231,博物館,Sapporo Station,192.3,0.70,0.8600,0.4568,0.0253,0.6236,,42.0541450,139.4496530,Q104240265,奥尻島津波館
876,彩湖自然学習センター,埼玉縣,教育組織,4.2,92,教育組織,Omiya Station,9.9,0.70,0.8400,0.3801,0.3359,0.6236,http://commons.wikimedia.org/wiki/Special:FilePath/Saiko%20Nature%20Study%20Center.JPG,35.8178889,139.6342778,Q21653084,彩湖自然学習センター
1252,高岡市万葉歴史館,富山縣,文學館,4.0,282,文學館,Toyama Station,18.2,0.70,0.8000,0.4735,0.2157,0.6236,,36.7955940,137.0461030,Q104708926,高岡市万葉歴史館
3113,観音崎自然博物館,神奈川縣,自然歷史博物館,3.9,484,自然歷史博物館,Yokohama Station,26.2,0.70,0.7800,0.5186,0.1604,0.6236,http://commons.wikimedia.org/wiki/Special:FilePath/Kannonzaki%20Park%2003.jpg,35.2520000,139.7424444,Q116205305,観音崎自然博物館
3772,沼津市芹沢光治良記念館,靜岡縣,博物館,4.3,171,博物館,Shizuoka Station,44.5,0.70,0.8600,0.4317,0.1010,0.6236,http://commons.wikimedia.org/wiki/Special:FilePath/Research%20survey%20Serizawa%20Kojiro%20Memorial%20Museum%201970%201.png,35.0749111,138.8612398,Q125536815,沼津市芹沢光治良記念館
3796,芹沢文学館,靜岡縣,博物館,4.3,171,博物館,Shizuoka Station,44.5,0.70,0.8600,0.4317,0.1010,0.6236,http://commons.wikimedia.org/wiki/Special:FilePath/Research%20survey%20Serizawa%20Kojiro%20Memorial%20Museum%201970%201.png,35.0749111,138.8612398,Q125537759,沼津市芹沢光治良記念館
3948,ゴールドパーク串木野,鹿兒島縣,主題公園,4.0,379,主題公園,Kagoshima-Chuo Station,30.3,0.70,0.8000,0.4982,0.1415,0.6236,http://commons.wikimedia.org/wiki/Special:FilePath/Kushikino-goldmine2.jpg,31.7464519,130.2837305,Q11303945,焼酎蔵 薩摩金山蔵
3165,越前竹人形之里,福井縣,人形博物館,3.7,475,人形博物館,Fukui Station,10.4,0.70,0.7400,0.5171,0.3238,0.6235,http://commons.wikimedia.org/wiki/Special:FilePath/Echizentakeningyonosato.jpg,36.1081944,136.3246944,Q109358313,越前竹人形の里
3460,涸沼水鳥・湿地センター,茨城縣,自然中心,4.5,35,自然中心,Mito Station,10.0,0.70,0.9000,0.3005,0.3330,0.6235,,36.2848930,140.5096030,Q132160361,涸沼 水鳥・湿地センター
905,行田市鄉土博物館,埼玉縣,地方文化館,3.7,971,地方文化館,Omiya Station,30.0,0.70,0.7400,0.5769,0.1429,0.6234,http://commons.wikimedia.org/wiki/Special:FilePath/Gyoda%20City%20Museum.JPG,36.1380560,139.4533330,Q22118555,行田市郷土博物館
3751,土肥黃金館,靜岡縣,礦業博物館,4.1,300,礦業博物館,Shizuoka Station,37.5,0.70,0.8200,0.4786,0.1176,0.6234,http://commons.wikimedia.org/wiki/Special:FilePath/Central%20building%20at%20the%20Toi%20mine%20complex.jpg,34.9082000,138.7930000,Q3048962,黄金館
3872,中岡慎太郎館,高知縣,人物紀念館,4.1,333,人物紀念館,Kochi Station,49.2,0.70,0.8200,0.4874,0.0923,0.6234,http://commons.wikimedia.org/wiki/Special:FilePath/Kitagawa%20Nakaoka%20Shintaro%20Museum%201.JPG,33.4564810,134.0570190,Q11364323,中岡慎太郎館
204,BB廣場美術館,兵庫縣,美術館,4.0,80,美術館,Kobe Station,4.5,0.70,0.8000,0.3685,0.5270,0.6233,http://commons.wikimedia.org/wiki/Special:FilePath/BB%20Plaza%20Museum01s5s3200.jpg,34.7032500,135.2177780,Q11190936,BBプラザ美術館
385,赤穗市立海洋科學館,兵庫縣,塩博物館,4.1,369,塩博物館,Kobe Station,71.5,0.70,0.8200,0.4959,0.0653,0.6233,http://commons.wikimedia.org/wiki/Special:FilePath/141115%20Ako%20Marine%20Science%20Museum%20Hyogo%20pref%20Japan02n.jpg,34.7339440,134.3982220,Q11635882,赤穂市立海洋科学館
373,蘆屋市立美術博物館,兵庫縣,市立博物館,3.9,298,市立博物館,Kobe Station,13.0,0.70,0.7800,0.4781,0.2779,0.6232,http://commons.wikimedia.org/wiki/Special:FilePath/Ashiya%20City%20Museum%20of%20Art%20%26%20History01s3200.jpg,34.7218730,135.3105170,Q11614836,芦屋市立美術博物館
2173,生命の海科学館,愛知縣,科學博物館,3.8,864,科學博物館,Nagoya Station,50.0,0.70,0.7600,0.5672,0.0909,0.6232,http://commons.wikimedia.org/wiki/Special:FilePath/Science%20Museum%20Sea%20of%20Life.jpg,34.8202690,137.2249780,Q11574453,蒲郡市生命の海科学館
532,小林家 (栗山町),北海道,建築物,4.5,79,建築物,Sapporo Station,34.0,0.70,0.9000,0.3675,0.1281,0.6231,http://commons.wikimedia.org/wiki/Special:FilePath/Kobayashi%20House%20main%20house%20ac%20%284%29.jpg,43.0613056,141.7697778,Q130437898,小林家
3024,山北鉄道公園,神奈川縣,鉄道公園,4.0,456,鉄道公園,Yokohama Station,50.7,0.70,0.8000,0.5137,0.0898,0.6231,http://commons.wikimedia.org/wiki/Special:FilePath/%E5%B1%B1%E5%8C%97%E7%94%BA%E9%89%84%E9%81%93%E5%85%AC%E5%9C%92%E3%81%AE%E5%85%A8%E6%99%AF.JPG,35.3602778,139.0786111,Q11466545,山北鉄道公園
3056,横浜市八聖殿郷土資料館,神奈川縣,地方文化館,4.0,121,地方文化館,Yokohama Station,6.9,0.70,0.8000,0.4029,0.4219,0.6231,http://commons.wikimedia.org/wiki/Special:FilePath/Yokohama%20Hasseiden%20Local%20museum.jpg,35.4151111,139.6649722,Q30929285,横浜市八聖殿郷土資料館
3418,群馬県立土屋文明記念文学館,群馬縣,文學館,3.8,260,文學館,Maebashi Station,7.8,0.70,0.7600,0.4667,0.3903,0.6230,http://commons.wikimedia.org/wiki/Special:FilePath/Tsuchiya%20Memorial%20Museum.JPG,36.3822780,138.9853610,Q11609637,群馬県立土屋文明記念文学館
2776,宮古島市総合博物館,沖繩縣,市立博物館,4.1,439,市立博物館,Naha Bus Terminal,284.5,0.70,0.8200,0.5105,0.0173,0.6229,http://commons.wikimedia.org/wiki/Special:FilePath/Miyako%20paantou.jpg,24.7964680,125.3177170,Q30593667,宮古島市総合博物館
3655,軽井沢絵本の森美術館,長野縣,繪本博物館,4.0,452,繪本博物館,Nagano Station,50.7,0.70,0.8000,0.5129,0.0898,0.6229,http://commons.wikimedia.org/wiki/Special:FilePath/220929%20Karuizawa%20Picturebook%20Museum%20Karuizawa%20Nagano%20pref%20Japan02s3.jpg,36.3267500,138.5974170,Q11637569,軽井沢絵本の森美術館
755,清澄の大スギ,千葉縣,巨樹,4.6,66,巨樹,Chiba Station,50.6,0.70,0.9200,0.3526,0.0899,0.6228,http://commons.wikimedia.org/wiki/Special:FilePath/Kamogawa%20Seicho-ji%2006.jpg,35.1595220,140.1520360,Q10855733,清澄の大スギ
3585,小海町高原美术馆,長野縣,美術館,4.2,260,美術館,Nagano Station,68.7,0.70,0.8400,0.4667,0.0678,0.6228,http://commons.wikimedia.org/wiki/Special:FilePath/Koumi-machi%20Kougen%20Museum%20of%20Art%2C%20Exhibition%20of%20%E2%80%9Dyour%20name%E2%80%9D%2020161113-140815.jpg,36.0592722,138.4400833,Q11462647,小海町高原美術館
2823,國友鐵炮之里資料館,滋賀縣,博物館,4.0,471,博物館,Otsu Station,58.9,0.70,0.8000,0.5164,0.0782,0.6227,http://commons.wikimedia.org/wiki/Special:FilePath/Kunitomo%20Gun%20Museum%2020210131%2001.jpg,35.4089440,136.2824720,Q11420600,国友鉄砲ミュージアム
115,向日市文化資料館,京都府,文化機構,4.0,117,文化機構,Kyoto Station,6.7,0.70,0.8000,0.4001,0.4260,0.6226,,34.9495400,135.6995600,Q64143380,向日市文化資料館
2264,新潟大学旭町学術資料展示館,新潟縣,大學博物館,4.5,8,大學博物館,Niigata Station,2.4,0.70,0.9000,0.1843,0.6731,0.6226,http://commons.wikimedia.org/wiki/Special:FilePath/Niigata-Univ-Asahimachi-Museum-2014091401.jpg,37.9211850,139.0366300,Q133227322,新潟大学旭町学術資料展示館（旧新潟師範学校記念館）
2864,膳所焼美術館,滋賀縣,陶瓷博物館,4.1,41,陶瓷博物館,Otsu Station,3.3,0.70,0.8200,0.3135,0.6052,0.6226,,34.9884730,135.8949240,Q132733421,膳所焼美術館
3889,舊山內家下屋敷長屋,高知縣,历史房屋博物馆,3.8,60,历史房屋博物馆,Kochi Station,1.7,0.70,0.7600,0.3448,0.7518,0.6226,http://commons.wikimedia.org/wiki/Special:FilePath/Kyu-Yamanouchike%20shimoyashiki%20nagaya01s3200.jpg,33.5555556,133.5311111,Q2845893,旧山内家下屋敷長屋展示館
416,とうや水の駅,北海道,觀光景點,3.7,1236,觀光景點,Sapporo Station,63.1,0.70,0.7400,0.5972,0.0734,0.6225,http://commons.wikimedia.org/wiki/Special:FilePath/Mizunoeki.JPG,42.6467500,140.8327778,Q11272925,とうや水の駅
233,伊丹市立こども文化科学館,兵庫縣,科學博物館,4.0,334,科學博物館,Kobe Station,26.0,0.70,0.8000,0.4876,0.1612,0.6224,,34.7829722,135.4333611,Q116432719,伊丹市立こども文化科学館
1614,なぎビカリアミュージアム,岡山縣,古生物博物馆,4.3,174,古生物博物馆,Okayama Station,54.2,0.70,0.8600,0.4332,0.0845,0.6224,http://commons.wikimedia.org/wiki/Special:FilePath/Nagi%20Vicarya%20Museum%20A.jpg,35.1009770,134.1872470,Q104815654,なぎビカリアミュージアム
2386,伊豆大島火山博物館,東京都,火山博物館,4.1,388,火山博物館,Tokyo Station,110.6,0.70,0.8200,0.5001,0.0433,0.6224,http://commons.wikimedia.org/wiki/Special:FilePath/Izu%20Oshima%20Volcano%20Museum.jpg,34.7440000,139.3600278,Q111984533,伊豆大島ミュージアム ジオノス
681,“渚の駅”たてやま,千葉縣,水族館,3.8,927,水族館,Chiba Station,73.2,0.70,0.7600,0.5731,0.0639,0.6223,http://commons.wikimedia.org/wiki/Special:FilePath/Nagisanoeki%20Tateyama.JPG,34.9897500,139.8546940,Q11256102,渚の駅 たてやま
1082,奈良おもちゃ美術館,奈良縣,玩具博物館,4.2,128,玩具博物館,Nara Station,15.8,0.70,0.8400,0.4076,0.2404,0.6223,,34.5954490,135.6804570,Q132643686,奈良おもちゃ美術館
3661,長野県立御嶽山ビジターセンター,長野縣,遊客中心,4.4,147,遊客中心,Nagano Station,105.4,0.70,0.8800,0.4191,0.0453,0.6223,,35.8731810,137.5030509,Q125661722,長野県立御嶽山ビジターセンター やまテラス王滝
321,淡路大磯藝術山、大石可久也美術館,兵庫縣,人物紀念館,4.4,81,人物紀念館,Kobe Station,20.8,0.70,0.8800,0.3696,0.1937,0.6222,http://commons.wikimedia.org/wiki/Special:FilePath/Ohiso%20art-yama%20museum02s3200.jpg,34.5571940,135.0058890,Q11559811,アート山大石可久也美術館
1822,荒神谷博物館,島根縣,考古博物館,4.0,298,考古博物館,Matsue Station,21.6,0.70,0.8000,0.4781,0.1877,0.6222,,35.3766620,132.8502580,Q104721883,荒神谷博物館
1807,濱田市世界兒童美術館,島根縣,美術館,4.2,279,美術館,Matsue Station,110.4,0.70,0.8400,0.4726,0.0433,0.6221,http://commons.wikimedia.org/wiki/Special:FilePath/Hamada%20children%27%20museum%20of%20art.jpg,34.8864167,132.0754444,Q11557958,浜田市世界こども美術館
2067,三河工芸ガラス美術館,愛知縣,美術館,3.7,1024,美術館,Nagoya Station,37.6,0.70,0.7400,0.5814,0.1173,0.6221,http://commons.wikimedia.org/wiki/Special:FilePath/Mikawakougei-glass-art-museum.jpg,34.8532310,137.0242610,Q11356210,三河工芸ガラス美術館
3082,海老名市温故館,神奈川縣,地方政府大樓,4.2,151,地方政府大樓,Yokohama Station,20.5,0.70,0.8400,0.4213,0.1964,0.6220,http://commons.wikimedia.org/wiki/Special:FilePath/Ebinashi%20onkokan.JPG,35.4540833,139.3973611,Q21652572,海老名市立郷土資料館「海老名市温故館」
1654,妖精の森ガラス美術館,岡山縣,美術館,4.1,345,美術館,Okayama Station,68.5,0.70,0.8200,0.4903,0.0680,0.6219,http://commons.wikimedia.org/wiki/Special:FilePath/Yousei%20no%20mori%20Glass%20museum.JPG,35.2828320,133.9261830,Q132612251,妖精の森 ガラス美術館
2913,蘆北町立星野富弘美術館,熊本縣,人物紀念館,4.4,128,人物紀念館,Kumamoto Station,60.4,0.70,0.8800,0.4076,0.0765,0.6219,http://commons.wikimedia.org/wiki/Special:FilePath/Hoshino%20Tomihiro%20Museum%20of%20Art.JPG,32.2715830,130.5001670,Q17191286,芦北町立 星野富弘美術館
1048,田尻歴史館,大阪府,博物館,4.4,110,博物館,Osaka Station,39.2,0.70,0.8800,0.3950,0.1131,0.6218,http://commons.wikimedia.org/wiki/Special:FilePath/Tajiri%20historic%20house01s3200.jpg,34.3943610,135.2880280,Q11576543,田尻歴史館
3977,桜島国際火山砂防センター,鹿兒島縣,地質学博物館,4.1,91,地質学博物館,Kagoshima-Chuo Station,7.5,0.70,0.8200,0.3792,0.4003,0.6218,http://commons.wikimedia.org/wiki/Special:FilePath/Sakurajima-International-Volcanic-Sabo-Center2020.jpg,31.5670000,130.6176110,Q11537997,桜島砂防出張所(国際火山砂防センター)
2063,一宮市博物館,愛知縣,市立博物館,3.9,307,市立博物館,Nagoya Station,14.6,0.70,0.7800,0.4806,0.2553,0.6217,http://commons.wikimedia.org/wiki/Special:FilePath/Ichinomiya%20City%20Museum.jpg,35.2839670,136.8001330,Q11352540,一宮市博物館
546,市立小樽文學館,北海道,文學館,4.1,259,文學館,Sapporo Station,31.8,0.70,0.8200,0.4664,0.1357,0.6215,http://commons.wikimedia.org/wiki/Special:FilePath/Otaru%20City%20Museum%20Branch02s3.jpg,43.1967780,140.9998330,Q11462161,小樽文学館
2955,石川県立自然史資料館,石川縣,都道府县立博物馆,4.2,69,都道府县立博物馆,Kanazawa Station,8.0,0.70,0.8400,0.3563,0.3847,0.6214,http://commons.wikimedia.org/wiki/Special:FilePath/Ishikawaken%20Shizenshi%20siryokan.JPG,36.5231110,136.7056940,Q11586008,石川県立自然史資料館
3195,北原白秋生家,福岡縣,历史房屋博物馆,3.9,576,历史房屋博物馆,Hakata Station,48.0,0.70,0.7800,0.5332,0.0943,0.6214,http://commons.wikimedia.org/wiki/Special:FilePath/Hakushu%20Kitahara01s3200.jpg,33.1589720,130.3940580,Q11401262,北原白秋生家・記念館
3196,北原白秋記念館,福岡縣,人物紀念館,3.9,576,人物紀念館,Hakata Station,48.0,0.70,0.7800,0.5332,0.0943,0.6214,http://commons.wikimedia.org/wiki/Special:FilePath/Memorial%20Museum%20of%20Kitahara%20Hakushu%2020141111.JPG,33.1588900,130.3941700,Q11401264,北原白秋生家・記念館
3800,資生堂藝術屋,靜岡縣,美術館,4.1,290,美術館,Shizuoka Station,42.3,0.70,0.8200,0.4758,0.1057,0.6213,http://commons.wikimedia.org/wiki/Special:FilePath/Shiseido%20Art%20House%20Museum.jpg,34.7656111,137.9991944,Q104575629,資生堂アートハウス
2495,昭和天皇纪念馆,東京都,人物紀念館,4.1,259,人物紀念館,Tokyo Station,32.5,0.70,0.8200,0.4664,0.1332,0.6212,http://commons.wikimedia.org/wiki/Special:FilePath/Emperor%20Showa%20Memorial%20Museum%2020051213.jpg,35.7033330,139.4077220,Q11514059,昭和天皇記念館
1482,中津川市苗木遠山史料館,岐阜縣,歷史博物館,3.9,628,歷史博物館,Gifu Station,66.7,0.70,0.7800,0.5404,0.0697,0.6211,http://commons.wikimedia.org/wiki/Special:FilePath/Naegi%20Toyama%20Historical%20Museum.jpg,35.5148417,137.4815528,Q48747312,苗木遠山史料館
2552,板橋波隆那兒童繪本館,東京都,繪本博物館,4.5,37,繪本博物館,Tokyo Station,11.9,0.70,0.9000,0.3051,0.2955,0.6211,http://commons.wikimedia.org/wiki/Special:FilePath/Bologna%20Children%20Picture%20Books%20Liblary.jpg,35.7629167,139.6816389,Q17193183,板橋区立いたばしボローニャ絵本館
2781,恩納村博物館,沖繩縣,博物館,4.2,172,博物館,Naha Bus Terminal,27.4,0.70,0.8400,0.4322,0.1545,0.6211,http://commons.wikimedia.org/wiki/Special:FilePath/Onna%20Village%20Culture%20And%20Information%20Center%202019-09-13%20%2813%29%20sa.jpg,26.4362350,127.7933730,Q67991212,恩納村博物館
3262,いわき市立美術館,福島縣,美術館,3.9,668,美術館,Fukushima Station,86.8,0.70,0.7800,0.5456,0.0544,0.6211,http://commons.wikimedia.org/wiki/Special:FilePath/Iwaki%20City%20Art%20Museum.jpg,37.0518060,140.8895560,Q11260168,いわき市立美術館
2681,しもつけ風土記の丘資料館,栃木縣,風土記之丘,4.1,202,風土記之丘,Utsunomiya Station,20.8,0.70,0.8200,0.4456,0.1935,0.6210,,36.3858130,139.8106770,Q133297057,しもつけ風土記の丘資料館
2092,史跡貝殻山貝塚交流館,愛知縣,考古博物館,3.9,134,考古博物館,Nagoya Station,6.0,0.70,0.7800,0.4114,0.4547,0.6209,,35.2189660,136.8515910,Q132755924,史跡貝殻山貝塚交流館
3526,おぶせミュージアム,長野縣,美術館,3.8,378,美術館,Nagano Station,13.1,0.70,0.7600,0.4980,0.2755,0.6209,,36.6984944,138.3189889,Q105334745,おぶせミュージアム・中島千波館
478,北海道立函館美術館,北海道,都道府县立博物馆,4.0,524,都道府县立博物馆,Sapporo Station,150.0,0.70,0.8000,0.5253,0.0323,0.6208,http://commons.wikimedia.org/wiki/Special:FilePath/Hakodate%20Museum%20of%20Art%20Hokkaido%20Japan04s3.jpg,41.7934167,140.7546389,Q22120303,北海道立函館美術館
2045,アイシンコムセンター,愛知縣,公司博物館,4.3,111,公司博物館,Nagoya Station,22.6,0.70,0.8600,0.3957,0.1812,0.6208,http://commons.wikimedia.org/wiki/Special:FilePath/%E5%88%88%E8%B0%B7%E5%B8%82%E3%82%A2%E3%82%A4%E3%82%B7%E3%83%B3%E3%82%B3%E3%83%A0%E3%82%BB%E3%83%B3%E3%82%BF%E3%83%BC.jpg,35.0005250,137.0166670,Q11282150,アイシン コムセンター
2133,愛知県下水道科学館,愛知縣,下水道博物館,3.8,381,下水道博物館,Nagoya Station,13.4,0.70,0.7600,0.4986,0.2724,0.6208,http://commons.wikimedia.org/wiki/Special:FilePath/Aichi%20Prefecture%20Sewage%20Science%20Museum-01.jpg,35.2314860,136.7545560,Q11494095,メタウォーター下水道科学館あいち（愛知県下水道科学館）
3156,福井縣立若狹歷史博物館,福井縣,都道府县立博物馆,4.2,246,都道府县立博物馆,Fukui Station,75.5,0.70,0.8400,0.4621,0.0621,0.6208,http://commons.wikimedia.org/wiki/Special:FilePath/Wakasa%20history%20museum.JPG,35.4841500,135.7849083,Q17230044,福井県立若狭歴史博物館
242,兵庫県立六甲山ビジターセンター,兵庫縣,科學博物館,4.1,112,科學博物館,Kobe Station,9.8,0.70,0.8200,0.3965,0.3378,0.6207,http://commons.wikimedia.org/wiki/Special:FilePath/Mt%20rokko%20visitor%20center01%202816.jpg,34.7569444,135.2293056,Q11392946,六甲山ビジターセンター
3753,奇怪少年少女博物馆,靜岡縣,主題公園,3.8,850,主題公園,Shizuoka Station,67.0,0.70,0.7600,0.5658,0.0695,0.6207,,34.8915560,139.1167944,Q11491638,怪しい少年少女博物館
3369,みどり市大間々博物館,群馬縣,博物館,4.1,187,博物館,Maebashi Station,19.0,0.70,0.8200,0.4392,0.2085,0.6206,http://commons.wikimedia.org/wiki/Special:FilePath/Conodont%20Museum%201.jpg,36.4352780,139.2746390,Q122817314,みどり市大間々博物館（コノドント館）
3410,相川考古館,群馬縣,考古博物館,4.3,74,考古博物館,Maebashi Station,12.9,0.70,0.8600,0.3621,0.2801,0.6206,http://commons.wikimedia.org/wiki/Special:FilePath/Aikawa%20Archaeological%20Museum.JPG,36.3186240,139.1914760,Q98815260,公益財団法人相川考古館
187,屋形石七釜,佐賀縣,觀光景點,4.2,210,觀光景點,Saga Station,46.4,0.70,0.8400,0.4488,0.0973,0.6204,http://commons.wikimedia.org/wiki/Special:FilePath/Yakataishi%20no%20Nanatsugama%20on%20the%20sea%20around.jpg,33.5490000,129.9324440,Q11353344,七ツ釜園地
1397,酒田市美術館,山形縣,美術館,4.0,469,美術館,Yamagata Station,84.3,0.70,0.8000,0.5160,0.0560,0.6204,http://commons.wikimedia.org/wiki/Special:FilePath/Sakata-city%20Art.JPG,38.8930556,139.8158333,Q22118833,酒田市美術館
1786,島根大学旧奥谷宿舎,島根縣,历史房屋博物馆,4.4,9,历史房屋博物馆,Matsue Station,2.1,0.70,0.8800,0.1931,0.7052,0.6204,http://commons.wikimedia.org/wiki/Special:FilePath/Shimane-Univ-Old-Okudani-Lodging-2014050201.jpg,35.4810110,133.0537670,Q11476431,島根大学旧奥谷宿舎
2689,名草の巨石群,栃木縣,石頭,4.1,281,石頭,Utsunomiya Station,42.9,0.70,0.8200,0.4732,0.1043,0.6204,http://commons.wikimedia.org/wiki/Special:FilePath/Nagusa%20Gigantic%20Rocks%2C%20Osonae-ishi%20stone%20of%20biotite%20granodiorite.%20A.jpg,36.4320830,139.4451390,Q123684747,名草巨石群
3497,松浦市立埋蔵文化財センター,長崎縣,埋藏文化財中心,4.4,128,埋藏文化財中心,Nagasaki Station,76.8,0.70,0.8800,0.4076,0.0611,0.6204,http://commons.wikimedia.org/wiki/Special:FilePath/753takasima%20iriguti%20P11007532.jpg,33.4366110,129.7623890,Q11531803,松浦市立埋蔵文化財センター
54,馬孔德美術館,三重縣,美術館,4.4,103,美術館,Tsu Station,38.6,0.70,0.8800,0.3895,0.1146,0.6203,http://commons.wikimedia.org/wiki/Special:FilePath/Makonde%20Art%20Museum%20in%20Futami.jpg,34.4907778,136.8116667,Q11340103,マコンデ美術館
2590,玉堂美術館,東京都,人物紀念館,4.2,220,人物紀念館,Tokyo Station,54.3,0.70,0.8400,0.4527,0.0844,0.6203,http://commons.wikimedia.org/wiki/Special:FilePath/Gyokudo%20Art%20Museum.jpg,35.8000833,139.1840556,Q59960711,玉堂美術館
3794,磐田市香りの博物館,靜岡縣,博物館,3.9,589,博物館,Shizuoka Station,59.2,0.70,0.7800,0.5351,0.0778,0.6203,,34.7154400,137.8195800,Q123516796,磐田市香りの博物館
33,桐垣展望台,三重縣,觀景台,4.4,118,觀景台,Tsu Station,58.0,0.70,0.8800,0.4008,0.0793,0.6202,http://commons.wikimedia.org/wiki/Special:FilePath/Ago%20Bay%20Sunset.jpg,34.2873890,136.8375280,Q11537188,桐垣展望台
760,稲毛記念館,千葉縣,博物館,3.9,104,博物館,Chiba Station,4.8,0.70,0.7800,0.3903,0.5108,0.6202,,35.6198611,140.0608333,Q106651498,稲毛記念館
1983,別子銅山記念館,愛媛縣,礦業博物館,4.0,410,礦業博物館,Matsuyama Station,52.3,0.70,0.8000,0.5048,0.0873,0.6202,http://commons.wikimedia.org/wiki/Special:FilePath/Besshi%20dozan%20kinenkan%20museum.jpg,33.9213500,133.3094081,Q11396677,別子銅山記念館
2142,日本独楽博物館,愛知縣,博物館,4.2,69,博物館,Nagoya Station,8.4,0.70,0.8400,0.3563,0.3731,0.6202,http://commons.wikimedia.org/wiki/Special:FilePath/Nihon%20Koma%20Hakubutsukan.jpg,35.0958330,136.8708810,Q15229358,日本独楽博物館
1512,太田宿中山道会館,岐阜縣,博物館,3.9,395,博物館,Gifu Station,23.5,0.70,0.7800,0.5016,0.1756,0.6201,http://commons.wikimedia.org/wiki/Special:FilePath/Ota-juku%20Nakasendo%20Museum%20ac%20%282%29.jpg,35.4375000,137.0130000,Q8081723,太田宿中山道会館
3914,大山自然歴史館,鳥取縣,博物館,4.1,314,博物館,Tottori Station,64.0,0.70,0.8200,0.4824,0.0724,0.6200,,35.3936940,133.5297560,Q132767592,鳥取県立大山自然歴史館
1412,三岛由纪夫文学馆,山梨縣,人物紀念館,4.2,195,人物紀念館,Kofu Station,40.0,0.70,0.8400,0.4427,0.1111,0.6199,http://commons.wikimedia.org/wiki/Special:FilePath/Mishima%20Yukio%20Literature%20Museum.JPG,35.4043611,138.8701389,Q21654770,三島由紀夫文学館
2152,桑山美術館,愛知縣,美術館,4.1,79,美術館,Nagoya Station,7.0,0.70,0.8200,0.3675,0.4164,0.6199,http://commons.wikimedia.org/wiki/Special:FilePath/Kuwayama%20Art%20Museum%20110118.jpg,35.1484000,136.9535000,Q47461613,桑山美術館
880,春日部市郷土資料館,埼玉縣,地方文化館,3.9,285,地方文化館,Omiya Station,14.6,0.70,0.7800,0.4743,0.2550,0.6198,http://commons.wikimedia.org/wiki/Special:FilePath/Kasukabe%20city%20Education%20Center.jpg,35.9794390,139.7589620,Q104696835,春日部市 郷土資料館
1120,葛城市相撲館,奈良縣,博物館,4.1,194,博物館,Nara Station,21.2,0.70,0.8200,0.4422,0.1911,0.6198,http://commons.wikimedia.org/wiki/Special:FilePath/Katsuragishi%20sumokan.jpg,34.5155560,135.7033330,Q11620899,相撲館けはや座
3625,浮世繪博物館,長野縣,美術館,4.0,402,美術館,Nagano Station,51.2,0.70,0.8000,0.5031,0.0890,0.6198,http://commons.wikimedia.org/wiki/Special:FilePath/MatsumotoJapanUkiyoeMuseum.jpg,36.2303000,137.9350806,Q6157886,日本浮世絵博物館
3684,八戶市美術館,青森縣,美術館,4.0,443,美術館,Aomori Station,72.9,0.70,0.8000,0.5112,0.0642,0.6198,http://commons.wikimedia.org/wiki/Special:FilePath/Hachinohe%20Art%20Museum%202023.jpg,40.5117500,141.4913056,Q11391188,八戸市美術館
1167,感覚ミュージアム,宮城縣,美術館,3.7,986,美術館,Sendai Station,44.1,0.70,0.7400,0.5782,0.1019,0.6197,http://commons.wikimedia.org/wiki/Special:FilePath/Kankaku-Museum%20101218.jpg,38.6565830,140.8706670,Q11494971,感覚ミュージアム
3721,鷹山宇一記念美術館,青森縣,美術館,4.0,357,美術館,Aomori Station,37.6,0.70,0.8000,0.4932,0.1174,0.6197,http://commons.wikimedia.org/wiki/Special:FilePath/Michinoeki-Shichinohe%20TakayamaUchiKinenBijyutsukan.jpg,40.7169340,141.1559720,Q22032382,七戸町立鷹山宇一記念美術館
2757,世界遺産座喜味城跡ユンタンザミュージアム,沖繩縣,歷史博物館,4.1,200,歷史博物館,Naha Bus Terminal,22.5,0.70,0.8200,0.4448,0.1816,0.6196,,26.4069300,127.7426720,Q127420256,ユンタンザミュージアム
2748,なごみの塔,沖繩縣,觀光塔,3.8,1019,觀光塔,Naha Bus Terminal,417.5,0.70,0.7600,0.5810,0.0118,0.6195,http://commons.wikimedia.org/wiki/Special:FilePath/Nagomi%20no%20Tou%2001.jpg,24.3307220,124.0855280,Q11274224,なごみの塔
3971,指宿市考古博物館,鹿兒島縣,考古博物館,4.0,364,考古博物館,Kagoshima-Chuo Station,40.3,0.70,0.8000,0.4948,0.1103,0.6195,http://commons.wikimedia.org/wiki/Special:FilePath/COCCOhasimure6910.JPG,31.2320000,130.6442220,Q11497994,指宿市考古博物館 時遊館COCCOはしむれ
422,ウトナイ湖野生鳥獣保護センター,北海道,自然中心,4.2,207,自然中心,Sapporo Station,49.7,0.70,0.8400,0.4476,0.0915,0.6194,,42.7007290,141.6961830,Q132160481,ウトナイ湖野生鳥獣保護センター
1220,南砺市立福光美術館,富山縣,人物紀念館,4.1,249,人物紀念館,Toyama Station,35.2,0.70,0.8200,0.4631,0.1244,0.6194,http://commons.wikimedia.org/wiki/Special:FilePath/%E7%A6%8F%E5%85%89%E7%BE%8E%E8%A1%93%E9%A4%A82.jpg,36.5731389,136.8522778,Q22119820,南砺市立福光美術館
1545,日本大正村,岐阜縣,戶外博物館,3.6,1464,戶外博物館,Gifu Station,58.7,0.70,0.7200,0.6114,0.0785,0.6193,http://commons.wikimedia.org/wiki/Special:FilePath/Old%20Akechi%20Town%20Hall%202021-01%20ac.jpg,35.3048889,137.3903611,Q11507877,日本大正村
2292,蕗谷虹児記念館,新潟縣,人物紀念館,4.2,148,人物紀念館,Niigata Station,23.7,0.70,0.8400,0.4197,0.1745,0.6193,http://commons.wikimedia.org/wiki/Special:FilePath/160717%20Koji%20Fukiya%20Memorial%20Museum%20of%20Art%20Shibata%20Niigata%20pref%20Japan01n.jpg,37.9519170,139.3268060,Q11621988,蕗谷虹児記念館
2163,渡辺健一トリックアート美術館,愛知縣,美術館,4.3,43,美術館,Nagoya Station,7.5,0.70,0.8600,0.3174,0.3994,0.6192,,35.1425361,136.9565722,Q28682124,渡辺健一トリックアート美術館
1135,リアス・アーク美術館,宮城縣,美術館,4.1,328,美術館,Sendai Station,90.2,0.70,0.8200,0.4861,0.0525,0.6191,http://commons.wikimedia.org/wiki/Special:FilePath/Riasu%20ark%20museum.jpg,38.8810278,141.5501111,Q61398113,リアス・アーク美術館
1542,日下部民藝館,岐阜縣,历史房屋博物馆,4.1,331,历史房屋博物馆,Gifu Station,93.7,0.70,0.8200,0.4869,0.0507,0.6191,http://commons.wikimedia.org/wiki/Special:FilePath/Maison%20Kusakabe-02.jpg,36.1464350,137.2584590,Q111218301,日下部民芸館
1109,橿原市立こども科学館,奈良縣,兒童博物館,3.8,475,兒童博物館,Nara Station,20.1,0.70,0.7600,0.5171,0.1990,0.6190,http://commons.wikimedia.org/wiki/Special:FilePath/Kashihara%20childHallofScience.jpg,34.5004860,135.7963860,Q70718713,橿原市立こども科学館
2223,青春の丘,愛知縣,主題公園,4.0,241,主題公園,Nagoya Station,18.9,0.70,0.8000,0.4603,0.2093,0.6190,http://commons.wikimedia.org/wiki/Special:FilePath/%E3%82%B8%E3%83%96%E3%83%AA%E3%83%91%E3%83%BC%E3%82%AF%E9%9D%92%E6%98%A5%E3%81%AE%E4%B8%98.jpg,35.1755346,137.0892795,Q114981551,青春の丘
370,芦屋市谷崎润一郎纪念馆,兵庫縣,人物紀念館,4.0,182,人物紀念館,Kobe Station,13.1,0.70,0.8000,0.4369,0.2769,0.6188,http://commons.wikimedia.org/wiki/Special:FilePath/Ashiya%20Tanizaki%20Junichiro%20Memorial%20Museum01s3200.jpg,34.7222330,135.3111730,Q2392634,芦屋市谷崎潤一郎記念館
1853,因島水軍城,廣島縣,歷史博物館,3.6,1471,歷史博物館,Hiroshima Station,63.9,0.70,0.7200,0.6118,0.0726,0.6188,http://commons.wikimedia.org/wiki/Special:FilePath/%E5%B0%BE%E9%81%93%E5%B8%82%20%E5%9B%A0%E5%B3%B6%E6%9D%91%E4%B8%8A%E6%B0%B4%E8%BB%8D%E5%9F%8E%20-%20panoramio.jpg,34.3280000,133.1663889,Q24866040,因島水軍城 本丸
201,武雄温泉新館,佐賀縣,博物館,4.2,156,博物館,Saga Station,27.4,0.70,0.8400,0.4241,0.1545,0.6187,http://commons.wikimedia.org/wiki/Special:FilePath/New%20Hall%20of%20Takeo%20Hot%20Spring.jpg,33.1966000,130.0143800,Q96323719,武雄温泉新館
2797,海の文化資料館,沖繩縣,海事博物館,3.9,414,海事博物館,Naha Bus Terminal,28.2,0.70,0.7800,0.5056,0.1504,0.6187,http://commons.wikimedia.org/wiki/Special:FilePath/Marine%20History%20Museum%2C%20Uruma.JPG,26.3325280,127.9288330,Q17217588,うるま市立海の文化資料館(2階)
10,伊勢志摩峰會紀念館,三重縣,博物館,3.9,538,博物館,Tsu Station,55.1,0.70,0.7800,0.5275,0.0832,0.6186,http://commons.wikimedia.org/wiki/Special:FilePath/SumMiel%20entrance.jpg,34.3086389,136.8184722,Q48750932,伊勢志摩サミット記念館 サミエール
2680,さくら市ミュージアム－荒井寛方記念館－,栃木縣,博物館,3.9,249,博物館,Utsunomiya Station,13.0,0.70,0.7800,0.4631,0.2772,0.6186,,36.6671116,139.9560339,Q135977128,さくら市ミュージアム－荒井寛方記念館－
2988,あつぎ郷土博物館,神奈川縣,地方文化館,4.0,280,地方文化館,Yokohama Station,24.9,0.70,0.8000,0.4729,0.1669,0.6186,,35.4953611,139.3495000,Q100269008,あつぎ郷土博物館
2102,名古屋市見晴台考古資料館,愛知縣,考古博物館,4.0,138,考古博物館,Nagoya Station,9.6,0.70,0.8000,0.4138,0.3433,0.6185,http://commons.wikimedia.org/wiki/Special:FilePath/Nagoya%20City%20Miharashidai%20Archaeological%20Museum%20ac.jpg,35.0992900,136.9397400,Q62104096,名古屋市見晴台考古資料館
2783,東村立山と水の生活博物館,沖繩縣,博物館,4.3,158,博物館,Naha Bus Terminal,68.1,0.70,0.8600,0.4251,0.0684,0.6184,,26.6410690,128.1670560,Q104784476,東村立山と水の生活博物館
3316,諏訪神社の翁スギ媼スギ,福島縣,巨樹,4.4,110,巨樹,Fukushima Station,58.2,0.70,0.8800,0.3950,0.0791,0.6184,,37.2555200,140.6606000,Q123555253,諏訪神社の翁杉媼杉
1640,児島虎次郎記念館,岡山縣,银行建筑物,4.3,78,银行建筑物,Okayama Station,15.5,0.70,0.8600,0.3665,0.2434,0.6183,http://commons.wikimedia.org/wiki/Special:FilePath/Chugoku%20Bank%20Kurashiki%20Hommachi%20liaison%20office.JPG,34.5967667,133.7714116,Q131645971,大原美術館 児島虎次郎記念館
3029,川崎市和平馆,神奈川縣,和平博物館,3.8,313,和平博物館,Yokohama Station,11.9,0.70,0.7600,0.4822,0.2964,0.6183,http://commons.wikimedia.org/wiki/Special:FilePath/Japanese%20Kawasaki%20Peace%20Museum.jpg,35.5687444,139.6590000,Q11478414,川崎市平和館
1015,大阪府立近つ飛鳥風土記の丘,大阪府,風土記之丘,4.0,281,風土記之丘,Osaka Station,26.0,0.70,0.8000,0.4732,0.1614,0.6181,http://commons.wikimedia.org/wiki/Special:FilePath/%E8%BF%91%E3%81%A4%E9%A3%9B%E9%B3%A5%E9%A2%A8%E5%9C%9F%E8%A8%98%E3%81%AE%E4%B8%98%20%E7%B7%91%E3%81%AE%E5%BA%83%E5%A0%B4%202013.3.30%20-%20panoramio.jpg,34.5031110,135.6437780,Q17239440,大阪府立 近つ飛鳥風土記の丘
1065,高槻市立しろあと歴史館,大阪府,歷史博物館,3.8,450,歷史博物館,Osaka Station,19.6,0.70,0.7600,0.5125,0.2032,0.6181,http://commons.wikimedia.org/wiki/Special:FilePath/Takatsuki-siroato-museum.jpg,34.8447090,135.6228870,Q11670762,高槻市立しろあと歴史館
434,マリモ展示観察センター,北海道,自然中心,4.1,356,自然中心,Sapporo Station,227.6,0.70,0.8200,0.4929,0.0215,0.6180,,43.4695590,144.1081050,Q133283612,チュウルイ島 マリモ展示観察センター
597,東藻琴乳酪館,北海道,チーズ工場,4.2,260,チーズ工場,Sapporo Station,251.8,0.70,0.8400,0.4667,0.0195,0.6180,http://commons.wikimedia.org/wiki/Special:FilePath/Higashimokoto%20Nyurakukan%202.jpg,43.8383611,144.2849167,Q22337430,ひがしもこと乳酪館
749,水鄉佐原山車會館,千葉縣,山車会館,4.0,362,山車会館,Chiba Station,46.6,0.70,0.8000,0.4943,0.0969,0.6180,http://commons.wikimedia.org/wiki/Special:FilePath/Froat-sawara-festival-hall%2Ckatori-city%2Cjapan.JPG,35.8897230,140.5011930,Q11549309,水郷佐原 山車会館
1772,加納美術館,島根縣,美術館,4.1,170,美術館,Matsue Station,19.3,0.70,0.8200,0.4312,0.2061,0.6180,,35.3062782,133.1513062,Q11398790,安来市加納美術館
2373,両国花火資料館,東京都,博物館,3.9,53,博物館,Tokyo Station,2.6,0.70,0.7800,0.3345,0.6562,0.6180,http://commons.wikimedia.org/wiki/Special:FilePath/Ryogoku%20Fireworks%20Museum2.JPG,35.6937528,139.7916528,Q21014218,両国花火資料館
3136,坂井市龍翔博物館,福井縣,地方文化館,4.0,230,地方文化館,Fukui Station,18.7,0.70,0.8000,0.4564,0.2107,0.6180,http://commons.wikimedia.org/wiki/Special:FilePath/Mikuni-ryushokan05b4592.jpg,36.2199530,136.1512940,Q11278809,坂井市龍翔博物館
3882,横倉山自然の森博物館,高知縣,博物館,4.1,212,博物館,Kochi Station,28.2,0.70,0.8200,0.4496,0.1508,0.6180,http://commons.wikimedia.org/wiki/Special:FilePath/%E6%A8%AA%E5%80%89%E5%B1%B1%E8%87%AA%E7%84%B6%E3%81%AE%E6%A3%AE%E5%8D%9A%E7%89%A9%E9%A4%A8%20-%20panoramio.jpg,33.5353680,133.2418140,Q123527622,横倉山自然の森博物館
1172,東北学院大学博物館,宮城縣,大學博物館,3.9,30,大學博物館,Sendai Station,1.3,0.70,0.7800,0.2880,0.7955,0.6179,,38.2488056,140.8799167,Q85881218,東北学院大学博物館
2240,中野邸記念館,新潟縣,历史房屋博物馆,4.0,228,历史房屋博物馆,Niigata Station,18.6,0.70,0.8000,0.4557,0.2121,0.6179,,37.7502500,139.1142220,Q17227042,中野邸記念館
2273,新潟県立こども自然王国,新潟縣,主題樂園,4.1,311,主題樂園,Niigata Station,86.7,0.70,0.8200,0.4816,0.0546,0.6179,,37.2108333,138.6330556,Q63170507,新潟県立こども自然王国
3912,因幡万葉歴史館,鳥取縣,歷史博物館,3.7,189,歷史博物館,Tottori Station,5.0,0.70,0.7400,0.4401,0.4991,0.6179,http://commons.wikimedia.org/wiki/Special:FilePath/Inaba-manyo-rekishikan.jpg,35.4728080,134.2747360,Q11420253,鳥取市因幡万葉歴史館
896,狭山市立博物館,埼玉縣,市立博物館,3.9,344,市立博物館,Omiya Station,21.7,0.70,0.7800,0.4901,0.1873,0.6178,http://commons.wikimedia.org/wiki/Special:FilePath/Sayama-City-Museum.JPG,35.8453000,139.3954000,Q116212967,狭山市立博物館
2103,名古屋東洋官窯陶磁美術館,愛知縣,陶瓷博物館,4.2,6,陶瓷博物館,Nagoya Station,0.4,0.70,0.8400,0.1632,0.9280,0.6178,http://commons.wikimedia.org/wiki/Special:FilePath/Nakamura%2020220408-55.jpg,35.1723889,136.8853611,Q130542834,名古屋東洋官窯陶磁美術館
153,立体模型·京都·日本,京都府,立體透視模型,3.8,216,立體透視模型,Kyoto Station,8.0,0.70,0.7600,0.4512,0.3834,0.6177,http://commons.wikimedia.org/wiki/Special:FilePath/Diorama%20Kyoto%2001.jpg,35.0186390,135.6801390,Q11309480,ジオラマ 京都JAPAN
1052,茨木市立吉利支丹遺物史料館,大阪府,歷史博物館,4.1,178,歷史博物館,Osaka Station,21.0,0.70,0.8200,0.4350,0.1922,0.6177,http://commons.wikimedia.org/wiki/Special:FilePath/KIRISHITAN-SHIRYOKAN.JPG,34.8888610,135.5343890,Q11617860,茨木市立キリシタン遺物史料館
1461,こども陶器博物館,岐阜縣,陶瓷博物館,4.1,225,陶瓷博物館,Gifu Station,32.6,0.70,0.8200,0.4546,0.1329,0.6177,http://commons.wikimedia.org/wiki/Special:FilePath/KodomoTokiMuseum-KidsLand.JPG,35.3610280,137.1114440,Q11266599,こども陶器博物館 Kids Land
2870,近江日野商人館,滋賀縣,博物館,4.2,169,博物館,Otsu Station,34.9,0.70,0.8400,0.4307,0.1253,0.6177,http://commons.wikimedia.org/wiki/Special:FilePath/Omi%20Hino%20Merchant%20Museum%202022-10%20ac%20%281%29.jpg,35.0115556,136.2476944,Q111034876,近江日野商人館
3336,伊勢堂岱縄文館,秋田縣,考古博物館,4.2,202,考古博物館,Akita Station,57.2,0.70,0.8400,0.4456,0.0804,0.6177,http://commons.wikimedia.org/wiki/Special:FilePath/Isedotai%20Jomonkan%20202003.jpg,40.2019750,140.3508260,Q123177858,伊勢堂岱縄文館
3477,五島觀光歴史資料館,長崎縣,博物館,4.1,314,博物館,Nagasaki Station,96.0,0.70,0.8200,0.4824,0.0495,0.6177,http://commons.wikimedia.org/wiki/Special:FilePath/Gotoh%20tourism-history-museum-20150427.png,32.6939530,128.8468940,Q11372346,五島観光歴史資料館
1310,柏原美術館,山口縣,美術館,4.1,286,美術館,Yamaguchi Station,63.9,0.70,0.8200,0.4746,0.0725,0.6176,http://commons.wikimedia.org/wiki/Special:FilePath/Iwakuni%20Art%20Museum%2020180501-1.jpg,34.1713889,132.1748611,Q28690114,柏原美術館
1321,美祢市立秋吉台科学博物館,山口縣,自然歷史博物館,4.1,156,自然歷史博物館,Yamaguchi Station,17.3,0.70,0.8200,0.4241,0.2240,0.6176,http://commons.wikimedia.org/wiki/Special:FilePath/Mine%20City%20Akiyoshidai%20Science%20Museum%20from%20Akiyoshidai%20Karst%20Observation%20Deck.jpg,34.2349970,131.3073450,Q131329041,美祢市立秋吉台科学博物館
1539,恵那峡ワンダーランド,岐阜縣,主題樂園,3.8,728,主題樂園,Gifu Station,59.5,0.70,0.7600,0.5528,0.0775,0.6176,http://commons.wikimedia.org/wiki/Special:FilePath/Enakyo%20wonderland.JPG,35.4881190,137.4059720,Q11492439,恵那峡ワンダーランド
3174,九州大学医学歴史館,福岡縣,大學博物館,4.2,15,大學博物館,Hakata Station,2.0,0.70,0.8400,0.2325,0.7182,0.6176,http://commons.wikimedia.org/wiki/Special:FilePath/Kyushu%20University%20Medical%20History%20Museum%2020181101.jpg,33.6074840,130.4164530,Q19946369,九州大学医学歴史館
1870,庄原市立比和自然科学博物館,廣島縣,博物館,4.4,115,博物館,Hiroshima Station,80.1,0.70,0.8800,0.3987,0.0587,0.6175,,34.9831920,132.9862460,Q108299880,庄原市立比和自然科学博物館
245,兵庫縣立木之殿堂,兵庫縣,博物館,4.1,312,博物館,Kobe Station,99.5,0.70,0.8200,0.4819,0.0479,0.6174,http://commons.wikimedia.org/wiki/Special:FilePath/201121%20The%20Museum%20for%20wood%20culture%20Kami%20Hyogo%20pref%20Japan02s3.jpg,35.4280556,134.5797222,Q11393028,木の殿堂
747,森の美術館,千葉縣,美術館,4.3,120,美術館,Chiba Station,34.2,0.70,0.8600,0.4022,0.1274,0.6174,,35.8746080,139.9122320,Q138312237,森の美術館
1474,三甲美術館,岐阜縣,美術館,4.0,71,美術館,Gifu Station,5.0,0.70,0.8000,0.3587,0.4982,0.6174,http://commons.wikimedia.org/wiki/Special:FilePath/Sanko%20Museum%201.JPG,35.4448030,136.7903280,Q11356786,三甲美術館
3450,大洗町幕末和明治之博物館,茨城縣,歷史博物館,3.8,284,歷史博物館,Mito Station,11.1,0.70,0.7600,0.4741,0.3115,0.6174,http://commons.wikimedia.org/wiki/Special:FilePath/Oarai%20Museum%20of%20Bakumatsu-Meiji%20History.JPG,36.3213889,140.5831667,Q17217250,大洗町幕末と明治の博物館
1402,鶴岡市立藤澤周平紀念館,山形縣,人物紀念館,4.2,209,人物紀念館,Yamagata Station,68.9,0.70,0.8400,0.4484,0.0677,0.6173,http://commons.wikimedia.org/wiki/Special:FilePath/Fujisawa%20Shuhei%20Museum%20in%20Tsuruoka%20Park.JPG,38.7277780,139.8250000,Q11675958,鶴岡市立 藤沢周平記念館
3622,池波正太郎真田太平記館,長野縣,博物館,4.0,279,博物館,Nagano Station,27.3,0.70,0.8000,0.4726,0.1548,0.6173,http://commons.wikimedia.org/wiki/Special:FilePath/Ikenami%20Shotaro%20Sanada%20Taiheiki%20Kan.JPG,36.4031111,138.2535278,Q84418600,池波正太郎 真田太平記館
1982,内子町歴史民俗資料館（商いと暮らし博物館）,愛媛縣,地方文化館,4.1,223,地方文化館,Matsuyama Station,33.3,0.70,0.8200,0.4539,0.1305,0.6172,http://commons.wikimedia.org/wiki/Special:FilePath/AkinaiAndKurashiMuseum.JPG,33.5521780,132.6526160,Q123525924,商いと暮らし博物館
647,網走市立郷土博物館,北海道,地方文化館,4.2,252,地方文化館,Sapporo Station,257.8,0.70,0.8400,0.4641,0.0190,0.6171,http://commons.wikimedia.org/wiki/Special:FilePath/Abashiri%20City%20Folk%20Museum01s5.jpg,44.0177222,144.2691111,Q11607220,網走市立郷土博物館
1945,阿波和紙伝統産業会館,德島縣,紙博物館,4.4,80,紙博物館,Tokushima Station,29.6,0.70,0.8800,0.3685,0.1443,0.6170,,34.0459444,134.2310278,Q28691969,阿波和紙伝統産業会館ミュージアムショップ
2642,調布市武者小路実篤記念館,東京都,人物紀念館,4.0,207,人物紀念館,Tokyo Station,17.0,0.70,0.8000,0.4476,0.2272,0.6170,,35.6566890,139.5812970,Q104698117,調布市武者小路実篤記念館
141,海軍紀念館,京都府,海軍博物館,4.1,279,海軍博物館,Kyoto Station,64.8,0.70,0.8200,0.4726,0.0717,0.6169,http://commons.wikimedia.org/wiki/Special:FilePath/Naval%20museum%20Japan01s3200.jpg,35.4751670,135.3721110,Q11559290,海軍記念館
2760,今帰仁村歴史文化センター,沖繩縣,地方文化館,4.2,197,地方文化館,Naha Bus Terminal,58.7,0.70,0.8400,0.4435,0.0784,0.6169,http://commons.wikimedia.org/wiki/Special:FilePath/Nakijin%20Okinawa%20Japan%20Nakijin-village-Center-for-History-and-Culture-01.jpg,26.6917960,127.9273980,Q132156762,今帰仁村歴史文化センター
3142,東尋坊タワー,福井縣,塔式建築,3.5,1170,塔式建築,Fukui Station,21.2,0.70,0.7000,0.5926,0.1910,0.6169,http://commons.wikimedia.org/wiki/Special:FilePath/Japan%20Tojinbo21nt3200.jpg,36.2360278,136.1281944,Q114000072,東尋坊タワー
3974,松下美術館,鹿兒島縣,美術館,4.3,107,美術館,Kagoshima-Chuo Station,28.1,0.70,0.8600,0.3927,0.1512,0.6169,http://commons.wikimedia.org/wiki/Special:FilePath/Waterloo%20Bridge%20by%20Monet%20%28Matsushita%20Museum%20of%20Art%29.jpg,31.6545530,130.8254840,Q25045355,松下美術館
1345,まほろば・童話の里 浜田広介記念館,山形縣,人物紀念館,4.0,290,人物紀念館,Yamagata Station,30.6,0.70,0.8000,0.4758,0.1403,0.6168,http://commons.wikimedia.org/wiki/Special:FilePath/Hamada%20Hirosuke%20Kinenkan.jpg,38.0056940,140.1625000,Q11278479,浜田広介記念館
2865,膳所藩資料館,滋賀縣,博物館,5.0,1,博物館,Otsu Station,3.4,0.70,1.0000,0.0581,0.5937,0.6168,,34.9880556,135.8966667,Q107269197,膳所藩資料館
135,松本明慶佛像彫刻美術館,京都府,彫刻美術館,4.3,21,彫刻美術館,Kyoto Station,4.1,0.70,0.8600,0.2592,0.5494,0.6167,,35.0226680,135.7575540,Q127601370,松本明慶佛像彫刻美術館
1251,西田美術館,富山縣,美術館,4.2,91,美術館,Toyama Station,13.6,0.70,0.8400,0.3792,0.2695,0.6167,http://commons.wikimedia.org/wiki/Special:FilePath/%E8%A5%BF%E7%94%B0%E7%BE%8E%E8%A1%93%E9%A4%A8%E5%A4%96%E8%A6%B3.jpg,36.7186944,137.3635556,Q55537764,西田美術館
3216,平尾台自然観察センター,福岡縣,遊客中心,3.9,476,遊客中心,Hakata Station,47.6,0.70,0.7800,0.5172,0.0951,0.6167,http://commons.wikimedia.org/wiki/Special:FilePath/Hiraodai%20Nature%20Observation%20Center%2001.jpg,33.7562778,130.8944167,Q43925727,福岡県平尾台自然観察センター
622,濤沸湖水鳥・湿地センター,北海道,自然中心,4.1,340,自然中心,Sapporo Station,261.7,0.70,0.8200,0.4891,0.0187,0.6166,,43.9524730,144.3586230,Q132160326,濤沸湖水鳥・湿地センター
762,空挺館,千葉縣,軍事博物館,4.9,8,軍事博物館,Chiba Station,12.1,0.70,0.9800,0.1843,0.2927,0.6166,http://commons.wikimedia.org/wiki/Special:FilePath/Kuteikan%20in%20Ground%20Self-Defense%20Force%20Narashino%20Camp%2020230218%20093413.jpg,35.7107600,140.0538100,Q516326,空挺館（旧陸軍騎兵連隊御馬見所）
2973,金沢市立玉川図書館近世史料館,石川縣,圖書館分館,4.1,12,圖書館分館,Kanazawa Station,0.9,0.70,0.8200,0.2151,0.8406,0.6166,http://commons.wikimedia.org/wiki/Special:FilePath/%E9%87%91%E6%B2%A2%E5%B8%82%E7%AB%8B%E7%8E%89%E5%B7%9D%E5%9B%B3%E6%9B%B8%E9%A4%A8003.jpg,36.5700833,136.6516111,Q130534097,金沢市立玉川図書館近世史料館（旧金沢市煙草製造所）
3234,福岡市埋藏文化財中心,福岡縣,埋藏文化財中心,4.1,54,埋藏文化財中心,Hakata Station,5.5,0.70,0.8200,0.3361,0.4775,0.6166,http://commons.wikimedia.org/wiki/Special:FilePath/Fukuoka%20City%20Archaeology%20Center.jpg,33.5554840,130.4625330,Q11592225,福岡市埋蔵文化財センター
3609,松本市四賀化石館,長野縣,古生物博物馆,4.2,170,古生物博物馆,Nagano Station,40.0,0.70,0.8400,0.4312,0.1111,0.6165,http://commons.wikimedia.org/wiki/Special:FilePath/Shiga%20Fossil%20Museum.jpg,36.3175000,137.9983330,Q11531024,松本市四賀化石館
1586,関ケ原町歴史民俗学習館,岐阜縣,博物館,3.8,505,博物館,Gifu Station,26.7,0.70,0.7600,0.5222,0.1576,0.6164,,35.3662778,136.4662778,Q117195470,関ケ原町歴史民俗学習館
2069,三菱汽車陳列館,愛知縣,公司博物館,4.2,149,公司博物館,Nagoya Station,30.1,0.70,0.8400,0.4202,0.1425,0.6163,,34.9907222,137.1280556,Q28524145,三菱自動車工業 三菱オートギャラリー
2189,竹島ファンタジー館,愛知縣,主題公園,3.7,908,主題公園,Nagoya Station,51.3,0.70,0.7400,0.5713,0.0889,0.6163,http://commons.wikimedia.org/wiki/Special:FilePath/%E7%AB%B9%E5%B3%B6%E3%83%95%E3%82%A1%E3%83%B3%E3%82%BF%E3%82%B8%E3%83%BC%E9%A4%A8%E5%A4%96%E8%A6%B3.jpg,34.8146944,137.2389444,Q21653491,竹島ファンタジー館
3245,織田廣喜美術館,福岡縣,美術館,4.2,141,美術館,Hakata Station,27.1,0.70,0.8400,0.4156,0.1557,0.6163,http://commons.wikimedia.org/wiki/Special:FilePath/Hiroki%20Oda%20Art%20Museum%2001.jpg,33.5633250,130.7116470,Q116767986,嘉麻市立織田廣喜美術館
3529,エルツおもちゃ博物館・軽井沢,長野縣,玩具博物館,4.0,348,玩具博物館,Nagano Station,50.6,0.70,0.8000,0.4910,0.0899,0.6163,http://commons.wikimedia.org/wiki/Special:FilePath/070922%20Erzgebirge%20Toys%20Museum%20of%20Karuizawa%20Karuizawa%20Nagano%20pref%20Japan01bs20.jpg,36.3264170,138.5958610,Q11291053,エルツおもちゃ博物館・軽井沢
3656,軽井沢高原文庫,長野縣,文學館,4.0,348,文學館,Nagano Station,50.6,0.70,0.8000,0.4910,0.0899,0.6163,http://commons.wikimedia.org/wiki/Special:FilePath/Kkb01s3872.jpg,36.3272500,138.5971110,Q11637576,エルツおもちゃ博物館・軽井沢
556,斜里町立知床博物館,北海道,博物館,4.2,245,博物館,Sapporo Station,283.9,0.70,0.8400,0.4617,0.0173,0.6162,http://commons.wikimedia.org/wiki/Special:FilePath/Shiretoko%20Museum%20-%20entrance.jpg,43.9131670,144.6729840,Q26257944,斜里町立知床博物館
705,千葉県立房総のむら風土記の丘資料館,千葉縣,歷史博物館,4.0,267,歷史博物館,Chiba Station,27.3,0.70,0.8000,0.4689,0.1549,0.6162,http://commons.wikimedia.org/wiki/Special:FilePath/Fudoki-no-Oka%20Museum%2001.JPG,35.8231290,140.2698650,Q133297666,房総風土記の丘資料館
1186,藤田喬平ガラス美術館,宮城縣,美術館,3.9,317,美術館,Sendai Station,20.9,0.70,0.7800,0.4832,0.1927,0.6162,,38.3759444,141.0717500,Q11624739,藤田喬平ガラス美術館 海とガラスと庭園のミュージアム
1378,最上川美術館,山形縣,美術館,4.2,148,美術館,Yamagata Station,30.0,0.70,0.8400,0.4197,0.1429,0.6162,,38.5178389,140.3535417,Q28465480,最上川美術館・真下慶治記念館
2712,木の葉化石園,栃木縣,古生物博物馆,4.1,247,古生物博物馆,Utsunomiya Station,47.6,0.70,0.8200,0.4624,0.0951,0.6162,,36.9808889,139.8066389,Q111700660,木の葉化石園
3396,桐生織物参考館“紫”,群馬縣,工业博物馆,4.2,133,工业博物馆,Maebashi Station,24.5,0.70,0.8400,0.4108,0.1693,0.6162,http://commons.wikimedia.org/wiki/Special:FilePath/Textile%20Museum%20YUKARI.JPG,36.4103370,139.3447200,Q11537351,織物参考館・紫
2648,豊島区立郷土資料館,東京都,地方文化館,4.0,100,地方文化館,Tokyo Station,7.5,0.70,0.8000,0.3871,0.3994,0.6161,,35.7277730,139.7067280,Q104698258,豊島区立郷土資料館
3687,八戸市水産科学館,青森縣,科學博物館,3.7,1008,科學博物館,Aomori Station,76.9,0.70,0.7400,0.5801,0.0611,0.6161,http://commons.wikimedia.org/wiki/Special:FilePath/Marient.jpg,40.5397222,141.5627778,Q11391175,八戸市水産科学館マリエント
3002,中村正義の美術館,神奈川縣,美術館,4.7,23,美術館,Yokohama Station,20.0,0.70,0.9400,0.2665,0.2000,0.6160,,35.6225000,139.5133333,Q127432181,中村正義の美術館
60,きっづ光科学館ふぉとん,京都府,兒童博物館,4.0,282,兒童博物館,Kyoto Station,31.1,0.70,0.8000,0.4735,0.1387,0.6159,,34.7137780,135.8357780,Q17211497,きっづ光科学館ふぉとん
1555,海津市歷史民俗資料館,岐阜縣,博物館,4.0,246,博物館,Gifu Station,23.9,0.70,0.8000,0.4621,0.1733,0.6159,http://commons.wikimedia.org/wiki/Special:FilePath/Kaizu%20City%20Museum%20of%20History%20and%20Folklore%20ac%20%281%29.jpg,35.2163390,136.6407220,Q11559022,木曽三川輪中ミュージアム「わじゅ～む」
3706,田舎館村埋蔵文化財センター,青森縣,埋藏文化財中心,4.6,37,埋藏文化財中心,Aomori Station,25.4,0.70,0.9200,0.3051,0.1643,0.6159,,40.6331548,140.5775650,Q132356046,田舎館村埋蔵文化財センター
11,伊勢河崎商人館,三重縣,历史房屋博物馆,4.0,286,历史房屋博物馆,Tsu Station,32.5,0.70,0.8000,0.4746,0.1333,0.6157,http://commons.wikimedia.org/wiki/Special:FilePath/%E4%BC%8A%E5%8B%A2%E6%B2%B3%E5%B4%8E%E5%95%86%E4%BA%BA%E9%A4%A8.jpg,34.4965830,136.7176110,Q28068255,伊勢河崎商人館
1127,Whale Town牡鹿,宮城縣,遊客中心,4.0,347,遊客中心,Sendai Station,54.9,0.70,0.8000,0.4908,0.0835,0.6156,http://commons.wikimedia.org/wiki/Special:FilePath/Whale%20Town%20Oshika.jpg,38.2948056,141.5097500,Q105859324,ホエールタウンおしか
1391,紅花資料館,山形縣,博物館,3.9,311,博物館,Yamagata Station,21.2,0.70,0.7800,0.4816,0.1908,0.6156,,38.4383333,140.2997222,Q11605256,河北町紅花資料館
3471,𠮷田正音楽記念館,茨城縣,音楽博物館,4.0,279,音楽博物館,Mito Station,31.1,0.70,0.8000,0.4726,0.1384,0.6156,http://commons.wikimedia.org/wiki/Special:FilePath/Yoshida%20Tadashi%20Memorial%20Museum%20of%20Music.jpg,36.6104170,140.6562500,Q11413931,吉田正音楽記念館
3690,十来冢,青森縣,石墓,3.7,899,石墓,Aomori Station,54.4,0.70,0.7400,0.5705,0.0842,0.6156,http://commons.wikimedia.org/wiki/Special:FilePath/GraveCrosses.jpg,40.4538889,141.1486111,Q17354837,新郷村 キリストの墓
1585,関ケ原ウォーランド,岐阜縣,博物館,3.5,1292,博物館,Gifu Station,27.9,0.70,0.7000,0.6009,0.1521,0.6155,,35.3686750,136.4528800,Q104710275,関ケ原ウォーランド
1587,関ヶ原ウォーランド,岐阜縣,軍事博物館,3.5,1292,軍事博物館,Gifu Station,27.9,0.70,0.7000,0.6009,0.1520,0.6155,http://commons.wikimedia.org/wiki/Special:FilePath/Sekigahara%20war%20land1.jpg,35.3689080,136.4526000,Q11655529,関ケ原ウォーランド
3885,海洋堂かっぱ館,高知縣,博物館,4.0,363,博物館,Kochi Station,64.9,0.70,0.8000,0.4946,0.0715,0.6155,,33.1626111,133.0385833,Q118411483,海洋堂かっぱ館
882,朝霞市博物館,埼玉縣,市立博物館,3.8,255,市立博物館,Omiya Station,10.7,0.70,0.7600,0.4651,0.3186,0.6154,,35.8126920,139.5974680,Q104696837,朝霞市博物館
883,朝霞市博物館,埼玉縣,博物館,3.8,255,博物館,Omiya Station,10.7,0.70,0.7600,0.4651,0.3184,0.6154,http://commons.wikimedia.org/wiki/Special:FilePath/Asaka%20City%20Museum.jpg,35.8126389,139.5972222,Q136162980,朝霞市博物館
2899,熊本國際民藝館,熊本縣,工藝博物館,4.4,27,工藝博物館,Kumamoto Station,7.6,0.70,0.8800,0.2795,0.3961,0.6154,http://commons.wikimedia.org/wiki/Special:FilePath/Kumamoto%20International%20Folk%20Craft%20Museum.jpg,32.8299720,130.7564170,Q11567967,熊本国際民藝館
2807,豊見城市歴史民俗資料展示室,沖繩縣,博物館,4.4,15,博物館,Naha Bus Terminal,4.3,0.70,0.8800,0.2325,0.5357,0.6153,,26.1737640,127.6744410,Q132567818,豊見城市歴史民俗資料展示室
571,有島記念館,北海道,人物紀念館,4.0,350,人物紀念館,Sapporo Station,60.0,0.70,0.8000,0.4915,0.0770,0.6152,http://commons.wikimedia.org/wiki/Special:FilePath/Arishima%20Takeo%20Memorial%20Museum%20-%20Aug%2025%2C%202016%20%284%29.jpg,42.8105000,140.7039444,Q85880992,有島記念館
3009,史跡田名向原遺跡旧石器時代学習館,神奈川縣,考古博物館,4.2,130,考古博物館,Yokohama Station,25.1,0.70,0.8400,0.4089,0.1659,0.6152,,35.5290556,139.3559444,Q110937150,史跡田名向原遺跡旧石器時代学習館
3059,横浜水道記念館,神奈川縣,水廠博物館,3.9,82,水廠博物館,Yokohama Station,4.6,0.70,0.7800,0.3706,0.5199,0.6152,http://commons.wikimedia.org/wiki/Special:FilePath/Yokohama%20waterworks%20commemoration%20hall%2001.jpg,35.4659250,139.5717278,Q26919614,横浜水道記念館
3292,日本きもの文化美術館,福島縣,美術館,4.4,80,美術館,Fukushima Station,34.5,0.70,0.8800,0.3685,0.1267,0.6152,http://commons.wikimedia.org/wiki/Special:FilePath/Japan%20Kimono%20Culture%20Museum.JPG,37.4853611,140.2645000,Q11505553,磐梯熱海 日本きもの美術館 Japan Kimono Museum
1118,茶房長谷路,奈良縣,餐館,4.0,203,餐館,Nara Station,18.4,0.70,0.8000,0.4460,0.2135,0.6151,http://commons.wikimedia.org/wiki/Special:FilePath/Haseji%20Sakurai%20Nara%20pref%20Japan01s3.jpg,34.5312778,135.9063056,Q11617979,長谷路
2858,甲賀之里忍術村,滋賀縣,主題公園,3.5,1372,主題公園,Otsu Station,32.6,0.70,0.7000,0.6059,0.1329,0.6151,http://commons.wikimedia.org/wiki/Special:FilePath/Koga-no-sato%20Ninja%20village%20%2C%20%E7%94%B2%E8%B3%80%E3%81%AE%E9%87%8C%20%E5%BF%8D%E8%A1%93%E6%9D%91%20-%20panoramio%20%288%29.jpg,34.9196670,136.2074170,Q11577976,甲賀の里 忍術村
3161,若狹高濱ELDOLAND,福井縣,科學博物館,4.0,379,科學博物館,Fukui Station,85.6,0.70,0.8000,0.4982,0.0552,0.6150,http://commons.wikimedia.org/wiki/Special:FilePath/Wakasa-Takahama%20Eldoland.jpg,35.4899170,135.5893330,Q11616614,若狭たかはまエルどらんど
838,三芳今昔村,埼玉縣,主題公園,4.1,127,主題公園,Omiya Station,15.2,0.70,0.8200,0.4069,0.2479,0.6149,,35.8374200,139.4788600,Q21654898,三富今昔村
1558,瑞浪市化石博物館,岐阜縣,古生物博物馆,3.9,430,古生物博物馆,Gifu Station,43.6,0.70,0.7800,0.5087,0.1029,0.6149,http://commons.wikimedia.org/wiki/Special:FilePath/%E7%91%9E%E6%B5%AA%E5%B8%82%E5%8C%96%E7%9F%B3%E5%8D%9A%E7%89%A9%E9%A4%A8.jpg,35.3730300,137.2350610,Q11573910,瑞浪市化石博物館
2764,八重山平和祈念館,沖繩縣,和平博物館,4.0,449,和平博物館,Naha Bus Terminal,411.2,0.70,0.8000,0.5124,0.0120,0.6149,,24.3492720,124.1461130,Q133054629,具志堅用高記念館
2766,具志堅用高記念館,沖繩縣,體育博物館,4.0,449,體育博物館,Naha Bus Terminal,411.2,0.70,0.8000,0.5124,0.0120,0.6149,http://commons.wikimedia.org/wiki/Special:FilePath/Ishigaki%20gushiken%20yoko%20museum.jpg,24.3498060,124.1461670,Q11393732,具志堅用高記念館
378,西脇經緯度地球科學館,兵庫縣,科學博物館,4.2,158,科學博物館,Kobe Station,39.2,0.70,0.8400,0.4251,0.1131,0.6148,http://commons.wikimedia.org/wiki/Special:FilePath/%E3%83%86%E3%83%A9%E3%83%BB%E3%83%89%E3%83%BC%E3%83%A01.jpg,35.0000000,134.9988330,Q11274764,にしわき経緯度地球科学館 テラ・ドーム
1731,石と賢治のミュージアム,岩手縣,鉱物博物館,4.1,270,鉱物博物館,Morioka Station,80.9,0.70,0.8200,0.4698,0.0582,0.6148,http://commons.wikimedia.org/wiki/Special:FilePath/230729%20Museum%20of%20Stones%20and%20Kenji%20Ichinoseki%20Iwate%20pref%20Japan02s3.jpg,38.9786111,141.2383333,Q11584728,石と賢治のミュージアム
2364,三鷹市山本有三紀念館,東京都,人物紀念館,4.1,144,人物紀念館,Tokyo Station,18.1,0.70,0.8200,0.4174,0.2162,0.6148,http://commons.wikimedia.org/wiki/Special:FilePath/Yuzo%20Yamamoto2.JPG,35.6995722,139.5676667,Q21019634,三鷹市山本有三記念館
2849,滋賀県平和祈念館,滋賀縣,和平博物館,4.1,215,和平博物館,Otsu Station,38.1,0.70,0.8200,0.4508,0.1160,0.6148,,35.1108340,136.2622850,Q132733689,滋賀県平和祈念館
3681,むつ科学技術館,青森縣,科技博物館,4.1,264,科技博物館,Aomori Station,72.8,0.70,0.8200,0.4680,0.0642,0.6148,http://commons.wikimedia.org/wiki/Special:FilePath/%E3%82%80%E3%81%A4%E7%A7%91%E5%AD%A6%E6%8A%80%E8%A1%93%E9%A4%A8.jpg,41.3642780,141.2350420,Q17217142,むつ科学技術館
1937,美郷ほたる館,德島縣,自然歷史博物館,4.1,183,自然歷史博物館,Tokushima Station,27.2,0.70,0.8200,0.4374,0.1553,0.6147,,34.0222667,134.2624556,Q28691992,美郷ほたる館
2172,犬山市文化史料館,愛知縣,博物館,3.8,449,博物館,Nagoya Station,24.4,0.70,0.7600,0.5124,0.1698,0.6147,http://commons.wikimedia.org/wiki/Special:FilePath/Inuyama%20Artifacts%20Museum%20ac.jpg,35.3856310,136.9391890,Q11571205,城とまちミュージアム（犬山市文化史料館 本館）
3332,フェライト子ども科学館,秋田縣,科學博物館,4.0,324,科學博物館,Akita Station,50.2,0.70,0.8000,0.4851,0.0907,0.6146,http://commons.wikimedia.org/wiki/Special:FilePath/Children%27s%20Ferrite%20and%20Science%20Museum.jpg,39.2848890,139.9609170,Q11332704,フェライト子ども科学館
354,神戶華僑歴史博物館,兵庫縣,歷史博物館,4.1,12,歷史博物館,Kobe Station,1.1,0.70,0.8200,0.2151,0.8199,0.6145,http://commons.wikimedia.org/wiki/Special:FilePath/Kobe%20Overseas%20Chinese%20History%20Museum.JPG,34.6859750,135.1871722,Q17219226,BE KOBE モニュメント (南京町西安門前)
2952,石川県七尾美術館,石川縣,美術館,4.0,339,美術館,Kanazawa Station,58.6,0.70,0.8000,0.4889,0.0786,0.6145,http://commons.wikimedia.org/wiki/Special:FilePath/%E7%9F%B3%E5%B7%9D%E7%9C%8C%E4%B8%83%E5%B0%BE%E7%BE%8E%E8%A1%93%E9%A4%A8%20Nanao%20Art%20Museum.jpg,37.0448110,136.9537320,Q11585933,石川県七尾美術館
18,大黒屋光太夫記念館,三重縣,人物紀念館,4.2,98,人物紀念館,Tsu Station,16.9,0.70,0.8400,0.3854,0.2282,0.6144,http://commons.wikimedia.org/wiki/Special:FilePath/Q97371578.jpg,34.8596235,136.6145457,Q97371578,大黒屋光太夫記念館
3624,浅間縄文ミュージアム,長野縣,博物館,4.1,226,博物館,Nagano Station,45.7,0.70,0.8200,0.4550,0.0987,0.6144,http://commons.wikimedia.org/wiki/Special:FilePath/Ecole%20Miyota%20exterior%20ac%20%282%29.jpg,36.3215829,138.5064742,Q110730022,浅間縄文ミュージアム
183,吉野ヶ里歴史公園センター,佐賀縣,遊客中心,4.0,130,遊客中心,Saga Station,10.8,0.70,0.8000,0.4089,0.3167,0.6143,http://commons.wikimedia.org/wiki/Special:FilePath/Yoshinogari%20Historical%20Park%20Center%2020230312%2002.jpg,33.3238000,130.3887000,Q131194323,吉野ヶ里歴史公園センター
3942,鳥取県立氷ノ山自然ふれあい館響の森,鳥取縣,遊客中心,4.1,184,遊客中心,Tottori Station,28.4,0.70,0.8200,0.4378,0.1497,0.6143,http://commons.wikimedia.org/wiki/Special:FilePath/Wakasa%20Hyonosen%20Hibikinomori02n4592.jpg,35.3576111,134.4909167,Q11674579,氷ノ山自然ふれあい館響の森
656,苫小牧市美術博物館,北海道,博物館,4.0,324,博物館,Sapporo Station,52.5,0.70,0.8000,0.4851,0.0870,0.6142,http://commons.wikimedia.org/wiki/Special:FilePath/Tomakomai%20City%20Museum%201.JPG,42.6374960,141.6129520,Q17222455,苫小牧市美術博物館
4,三重县立熊野古道纪念中心,三重縣,遊客中心,4.2,190,遊客中心,Tsu Station,79.5,0.70,0.8400,0.4405,0.0592,0.6141,http://commons.wikimedia.org/wiki/Special:FilePath/Kumano%20Kod%C5%8D%20Center%20and%20Mount%20Tengura.JPG,34.0617500,136.2145833,Q47015845,三重県立熊野古道センター
269,姫路市書写の里・美術工芸館,兵庫縣,美術館,4.0,321,美術館,Kobe Station,51.8,0.70,0.8000,0.4843,0.0880,0.6141,http://commons.wikimedia.org/wiki/Special:FilePath/Shosha%20Art%20and%20Craft%20Museum01n4592.jpg,34.8806110,134.6664170,Q11447481,姫路市書写の里・美術工芸館
2349,バックダーン,東京都,スチール・ローラー・コースター,4.3,13,スチール・ローラー・コースター,Tokyo Station,2.8,0.70,0.8600,0.2213,0.6371,0.6141,,35.7045000,139.7540000,Q65241484,パニックコースター バックダーン
1570,美濃加茂市民ミュージアム,岐阜縣,博物館,3.9,318,博物館,Gifu Station,24.6,0.70,0.7800,0.4835,0.1687,0.6139,http://commons.wikimedia.org/wiki/Special:FilePath/Minokamo%20culture%20forest.jpg,35.4570556,137.0217778,Q48749054,美濃加茂市民ミュージアム
1780,安來市立歷史資料館,島根縣,歷史博物館,3.8,316,歷史博物館,Matsue Station,15.0,0.70,0.7600,0.4830,0.2498,0.6139,http://commons.wikimedia.org/wiki/Special:FilePath/Yasugi%20Municipal%20History%20Museum.jpg,35.3681400,133.1802960,Q104721878,安来市立歴史資料館
3561,北野美術館,長野縣,美術館,4.0,78,美術館,Nagano Station,6.4,0.70,0.8000,0.3665,0.4400,0.6139,http://commons.wikimedia.org/wiki/Special:FilePath/Kitano%20Art%20Museum.jpg,36.6177220,138.2527780,Q63565237,北野美術館
3665,飯沼飛行士記念館,長野縣,人物紀念館,4.5,61,人物紀念館,Nagano Station,44.7,0.70,0.9000,0.3461,0.1005,0.6139,,36.3167415,137.8961420,Q11666440,飯沼飛行士記念館
2239,上越科学館,新潟縣,科學博物館,3.9,521,科學博物館,Niigata Station,110.5,0.70,0.7800,0.5248,0.0433,0.6138,http://commons.wikimedia.org/wiki/Special:FilePath/Joetsu%20Science%20Museum%20April2020.jpg,37.1538889,138.2522222,Q78058843,上越科学館
1282,周南市美術博物館,山口縣,美術館,3.9,365,美術館,Yamaguchi Station,33.0,0.70,0.7800,0.4950,0.1315,0.6137,http://commons.wikimedia.org/wiki/Special:FilePath/Shunan%20City%20Museum%20of%20Art%20and%20History.JPG,34.0601940,131.8120830,Q11416870,周南市美術博物館
2799,琉球大学博物館（風樹館）,沖繩縣,大學博物館,4.4,31,大學博物館,Naha Bus Terminal,9.5,0.70,0.8800,0.2907,0.3448,0.6137,,26.2502630,127.7646630,Q22111842,琉球大学博物館 風樹館
2387,佃まちかど展示館,東京都,博物館,3.8,49,博物館,Tokyo Station,2.0,0.70,0.7600,0.3281,0.7120,0.6136,http://commons.wikimedia.org/wiki/Special:FilePath/Tsukuda%20machikado%20tenjikan02.jpg,35.6677900,139.7822300,Q109166065,佃まちかど展示館
914,關八州見晴台,埼玉縣,风景点,4.1,200,风景点,Omiya Station,36.5,0.70,0.8200,0.4448,0.1205,0.6135,http://commons.wikimedia.org/wiki/Special:FilePath/%E9%96%A2%E5%85%AB%E5%B7%9E%E8%A6%8B%E6%99%B4%E5%8F%B0.jpg,35.9468056,139.2219444,Q11655568,関八州見晴台
992,堺市立泉北すえむら資料館,大阪府,廃止された博物館,4.7,23,廃止された博物館,Osaka Station,23.4,0.70,0.9400,0.2665,0.1758,0.6135,http://commons.wikimedia.org/wiki/Special:FilePath/%E5%A4%A7%E9%98%AA%E5%BA%9C%E7%AB%8B%E6%B3%89%E5%8C%97%E8%80%83%E5%8F%A4%E8%B3%87%E6%96%99%E9%A4%A8.jpg,34.4920830,135.5109440,Q11428215,space.SUEMURA | スペース.スエムラ
2617,立川防災館,東京都,博物館,4.2,138,博物館,Tokyo Station,32.8,0.70,0.8400,0.4138,0.1323,0.6134,,35.7158889,139.4063333,Q85882998,立川防災館（東京消防庁 立川都民防災教育センター）
3364,能代市子ども館,秋田縣,兒童博物館,4.3,123,兒童博物館,Akita Station,56.3,0.70,0.8600,0.4043,0.0816,0.6134,http://commons.wikimedia.org/wiki/Special:FilePath/Noshiro%20City%20Children%27s%20Hall%2020200126.jpg,40.2163889,140.0248056,Q65279338,サイエンスパーク･能代市子ども館
110,加悦鉄道資料館,京都府,鐵路博物館,4.3,135,鐵路博物館,Kyoto Station,83.4,0.70,0.8600,0.4120,0.0566,0.6133,http://commons.wikimedia.org/wiki/Special:FilePath/Kaya%20Railway%20Museum%20ac.jpg,35.5040833,135.0947500,Q76445246,加悦鉄道資料館
1775,可部屋集成館,島根縣,博物館,4.2,151,博物館,Matsue Station,41.1,0.70,0.8400,0.4213,0.1086,0.6133,http://commons.wikimedia.org/wiki/Special:FilePath/Kabeya%20Shuseikan%20Sakurai.jpg,35.1085580,132.9410070,Q123472588,可部屋集成館
1760,久見竹島歴史館,島根縣,歷史博物館,4.7,38,歷史博物館,Matsue Station,96.5,0.70,0.9400,0.3073,0.0493,0.6131,,36.3211030,133.2312560,Q132196874,久見竹島歴史館
2159,海辺の文学記念館,愛知縣,文學館,4.1,223,文學館,Nagoya Station,51.0,0.70,0.8200,0.4539,0.0893,0.6131,http://commons.wikimedia.org/wiki/Special:FilePath/Seaside%20Literary%20Memorial-01.jpg,34.8149470,137.2349440,Q11559305,海辺の文学記念館
2277,新潟縣政紀念館,新潟縣,博物館,4.5,4,博物館,Niigata Station,1.9,0.70,0.9000,0.1350,0.7260,0.6131,http://commons.wikimedia.org/wiki/Special:FilePath/Niigata%20Prefectural%20Government%20Memorial%20Hall1.JPG,37.9146110,139.0405280,Q11503008,新潟県政記念館
2750,みんさー工芸館,沖繩縣,織物博物館,4.0,418,織物博物館,Naha Bus Terminal,409.5,0.70,0.8000,0.5064,0.0121,0.6131,,24.3416450,124.1709060,Q132157350,みんさー工芸館
3020,尊徳記念館,神奈川縣,教育設施,4.0,299,教育設施,Yokohama Station,46.9,0.70,0.8000,0.4784,0.0963,0.6131,,35.3026110,139.1457220,Q24874945,尊徳記念館
3583,安曇野高橋節郎記念美術館,長野縣,美術館,4.2,151,美術館,Nagano Station,41.7,0.70,0.8400,0.4213,0.1072,0.6131,,36.3545556,137.8913611,Q11450795,安曇野高橋節郎記念美術館
3829,丸亀市立資料館,香川縣,歷史博物館,3.9,302,歷史博物館,Takamatsu Station,23.9,0.70,0.7800,0.4792,0.1730,0.6131,http://commons.wikimedia.org/wiki/Special:FilePath/Marugame%20Municipal%20Archives%20Museum01s3872.jpg,34.2857530,133.7983470,Q11368005,丸亀市立資料館
388,金星台,兵庫縣,觀景台,3.8,44,觀景台,Kobe Station,1.8,0.70,0.7600,0.3193,0.7324,0.6130,http://commons.wikimedia.org/wiki/Special:FilePath/Kinseidai%20001.JPG,34.6958333,135.1802778,Q11647127,金星台
550,帶廣百年紀念館,北海道,市立博物館,3.9,528,市立博物館,Sapporo Station,150.4,0.70,0.7800,0.5259,0.0322,0.6130,http://commons.wikimedia.org/wiki/Special:FilePath/131012%20Obihiro%20Centennial%20City%20Museum01s3.jpg,42.9069444,143.1863889,Q21652713,帯広百年記念館
774,野田市鄉土博物館,千葉縣,地方文化館,4.0,288,地方文化館,Chiba Station,43.2,0.70,0.8000,0.4752,0.1038,0.6130,http://commons.wikimedia.org/wiki/Special:FilePath/Noda-kyodo-museum.jpg,35.9453611,139.8654167,Q11645980,野田市郷土博物館
1578,荒川豊蔵資料館,岐阜縣,人物紀念館,4.3,101,人物紀念館,Gifu Station,34.5,0.70,0.8600,0.3879,0.1266,0.6130,http://commons.wikimedia.org/wiki/Special:FilePath/Arakawa%20Toyoz%C5%8D%20Museum.jpg,35.3997110,137.1367890,Q11634232,荒川豊蔵資料館
1898,蘭島閣美術館,廣島縣,美術館,4.1,180,美術館,Hiroshima Station,30.2,0.70,0.8200,0.4360,0.1422,0.6130,http://commons.wikimedia.org/wiki/Special:FilePath/%E8%98%AD%E5%B3%B6%E9%96%A3%E7%BE%8E%E8%A1%93%E9%A4%A8%20Rantoukaku%20Museum%20-%20panoramio.jpg,34.1882500,132.6840280,Q121367781,蘭島閣美術館
2162,清須市西枇杷島問屋記念館,愛知縣,博物館,4.0,36,博物館,Nagoya Station,3.1,0.70,0.8000,0.3028,0.6211,0.6130,http://commons.wikimedia.org/wiki/Special:FilePath/Nishibiwajima%20Tonya%20Memorial%20Museum%20ac%20%281%29.jpg,35.1932833,136.8620889,Q48759260,西枇杷島問屋記念館
3183,元寇史料館,福岡縣,歷史博物館,3.5,119,歷史博物館,Hakata Station,1.9,0.70,0.7000,0.4015,0.7255,0.6130,http://commons.wikimedia.org/wiki/Special:FilePath/%E5%85%83%E5%AF%87%E5%8F%B2%E6%96%99%E9%A4%A82.jpg,33.6072083,130.4203917,Q10889644,元寇史料館
3680,はっち,青森縣,博物館,4.1,246,博物館,Aomori Station,72.9,0.70,0.8200,0.4621,0.0642,0.6130,http://commons.wikimedia.org/wiki/Special:FilePath/HachinohePortalMuseum%20hacchi.jpg,40.5100000,141.4905560,Q6386532,八戸ポータルミュージアム はっち
2437,大田区多摩川台公園古墳展示室,東京都,考古博物館,4.1,108,考古博物館,Tokyo Station,13.6,0.70,0.8200,0.3934,0.2690,0.6129,http://commons.wikimedia.org/wiki/Special:FilePath/Kamenokoyama%20kofun%2020220402%20010.jpg,35.5900090,139.6669790,Q133272975,多摩川台公園古墳展示室
1781,安部榮四郎記念館,島根縣,紙博物館,4.2,57,紙博物館,Matsue Station,9.4,0.70,0.8400,0.3405,0.3466,0.6128,,35.3915810,133.1176980,Q132444191,安部榮四郎記念館
2976,金沢湯涌江戸村,石川縣,历史房屋博物馆,3.9,205,历史房屋博物馆,Kanazawa Station,13.7,0.70,0.7800,0.4468,0.2675,0.6128,http://commons.wikimedia.org/wiki/Special:FilePath/131109%20Kanazawa%20Yuwaku%20Edomura%20Kanazawa%20Ishikawa%20pref%20Japan08bs9.jpg,36.4907500,136.7560280,Q11647504,金沢湯涌江戸村
3601,旧制高等学校記念館,長野縣,旧学校施設,4.3,115,旧学校施設,Nagano Station,49.4,0.70,0.8600,0.3987,0.0920,0.6128,http://commons.wikimedia.org/wiki/Special:FilePath/Kyuseikotogakko%20kinenkan2048.jpg,36.2311700,137.9824900,Q11510990,旧制高等学校記念館
2839,木下美術館,滋賀縣,美術館,4.1,34,美術館,Otsu Station,4.1,0.70,0.8200,0.2982,0.5516,0.6126,,35.0272222,135.8301389,Q99673823,木下美術館
3388,富岡市立美術博物館・福沢一郎記念美術館,群馬縣,人物紀念館,4.2,110,人物紀念館,Maebashi Station,22.6,0.70,0.8400,0.3950,0.1812,0.6126,http://commons.wikimedia.org/wiki/Special:FilePath/Tomioka%20Art%20Museum.jpg,36.2682111,138.8648806,Q28689358,富岡市立美術博物館・福沢一郎記念美術館
770,袖ケ浦市郷土博物館,千葉縣,地方文化館,4.1,156,地方文化館,Chiba Station,23.9,0.70,0.8200,0.4241,0.1728,0.6125,,35.4209480,139.9946970,Q104696854,袖ケ浦市郷土博物館
1920,徳島市立考古資料館,德島縣,考古博物館,3.9,122,考古博物館,Tokushima Station,7.7,0.70,0.7800,0.4036,0.3939,0.6125,http://commons.wikimedia.org/wiki/Special:FilePath/Tokushima%20Koko%20Shiryokan.JPG,34.0608890,134.4690280,Q11489812,徳島市立考古資料館
3199,博多歴史館,福岡縣,歷史博物館,3.9,20,歷史博物館,Hakata Station,1.0,0.70,0.7800,0.2553,0.8392,0.6125,,33.5927778,130.4108333,Q123591501,博多歴史館
2041,どんでん館,愛知縣,山車会館,3.9,293,山車会館,Nagoya Station,24.0,0.70,0.7800,0.4767,0.1726,0.6123,http://commons.wikimedia.org/wiki/Special:FilePath/%E3%81%A9%E3%82%93%E3%81%A7%E3%82%93%E9%A4%A8%20%E5%A4%96%E8%A6%B3.JPG,35.3811389,136.9396944,Q11273937,どんでん館
3799,資生堂企業資料館,靜岡縣,公司博物館,4.0,278,公司博物館,Shizuoka Station,42.2,0.70,0.8000,0.4723,0.1060,0.6123,http://commons.wikimedia.org/wiki/Special:FilePath/%E8%B3%87%E7%94%9F%E5%A0%82%E4%BC%81%E6%A5%AD%E8%B3%87%E6%96%99%E9%A4%A8.jpg,34.7657778,138.0004444,Q104575526,資生堂企業資料館
3975,枕崎市文化資料センター南溟館,鹿兒島縣,美術館,4.2,146,美術館,Kagoshima-Chuo Station,41.5,0.70,0.8400,0.4185,0.1075,0.6123,http://commons.wikimedia.org/wiki/Special:FilePath/Nanmei%20Museum%20of%20Art%20250817.jpg,31.2708980,130.3018010,Q127433606,枕崎市文化資料センター南溟館（なんめいかん） Makurazaki Nanmeikan Cultural Resource Center
2,サイトウミュージアム,三重縣,美術館,4.7,18,美術館,Tsu Station,17.6,0.70,0.9400,0.2469,0.2213,0.6122,,34.5767000,136.5303400,Q135284751,サイトウミュージアム
693,八千代市立郷土博物館,千葉縣,地方文化館,3.9,191,地方文化館,Chiba Station,13.0,0.70,0.7800,0.4409,0.2784,0.6121,,35.7298850,140.1178390,Q104696865,八千代市立郷土博物館
1278,伊藤公資料館,山口縣,人物紀念館,4.1,214,人物紀念館,Yamaguchi Station,50.9,0.70,0.8200,0.4504,0.0895,0.6121,,34.0085960,131.9955210,Q123478322,伊藤公記念公園・伊藤公資料館
1796,平田本陣記念館,島根縣,纪念博物馆,4.0,206,纪念博物馆,Matsue Station,22.9,0.70,0.8000,0.4472,0.1792,0.6121,,35.4384990,132.8127340,Q132408418,平田本陣記念館
505,名寄市北國博物館,北海道,博物館,4.1,272,博物館,Sapporo Station,167.6,0.70,0.8200,0.4704,0.0290,0.6120,http://commons.wikimedia.org/wiki/Special:FilePath/Nayoro%20City%20Kitaguni%20Museum.jpg,44.3415470,142.4673500,Q70203108,名寄市北国博物館
2019,砥部むかしのくらし館,愛媛縣,博物館,3.8,244,博物館,Matsuyama Station,12.0,0.70,0.7600,0.4614,0.2946,0.6119,,33.7382970,132.7929720,Q123532295,砥部焼伝統産業会館
2261,新津記念館,新潟縣,美術館,3.8,51,美術館,Niigata Station,2.3,0.70,0.7600,0.3314,0.6846,0.6119,http://commons.wikimedia.org/wiki/Special:FilePath/Niitsu%20House%2001.JPG,37.9190280,139.0370560,Q11502710,新津記念館
3339,大潟村干拓博物館,秋田縣,博物館,4.0,259,博物館,Akita Station,36.6,0.70,0.8000,0.4664,0.1201,0.6119,http://commons.wikimedia.org/wiki/Special:FilePath/Polder%20Museum%20of%20Ogata-Mura%2020200118.jpg,40.0162960,139.9514630,Q133272635,大潟村干拓博物館
3468,茨城県霞ケ浦環境科学センター,茨城縣,科學博物館,4.0,260,科學博物館,Mito Station,37.8,0.70,0.8000,0.4667,0.1167,0.6117,http://commons.wikimedia.org/wiki/Special:FilePath/Ibaraki%20Kasumigaura%20Environmental%20Science%20Center%20Building.jpg,36.0756667,140.2663333,Q65280434,茨城県霞ケ浦環境科学センター
288,山陰海岸ジオパーク館,兵庫縣,地質学博物館,4.0,354,地質学博物館,Kobe Station,124.8,0.70,0.8000,0.4925,0.0385,0.6116,http://commons.wikimedia.org/wiki/Special:FilePath/San-in%20Kaigan%20Geopark%20Kan%20Hyogo%20Japan.JPG,35.6285278,134.4459722,Q11471127,新温泉町山陰海岸ジオパーク館
1556,熊谷守一つけち記念館,岐阜縣,人物紀念館,4.4,87,人物紀念館,Gifu Station,67.0,0.70,0.8800,0.3755,0.0695,0.6116,http://commons.wikimedia.org/wiki/Special:FilePath/Kumagai%20Morikazu%20Tsukechi%20Museum%20of%20Art%20%28exterior%29.jpg,35.6400806,137.4399167,Q24863867,熊谷守一つけち記念館
2769,名護博物館,沖繩縣,博物館,4.2,154,博物館,Naha Bus Terminal,52.7,0.70,0.8400,0.4230,0.0866,0.6116,http://commons.wikimedia.org/wiki/Special:FilePath/Nago%20Museum%202025%2001%2031.jpg,26.5979690,127.9878000,Q19568958,名護博物館
3567,塩の道ちょうじや,長野縣,历史房屋博物馆,4.1,178,历史房屋博物馆,Nagano Station,33.1,0.70,0.8200,0.4350,0.1311,0.6116,,36.5041667,137.8603333,Q85878445,塩の道ちょうじや・流鏑馬会館
137,染・清流館,京都府,美術館,4.1,18,美術館,Kyoto Station,2.2,0.70,0.8200,0.2469,0.6944,0.6115,http://commons.wikimedia.org/wiki/Special:FilePath/Dye%20museum%20Seiryu%2002.jpg,35.0055830,135.7583890,Q11533890,染・清流館
2333,くにたち郷土文化館,東京都,地方文化館,4.0,233,地方文化館,Tokyo Station,30.2,0.70,0.8000,0.4575,0.1420,0.6115,,35.6789870,139.4326120,Q133257623,くにたち郷土文化館
3398,榛東村耳飾り館,群馬縣,博物館,4.1,91,博物館,Maebashi Station,11.8,0.70,0.8200,0.3792,0.2971,0.6115,http://commons.wikimedia.org/wiki/Special:FilePath/Museum%20Of%20Earrings.jpg,36.4503660,138.9698670,Q104696774,榛東村耳飾り館
766,船橋市飛ノ台史跡公園博物館,千葉縣,考古博物館,4.0,162,考古博物館,Chiba Station,16.5,0.70,0.8000,0.4272,0.2320,0.6114,http://commons.wikimedia.org/wiki/Special:FilePath/Tobinodai%20Historic%20Site%20Park%20Museum%2020250209.jpg,35.7108889,139.9748056,Q132664704,船橋市飛ノ台史跡公園博物館
1309,松陰神社宝物殿至誠館,山口縣,人物紀念館,4.4,61,人物紀念館,Yamaguchi Station,27.2,0.70,0.8800,0.3461,0.1552,0.6114,http://commons.wikimedia.org/wiki/Special:FilePath/Shiseikan%20Hall%20in%20Shoin%20Shrine%203.jpg,34.4118490,131.4174110,Q104783799,松陰神社宝物殿至誠館
1334,關門廣場,山口縣,交通博物館,4.1,212,交通博物館,Yamaguchi Station,53.4,0.70,0.8200,0.4496,0.0856,0.6114,http://commons.wikimedia.org/wiki/Special:FilePath/%E9%96%A2%E9%96%80%E3%83%97%E3%83%A9%E3%82%B6%E5%85%A8%E6%99%AF202309.jpg,33.9658135,130.9563117,Q11361420,関門プラザ
1699,中尊寺讃衡蔵,岩手縣,博物館,4.3,123,博物館,Morioka Station,77.9,0.70,0.8600,0.4043,0.0603,0.6113,http://commons.wikimedia.org/wiki/Special:FilePath/Chuson-ji%20Sankozo%20Museum%2001.jpg,39.0014500,141.1005800,Q123474160,宝物館 讃衡蔵
1747,釣鐘洞,岩手縣,天然拱,4.2,170,天然拱,Morioka Station,79.7,0.70,0.8400,0.4312,0.0591,0.6113,http://commons.wikimedia.org/wiki/Special:FilePath/Tsuriganedo.jpg,40.1784720,141.8340280,Q11272526,つりがね洞
2076,切支丹遺蹟博物館,愛知縣,キリスト教博物館,4.1,21,キリスト教博物館,Nagoya Station,2.6,0.70,0.8200,0.2592,0.6555,0.6113,http://commons.wikimedia.org/wiki/Special:FilePath/Nagoya-Christian-Museum-001.jpg,35.1536730,136.9012930,Q79866768,切支丹遺跡博物館
3742,伊豆オルゴール館,靜岡縣,博物館,4.0,308,博物館,Shizuoka Station,66.0,0.70,0.8000,0.4808,0.0704,0.6113,,34.8771667,139.1036944,Q28685015,伊豆オルゴール館
3950,スターランドAIRA,鹿兒島縣,科學博物館,4.3,84,科學博物館,Kagoshima-Chuo Station,27.2,0.70,0.8600,0.3726,0.1551,0.6113,http://commons.wikimedia.org/wiki/Special:FilePath/Starland%20aira%20building.jpg,31.8233861,130.6000444,Q11312115,スターランド・ＡＩＲＡ
1299,山頭火ふるさと館,山口縣,博物館,4.0,150,博物館,Yamaguchi Station,15.0,0.70,0.8000,0.4208,0.2494,0.6112,,34.0611690,131.5726010,Q132480639,山頭火ふるさと館
1107,柳沢文庫,奈良縣,專門圖書館,3.7,138,專門圖書館,Nara Station,4.8,0.70,0.7400,0.4138,0.5096,0.6111,http://commons.wikimedia.org/wiki/Special:FilePath/Yanagisawa%20bunko01s2048.jpg,34.6509440,135.7803610,Q11534403,柳澤文庫
2346,チマッティ資料館,東京都,人物紀念館,4.7,19,人物紀念館,Tokyo Station,20.4,0.70,0.9400,0.2512,0.1970,0.6111,,35.6609511,139.5429331,Q1092057,チマッティ資料館
3487,対馬博物館,長崎縣,博物館,4.2,191,博物館,Nagasaki Station,170.2,0.70,0.8400,0.4409,0.0285,0.6111,http://commons.wikimedia.org/wiki/Special:FilePath/Tsushima%20Museum.jpg,34.2037010,129.2879450,Q97312460,対馬博物館
3514,長崎縣立對馬歷史民俗資料館,長崎縣,民俗博物館,4.2,191,民俗博物館,Nagasaki Station,170.2,0.70,0.8400,0.4409,0.0285,0.6111,http://commons.wikimedia.org/wiki/Special:FilePath/Nagasaki%20Prefectural%20Tsushima%20Historical%20Museum.jpg,34.2036940,129.2875560,Q18337566,対馬博物館
3566,堀辰雄文学記念館,長野縣,人物紀念館,4.2,145,人物紀念館,Nagano Station,46.4,0.70,0.8400,0.4180,0.0973,0.6111,http://commons.wikimedia.org/wiki/Special:FilePath/160730%20Tatsuo%20Hori%20literature%20Memorial%20Karuizawa%20Nagano%20pref%20Japan01n.jpg,36.3387778,138.5441389,Q84163072,堀辰雄文学記念館
946,日田祇園山鉾會館,大分縣,山車会館,4.1,219,山車会館,Oita Station,63.4,0.70,0.8200,0.4523,0.0731,0.6110,http://commons.wikimedia.org/wiki/Special:FilePath/Hita%20Gion%20Museum.jpg,33.3155556,130.9314278,Q11509923,日田祇園山鉾会館
41,皇學館大學佐川記念神道博物館,三重縣,宗教博物馆,4.8,18,宗教博物馆,Tsu Station,34.1,0.70,0.9600,0.2469,0.1279,0.6109,http://commons.wikimedia.org/wiki/Special:FilePath/The%20Museum%20of%20Shinto%20and%20Japanese%20Culture%2C%20Kogakkan%20University%20in%202011.jpg,34.4841720,136.7259080,Q11581025,佐川記念神道博物館
43,神宮徵古館,三重縣,歷史博物館,4.8,18,歷史博物館,Tsu Station,33.9,0.70,0.9600,0.2469,0.1286,0.6109,http://commons.wikimedia.org/wiki/Special:FilePath/Jingu-Chokokan%2002.JPG,34.4855560,136.7244440,Q11589488,佐川記念神道博物館
1319,美祢市化石館,山口縣,古生物博物馆,4.3,79,古生物博物馆,Yamaguchi Station,25.1,0.70,0.8600,0.3675,0.1663,0.6109,,34.1673360,131.2075570,Q132493850,美祢市化石館
3641,舊中込學校,長野縣,建成遗产,4.1,205,建成遗产,Nagano Station,51.7,0.70,0.8200,0.4468,0.0881,0.6109,http://commons.wikimedia.org/wiki/Special:FilePath/Old-Nakagomi-School-01.jpg,36.2375000,138.4721940,Q11510909,旧中込学校
1358,大寶館,山形縣,洋樓,4.1,222,洋樓,Yamagata Station,68.9,0.70,0.8200,0.4535,0.0677,0.6108,http://commons.wikimedia.org/wiki/Special:FilePath/Taih%C5%8D-kan%20%28Tsuruoka%29.jpg,38.7275890,139.8250030,Q104696383,鶴岡アートフォーラム
1400,鶴岡アートフォーラム,山形縣,美術館,4.1,222,美術館,Yamagata Station,68.8,0.70,0.8200,0.4535,0.0678,0.6108,http://commons.wikimedia.org/wiki/Special:FilePath/Tsuruoka%20Art%20Forum%2C%20Tsuruoka%2C%20Yamagata%2C%20Japan%2C%20July%202022.jpg,38.7263611,139.8248889,Q55525926,鶴岡アートフォーラム
2428,在日韓人歴史資料館,東京都,人類移動博物館,3.7,121,人類移動博物館,Tokyo Station,4.3,0.70,0.7400,0.4029,0.5392,0.6108,http://commons.wikimedia.org/wiki/Special:FilePath/The%20History%20Museum%20of%20J-Koreans.jpg,35.6515400,139.7370300,Q122929555,在日韓人歴史資料館
600,根室市歴史と自然の資料館,北海道,博物館,4.2,199,博物館,Sapporo Station,344.6,0.70,0.8400,0.4444,0.0143,0.6107,,43.2887000,145.5903000,Q104847273,根室市歴史と自然の資料館
3212,宮若市石炭記念館,福岡縣,礦業博物館,4.2,113,礦業博物館,Hakata Station,27.2,0.70,0.8400,0.3972,0.1554,0.6107,http://commons.wikimedia.org/wiki/Special:FilePath/Miyawaka%20Coal%20Museum%2001.jpg,33.7139444,130.6739444,Q116795957,宮若市石炭記念館
3408,田中正造記念館,群馬縣,人物紀念館,4.3,102,人物紀念館,Maebashi Station,44.4,0.70,0.8600,0.3887,0.1013,0.6107,http://commons.wikimedia.org/wiki/Special:FilePath/Ashio%20copper%20mine%20pollution%20incident%20Shozo%20Tanaka%20Museum%2020150628.jpg,36.2469444,139.5380556,Q11575663,足尾鉱毒事件 田中正造記念館
566,旭川市大雪水晶館,北海道,博物館,3.9,459,博物館,Sapporo Station,111.5,0.70,0.7800,0.5142,0.0429,0.6106,http://commons.wikimedia.org/wiki/Special:FilePath/%E6%97%AD%E5%B7%9D%E5%B8%82%E5%8D%9A%E7%89%A9%E9%A4%A8.jpg,43.7597222,142.3508333,Q11511731,旭川市大雪クリスタルホール
2970,輪島塗会館,石川縣,工藝博物館,3.7,842,工藝博物館,Kanazawa Station,93.5,0.70,0.7400,0.5650,0.0508,0.6106,http://commons.wikimedia.org/wiki/Special:FilePath/Wajima-nuri%20Kaikan%20ac.jpg,37.3940930,136.9001720,Q104709114,輪島塗会館
3720,高岡の森弘前藩歴史館,青森縣,歷史博物館,4.1,184,歷史博物館,Aomori Station,39.3,0.70,0.8200,0.4378,0.1128,0.6106,http://commons.wikimedia.org/wiki/Special:FilePath/%E9%AB%98%E5%B2%A1%E3%81%AE%E6%A3%AE%E5%BC%98%E5%89%8D%E8%97%A9%E6%AD%B4%E5%8F%B2%E9%A4%A8.jpg,40.6225000,140.3555556,Q101086086,高岡の森 弘前藩歴史館
1574,羽島市歷史民俗資料館·羽島市電影資料館,岐阜縣,博物館,4.0,110,博物館,Gifu Station,10.6,0.70,0.8000,0.3950,0.3197,0.6105,http://commons.wikimedia.org/wiki/Special:FilePath/Hashima%20Folk%20History%20Museum%202019-11%20ac%20%282%29.jpg,35.3241670,136.7020750,Q11610104,羽島市歴史民俗資料館・映画資料館
1679,笠岡市立竹喬美術館,岡山縣,美術館,4.1,187,美術館,Okayama Station,41.4,0.70,0.8200,0.4392,0.1078,0.6105,,34.4970100,133.5161700,Q121362673,笠岡市立竹喬美術館
604,江別市ガラス工芸館,北海道,历史房屋博物馆,4.8,10,历史房屋博物馆,Sapporo Station,14.3,0.70,0.9600,0.2011,0.2594,0.6103,http://commons.wikimedia.org/wiki/Special:FilePath/Ebetsu%20City%20Glass%20Crafts%20Museum.JPG,43.0962694,141.5225000,Q48748643,ガラス工芸館｜江別市生涯学習課
3579,安曇野市美術館,長野縣,现代美术馆,3.9,362,现代美术馆,Nagano Station,45.2,0.70,0.7800,0.4943,0.0995,0.6103,http://commons.wikimedia.org/wiki/Special:FilePath/Azumino%20Muncipal%20Museum%20of%20Modern%20Art%2C%20Toyoshina%20and%20Toyoshina%20Exchange%20and%20Learning%20Center%20Kibo.jpg,36.3054722,137.9063611,Q11450790,安曇野市美術館
3637,絵本美術館 森のおうち,長野縣,繪本博物館,4.1,190,繪本博物館,Nagano Station,44.1,0.70,0.8200,0.4405,0.1018,0.6103,,36.3638333,137.8378056,Q85883183,絵本美術館&コテージ 森のおうち
3839,塩飽勤番所,香川縣,地方政府大樓,4.2,105,地方政府大樓,Takamatsu Station,24.5,0.70,0.8400,0.3911,0.1697,0.6103,http://commons.wikimedia.org/wiki/Special:FilePath/Shiwaku-kinbansho03s3200.jpg,34.3878390,133.7838420,Q11428975,塩飽勤番所跡
3935,青谷かみじち史跡公園,鳥取縣,考古学公園,4.2,97,考古学公園,Tottori Station,21.5,0.70,0.8400,0.3845,0.1888,0.6102,,35.5129520,133.9896020,Q138263879,青谷かみじち史跡公園
1565,石徹白大杉,岐阜縣,巨樹,4.5,60,巨樹,Gifu Station,69.5,0.70,0.9000,0.3448,0.0671,0.6101,http://commons.wikimedia.org/wiki/Special:FilePath/Itoshiro%20oosugi%20from%20south%202008%206%2010.jpg,36.0337500,136.7609720,Q11586523,石徹白の大杉
573,木古内町郷土資料館,北海道,旧学校施設,4.3,133,旧学校施設,Sapporo Station,173.4,0.70,0.8600,0.4108,0.0280,0.6100,http://commons.wikimedia.org/wiki/Special:FilePath/Kikonai%20Town%20Museum.JPG,41.6713420,140.4128420,Q85774341,木古内町郷土資料館 (いかりん館)
2868,観峰館,滋賀縣,書法美術館,4.3,88,書法美術館,Otsu Station,33.9,0.70,0.8600,0.3764,0.1284,0.6098,http://commons.wikimedia.org/wiki/Special:FilePath/Kanp%C3%B4-kan.jpg,35.1543890,136.1889330,Q17209860,観峰館
509,土の館,北海道,農業博物館,4.3,121,農業博物館,Sapporo Station,99.3,0.70,0.8600,0.4029,0.0479,0.6097,http://commons.wikimedia.org/wiki/Special:FilePath/Museum%20of%20Soils%20and%20Plows%20of%20the%20World%20Kamifurano%20Hokkaido%20Japan01s3.jpg,43.4629160,142.4518010,Q133264926,土の館
1281,吉田松陰歴史館,山口縣,歷史博物館,4.1,150,歷史博物館,Yamaguchi Station,27.3,0.70,0.8200,0.4208,0.1549,0.6097,http://commons.wikimedia.org/wiki/Special:FilePath/Yoshida%20Shoin%20History%20Museum%20in%20Shoin%20Shrine%202.jpg,34.4123210,131.4167590,Q132473187,吉田松陰歴史館
173,下合瀬の大カツラ,佐賀縣,巨樹,4.3,66,巨樹,Saga Station,20.3,0.70,0.8600,0.3526,0.1979,0.6096,http://commons.wikimedia.org/wiki/Special:FilePath/Shimo-Ose%20no%20Okatsura%20in%20Fuji%2C%20Saga%20full%20view.jpg,33.4436200,130.2602500,Q134777085,下合瀬の大カツラ
916,飯能市立博物館,埼玉縣,博物館,3.9,291,博物館,Omiya Station,28.8,0.70,0.7800,0.4761,0.1481,0.6096,http://commons.wikimedia.org/wiki/Special:FilePath/Hanno%20Museum%2020191102a.jpg,35.8572860,139.3107330,Q104696836,飯能市立博物館
1207,都城市立美術館,宮崎縣,美術館,4.1,180,美術館,Miyazaki Station,41.1,0.70,0.8200,0.4360,0.1085,0.6096,http://commons.wikimedia.org/wiki/Special:FilePath/Miyakonojo%20City%20Museum%20of%20Art%202010.JPG,31.7192778,131.0630556,Q11643539,都城市立美術館
1766,出雲大社寶物殿,島根縣,宝物館,4.2,122,宝物館,Matsue Station,34.9,0.70,0.8400,0.4036,0.1253,0.6096,http://commons.wikimedia.org/wiki/Special:FilePath/Izumo-taisha18nt3200.jpg,35.4010310,132.6860980,Q123472538,神祜殿
2138,戦争と平和の資料館ピースあいち,愛知縣,博物館,4.0,101,博物館,Nagoya Station,10.1,0.70,0.8000,0.3879,0.3322,0.6096,http://commons.wikimedia.org/wiki/Special:FilePath/Peace%20Aichi%2020150921.JPG,35.1762750,136.9918890,Q11495950,戦争と平和の資料館 ピースあいち
2224,高濱市陶器之里Kawara美術館,愛知縣,美術館,3.7,553,美術館,Nagoya Station,29.0,0.70,0.7400,0.5298,0.1470,0.6096,http://commons.wikimedia.org/wiki/Special:FilePath/Kawara%20Museum%20of%20Takahama%20city%2C%20a%20Hometown%20Ceramics%20exterior%20ac.jpg,34.9232060,136.9817140,Q11671831,高浜市やきものの里 かわら美術館・図書館
1361,天童市立旧東村山郡役所資料館,山形縣,历史建筑,4.0,119,历史建筑,Yamagata Station,12.2,0.70,0.8000,0.4015,0.2900,0.6095,http://commons.wikimedia.org/wiki/Special:FilePath/Yamagata%20Higashi-Murayama%20County%20Former%20Office.jpg,38.3531389,140.3724444,Q24860254,天童織田の里歴史館
1457,高飛車,山梨縣,launched roller coaster,4.3,79,launched roller coaster,Kofu Station,27.8,0.70,0.8600,0.3675,0.1525,0.6095,http://commons.wikimedia.org/wiki/Special:FilePath/Takabisha%20under%20construction%203.jpg,35.4857880,138.7796160,Q508159,高飛車
654,苫前町郷土資料館,北海道,博物館,4.0,329,博物館,Sapporo Station,140.0,0.70,0.8000,0.4864,0.0345,0.6094,,44.3077740,141.6585760,Q104239862,苫前町郷土資料館
1038,柏原市立歴史資料館,大阪府,歷史博物館,4.0,167,歷史博物館,Osaka Station,19.4,0.70,0.8000,0.4297,0.2047,0.6094,http://commons.wikimedia.org/wiki/Special:FilePath/Kshiwara%20shiritsu%20rekishi%20siryokan.jpg,34.5733650,135.6389680,Q117686603,柏原市立歴史資料館
2110,国際デザインセンター,愛知縣,美術館,3.8,45,美術館,Nagoya Station,2.2,0.70,0.7600,0.3211,0.6905,0.6094,,35.1654722,136.9052500,Q6050127,国際デザインセンター
3506,鄭成功記念館,長崎縣,人物紀念館,4.2,154,人物紀念館,Nagasaki Station,72.2,0.70,0.8400,0.4230,0.0648,0.6094,http://commons.wikimedia.org/wiki/Special:FilePath/%E9%84%AD%E6%88%90%E5%8A%9F%E8%A8%98%E5%BF%B5%E9%A4%A8%E5%A4%96%E8%A6%B3.jpg,33.3310000,129.5203900,Q111274293,鄭成功記念館
3639,聖博物館,長野縣,博物館,4.1,124,博物館,Nagano Station,20.3,0.70,0.8200,0.4049,0.1980,0.6093,http://commons.wikimedia.org/wiki/Special:FilePath/Hijiri%20Museum%2C%20entrance%20and%20main%20building%20exterior%2C%20in%202010-10-16.jpg,36.4877830,138.0701670,Q11610945,麻績村立聖博物館
3845,平賀源内記念館,香川縣,纪念博物馆,3.7,307,纪念博物馆,Takamatsu Station,12.1,0.70,0.7400,0.4806,0.2917,0.6093,http://commons.wikimedia.org/wiki/Special:FilePath/Hiraga%20Gennai%20Kinenkan.jpg,34.3234460,134.1747290,Q138313062,平賀源内記念館
2872,近江聖人中江藤樹記念館,滋賀縣,人物紀念館,4.4,66,人物紀念館,Otsu Station,38.8,0.70,0.8800,0.3526,0.1142,0.6092,http://commons.wikimedia.org/wiki/Special:FilePath/%C5%8Cmi%20Seijin%20Nakae%20T%C5%8Dju%20Memorial%20Museum%2020200919%2001.jpg,35.3246430,136.0314250,Q131910774,中江藤樹・たかしまミュージアム
448,井上靖纪念馆,北海道,人物紀念館,4.4,88,人物紀念館,Sapporo Station,115.7,0.70,0.8800,0.3764,0.0414,0.6091,http://commons.wikimedia.org/wiki/Special:FilePath/Yasushi-Inoue-Gedankstaette.jpg,43.8052220,142.3636110,Q11373285,井上靖記念館
548,市立旭川郷土博物館,北海道,地方文化館,4.4,88,地方文化館,Sapporo Station,115.8,0.70,0.8800,0.3764,0.0414,0.6091,,43.8052111,142.3647000,Q106967657,井上靖記念館
2618,立花大正民家園 旧小山家住宅,東京都,民家園,4.0,72,民家園,Tokyo Station,7.2,0.70,0.8000,0.3598,0.4112,0.6091,http://commons.wikimedia.org/wiki/Special:FilePath/%E7%AB%8B%E8%8A%B1%E5%A4%A7%E6%AD%A3%E6%B0%91%E5%AE%B6%E5%9C%92%20%E6%97%A7%E5%B0%8F%E5%B1%B1%E5%AE%B6%E4%BD%8F%E5%AE%85.jpg,35.7098620,139.8380890,Q29570254,立花大正民家園 旧小山家住宅
2533,東京農工大学科学博物館,東京都,大學博物館,4.1,131,大學博物館,Tokyo Station,22.5,0.70,0.8200,0.4095,0.1818,0.6090,http://commons.wikimedia.org/wiki/Special:FilePath/TUAT-Nature-and-Science-Museum-2012111001.jpg,35.6980870,139.5188517,Q133224751,東京農工大学 科学博物館 本館
2834,愛知川手鞠瓶之館,滋賀縣,公立图书馆,4.4,64,公立图书馆,Otsu Station,36.9,0.70,0.8800,0.3501,0.1193,0.6090,http://commons.wikimedia.org/wiki/Special:FilePath/Echigawa%20library.jpg,35.1711324,136.2149729,Q11494868,愛荘町立 愛知川図書館・愛知川びんてまりの館
2964,石川縣輪島漆藝美術館,石川縣,美術館,4.0,304,美術館,Kanazawa Station,92.8,0.70,0.8000,0.4797,0.0511,0.6090,http://commons.wikimedia.org/wiki/Special:FilePath/%E7%9F%B3%E5%B7%9D%E7%9C%8C%E8%BC%AA%E5%B3%B6%E6%BC%86%E8%8A%B8%E7%BE%8E%E8%A1%93%E9%A4%A8%E5%A4%96%E8%A6%B3.jpg,37.3898610,136.8920830,Q11586047,石川県輪島漆芸美術館
3759,島田市博物館,靜岡縣,市立博物館,3.8,374,市立博物館,Shizuoka Station,26.5,0.70,0.7600,0.4971,0.1589,0.6090,http://commons.wikimedia.org/wiki/Special:FilePath/Shimada%20City%20Museum%20Feb.2018.jpg,34.8313056,138.1544444,Q60986600,島田市博物館
530,小川原脩記念美術館,北海道,纪念博物馆,4.2,137,纪念博物馆,Sapporo Station,50.7,0.70,0.8400,0.4132,0.0897,0.6089,,42.9066210,140.7677580,Q132545224,小川原脩記念美術館
1672,湯の瀬温泉,岡山縣,温泉镇,4.0,210,温泉镇,Okayama Station,30.0,0.70,0.8000,0.4488,0.1429,0.6089,,34.9146380,133.7898730,Q108541786,湯の瀬温泉旅館
1864,広島大学医学部医学資料館,廣島縣,製薬博物館,4.2,10,製薬博物館,Hiroshima Station,1.9,0.70,0.8400,0.2011,0.7244,0.6088,,34.3805740,132.4773230,Q127452807,広島大学医学部医学資料館（旧第五師団陸軍兵器補給廠11号館外壁）
3134,勝山城博物館,福井縣,博物館,3.7,514,博物館,Fukui Station,26.8,0.70,0.7400,0.5237,0.1572,0.6088,http://commons.wikimedia.org/wiki/Special:FilePath/Katsuyama%20Castle%20Museum%202002-06-10.jpg,36.0427780,136.5208330,Q11400239,勝山城博物館
3478,佐世保市博物館島瀨美術中心,長崎縣,美術館,4.0,255,美術館,Nagasaki Station,48.8,0.70,0.8000,0.4651,0.0929,0.6088,http://commons.wikimedia.org/wiki/Special:FilePath/Sasebo%20city%20museum%20shimanose%20art%20center.jpg,33.1727500,129.7206389,Q11382536,佐世保市博物館島瀬美術センター
3893,香美市立美術館,高知縣,美術館,4.0,131,美術館,Kochi Station,14.2,0.70,0.8000,0.4095,0.2598,0.6088,,33.6104167,133.6878056,Q121368534,香美市立美術館
347,神戶市立農業公園,兵庫縣,主題公園,3.7,333,主題公園,Kobe Station,13.9,0.70,0.7400,0.4874,0.2644,0.6087,http://commons.wikimedia.org/wiki/Special:FilePath/Kobecity%20Agricultural%20Park%20No%2C8.JPG,34.7325000,135.0402780,Q11590095,こうべアグリパーク（旧農業公園）
2876,長浜市曳山博物館,滋賀縣,山車会館,3.9,365,山車会館,Otsu Station,55.8,0.70,0.7800,0.4950,0.0823,0.6087,http://commons.wikimedia.org/wiki/Special:FilePath/Hikiyama%20Museum%20Nagahama%20Shiga%20pref01n3680.jpg,35.3812640,136.2687690,Q132725989,長浜市曳山博物館
3176,九州産業大学美術館,福岡縣,大学美术馆,4.1,66,大学美术馆,Hakata Station,9.3,0.70,0.8200,0.3526,0.3490,0.6087,http://commons.wikimedia.org/wiki/Special:FilePath/Kyushu%20Sangyo%20Univ%20Art%20Museum.JPG,33.6719440,130.4433060,Q11370311,九州産業大学美術館
3281,南相馬市博物館,福島縣,博物館,4.0,250,博物館,Fukushima Station,46.6,0.70,0.8000,0.4634,0.0969,0.6087,,37.6233889,140.9630556,Q111495958,南相馬市博物館
3443,古河歷史博物館,茨城縣,歷史博物館,4.0,283,歷史博物館,Mito Station,72.3,0.70,0.8000,0.4738,0.0647,0.6086,http://commons.wikimedia.org/wiki/Special:FilePath/Koga%20History%20Museum%2001.JPG,36.1914210,139.7012580,Q11411385,古河歴史博物館
1958,ＮＦＴ鳴門美術館,德島縣,美術館,4.2,64,美術館,Tokushima Station,13.2,0.70,0.8400,0.3501,0.2745,0.6085,,34.1782920,134.6203010,Q123561299,一般財団法人NFT鳴門美術館
2831,小谷城戦国歴史資料館,滋賀縣,歷史博物館,3.6,970,歷史博物館,Otsu Station,62.0,0.70,0.7200,0.5769,0.0746,0.6085,http://commons.wikimedia.org/wiki/Special:FilePath/Odanij3.jpg,35.4526110,136.2694720,Q11463730,小谷城戦国歴史資料館
394,香雪美术馆,兵庫縣,美術館,3.8,160,美術館,Kobe Station,8.7,0.70,0.7600,0.4262,0.3652,0.6084,http://commons.wikimedia.org/wiki/Special:FilePath/Kosetsu%20Museum%EF%BC%9A%E9%A6%99%E9%9B%AA%E7%BE%8E%E8%A1%93%E9%A4%A8%20-%20panoramio.jpg,34.7241670,135.2561110,Q11667775,香雪美術館
1121,藤原宮跡資料室,奈良縣,博物館,4.1,120,博物館,Nara Station,20.3,0.70,0.8200,0.4022,0.1976,0.6084,,34.4979320,135.8148890,Q132299258,奈良文化財研究所 藤原宮跡資料室
1261,黒部市吉田科学館,富山縣,科學博物館,4.0,203,科學博物館,Toyama Station,29.2,0.70,0.8000,0.4460,0.1462,0.6084,http://commons.wikimedia.org/wiki/Special:FilePath/KUROBE%20YOSHIDA%20SCIENCE%20MUSEUM%202022-09.jpg,36.9013330,137.4256390,Q11678850,黒部市吉田科学館
1859,尾道城,廣島縣,博物館,4.5,55,博物館,Hiroshima Station,65.9,0.70,0.9000,0.3376,0.0705,0.6083,http://commons.wikimedia.org/wiki/Special:FilePath/Onomichi%20castle05s3200.jpg,34.4073611,133.1936111,Q11465461,千光寺公園視点場（MiTeMi）
3577,安曇野市天蚕センター,長野縣,博物館,4.3,93,博物館,Nagano Station,44.8,0.70,0.8600,0.3810,0.1004,0.6083,,36.3528000,137.8408000,Q134926852,安曇野市天蚕センター
664,遠軽町埋蔵文化財センター,北海道,埋藏文化財中心,4.2,170,埋藏文化財中心,Sapporo Station,174.2,0.70,0.8400,0.4312,0.0279,0.6082,,43.8866240,143.1927290,Q133249040,遠軽町埋蔵文化財センター
3246,菅公歴史館,福岡縣,博物館,4.2,62,博物館,Hakata Station,13.0,0.70,0.8400,0.3475,0.2777,0.6080,http://commons.wikimedia.org/wiki/Special:FilePath/Kanko%20Historical%20Museum%20in%20Dazaifu%20Temman%20Shrine%203.jpg,33.5218680,130.5345940,Q132952518,菅公歴史館
1709,奥州市牛の博物館,岩手縣,博物館,4.0,278,博物館,Morioka Station,75.0,0.70,0.8000,0.4723,0.0625,0.6079,http://commons.wikimedia.org/wiki/Special:FilePath/The%20Cattle%20Museum.jpg,39.0269440,141.1240280,Q11445753,奥州市 牛の博物館
2026,開明学校,愛媛縣,旧学校施設,4.3,99,旧学校施設,Matsuyama Station,57.3,0.70,0.8600,0.3862,0.0802,0.6079,http://commons.wikimedia.org/wiki/Special:FilePath/Kaimei%20Gakko%2003.JPG,33.3642500,132.5136111,Q3577679,宇和文化の里 開明学校
452,余市宇宙記念館,北海道,科學博物館,3.5,1192,科學博物館,Sapporo Station,47.5,0.70,0.7000,0.5941,0.0951,0.6078,http://commons.wikimedia.org/wiki/Special:FilePath/Yoichi%20Space%20Dome%2C%20Hokkaido%20-%20Jun%2018%2C%202024.jpg,43.1892290,140.7886240,Q132553185,余市宇宙記念館
606,江別市郷土資料館,北海道,地方文化館,4.1,103,地方文化館,Sapporo Station,16.8,0.70,0.8200,0.3895,0.2296,0.6078,http://commons.wikimedia.org/wiki/Special:FilePath/Ebetsu%20City%20Local%20Museum.JPG,43.1136111,141.5480556,Q85138042,江別市郷土資料館
1322,美祢市長登銅山文化交流館,山口縣,礦業博物館,4.1,95,礦業博物館,Yamaguchi Station,15.0,0.70,0.8200,0.3828,0.2498,0.6078,http://commons.wikimedia.org/wiki/Special:FilePath/Naganoboridouzan-bunkakouryukan.JPG,34.2437890,131.3411240,Q131329109,長登銅山文化交流館
2096,名古屋城のカヤ,愛知縣,巨樹,4.4,5,巨樹,Nagoya Station,2.1,0.70,0.8800,0.1503,0.7065,0.6077,http://commons.wikimedia.org/wiki/Special:FilePath/Kaya%20tree%20in%20front%20of%20Nishinomaru%20Exhibition%20Hall%20in%20Nagoya%20Castle%202.JPG,35.1840563,136.8977245,Q111363679,カヤ
3538,上田市立博物館,長野縣,市立博物館,4.0,190,市立博物館,Nagano Station,27.1,0.70,0.8000,0.4405,0.1558,0.6077,http://commons.wikimedia.org/wiki/Special:FilePath/Ueda%20City%20Museum.JPG,36.4037360,138.2465000,Q11359772,上田市立博物館
830,さいたま文学館,埼玉縣,文學館,3.8,199,文學館,Omiya Station,11.5,0.70,0.7600,0.4444,0.3030,0.6076,http://commons.wikimedia.org/wiki/Special:FilePath/Hibikinomori.JPG,35.9961940,139.5606390,Q11267517,さいたま文学館
1820,絲原記念館,島根縣,博物館,3.9,284,博物館,Matsue Station,32.2,0.70,0.7800,0.4741,0.1343,0.6076,http://commons.wikimedia.org/wiki/Special:FilePath/Itohara%20Kinenkan%20garden.jpg,35.1750500,133.0352500,Q104721886,絲原記念館
2815,ボーダレス・アートミュージアム NO-MA,滋賀縣,美術館,4.1,133,美術館,Otsu Station,25.7,0.70,0.8200,0.4108,0.1629,0.6075,http://commons.wikimedia.org/wiki/Special:FilePath/Borderless%20Art%20Museum%20NO-MA%201.jpg,35.1376389,136.0944722,Q11338923,ボーダレス・アートミュージアムＮＯ−ＭＡ
3315,若松城天守閣,福島縣,天守,4.2,133,天守,Fukushima Station,55.3,0.70,0.8400,0.4108,0.0830,0.6075,http://commons.wikimedia.org/wiki/Special:FilePath/080904Aidu-Wakamatu-jo.jpg,37.4877778,139.9297222,Q106967257,鶴ヶ城郷土博物館
105,仁和寺霊宝館,京都府,宝物館,4.2,31,宝物館,Kyoto Station,6.3,0.70,0.8400,0.2907,0.4423,0.6074,,35.0292870,135.7143700,Q133288972,仁和寺 霊宝館
2682,とちぎ山車会館,栃木縣,山車会館,3.8,338,山車会館,Utsunomiya Station,24.8,0.70,0.7600,0.4886,0.1679,0.6074,http://commons.wikimedia.org/wiki/Special:FilePath/Tochigi%20Float%20Museum.jpg,36.3805278,139.7331667,Q100549885,とちぎ山車会館
2683,とちぎ蔵の街美術館,栃木縣,美術館,3.8,338,美術館,Utsunomiya Station,24.7,0.70,0.7600,0.4886,0.1682,0.6074,http://commons.wikimedia.org/wiki/Special:FilePath/Tochigi%20Kuranomachi%20Museum%20of%20Art.jpg,36.3809440,139.7333980,Q11273192,とちぎ山車会館
3573,奥村土牛記念美術館,長野縣,美術館,4.4,72,美術館,Nagano Station,62.2,0.70,0.8800,0.3598,0.0744,0.6074,http://commons.wikimedia.org/wiki/Special:FilePath/Okumura%20Togyu%20Memorial%20Museum%20of%20Art.jpg,36.1341440,138.4766530,Q131457036,奥村土牛記念美術館
2187,稲永ビジターセンター,愛知縣,自然中心,4.1,73,自然中心,Nagoya Station,11.1,0.70,0.8200,0.3610,0.3096,0.6073,http://commons.wikimedia.org/wiki/Special:FilePath/INAE%20Visitor%20Center.jpg,35.0742420,136.8489560,Q95573129,稲永ビジターセンター
2288,米西拉藝術館,新潟縣,美術館,4.5,57,美術館,Niigata Station,92.1,0.70,0.9000,0.3405,0.0515,0.6073,,37.1094167,138.8043611,Q11342307,ミティラー美術館
3390,小平の里,群馬縣,觀光景點,3.7,445,觀光景點,Maebashi Station,23.0,0.70,0.7400,0.5116,0.1783,0.6073,,36.4665280,139.3085830,Q134440358,小平の里
3407,玉村町歴史資料館,群馬縣,歷史博物館,4.2,47,歷史博物館,Maebashi Station,9.7,0.70,0.8400,0.3247,0.3390,0.6073,,36.3055660,139.1226640,Q104696828,玉村町歴史資料館
3673,鬼無里ふるさと資料館,長野縣,民俗博物館,4.2,75,民俗博物館,Nagano Station,17.4,0.70,0.8400,0.3632,0.2229,0.6073,http://commons.wikimedia.org/wiki/Special:FilePath/Kinasa%20Furusato%20Museum.jpg,36.6799620,137.9988790,Q138312306,鬼無里ふるさと資料館（きなさーれ）
3985,薩摩川内市せんだい宇宙館,鹿兒島縣,天文博物館,4.1,149,天文博物館,Kagoshima-Chuo Station,32.8,0.70,0.8200,0.4202,0.1323,0.6073,http://commons.wikimedia.org/wiki/Special:FilePath/Museum%20of%20Space%20Sendai.jpg,31.8240080,130.3398170,Q11622289,薩摩川内市せんだい宇宙館
317,波止場町TEN×TEN,兵庫縣,美術館,4.1,7,美術館,Kobe Station,0.8,0.70,0.8200,0.1744,0.8686,0.6072,,34.6840280,135.1842780,Q11555555,波止場町ＴＥＮ・ＴＥＮ
1593,飛騨の匠文化館,岐阜縣,工藝博物館,4.2,151,工藝博物館,Gifu Station,99.8,0.70,0.8400,0.4213,0.0477,0.6072,,36.2360800,137.1856500,Q104710298,飛騨の匠文化館
3553,信州新町化石博物館,長野縣,古生物博物馆,3.9,192,古生物博物馆,Nagano Station,16.9,0.70,0.7800,0.4414,0.2281,0.6072,,36.5719910,138.0211950,Q137970363,信州新町化石博物館
144,琴引濱鳴砂文化館,京都府,博物館,4.0,286,博物館,Kyoto Station,101.6,0.70,0.8000,0.4746,0.0469,0.6071,http://commons.wikimedia.org/wiki/Special:FilePath/Kotohikihama%20Nakisuna%20Bunkakan%20exterior%20ac.jpg,35.6975830,135.0571940,Q64026339,琴引浜鳴き砂文化館
1922,徳島県立埋蔵文化財総合センター,德島縣,埋藏文化財中心,4.0,106,埋藏文化財中心,Tokushima Station,11.9,0.70,0.8000,0.3919,0.2952,0.6071,http://commons.wikimedia.org/wiki/Special:FilePath/Rekishiru%20Tokushima.jpg,34.1428890,134.4513890,Q11489915,レキシルとくしま（徳島県立埋蔵文化財総合センター）
3672,高野辰之記念館,長野縣,人物紀念館,4.1,113,人物紀念館,Nagano Station,20.0,0.70,0.8200,0.3972,0.1998,0.6071,http://commons.wikimedia.org/wiki/Special:FilePath/Takano%20Tatsuyuki%20Memorial%20Hall%202.jpg,36.7957500,138.3077778,Q84454736,高野辰之記念館
644,紋別市立博物館,北海道,博物館,4.2,166,博物館,Sapporo Station,215.3,0.70,0.8400,0.4292,0.0227,0.6070,http://commons.wikimedia.org/wiki/Special:FilePath/Mombetsu%20city%20museum.jpg,44.3554722,143.3530278,Q105728168,紋別市立博物館
810,片男波公園万葉館,和歌山縣,博物館,4.1,39,博物館,Wakayama Station,5.8,0.70,0.8200,0.3094,0.4620,0.6070,,34.1817240,135.1734280,Q132299658,万葉館
1458,MIBOROダムサイドパーク 御母衣電力館・荘川桜記念館,岐阜縣,エネルギー博物館,3.9,377,エネルギー博物館,Gifu Station,83.0,0.70,0.7800,0.4977,0.0568,0.6070,,36.1451667,136.9085000,Q112622790,MIBOROダムサイドパーク 御母衣電力館・荘川桜記念館
1554,水の資料館,岐阜縣,水廠博物館,4.2,18,水廠博物館,Gifu Station,3.8,0.70,0.8400,0.2469,0.5691,0.6070,http://commons.wikimedia.org/wiki/Special:FilePath/Water%20Museum%201.JPG,35.4375556,136.7790556,Q11548181,水の資料館
1931,技の館,德島縣,博物館,3.9,179,博物館,Tokushima Station,15.5,0.70,0.7800,0.4355,0.2435,0.6070,http://commons.wikimedia.org/wiki/Special:FilePath/%E4%B8%8A%E6%9D%BF%E7%94%BA%20%E6%8A%80%E3%81%AE%E9%A4%A8.jpg,34.1320830,134.3974440,Q11497340,技の館
1912,上板町歴史民俗資料館,德島縣,博物館,3.9,179,博物館,Tokushima Station,15.7,0.70,0.7800,0.4355,0.2420,0.6069,http://commons.wikimedia.org/wiki/Special:FilePath/%E4%B8%8A%E6%9D%BF%E7%94%BA%20%E6%AD%B4%E5%8F%B2%E6%B0%91%E4%BF%97%E8%B3%87%E6%96%99%E9%A4%A8.jpg,34.1319139,134.3958917,Q130335552,技の館
1913,上板町立歴史民俗資料館,德島縣,博物館,3.9,179,博物館,Tokushima Station,15.7,0.70,0.7800,0.4355,0.2421,0.6069,,34.1319320,134.3959640,Q123564185,技の館
765,船橋市郷土資料館,千葉縣,地方文化館,3.8,204,地方文化館,Chiba Station,12.3,0.70,0.7600,0.4464,0.2885,0.6068,http://commons.wikimedia.org/wiki/Special:FilePath/Kyoudosiryoukan.jpg,35.7115280,140.0495830,Q11614233,船橋市郷土資料館
1619,五流博物館,岡山縣,博物館,4.1,100,博物館,Okayama Station,17.1,0.70,0.8200,0.3871,0.2265,0.6068,,34.5368060,133.8188950,Q132603669,五流尊瀧院
1910,エスカヒル鳴門,德島縣,電扶梯,3.7,395,電扶梯,Tokushima Station,19.7,0.70,0.7400,0.5016,0.2021,0.6067,http://commons.wikimedia.org/wiki/Special:FilePath/Eskahill%20Naruto01s3200.jpg,34.2358056,134.6399167,Q56034443,エスカヒル·鳴門
3359,秋田県立農業科学館,秋田縣,都道府县立博物馆,3.9,302,都道府县立博物馆,Akita Station,40.9,0.70,0.7800,0.4792,0.1090,0.6067,http://commons.wikimedia.org/wiki/Special:FilePath/Akita%20Prefectural%20Museum%20of%20Agricultural%20Science.jpg,39.4367920,140.4388190,Q11595517,秋田県立農業科学館
1611,かがみの近代美術館,岡山縣,美術館,4.4,70,美術館,Okayama Station,63.1,0.70,0.8800,0.3575,0.0734,0.6066,http://commons.wikimedia.org/wiki/Special:FilePath/%E3%81%8B%E3%81%8C%E3%81%BF%E3%81%AE%E8%BF%91%E4%BB%A3%E7%BE%8E%E8%A1%93%E9%A4%A8%E3%81%AE%E7%A7%8B%E6%99%AF.jpg,35.2341667,133.9236111,Q111148165,かがみの近代美術館
2094,吉胡貝塚資料館,愛知縣,考古博物館,4.5,51,考古博物館,Nagoya Station,65.4,0.70,0.9000,0.3314,0.0711,0.6065,http://commons.wikimedia.org/wiki/Special:FilePath/Yoshigo%20kaizuka%20shiryoukan.JPG,34.6820640,137.2798010,Q132801916,シェルマよしご
2752,ヌチドゥタカラの家,沖繩縣,和平博物館,4.5,49,和平博物館,Naha Bus Terminal,57.3,0.70,0.9000,0.3281,0.0803,0.6065,http://commons.wikimedia.org/wiki/Special:FilePath/%E3%83%8C%E3%83%81%E3%83%89%E3%82%A5%E3%82%BF%E3%82%AB%E3%83%A9%E3%81%AE%E5%AE%B6%20%E5%8F%8D%E6%88%A6%E5%B9%B3%E5%92%8C%E8%B3%87%E6%96%99%E9%A4%A8.jpg,26.7106667,127.8253889,Q113480812,反戦平和資料館 ヌチドゥタカラの家
2961,石川縣能登島玻璃美術館,石川縣,美術館,3.7,671,美術館,Kanazawa Station,69.5,0.70,0.7400,0.5460,0.0671,0.6065,http://commons.wikimedia.org/wiki/Special:FilePath/Ishikawa%20Prefecture%20Notojima%20Glass%20Art%20Museum.jpg,37.1372222,136.9963889,Q11586039,石川県能登島ガラス美術館
227,丹波市立植野紀念’美術館,兵庫縣,美術館,4.0,242,美術館,Kobe Station,56.3,0.70,0.8000,0.4607,0.0815,0.6064,http://commons.wikimedia.org/wiki/Special:FilePath/230502%20Tamba%20Municipal%20Ueno%20Memorial%20Art%20Museum%20Tamba%20Hyogo%20pref%20Japan02s5.jpg,35.1731110,135.0391940,Q11368569,丹波市立植野記念美術館
2272,新潟県埋蔵文化財センター,新潟縣,埋藏文化財中心,4.0,138,埋藏文化財中心,Niigata Station,17.4,0.70,0.8000,0.4138,0.2229,0.6064,http://commons.wikimedia.org/wiki/Special:FilePath/Niigata%20Prefecture%20Archaeological%20Research%20Center%2C%20Japan%2C%20August%202022.jpg,37.7612500,139.1157500,Q85880606,新潟県埋蔵文化財センター
2992,はだの歴史博物館,神奈川縣,歷史博物館,3.9,297,歷史博物館,Yokohama Station,40.3,0.70,0.7800,0.4778,0.1104,0.6064,,35.3865556,139.1890556,Q101096659,はだの歴史博物館
3310,福島県歴史資料館,福島縣,公共檔案館,3.8,35,公共檔案館,Fukushima Station,1.9,0.70,0.7600,0.3005,0.7229,0.6064,,37.7681780,140.4721840,Q30266032,福島県歴史資料館
2704,川上澄生美術館,栃木縣,人物紀念館,3.9,152,人物紀念館,Utsunomiya Station,13.0,0.70,0.7800,0.4219,0.2776,0.6063,http://commons.wikimedia.org/wiki/Special:FilePath/Kanuma%20Municipal%20Art%20Museum%20of%20Kawakami%20Sumio.JPG,36.5697780,139.7535830,Q11477568,鹿沼市立川上澄生美術館
1837,なかた美術館,廣島縣,美術館,4.2,132,美術館,Hiroshima Station,65.3,0.70,0.8400,0.4101,0.0711,0.6062,http://commons.wikimedia.org/wiki/Special:FilePath/%E3%81%AA%E3%81%8B%E3%81%9F%E7%BE%8E%E8%A1%93%E9%A4%A8.jpg,34.4090830,133.1869780,Q11274070,なかた美術館
909,遷喬館,埼玉縣,博物館,3.9,100,博物館,Omiya Station,8.2,0.70,0.7800,0.3871,0.3797,0.6061,http://commons.wikimedia.org/wiki/Special:FilePath/Senkyokan%2002.jpg,35.9488889,139.6981111,Q11642535,岩槻藩遷喬館
2202,豊川市桜ヶ丘ミュージアム,愛知縣,博物館,3.9,336,博物館,Nagoya Station,59.8,0.70,0.7800,0.4881,0.0772,0.6061,http://commons.wikimedia.org/wiki/Special:FilePath/Toyokawa%20City%20Sakuragaoka%20Museum%20ac.jpg,34.8301390,137.3895280,Q123367980,桜ヶ丘ミュージアム
2492,明治神宮宝物殿,東京都,宝物館,4.0,56,宝物館,Tokyo Station,6.3,0.70,0.8000,0.3391,0.4439,0.6061,http://commons.wikimedia.org/wiki/Special:FilePath/Meiji-jingu-houmotsuden.jpg,35.6799520,139.6977700,Q133288913,明治神宮 宝物殿
3334,仙北市立角館樺細工伝承館,秋田縣,工藝博物館,4.0,211,工藝博物館,Akita Station,39.1,0.70,0.8000,0.4492,0.1133,0.6061,http://commons.wikimedia.org/wiki/Special:FilePath/Kakunodate%20Cherry%20Bark%20Handicrafts%20Denshokan%20Hall.jpg,39.5998889,140.5610000,Q98206589,仙北市立 角館樺細工伝承館
3896,高知県立埋蔵文化財センター,高知縣,埋藏文化財中心,4.0,76,埋藏文化財中心,Kochi Station,8.6,0.70,0.8000,0.3643,0.3684,0.6061,http://commons.wikimedia.org/wiki/Special:FilePath/Kochi%20Prefecture%20Archaeological%20Center.jpg,33.5716944,133.6356944,Q117035824,高知県立埋蔵文化財センター
636,福島町青函トンネル記念館,北海道,科技博物館,3.8,566,科技博物館,Sapporo Station,197.8,0.70,0.7600,0.5317,0.0247,0.6060,http://commons.wikimedia.org/wiki/Special:FilePath/Seikan%20Tunnel%20Museum%20of%20Fukushima%20Town.jpg,41.4852500,140.2546390,Q11593178,福島町 青函トンネル記念館
547,市立小樽美術館,北海道,美術館,4.0,191,美術館,Sapporo Station,31.8,0.70,0.8000,0.4409,0.1357,0.6058,http://commons.wikimedia.org/wiki/Special:FilePath/Otaru%20City%20Museum%20Branch01s5.jpg,43.1967780,140.9998330,Q11462169,市立小樽美術館
8,二見浦,三重縣,岸,4.5,40,岸,Tsu Station,35.7,0.70,0.9000,0.3114,0.1230,0.6057,http://commons.wikimedia.org/wiki/Special:FilePath/Meotoiwa.jpg,34.5096280,136.7885360,Q11371796,二見浦
542,川村カ子トアイヌ記念館,北海道,アイヌ博物館,3.9,376,アイヌ博物館,Sapporo Station,113.2,0.70,0.7800,0.4975,0.0423,0.6055,,43.7872750,142.3435390,Q11478739,川村カ子トアイヌ記念館
2258,彌彦神社宝物殿,新潟縣,宝物館,4.4,51,宝物館,Niigata Station,30.7,0.70,0.8800,0.3314,0.1400,0.6054,,37.7065230,138.8280700,Q104708819,宝物殿
3683,二ツ森貝塚館,青森縣,考古博物館,4.2,111,考古博物館,Aomori Station,41.8,0.70,0.8400,0.3957,0.1068,0.6054,http://commons.wikimedia.org/wiki/Special:FilePath/Futatsumori%20Shell%20Midden%20Museum%2003.jpg,40.7486140,141.2199660,Q132390958,二ツ森貝塚館
3298,法國寺会津別院（会津村）,福島縣,佛寺,3.8,422,佛寺,Fukushima Station,49.9,0.70,0.7600,0.5072,0.0911,0.6053,http://commons.wikimedia.org/wiki/Special:FilePath/Aizu%20Kannon%20and%20Three-storied%20Pagoda%2815624662648%29.jpg,37.5541389,139.9523611,Q65248685,祈りの里会津村
3378,多胡碑記念館,群馬縣,博物館,4.1,85,博物館,Maebashi Station,14.8,0.70,0.8200,0.3736,0.2528,0.6053,http://commons.wikimedia.org/wiki/Special:FilePath/%E5%A4%9A%E8%83%A1%E7%A2%91%E8%A8%98%E5%BF%B5%E9%A4%A8.JPG,36.2652850,138.9969000,Q104696827,多胡碑記念館
3959,奄美市立奄美博物館,鹿兒島縣,博物館,4.0,304,博物館,Kagoshima-Chuo Station,368.3,0.70,0.8000,0.4797,0.0134,0.6053,http://commons.wikimedia.org/wiki/Special:FilePath/Amami%20Museum%20by%20countermeasures%20COVID-19%28attention%20sign%20board%29.jpg,28.3981700,129.4944960,Q127416248,奄美市立奄美博物館
1734,舊釜石礦山事務所,岩手縣,历史建筑,4.3,93,历史建筑,Morioka Station,67.8,0.70,0.8600,0.3810,0.0687,0.6052,http://commons.wikimedia.org/wiki/Special:FilePath/Kamaishi%20Kozan%20Office.jpg,39.2861110,141.7148060,Q60987381,釜石鉱山展示室Teson
2334,したまちミュージアム,東京都,民俗博物館,4.1,20,民俗博物館,Tokyo Station,3.3,0.70,0.8200,0.2553,0.6051,0.6051,http://commons.wikimedia.org/wiki/Special:FilePath/Shitamachi-museum-ueno-japan.jpg,35.7102000,139.7726000,Q3915464,したまちミュージアム
3229,直方谷尾美術館,福岡縣,美術館,4.0,189,美術館,Hakata Station,33.2,0.70,0.8000,0.4401,0.1310,0.6051,http://commons.wikimedia.org/wiki/Special:FilePath/Nogata%20Tanio%20Art%20Museum.jpg,33.7432500,130.7284444,Q11581782,直方谷尾美術館
367,糸井の大カツラ,兵庫縣,巨樹,4.5,51,巨樹,Kobe Station,84.7,0.70,0.9000,0.3314,0.0557,0.6050,http://commons.wikimedia.org/wiki/Special:FilePath/Itoi-no-Okatsura%20L.jpg,35.4117222,134.9207778,Q56605236,糸井の大カツラ
1111,水平社博物館,奈良縣,博物館,3.9,225,博物館,Nara Station,25.0,0.70,0.7800,0.4546,0.1665,0.6050,http://commons.wikimedia.org/wiki/Special:FilePath/%E6%B0%B4%E5%B9%B3%E7%A4%BE%E5%8D%9A%E7%89%A9%E9%A4%A8%202012.6.14%20-%20panoramio.jpg,34.4603840,135.7612200,Q104721805,水平社博物館
2174,田原市博物館,愛知縣,市立博物館,3.9,329,市立博物館,Nagoya Station,65.6,0.70,0.7800,0.4864,0.0708,0.6050,http://commons.wikimedia.org/wiki/Special:FilePath/Tahara%20Municipal%20Museum%20-%20Entrance2.jpg,34.6736310,137.2689830,Q11576253,田原市博物館
1105,東洋民俗博物館,奈良縣,民俗博物館,4.1,37,民俗博物館,Nara Station,6.0,0.70,0.8200,0.3051,0.4540,0.6049,,34.6996890,135.7573120,Q104721812,東洋民俗博物館〈事前予約制〉
3472,ドロ神父記念館,長崎縣,纪念博物馆,4.2,72,纪念博物馆,Nagasaki Station,18.9,0.70,0.8400,0.3598,0.2095,0.6049,,32.8439444,129.7009167,Q107323093,外海歴史民俗資料館
3486,外海歴史民俗資料館,長崎縣,博物館,4.2,72,博物館,Nagasaki Station,18.9,0.70,0.8400,0.3598,0.2092,0.6049,http://commons.wikimedia.org/wiki/Special:FilePath/%E5%A4%96%E6%B5%B7%E6%AD%B4%E5%8F%B2%E6%B0%91%E4%BF%97%E8%B3%87%E6%96%99%E9%A4%A8%2001.jpg,32.8427280,129.6996600,Q123517238,外海歴史民俗資料館
3685,八戸市博物館,青森縣,市立博物館,4.1,177,市立博物館,Aomori Station,71.1,0.70,0.8200,0.4346,0.0657,0.6049,http://commons.wikimedia.org/wiki/Special:FilePath/Hachinohe-city-museum.jpg,40.5085250,141.4644028,Q11391164,八戸市博物館
3723,Marine Spa熱海,靜岡縣,游泳館,3.6,847,游泳館,Shizuoka Station,63.8,0.70,0.7200,0.5655,0.0726,0.6049,http://commons.wikimedia.org/wiki/Special:FilePath/Marine%20Spa%20Atami.jpg,35.0909350,139.0747500,Q65242677,マリンスパあたみ
3792,熱海山口美術館,靜岡縣,美術館,3.6,847,美術館,Shizuoka Station,63.8,0.70,0.7200,0.5655,0.0727,0.6049,http://commons.wikimedia.org/wiki/Special:FilePath/%E7%86%B1%E6%B5%B7%E5%B1%B1%E5%8F%A3%E7%BE%8E%E8%A1%93%E9%A4%A8%20%E5%A4%96%E8%A6%B3%E6%B2%B3%E7%AB%A5.jpg,35.0931237,139.0736591,Q107287118,マリンスパあたみ
510,地図と鉱石の山の手博物館,北海道,地図博物館,3.9,63,地図博物館,Sapporo Station,5.4,0.70,0.7800,0.3488,0.4821,0.6048,,43.0710690,141.2847440,Q123125257,地図と鉱石の山の手博物館
1501,多治見市美濃焼ミュージアム,岐阜縣,陶瓷博物館,3.9,268,陶瓷博物館,Gifu Station,36.4,0.70,0.7800,0.4692,0.1208,0.6048,,35.3408030,137.1489280,Q11471861,多治見市美濃焼ミュージアム
1762,今井美術館,島根縣,美術館,4.1,184,美術館,Matsue Station,87.1,0.70,0.8200,0.4378,0.0543,0.6048,,34.9546040,132.3349750,Q132396679,今井美術館
2195,菓子之城,愛知縣,主題公園,3.4,920,主題公園,Nagoya Station,18.7,0.70,0.6800,0.5724,0.2106,0.6048,http://commons.wikimedia.org/wiki/Special:FilePath/The%20Sweet%20Castle%20in%20Aichi.JPG,35.3332330,136.9372440,Q11263435,お菓子の城
840,両神温泉,埼玉縣,温泉镇,3.9,317,温泉镇,Omiya Station,59.5,0.70,0.7800,0.4832,0.0775,0.6047,,36.0077778,138.9750000,Q108551984,日帰り温泉 両神温泉 薬師の湯
2701,小杉放菴記念日光美術館,栃木縣,人物紀念館,4.0,188,人物紀念館,Utsunomiya Station,34.0,0.70,0.8000,0.4396,0.1281,0.6047,http://commons.wikimedia.org/wiki/Special:FilePath/250726%20Kosugi%20Hoan%20Museum%20of%20Art%2C%20Nikko%20Japan01s3.jpg,36.7548800,139.6054400,Q109358586,小杉放菴記念日光美術館
3437,上高津貝塚ふるさと歴史の広場,茨城縣,考古博物館,4.1,150,考古博物館,Mito Station,42.9,0.70,0.8200,0.4208,0.1044,0.6047,http://commons.wikimedia.org/wiki/Special:FilePath/KamitakatsuKaizuka.jpg,36.0767222,140.1663056,Q65248041,上高津貝塚ふるさと歴史の広場
3631,田淵行男記念館,長野縣,人物紀念館,4.1,151,人物紀念館,Nagano Station,43.5,0.70,0.8200,0.4213,0.1030,0.6047,http://commons.wikimedia.org/wiki/Special:FilePath/%E7%94%B0%E6%B7%B5%E8%A1%8C%E7%94%B7%E8%A8%98%E5%BF%B5%E9%A4%A8%E5%85%A8%E5%AE%B9P8149156.jpg,36.3255556,137.9039722,Q11577117,田淵行男記念館
109,加悅SL廣場,京都府,鉄道公園,3.9,342,鉄道公園,Kyoto Station,81.8,0.70,0.7800,0.4896,0.0576,0.6046,http://commons.wikimedia.org/wiki/Special:FilePath/%E5%8A%A0%E6%82%A6SL%E5%BA%83%E5%A0%B4%20%E9%A7%85%E8%88%8E%20%E5%B1%95%E7%A4%BA%E5%AE%A42.jpg,35.4814170,135.0928060,Q11398627,加悦SL広場
3129,みなとつるが山車会館,福井縣,山車会館,4.2,112,山車会館,Fukui Station,47.2,0.70,0.8400,0.3965,0.0959,0.6045,http://commons.wikimedia.org/wiki/Special:FilePath/Minato%20Tsuruga%20yama%20hall01s3200.jpg,35.6568060,136.0688890,Q11279138,みなとつるが山車会館
3139,旧大和田銀行本店本館,福井縣,市立博物館,4.2,112,市立博物館,Fukui Station,47.2,0.70,0.8400,0.3965,0.0958,0.6045,http://commons.wikimedia.org/wiki/Special:FilePath/Tsuruga%20Municipal%20Museum%20ac%20%281%29.jpg,35.6565000,136.0687500,Q11499542,みなとつるが山車会館
228,丹波篠山市立歴史美術館,兵庫縣,美術館,3.9,285,美術館,Kobe Station,44.4,0.70,0.7800,0.4743,0.1012,0.6044,http://commons.wikimedia.org/wiki/Special:FilePath/Sasayama%20Municipal%20Museum%20of%20History05st3200.jpg,35.0771944,135.2198889,Q11603687,丹波篠山市立歴史美術館（旧篠山地方裁判所）
1269,下関市立美術館,山口縣,美術館,3.9,295,美術館,Yamaguchi Station,49.4,0.70,0.7800,0.4772,0.0919,0.6044,http://commons.wikimedia.org/wiki/Special:FilePath/Shimonoseki%20Municipal%20Art%20Museum.jpg,33.9897380,130.9908120,Q97342261,下関市立美術館
3591,小諸高原美術館,長野縣,美術館,4.1,143,美術館,Nagano Station,39.2,0.70,0.8200,0.4168,0.1132,0.6044,http://commons.wikimedia.org/wiki/Special:FilePath/%E5%B8%82%E7%AB%8B%E5%B0%8F%E8%AB%B8%E9%AB%98%E5%8E%9F%E7%BE%8E%E8%A1%93%E9%A4%A8%E3%83%BB%E7%99%BD%E9%B3%A5%E6%98%A0%E9%9B%AA%E9%A4%A8.jpg,36.3439700,138.4204000,Q85879727,小諸高原美術館
1063,関西大学博物館,大阪府,大學博物館,4.1,49,大學博物館,Osaka Station,8.2,0.70,0.8200,0.3281,0.3786,0.6043,http://commons.wikimedia.org/wiki/Special:FilePath/KANSAI%20UNIVERSITY%20MUSEUM.jpg,34.7753060,135.5105830,Q11656297,関西大学博物館
1678,真庭市蒜山ミュージアム,岡山縣,博物館,4.2,126,博物館,Okayama Station,74.1,0.70,0.8400,0.4063,0.0632,0.6042,,35.2916140,133.6370160,Q132618778,真庭市蒜山ミュージアム
1917,徳島ガラススタジオ,德島縣,博物館,4.1,36,博物館,Tokushima Station,6.0,0.70,0.8200,0.3028,0.4532,0.6042,http://commons.wikimedia.org/wiki/Special:FilePath/Tokushima%20glass%20studio.jpg,34.0200560,134.5550000,Q11489637,徳島ガラススタジオ
2930,和倉温泉お祭り会館,石川縣,山車会館,4.0,228,山車会館,Kanazawa Station,61.5,0.70,0.8000,0.4557,0.0752,0.6042,,37.0865833,136.9187500,Q97274614,和倉温泉お祭り会館
2937,小松市立ポッポ汽車展示館,石川縣,鐵路博物館,4.1,132,鐵路博物館,Kanazawa Station,32.9,0.70,0.8200,0.4101,0.1320,0.6042,http://commons.wikimedia.org/wiki/Special:FilePath/%E3%83%9D%E3%83%83%E3%83%9D%E6%B1%BD%E8%BB%8A%E5%B1%95%E7%A4%BA%E9%A4%A8.jpg,36.2965560,136.5361390,Q11461140,ポッポ汽車展示館
679,SGT美術館,千葉縣,美術館,4.4,60,美術館,Chiba Station,52.6,0.70,0.8800,0.3448,0.0869,0.6041,http://commons.wikimedia.org/wiki/Special:FilePath/SGK%20Museum%20Japan%20aerial%20photo%202016.jpg,35.1576111,140.2668056,Q28684004,SGT美術館
156,舞鶴市政記念館,京都府,歷史博物館,3.6,819,歷史博物館,Kyoto Station,64.1,0.70,0.7200,0.5627,0.0724,0.6040,http://commons.wikimedia.org/wiki/Special:FilePath/Maizuru%20Commemoration%20hall.jpg,35.4746670,135.3854440,Q11613699,赤れんが2号棟 舞鶴市政記念館 (旧舞鶴海軍兵器廠予備艦兵器庫)
433,ピリカ旧石器文化館,北海道,考古博物館,4.3,99,考古博物館,Sapporo Station,114.5,0.70,0.8600,0.3862,0.0418,0.6040,,42.4772100,140.2018315,Q132223826,ピリカ旧石器文化館
544,市立函館博物館,北海道,市立博物館,4.0,269,市立博物館,Sapporo Station,155.0,0.70,0.8000,0.4695,0.0312,0.6040,http://commons.wikimedia.org/wiki/Special:FilePath/Hakodate%20City%20Museum%20in%20May%202024.jpg,41.7559440,140.7146390,Q11480647,市立函館博物館
2182,碧南市藤井達吉現代美術館,愛知縣,現代美術館,3.8,348,現代美術館,Nagoya Station,34.3,0.70,0.7600,0.4910,0.1272,0.6040,http://commons.wikimedia.org/wiki/Special:FilePath/Hekinan%20City%20Tatsukichi%20Fujii%20Museum%20of%20Contemporary%20Art%20ac.jpg,34.8733720,136.9817920,Q11587773,碧南市藤井達吉現代美術館
2257,巻菱湖記念時代館,新潟縣,書法美術館,4.7,3,書法美術館,Niigata Station,4.4,0.70,0.9400,0.1163,0.5310,0.6040,,37.9312140,139.1059300,Q104708784,巻菱湖記念時代館
2789,沖縄県立埋蔵文化財センター,沖繩縣,埋藏文化財中心,4.2,37,埋藏文化財中心,Naha Bus Terminal,8.7,0.70,0.8400,0.3051,0.3646,0.6040,http://commons.wikimedia.org/wiki/Special:FilePath/Okinawa%20Prefecture%20Archaeological%20Center.JPG,26.2433300,127.7595180,Q123263237,沖縄県立埋蔵文化財センター
3964,屋久島世界遺産センター,鹿兒島縣,遊客中心,4.3,102,遊客中心,Kagoshima-Chuo Station,142.0,0.70,0.8600,0.3887,0.0340,0.6040,http://commons.wikimedia.org/wiki/Special:FilePath/Yakushima%20World%20Heritage%20Centre.jpg,30.3087810,130.6316240,Q127416300,屋久島世界遺産センター
3287,奥会津博物館,福島縣,博物館,4.2,131,博物館,Fukushima Station,94.0,0.70,0.8400,0.4095,0.0505,0.6039,http://commons.wikimedia.org/wiki/Special:FilePath/Old%20Otake-ke%20house.JPG,37.1461110,139.7202780,Q11445606,奥会津博物館
3698,弘前市立博物館,青森縣,市立博物館,3.9,250,市立博物館,Aomori Station,33.8,0.70,0.7800,0.4634,0.1289,0.6039,http://commons.wikimedia.org/wiki/Special:FilePath/191207%20Hirosaki%20City%20Museum%20Hirosaki%20Aomori%20pref%20Japan01s.jpg,40.6053280,140.4625580,Q28154389,弘前市立博物館
809,熊野那智大社宝物殿,和歌山縣,宝物館,4.3,94,宝物館,Wakayama Station,89.9,0.70,0.8600,0.3819,0.0527,0.6038,http://commons.wikimedia.org/wiki/Special:FilePath/Kumano-Nachi-shrine003.JPG,33.6684490,135.8902210,Q133288792,宝物殿
1682,総社市まちかど郷土館,岡山縣,博物館,4.1,81,博物館,Okayama Station,15.0,0.70,0.8200,0.3696,0.2495,0.6038,http://commons.wikimedia.org/wiki/Special:FilePath/%E3%81%BE%E3%81%A1%E3%81%8B%E3%81%A9%E9%83%B7%E5%9C%9F%E9%A4%A81.jpg,34.6755000,133.7545278,Q48763952,総社市 まちかど郷土館
3343,後三年合戦金沢資料館,秋田縣,歷史博物館,4.1,156,歷史博物館,Akita Station,53.6,0.70,0.8200,0.4241,0.0854,0.6038,http://commons.wikimedia.org/wiki/Special:FilePath/Yokote%20Municipal%20Museum%20for%20the%20battle%20of%20Gosannen.jpg,39.3744167,140.5695556,Q104696379,後三年合戦金沢資料館
1541,戦国山城ミュージアム,岐阜縣,軍事博物館,3.8,328,軍事博物館,Gifu Station,31.0,0.70,0.7600,0.4861,0.1390,0.6037,http://commons.wikimedia.org/wiki/Special:FilePath/Sengoku%20yamajiro%20museum.jpg,35.4574880,137.0930580,Q104710272,戦国山城ミュージアム
2565,民主主義博物館,東京都,博物館,4.6,14,博物館,Tokyo Station,13.2,0.70,0.9200,0.2271,0.2755,0.6037,,35.5906489,139.6734791,Q135085261,民主主義博物館
853,埼玉市立浦和博物館,埼玉縣,博物館,3.8,79,博物館,Omiya Station,5.1,0.70,0.7600,0.3675,0.4934,0.6036,http://commons.wikimedia.org/wiki/Special:FilePath/Saitama%20Municipal%20Urawa%20Museum%202011.jpg,35.8905280,139.6776110,Q11248600,さいたま市立浦和博物館
890,浦和市立郷土博物館,埼玉縣,博物館,3.8,79,博物館,Omiya Station,5.1,0.70,0.7600,0.3675,0.4934,0.6036,http://commons.wikimedia.org/wiki/Special:FilePath/Saitama%20Municipal%20Urawa%20Museum%202011.jpg,35.8905280,139.6776110,Q107056127,さいたま市立浦和博物館
1615,やかげ郷土美術館,岡山縣,美術館,3.9,236,美術館,Okayama Station,30.6,0.70,0.7800,0.4586,0.1403,0.6036,,34.6250100,133.5876300,Q121362612,やかげ郷土美術館
3593,山ノ内町立志賀高原ロマン美術館,長野縣,美術館,4.0,153,美術館,Nagano Station,24.7,0.70,0.8000,0.4224,0.1686,0.6036,,36.7279030,138.4442070,Q133288742,山ノ内町立志賀高原ロマン美術館
3795,米山梅吉記念館,靜岡縣,纪念博物馆,4.3,80,纪念博物馆,Shizuoka Station,50.6,0.70,0.8600,0.3685,0.0900,0.6036,,35.1413760,138.9041100,Q123516300,米山梅吉記念館
405,DENZAI環境科学館,北海道,科學博物館,4.1,176,科學博物館,Sapporo Station,89.5,0.70,0.8200,0.4341,0.0529,0.6035,,42.3133900,140.9739160,Q123126971,えみらん DENZAI環境科学館
524,室蘭市民俗資料館,北海道,市立博物館,4.2,126,市立博物館,Sapporo Station,84.4,0.70,0.8400,0.4063,0.0559,0.6035,,42.3689290,140.9509800,Q123126930,室蘭市民俗資料館 とんてん館
525,室蘭市青少年科学館,北海道,科學博物館,4.1,176,科學博物館,Sapporo Station,89.4,0.70,0.8200,0.4341,0.0530,0.6035,http://commons.wikimedia.org/wiki/Special:FilePath/%E5%AE%A4%E8%98%AD%E5%B8%82%E9%9D%92%E5%B0%91%E5%B9%B4%E7%A7%91%E5%AD%A6%E9%A4%A8.jpg,42.3141670,140.9736390,Q11453087,えみらん DENZAI環境科学館
945,日田市立博物館,大分縣,市立博物館,4.3,85,市立博物館,Oita Station,62.7,0.70,0.8600,0.3736,0.0739,0.6035,,33.3260556,130.9418611,Q28688543,日田市立博物館
2705,日光二荒山神社宝物館,栃木縣,宝物館,4.1,142,宝物館,Utsunomiya Station,41.9,0.70,0.8200,0.4162,0.1067,0.6035,,36.7416610,139.4879290,Q135977418,二荒山神社中宮祠 宝物館
3007,厚木市兒童科學館,神奈川縣,科學博物館,3.9,204,科學博物館,Yokohama Station,23.4,0.70,0.7800,0.4464,0.1762,0.6035,http://commons.wikimedia.org/wiki/Special:FilePath/Atsugi%20city%20plaza%2020161002.jpg,35.4410810,139.3664100,Q11409250,神奈川工科大学厚木市子ども科学館 (コスモシアター)
1303,日本ハワイ移民資料館,山口縣,博物館,4.1,166,博物館,Yamaguchi Station,72.0,0.70,0.8200,0.4292,0.0649,0.6033,http://commons.wikimedia.org/wiki/Special:FilePath/%E6%97%A5%E6%9C%AC%E3%83%8F%E3%83%AF%E3%82%A4%E7%A7%BB%E6%B0%91%E8%B3%87%E6%96%99%E9%A4%A8.JPG,33.9212400,132.2000800,Q11506736,日本ハワイ移民資料館
486,北海道立釧路藝術館,北海道,都道府县立博物馆,4.0,272,都道府县立博物馆,Sapporo Station,246.4,0.70,0.8000,0.4704,0.0199,0.6031,http://commons.wikimedia.org/wiki/Special:FilePath/Kushiro%20Art%20Museum%20Hokkaido%20Japan01s5.jpg,42.9827220,144.3798060,Q11402997,北海道立釧路芸術館
527,宮島沼水鳥・湿地センター,北海道,自然中心,4.1,139,自然中心,Sapporo Station,41.4,0.70,0.8200,0.4144,0.1078,0.6031,http://commons.wikimedia.org/wiki/Special:FilePath/Bibai%20Miyajimanuma%20Waterbird%20%26%20Wetlands%20Center%20001.jpg,43.3290430,141.7157950,Q132160153,環境省 宮島沼水鳥・湿地センター
718,塚本美術館,千葉縣,美術館,4.1,81,美術館,Chiba Station,15.7,0.70,0.8200,0.3696,0.2419,0.6031,http://commons.wikimedia.org/wiki/Special:FilePath/Tsukamoto%20museum%2001.jpg,35.7187890,140.2283040,Q131150089,塚本美術館
2049,ガスエネルギー館,愛知縣,科學博物館,3.8,174,科學博物館,Nagoya Station,12.2,0.70,0.7600,0.4332,0.2913,0.6031,,35.0622860,136.8973420,Q11295940,東邦ガス ガスエネルギー館
2984,魯山人寓居跡 いろは草庵,石川縣,博物館,4.0,191,博物館,Kanazawa Station,41.3,0.70,0.8000,0.4409,0.1081,0.6031,,36.2879338,136.3606344,Q136486637,魯山人寓居跡 いろは草庵
432,ピアソン記念館,北海道,历史房屋博物馆,4.1,194,历史房屋博物馆,Sapporo Station,220.6,0.70,0.8200,0.4422,0.0222,0.6029,http://commons.wikimedia.org/wiki/Special:FilePath/Pierson%20museum.jpg,43.8064722,143.8868889,Q11331252,ピアソン記念館
3618,梅野記念絵画館・ふれあい館,長野縣,美術館,4.2,96,美術館,Nagano Station,37.4,0.70,0.8400,0.3837,0.1178,0.6029,http://commons.wikimedia.org/wiki/Special:FilePath/Umeno%20Memorial%20Picture%20Gallery%20%C2%B7%20Fureai%20Hall%203.jpg,36.3238042,138.3221613,Q64416043,梅野記念絵画館・ふれあい館
3766,杉桙別命神社の大クス,靜岡縣,神木,4.6,31,神木,Shizuoka Station,59.9,0.70,0.9200,0.2907,0.0771,0.6029,http://commons.wikimedia.org/wiki/Special:FilePath/Cinnamomum%20camphora%2020100601%20%28Kawazu%29%20%28A1%29.jpg,34.7542500,138.9890556,Q60577358,杉鉾別命神社の大クス
3784,濱松市博物館,靜岡縣,市立博物館,3.9,307,市立博物館,Shizuoka Station,68.9,0.70,0.7800,0.4806,0.0677,0.6029,http://commons.wikimedia.org/wiki/Special:FilePath/Hamamatsu%20City%20Museum.jpg,34.7125833,137.7035833,Q17220609,浜松市博物館
3381,天一美術館,群馬縣,美術館,4.2,104,美術館,Maebashi Station,46.4,0.70,0.8400,0.3903,0.0972,0.6028,http://commons.wikimedia.org/wiki/Special:FilePath/Ten-ichi%20Museum.JPG,36.7902222,138.9548611,Q21653680,天一美術館
3611,松本市歷史之里,長野縣,戶外博物館,4.1,148,戶外博物館,Nagano Station,51.1,0.70,0.8200,0.4197,0.0891,0.6028,http://commons.wikimedia.org/wiki/Special:FilePath/Former%20Matsumoto%20Branch%20Courthouse.JPG,36.2314900,137.9337880,Q11531033,松本市歴史の里
554,恵庭市郷土資料館,北海道,地方文化館,4.0,155,地方文化館,Sapporo Station,26.9,0.70,0.8000,0.4235,0.1566,0.6027,http://commons.wikimedia.org/wiki/Special:FilePath/EniwaMuseumCropped.jpg,42.9091670,141.5997500,Q17219401,恵庭市郷土資料館
3159,若州一滴文庫,福井縣,文學館,4.3,89,文學館,Fukui Station,86.6,0.70,0.8600,0.3774,0.0546,0.6027,http://commons.wikimedia.org/wiki/Special:FilePath/150725%20Jakushu%20Itteki-bunko%20Ooi%20Fukui%20pref%20Japan01s3.jpg,35.4646389,135.6073889,Q21015404,若州一滴文庫
44,神宮美術館,三重縣,美術館,4.1,125,美術館,Tsu Station,33.7,0.70,0.8200,0.4056,0.1291,0.6026,http://commons.wikimedia.org/wiki/Special:FilePath/%E5%BC%8F%E5%B9%B4%E9%81%B7%E5%AE%AE%E8%A8%98%E5%BF%B5%E7%A5%9E%E5%AE%AE%E7%BE%8E%E8%A1%93%E9%A4%A8.jpg,34.4866810,136.7235100,Q137775892,神宮美術館
266,奧藤酒造鄉土館,兵庫縣,地方文化館,4.0,219,地方文化館,Kobe Station,69.0,0.70,0.8000,0.4523,0.0676,0.6025,http://commons.wikimedia.org/wiki/Special:FilePath/Okutoke%20Sakoshi%20Ako%20Hyogo03bs1950.jpg,34.7666940,134.4306110,Q11446112,奥藤酒造郷土館
857,埼玉県立嵐山史跡の博物館,埼玉縣,歷史博物館,3.7,428,歷史博物館,Omiya Station,30.7,0.70,0.7400,0.5084,0.1400,0.6025,http://commons.wikimedia.org/wiki/Special:FilePath/Historical%20Museum%20of%20Ranzan%2001.JPG,36.0368610,139.3234170,Q11426656,埼玉県立嵐山史跡の博物館
1818,石見銀山資料館,島根縣,歷史博物館,3.7,569,歷史博物館,Matsue Station,67.6,0.70,0.7400,0.5322,0.0689,0.6025,http://commons.wikimedia.org/wiki/Special:FilePath/180505%20Iwami%20Ginzan%20Silver%20Mine%20Museum%20Oda%20Shimane%20pref%20Japan01s3.jpg,35.1220556,132.4478333,Q55530176,石見銀山資料館(いも代官ミュージアム)
2079,刈谷市鄉土資料館,愛知縣,博物館,4.2,73,博物館,Nagoya Station,22.5,0.70,0.8400,0.3610,0.1819,0.6025,http://commons.wikimedia.org/wiki/Special:FilePath/Kariya%20city%20museum%20of%20local%20history-c.JPG,34.9878330,136.9863890,Q17226430,刈谷市郷土資料館
3382,太田市立新田莊歷史資料館,群馬縣,歷史博物館,3.9,192,歷史博物館,Maebashi Station,22.7,0.70,0.7800,0.4414,0.1807,0.6025,http://commons.wikimedia.org/wiki/Special:FilePath/Ota%20Gunma%20Ota%20City%20Nittanosho%20History%20Museum%201.JPG,36.2608330,139.2747780,Q11444234,新田荘歴史資料館
866,塙保己一記念館,埼玉縣,人物紀念館,4.1,149,人物紀念館,Omiya Station,54.7,0.70,0.8200,0.4202,0.0838,0.6024,http://commons.wikimedia.org/wiki/Special:FilePath/Aspia%20Kodama2.jpg,36.1909306,139.1283833,Q21654210,本庄市立 塙保己一記念館
1738,詩歌文學館賞,岩手縣,文學館,4.1,140,文學館,Morioka Station,45.5,0.70,0.8200,0.4150,0.0990,0.6024,http://commons.wikimedia.org/wiki/Special:FilePath/%E6%97%A5%E6%9C%AC%E7%8F%BE%E4%BB%A3%E8%A9%A9%E6%AD%8C%E6%96%87%E5%AD%A6%E9%A4%A8%20-%20panoramio.jpg,39.2929170,141.1144720,Q11508588,日本現代詩歌文学館
2302,長岡戦災資料館,新潟縣,博物館,4.1,149,博物館,Niigata Station,54.7,0.70,0.8200,0.4202,0.0837,0.6024,http://commons.wikimedia.org/wiki/Special:FilePath/Nagaoka%20War%20Damage%20Exhibit%20Hall.JPG,37.4486111,138.8525000,Q11652115,長岡戦災資料館
374,虚子記念文學館,兵庫縣,人物紀念館,4.2,47,人物紀念館,Kobe Station,12.3,0.70,0.8400,0.3247,0.2886,0.6023,http://commons.wikimedia.org/wiki/Special:FilePath/Takahama%20Kyoshi%20kinen%20bungakukan.JPG,34.7200000,135.3035830,Q11625331,虚子記念文学館
1149,伝統芸能伝承館森舞台,宮城縣,剧院博物馆,4.0,206,剧院博物馆,Sendai Station,56.3,0.70,0.8000,0.4472,0.0816,0.6023,http://commons.wikimedia.org/wiki/Special:FilePath/Moributai%2CTome.jpg,38.6594444,141.2802778,Q61058067,伝統芸能伝承館 森舞台（みやぎの明治村）
2582,清瀬市郷土博物館,東京都,民俗博物館,3.8,276,民俗博物館,Tokyo Station,24.8,0.70,0.7600,0.4717,0.1679,0.6023,,35.7797610,139.5209480,Q30644211,清瀬市郷土博物館
3394,旧花輪小学校記念館,群馬縣,纪念博物馆,4.2,79,纪念博物馆,Maebashi Station,26.2,0.70,0.8400,0.3675,0.1604,0.6023,http://commons.wikimedia.org/wiki/Special:FilePath/Former%20Hanawa%20elementary%20school%201.jpg,36.5222222,139.3088889,Q121118437,旧花輪小学校記念館
852,埼玉市立岩槻鄉土資料館,埼玉縣,地方文化館,3.9,80,地方文化館,Omiya Station,7.6,0.70,0.7800,0.3685,0.3965,0.6022,http://commons.wikimedia.org/wiki/Special:FilePath/Iwatsuki%20Local%20History%20Museum%2001.jpg,35.9454440,139.6935280,Q11267473,さいたま市岩槻郷土資料館
1469,ハートピア安八,岐阜縣,科學博物館,4.1,62,科學博物館,Gifu Station,11.7,0.70,0.8200,0.3475,0.2995,0.6022,http://commons.wikimedia.org/wiki/Special:FilePath/%E3%83%8F%E3%83%BC%E3%83%88%E3%83%94%E3%82%A2%E5%AE%89%E5%85%AB.jpg,35.3356110,136.6638890,Q11327239,ハートピア安八
2177,盛田昭夫塾,愛知縣,博物館,4.4,49,博物館,Nagoya Station,37.8,0.70,0.8800,0.3281,0.1169,0.6021,http://commons.wikimedia.org/wiki/Special:FilePath/Tokoname%20Akio%20Morita%20Library%20ac.jpg,34.8313889,136.8666667,Q131468158,盛田昭夫塾
2235,上越市立歴史博物館,新潟縣,歷史博物館,4.2,126,歷史博物館,Niigata Station,113.9,0.70,0.8400,0.4063,0.0420,0.6021,http://commons.wikimedia.org/wiki/Special:FilePath/Joetsu%20Municipal%20Museum.JPG,37.1116920,138.2551900,Q104708807,小林古径記念美術館
2237,上越市立総合博物館,新潟縣,市立博物館,4.2,126,市立博物館,Niigata Station,113.9,0.70,0.8400,0.4063,0.0420,0.6021,http://commons.wikimedia.org/wiki/Special:FilePath/Joetsu%20Municipal%20Museum.JPG,37.1117222,138.2551667,Q11360168,小林古径記念美術館
2256,小林古径記念美術館,新潟縣,人物紀念館,4.2,126,人物紀念館,Niigata Station,114.0,0.70,0.8400,0.4063,0.0420,0.6021,http://commons.wikimedia.org/wiki/Special:FilePath/Joetsu%20Municipal%20Museum.JPG,37.1106389,138.2549444,Q11461452,小林古径記念美術館
993,大東市立歴史民俗資料館,大阪府,博物館,4.1,69,博物館,Osaka Station,13.4,0.70,0.8200,0.3563,0.2712,0.6020,,34.7167800,135.6419000,Q21653416,大東市立歴史民俗資料館
1759,中村元記念館,島根縣,纪念博物馆,4.3,29,纪念博物馆,Matsue Station,10.4,0.70,0.8600,0.2852,0.3239,0.6020,http://commons.wikimedia.org/wiki/Special:FilePath/Nakamura%20Hajime%20Memorial%20Hall.jpg,35.4949170,133.1724440,Q11365325,中村元記念館
2321,Museum of Imaginary Narrative Arts,東京都,博物館,5.0,1,博物館,Tokyo Station,6.2,0.70,1.0000,0.0581,0.4457,0.6020,,35.6578990,139.7045140,Q137994122,Museum of Imaginary Narrative Arts
2755,上野德國文化村,沖繩縣,主題公園,3.5,1296,主題公園,Naha Bus Terminal,289.0,0.70,0.7000,0.6011,0.0170,0.6020,http://commons.wikimedia.org/wiki/Special:FilePath/Uenodoitsubunkamura.jpg,24.7193361,125.3226472,Q10947551,うえのドイツ文化村
3300,玉梨温泉,福島縣,温泉镇,4.0,228,温泉镇,Fukushima Station,88.7,0.70,0.8000,0.4557,0.0534,0.6020,,37.4215833,139.5446389,Q108070085,玉梨温泉 恵比寿屋
549,帶廣市兒童會館,北海道,公開天文台,4.0,247,公開天文台,Sapporo Station,150.4,0.70,0.8000,0.4624,0.0322,0.6019,http://commons.wikimedia.org/wiki/Special:FilePath/131012%20Obihiro%20Municipal%20Children%20Hall01s3.jpg,42.9052778,143.1861111,Q21652708,帯広市児童会館
1589,関市洞戸円空記念館,岐阜縣,彫刻美術館,4.2,81,彫刻美術館,Gifu Station,28.2,0.70,0.8400,0.3696,0.1505,0.6019,http://commons.wikimedia.org/wiki/Special:FilePath/Enku%20Kinenkan.JPG,35.6499670,136.8540360,Q11655767,洞戸円空記念館
1055,落語みゅーじあむ,大阪府,博物館,3.9,143,博物館,Osaka Station,15.2,0.70,0.7800,0.4168,0.2480,0.6018,http://commons.wikimedia.org/wiki/Special:FilePath/Rakugo%20museum%20%28Ikeda%2C%20Osaka%29.jpg,34.8258611,135.4251111,Q82736373,落語みゅーじあむ
1773,加茂岩倉遺跡ガイダンス,島根縣,考古博物館,4.3,48,考古博物館,Matsue Station,20.1,0.70,0.8600,0.3264,0.1991,0.6018,,35.3591910,132.8827980,Q104721892,加茂岩倉遺跡ガイダンス
2221,道風紀念館,愛知縣,人物紀念館,3.8,134,人物紀念館,Nagoya Station,9.6,0.70,0.7600,0.4114,0.3424,0.6017,http://commons.wikimedia.org/wiki/Special:FilePath/Tofu%20Memorial%20Museum.jpg,35.2203640,136.9681060,Q11641867,春日井市 道風記念館
3290,小峰城歴史館,福島縣,歷史博物館,4.1,156,歷史博物館,Fukushima Station,72.6,0.70,0.8200,0.4241,0.0644,0.6017,,37.1312950,140.2124770,Q104696512,小峰城歴史館
2164,瀨戶市新世紀工藝館,愛知縣,美術館,4.0,128,美術館,Nagoya Station,20.9,0.70,0.8000,0.4076,0.1929,0.6016,http://commons.wikimedia.org/wiki/Special:FilePath/Seto%20CGAC02.jpg,35.2247940,137.1021420,Q11566627,瀬戸市新世紀工芸館
3587,小諸市立小山敬三美術館,長野縣,人物紀念館,4.2,94,人物紀念館,Nagano Station,40.4,0.70,0.8400,0.3819,0.1101,0.6016,http://commons.wikimedia.org/wiki/Special:FilePath/Koyama%20Keizo%20Museum%20of%20Art%20Komoro%20Japan01s3.jpg,36.3281390,138.4149440,Q11463703,小諸市立小山敬三美術館
32,松阪市立歴史民俗資料館,三重縣,地方文化館,4.0,114,地方文化館,Tsu Station,17.6,0.70,0.8000,0.3979,0.2216,0.6015,http://commons.wikimedia.org/wiki/Special:FilePath/Matsusaka%20City%20Museum%20of%20History%20and%20Folklore%202024-04%20ac%20%281%29.jpg,34.5766000,136.5258611,Q28068664,松阪市立歴史民俗資料館
1535,市之倉さかづき美術館,岐阜縣,陶瓷博物館,3.9,233,陶瓷博物館,Gifu Station,35.7,0.70,0.7800,0.4575,0.1227,0.6015,http://commons.wikimedia.org/wiki/Special:FilePath/Ichinokura%20sakazuki%20art%20museum.jpg,35.3001390,137.1271360,Q11479985,市之倉さかづき美術館
2196,蒲郡市博物館,愛知縣,市立博物館,3.9,263,市立博物館,Nagoya Station,49.5,0.70,0.7800,0.4676,0.0918,0.6015,http://commons.wikimedia.org/wiki/Special:FilePath/Gamagori%20City%20Museum2.jpg,34.8224670,137.2193830,Q11621405,蒲郡市博物館
28,本居宣長記念館,三重縣,人物紀念館,4.0,114,人物紀念館,Tsu Station,17.7,0.70,0.8000,0.3979,0.2201,0.6014,http://commons.wikimedia.org/wiki/Special:FilePath/Motoori%20Norinaga%20Kinenkan.jpg,34.5751420,136.5254960,Q122658429,松阪市立歴史民俗資料館
1746,釜石市立鉄の歴史館,岩手縣,工业博物馆,3.8,414,工业博物馆,Morioka Station,81.8,0.70,0.7600,0.5056,0.0576,0.6014,http://commons.wikimedia.org/wiki/Special:FilePath/Museum%20Iron%20History%20%2C%20Kamaishi.jpg,39.2555000,141.8941389,Q55536221,釜石市立鉄の歴史館
793,和歌山县书道资料馆,和歌山縣,書法美術館,3.8,32,書法美術館,Wakayama Station,2.2,0.70,0.7600,0.2932,0.6924,0.6012,http://commons.wikimedia.org/wiki/Special:FilePath/Wakayama%20Pref%20Syodou%20Museum.JPG,34.2291110,135.1671940,Q11417414,和歌山県書道資料館
1524,岐阜現代美術館,岐阜縣,人物紀念館,4.1,69,人物紀念館,Gifu Station,14.0,0.70,0.8200,0.3563,0.2628,0.6012,http://commons.wikimedia.org/wiki/Special:FilePath/Gifu%20Collection%20of%20Modern%20Arts%2020220507%2001.jpg,35.4531640,136.9012920,Q11471417,岐阜現代美術館
3297,正雲寺会津美術館,福島縣,美術館,4.3,75,美術館,Fukushima Station,56.1,0.70,0.8600,0.3632,0.0819,0.6012,,37.4061944,139.9992222,Q11545719,正雲寺
1110,歴史に憩う橿原市博物館,奈良縣,市立博物館,4.0,132,市立博物館,Nara Station,22.8,0.70,0.8000,0.4101,0.1801,0.6011,http://commons.wikimedia.org/wiki/Special:FilePath/Kashihara%20city%20museum.jpg,34.4795400,135.7716120,Q123147199,歴史に憩う橿原市博物館
1969,五十崎凧博物館,愛媛縣,博物館,4.1,119,博物館,Matsuyama Station,34.6,0.70,0.8200,0.4015,0.1264,0.6011,http://commons.wikimedia.org/wiki/Special:FilePath/Ikazaki%20Kyte%20Museum1.JPG,33.5396860,132.6566030,Q11372066,五十崎凧博物館
2119,岡崎信用金庫資料館,愛知縣,博物館,4.2,87,博物館,Nagoya Station,35.2,0.70,0.8400,0.3755,0.1243,0.6011,http://commons.wikimedia.org/wiki/Special:FilePath/Okazaki%20Shinkin%20Bank%20Museum%201.jpg,34.9579250,137.1679417,Q38255004,岡崎信用金庫資料館(旧岡崎銀行本店)
471,北海道坂本龍馬記念館,北海道,人物紀念館,3.9,328,人物紀念館,Sapporo Station,154.1,0.70,0.7800,0.4861,0.0314,0.6010,http://commons.wikimedia.org/wiki/Special:FilePath/Hokkaido%20Sakamoto%20Ryoma%20Museum.jpg,41.7638420,140.7186390,Q11402650,北海道坂本龍馬記念館
497,千歳市埋蔵文化財センター,北海道,埋藏文化財中心,4.1,113,埋藏文化財中心,Sapporo Station,31.1,0.70,0.8200,0.3972,0.1386,0.6010,http://commons.wikimedia.org/wiki/Special:FilePath/Chitose%20City%20Archaeological%20Center.jpg,42.8872540,141.6412750,Q123272575,千歳市埋蔵文化財センター
3700,旧第五十九銀行本店本館,青森縣,银行建筑物,4.1,117,银行建筑物,Aomori Station,33.6,0.70,0.8200,0.4001,0.1294,0.6010,http://commons.wikimedia.org/wiki/Special:FilePath/Fifty-Ninth%20Bank%20Head%20Office%20Main%20Building%2020200921.jpg,40.6029170,140.4686110,Q11511115,旧第五十九銀行本店本館
118,大谷大学博物館,京都府,大學博物館,4.0,45,大學博物館,Kyoto Station,6.2,0.70,0.8000,0.3211,0.4453,0.6009,http://commons.wikimedia.org/wiki/Special:FilePath/Otani-Univ-03.jpg,35.0418110,135.7588540,Q21190901,大谷大学博物館
1053,茨木市立川端康成文学馆,大阪府,文學館,3.9,137,文學館,Osaka Station,15.1,0.70,0.7800,0.4132,0.2492,0.6009,http://commons.wikimedia.org/wiki/Special:FilePath/Kawabata%20yasunari%20museum01s1760.jpg,34.8231940,135.5708330,Q11617881,茨木市立 川端康成文学館
1070,中野美術館,奈良縣,美術館,4.0,43,美術館,Nara Station,5.9,0.70,0.8000,0.3174,0.4567,0.6009,http://commons.wikimedia.org/wiki/Special:FilePath/Nakano%20museum01bs3200.jpg,34.6942780,135.7559440,Q11367709,公益財団法人 中野美術館
2007,暁雨館,愛媛縣,博物館,4.4,55,博物館,Matsuyama Station,62.8,0.70,0.8800,0.3376,0.0737,0.6007,,33.9521010,133.4186690,Q123555439,暁雨館
2178,知多市歴史民俗博物館,愛知縣,民俗博物館,4.0,117,民俗博物館,Nagoya Station,19.1,0.70,0.8000,0.4001,0.2071,0.6007,http://commons.wikimedia.org/wiki/Special:FilePath/Chita%20Museum%20of%20History%20and%20Folklore.jpg,34.9991440,136.8680190,Q11584546,知多市歴史民俗博物館 ふゅうとりぃ・ちた
3228,田川市美術館,福岡縣,美術館,3.9,227,美術館,Hakata Station,36.2,0.70,0.7800,0.4553,0.1214,0.6007,http://commons.wikimedia.org/wiki/Special:FilePath/Tagawa-city%20culture%20area%20Tagawa%20Museum%20of%20Art%201.jpg,33.6439444,130.8062778,Q11576742,田川市美術館
1489,古今傳授之里博物館,岐阜縣,文學館,3.9,250,文學館,Gifu Station,47.3,0.70,0.7800,0.4634,0.0956,0.6006,http://commons.wikimedia.org/wiki/Special:FilePath/Kokin%20Denju%20no%20Sato%20Field%20Museum%20main001.JPG,35.8118000,136.9241110,Q11410886,古今伝授の里フィールドミュージアム
1697,一関市博物館,岩手縣,市立博物館,3.9,293,市立博物館,Morioka Station,84.3,0.70,0.7800,0.4767,0.0560,0.6006,http://commons.wikimedia.org/wiki/Special:FilePath/230727%20Ichinoseki%20City%20Museum%20Ichinoseki%20Iwate%20pref%20Japan02s3.jpg,38.9465560,141.0517500,Q11353256,一関市博物館
37,江戸川乱歩館,三重縣,文學館,4.1,125,文學館,Tsu Station,41.2,0.70,0.8200,0.4056,0.1083,0.6005,,34.4826667,136.8404444,Q124303122,江戸川乱歩館
3851,琴平海洋博物館（海の科学館）,香川縣,海事博物館,3.8,274,海事博物館,Takamatsu Station,27.8,0.70,0.7600,0.4711,0.1522,0.6005,http://commons.wikimedia.org/wiki/Special:FilePath/Uminokagakukan%2020191125%2001.jpg,34.1862590,133.8178450,Q123523249,こんぴら温泉 貸切湯の宿ことね
2175,甲冑ミュージアム,愛知縣,博物館,4.8,5,博物館,Nagoya Station,11.0,0.70,0.9600,0.1503,0.3129,0.6004,http://commons.wikimedia.org/wiki/Special:FilePath/NGO%20Minami%20Tangotori%20Armor%20Museum%2020220514-05.jpg,35.0791097,136.9259397,Q112032623,甲冑ミュージアム / 森松㈱
2716,栃木市立文学館,栃木縣,former town hall,4.0,135,former town hall,Utsunomiya Station,24.8,0.70,0.8000,0.4120,0.1677,0.6004,http://commons.wikimedia.org/wiki/Special:FilePath/Tochigi%20City%20Literature%20Museum%20November%202021.jpg,36.3814540,139.7311390,Q110191753,栃木市立文学館（旧栃木町役場庁舎）
3557,八ヶ岳美術館,長野縣,民俗博物館,4.0,206,民俗博物館,Nagano Station,75.5,0.70,0.8000,0.4472,0.0621,0.6004,http://commons.wikimedia.org/wiki/Special:FilePath/Yatsugatake%20Museum%20of%20Art.JPG,35.9680556,138.2768333,Q11390430,八ヶ岳美術館
3597,康耀堂美術館,長野縣,美術館,4.0,206,美術館,Nagano Station,75.5,0.70,0.8000,0.4472,0.0621,0.6004,,35.9680556,138.2768333,Q84468012,八ヶ岳美術館
398,鵯展望公園,兵庫縣,风景点,3.6,69,风景点,Kobe Station,2.6,0.70,0.7200,0.3563,0.6545,0.6003,,34.6869440,135.1506940,Q11276647,ひよどり展望公園
1552,横井照子ひなげし美術館,岐阜縣,美術館,4.7,20,美術館,Gifu Station,59.9,0.70,0.9400,0.2553,0.0770,0.6003,http://commons.wikimedia.org/wiki/Special:FilePath/Teruko%20Yokoi%20Hinageshi%20art%20Museum.jpg,35.4706389,137.4133611,Q17209461,横井照子ひなげし美術館
982,吹田市立博物館,大阪府,市立博物館,3.8,125,市立博物館,Osaka Station,9.5,0.70,0.7600,0.4056,0.3456,0.6002,http://commons.wikimedia.org/wiki/Special:FilePath/SuitaCityMuseum.JPG,34.7833610,135.5283890,Q11416534,吹田市立博物館
2252,塩沢つむぎ記念館,新潟縣,零售店,4.1,157,零售店,Niigata Station,98.6,0.70,0.8200,0.4246,0.0482,0.6002,http://commons.wikimedia.org/wiki/Special:FilePath/Shiozawa%20Tsumugi%20Pavilion.JPG,37.0410423,138.8497244,Q102442450,塩沢の織物と体験 織の戸 -Ori no To-
2435,大名時計博物館,東京都,時計博物館,3.5,156,時計博物館,Tokyo Station,4.5,0.70,0.7000,0.4241,0.5287,0.6001,http://commons.wikimedia.org/wiki/Special:FilePath/Daimy%C5%8Dtokei%20Museum02.jpg,35.7212800,139.7662000,Q10856362,大名時計博物館
1890,海上保安資料館,廣島縣,海事博物館,4.6,15,海事博物館,Hiroshima Station,17.5,0.70,0.9200,0.2325,0.2223,0.6000,,34.2462250,132.5270970,Q15229355,海上保安資料館
1268,下関市立歴史博物館,山口縣,歷史博物館,3.8,339,歷史博物館,Yamaguchi Station,49.7,0.70,0.7600,0.4889,0.0914,0.5998,http://commons.wikimedia.org/wiki/Special:FilePath/Shimonoseki%20Municipal%20Shimonoseki%20History%20Museum.jpg,33.9959320,130.9840320,Q104783688,下関市立歴史博物館
1273,下関市立長府博物館,山口縣,博物館,3.8,339,博物館,Yamaguchi Station,49.9,0.70,0.7600,0.4889,0.0911,0.5998,http://commons.wikimedia.org/wiki/Special:FilePath/Shimonoseki%20Chofu%20Museum.JPG,33.9954720,130.9822310,Q11361458,下関市立歴史博物館
1421,山梨いちごの王さまミュージアム,山梨縣,公司博物館,4.1,26,公司博物館,Kofu Station,5.2,0.70,0.8200,0.2764,0.4887,0.5998,,35.6768280,138.5116370,Q137770045,山梨いちごの王さまミュージアム サンリオ創業者 辻信太郎記念館
449,仙台藩白老元陣屋資料館,北海道,博物館,4.0,185,博物館,Sapporo Station,56.0,0.70,0.8000,0.4383,0.0820,0.5997,,42.5655280,141.3439450,Q104236413,仙台藩白老元陣屋資料館
1735,花巻新渡戸記念館,岩手縣,人物紀念館,3.8,294,人物紀念館,Morioka Station,34.7,0.70,0.7600,0.4769,0.1259,0.5997,,39.3900000,141.1611111,Q107437301,花巻新渡戸記念館
1950,阿波池田うだつの家・たばこ資料館,德島縣,博物館,4.2,103,博物館,Tokushima Station,68.5,0.70,0.8400,0.3895,0.0680,0.5997,http://commons.wikimedia.org/wiki/Special:FilePath/Awa-Ikeda%20Udatsu%20House%20omoya%20ac%20%281%29.jpg,34.0294722,133.8090278,Q62608804,阿波池田うだつの家・たばこ資料館
2125,平和公園アクアタワー,愛知縣,水塔,4.0,60,水塔,Nagoya Station,8.8,0.70,0.8000,0.3448,0.3623,0.5997,http://commons.wikimedia.org/wiki/Special:FilePath/Heiwa%20Park%20Aqua%20Tower%20s2.jpg,35.1781830,136.9779330,Q11482213,平和公園アクアタワー
150,福知山市児童科学館,京都府,科學博物館,4.3,74,科學博物館,Kyoto Station,67.2,0.70,0.8600,0.3621,0.0692,0.5996,,35.3122140,135.1363340,Q131431514,福知山市児童科学館
3386,嬬恋郷土資料館,群馬縣,地方文化館,4.0,176,地方文化館,Maebashi Station,49.2,0.70,0.8000,0.4341,0.0922,0.5995,http://commons.wikimedia.org/wiki/Special:FilePath/%E5%AC%AC%E6%81%8B%E9%83%B7%E5%9C%9F%E8%B3%87%E6%96%99%E9%A4%A8%281%29.jpg,36.5164750,138.5479778,Q11447811,嬬恋郷土資料館
927,別府アートミュージアム,大分縣,美術館,3.9,99,美術館,Oita Station,10.9,0.70,0.7800,0.3862,0.3151,0.5994,,33.2762500,131.5017778,Q55525428,別府アートミュージアム
2629,舊多摩聖蹟紀念館,東京都,历史建筑,4.0,139,历史建筑,Tokyo Station,28.1,0.70,0.8000,0.4144,0.1511,0.5994,http://commons.wikimedia.org/wiki/Special:FilePath/Former%20Tama%20Seiseki%20Memorial%20Hall.jpg,35.6380401,139.4606365,Q11511019,旧多摩聖蹟記念館
3017,女子美術大学美術館,神奈川縣,大学美术馆,4.2,64,大学美术馆,Yokohama Station,22.2,0.70,0.8400,0.3501,0.1841,0.5994,http://commons.wikimedia.org/wiki/Special:FilePath/Joshibi%20UNIV%2002.jpg,35.5281160,139.3899600,Q17216274,女子美アートミュージアム
1214,下山藝術之森發電所美術館,富山縣,美術館,4.0,156,美術館,Toyama Station,36.4,0.70,0.8000,0.4241,0.1208,0.5993,http://commons.wikimedia.org/wiki/Special:FilePath/Kokuto%20III%20power%20station%20and%20Nizayama%20Forest%20Art%20Museum%201.jpg,36.9071944,137.5308889,Q112107169,下山芸術の森 発電所美術館
2226,鳳来寺山自然科学博物館,愛知縣,自然歷史博物館,4.0,192,自然歷史博物館,Nagoya Station,67.2,0.70,0.8000,0.4414,0.0693,0.5993,http://commons.wikimedia.org/wiki/Special:FilePath/Houraijisan-Museum-of-Natural-History-1.jpg,34.9721940,137.5787530,Q11675278,鳳来寺山自然科学博物館
2532,東京科学大学博物館,東京都,科技博物館,4.0,73,科技博物館,Tokyo Station,11.1,0.70,0.8000,0.3610,0.3102,0.5993,http://commons.wikimedia.org/wiki/Special:FilePath/Tokyo%20Institute%20of%20Technology%20Centennial%20Hall%202009.jpg,35.6068333,139.6848056,Q24874167,東京科学大学博物館
2871,近江神宮時鐘館寶物館,滋賀縣,博物館,3.9,31,博物館,Otsu Station,3.3,0.70,0.7800,0.2907,0.6015,0.5993,http://commons.wikimedia.org/wiki/Special:FilePath/Omi-jingu%20clock%20museum.jpg,35.0318611,135.8521667,Q107268943,宝物館
3358,秋田県埋蔵文化財センター,秋田縣,埋藏文化財中心,4.3,65,埋藏文化財中心,Akita Station,45.5,0.70,0.8600,0.3514,0.0989,0.5993,,39.4646170,140.5485430,Q132910556,秋田県埋蔵文化財センター
31,松阪市文化財センター,三重縣,博物館,4.3,39,博物館,Tsu Station,17.4,0.70,0.8600,0.3094,0.2237,0.5992,,34.5781610,136.5201920,Q132682299,松阪市文化財センター
1934,松茂町歴史民俗資料館・人形浄瑠璃芝居資料館,德島縣,博物館,4.0,51,博物館,Tokushima Station,7.6,0.70,0.8000,0.3314,0.3981,0.5992,http://commons.wikimedia.org/wiki/Special:FilePath/%E6%9D%BE%E8%8C%82%E7%94%BA%E6%AD%B4%E5%8F%B2%E6%B0%91%E4%BF%97%E8%B3%87%E6%96%99%E9%A4%A8%E3%83%BB%E4%BA%BA%E5%BD%A2%E6%B5%84%E7%91%A0%E7%92%83%E8%8A%9D%E5%B1%85%E8%B3%87%E6%96%99%E9%A4%A8%2020210504.jpg,34.1369170,134.5826940,Q11532225,松茂町歴史民俗資料館・人形浄瑠璃芝居資料館
2898,湯前まんが美術館,熊本縣,人物紀念館,4.0,188,人物紀念館,Kumamoto Station,62.9,0.70,0.8000,0.4396,0.0736,0.5992,http://commons.wikimedia.org/wiki/Special:FilePath/Yunomae%20manga%20museum%201.jpg,32.2804720,130.9815830,Q17225954,湯前まんが美術館
528,宮部金吾記念館,北海道,人物紀念館,3.8,14,人物紀念館,Sapporo Station,0.7,0.70,0.7600,0.2271,0.8698,0.5991,http://commons.wikimedia.org/wiki/Special:FilePath/131103%20Hokkaido%20University%20Botanical%20Gardens%20Sapporo%20Hokkaido%20Japan05s3.jpg,43.0639444,141.3442778,Q48751350,宮部金吾記念館
3387,安中市学習の森　ふるさと学習館,群馬縣,博物館,4.0,109,博物館,Maebashi Station,18.9,0.70,0.8000,0.3942,0.2088,0.5991,,36.2917990,138.8943030,Q104696776,安中市 学習の森 ふるさと学習館
1204,舊吉松家住宅,宮崎縣,历史房屋博物馆,4.3,68,历史房屋博物馆,Miyazaki Station,53.8,0.70,0.8600,0.3551,0.0851,0.5990,http://commons.wikimedia.org/wiki/Special:FilePath/Kyu%20Yoshimatsuke%20Juutaku.jpg,31.4640280,131.2288890,Q60987618,旧吉松家住宅
1996,宇和島市立伊達博物館,愛媛縣,博物館,3.9,265,博物館,Matsuyama Station,71.6,0.70,0.7800,0.4683,0.0653,0.5990,http://commons.wikimedia.org/wiki/Special:FilePath/Uwajima%20Date%20Museum%202.JPG,33.2159444,132.5626389,Q11449130,宇和島市立伊達博物館
3431,かすみがうら市歴史博物館,茨城縣,歷史博物館,3.8,285,歷史博物館,Mito Station,34.2,0.70,0.7600,0.4743,0.1274,0.5990,http://commons.wikimedia.org/wiki/Special:FilePath/KasumigauraCity%20KyoudoShiryoukan.jpg,36.0742080,140.3733530,Q132183745,かすみがうら市歴史博物館
1255,高岡市立博物館,富山縣,市立博物館,3.7,270,市立博物館,Toyama Station,17.8,0.70,0.7400,0.4698,0.2191,0.5989,http://commons.wikimedia.org/wiki/Special:FilePath/%E9%AB%98%E5%B2%A1%E5%B8%82%E7%AB%8B%E5%8D%9A%E7%89%A9%E9%A4%A8.jpg,36.7464720,137.0210280,Q11669507,高岡市立博物館
3095,神奈川縣水道記念館,神奈川縣,水廠博物館,3.8,239,水廠博物館,Yokohama Station,24.4,0.70,0.7600,0.4596,0.1700,0.5989,http://commons.wikimedia.org/wiki/Special:FilePath/Kanagawa%20Water%20Memorial%20Park%2001.jpg,35.3715000,139.3796390,Q11588985,水道記念館
1271,下関市立豊北歴史民俗資料館,山口縣,博物館,4.3,66,博物館,Yamaguchi Station,50.7,0.70,0.8600,0.3526,0.0898,0.5988,,34.2899970,130.9475590,Q104783685,下関市立豊北歴史民俗資料館（太翔館）
3305,磐梯山噴火紀念館,福島縣,火山博物館,3.6,540,火山博物館,Fukushima Station,35.1,0.70,0.7200,0.5278,0.1248,0.5988,http://commons.wikimedia.org/wiki/Special:FilePath/Mt.%20Bandai%20eruption%20memorial%20museum.jpg,37.6596667,140.0794722,Q111599804,北塩原村磐梯山噴火記念館
102,京都精華大学ギャラリーTerra-S,京都府,美術館,4.4,17,美術館,Kyoto Station,9.7,0.70,0.8800,0.2424,0.3394,0.5987,,35.0728210,135.7703460,Q127598408,京都精華大学ギャラリーTerra-S
1885,本因坊秀策囲碁記念館,廣島縣,人物紀念館,4.0,186,人物紀念館,Hiroshima Station,65.5,0.70,0.8000,0.4387,0.0710,0.5987,http://commons.wikimedia.org/wiki/Special:FilePath/Honinbo%20Shusaku%20Game%20of%20Go%20Memorial%2020180430-1.jpg,34.3281667,133.1836111,Q24866067,本因坊秀策囲碁記念館
2874,野洲市歴史民俗博物館,滋賀縣,歷史博物館,3.9,143,歷史博物館,Otsu Station,18.1,0.70,0.7800,0.4168,0.2162,0.5987,http://commons.wikimedia.org/wiki/Special:FilePath/Yasu%20City%20History%20and%20Folklore%20Museum%20ac%20%281%29.jpg,35.0726210,136.0448660,Q104720809,野洲市歴史民俗博物館
2280,春日山城跡ものがたり館,新潟縣,歷史博物館,3.7,539,歷史博物館,Niigata Station,112.3,0.70,0.7400,0.5277,0.0426,0.5986,,37.1530230,138.2222700,Q123516557,春日山城跡ものがたり館
3534,ルヴァン美術館,長野縣,美術館,4.1,124,美術館,Nagano Station,49.8,0.70,0.8200,0.4049,0.0912,0.5986,http://commons.wikimedia.org/wiki/Special:FilePath/160729%20Le%20Vent%20Museum%20of%20Contemporary%20Art%20Karuizawa%20Nagano%20pref%20Japan02s3.jpg,36.3275620,138.5848270,Q85874646,ル ヴァン美術館
2785,沖縄市立郷土博物館,沖繩縣,市立博物館,4.2,53,市立博物館,Naha Bus Terminal,17.6,0.70,0.8400,0.3345,0.2214,0.5985,,26.3316140,127.7951660,Q127420567,沖縄市立郷土博物館
3291,新田川温泉,福島縣,温泉镇,3.7,414,温泉镇,Fukushima Station,41.3,0.70,0.7400,0.5056,0.1080,0.5985,,37.6670910,140.9161860,Q108428600,新田川温泉はらまちユッサ
393,香美町立ジオパークと海の文化館,兵庫縣,博物館,3.9,286,博物館,Kobe Station,118.4,0.70,0.7800,0.4746,0.0405,0.5984,http://commons.wikimedia.org/wiki/Special:FilePath/Umino-Bunka%20kan001.JPG,35.6483890,134.6390280,Q11667705,香美町立ジオパークと海の文化館
2082,千代倉記念館,愛知縣,歷史博物館,4.8,5,歷史博物館,Nagoya Station,12.0,0.70,0.9600,0.1503,0.2933,0.5984,,35.0793611,136.9524167,Q130601359,千代倉歴史館
3416,群馬ガラス工芸美術館,群馬縣,美術館,3.9,133,美術館,Maebashi Station,16.6,0.70,0.7800,0.4108,0.2319,0.5984,http://commons.wikimedia.org/wiki/Special:FilePath/Gumma%20Glass%20Art%20Museum.jpg,36.4986944,138.9553889,Q11609528,群馬ガラス工芸美術館
1246,福野文化創造センターヘリオス,富山縣,文化中心,3.9,186,文化中心,Toyama Station,29.0,0.70,0.7800,0.4387,0.1470,0.5983,http://commons.wikimedia.org/wiki/Special:FilePath/Fukuno%20HELiOS.jpg,36.5913333,136.9181667,Q24862337,なんとエナジー文化創造センター ヘリオス（福野文化創造センター）
768,茂木本家美術館,千葉縣,美術館,4.2,84,美術館,Chiba Station,42.9,0.70,0.8400,0.3726,0.1043,0.5982,http://commons.wikimedia.org/wiki/Special:FilePath/Mogi-Honke%20Museum%20of%20Art.JPG,35.9428056,139.8649167,Q22120627,茂木本家美術館
3770,沼津市戸田造船郷土資料博物館,靜岡縣,地方文化館,4.0,145,地方文化館,Shizuoka Station,34.4,0.70,0.8000,0.4180,0.1268,0.5981,http://commons.wikimedia.org/wiki/Special:FilePath/Numazu%20City%20Heda%20Shipbuilding%20and%20Local%20History%20Museum%20ac%20%281%29.jpg,34.9768330,138.7665280,Q11554523,戸田造船郷土資料博物館
808,熊野速玉神社のナギ,和歌山縣,神木,4.5,39,神木,Wakayama Station,91.9,0.70,0.9000,0.3094,0.0516,0.5980,http://commons.wikimedia.org/wiki/Special:FilePath/Sacred%20Nagi%20Tree%20of%20Kumano%20Hayatama%20Taisha%20%281%29.jpg,33.7316670,135.9839720,Q7397301,梛の御神木
3399,横室の大カヤ,群馬縣,巨樹,3.9,59,巨樹,Maebashi Station,6.6,0.70,0.7800,0.3434,0.4299,0.5980,http://commons.wikimedia.org/wiki/Special:FilePath/Yokomuro%20no%20O-Kaya%20A.jpg,36.4414444,139.0556111,Q55534514,横室の大カヤ
1176,武山米店炊飯博物館,宮城縣,公司博物館,4.5,39,公司博物館,Sendai Station,93.7,0.70,0.9000,0.3094,0.0507,0.5979,http://commons.wikimedia.org/wiki/Special:FilePath/Takeyama%20Rice%20Museum.jpg,38.9069444,141.5727778,Q59760131,武山米店
841,丸沼芸術の森,埼玉縣,美術館,4.0,55,美術館,Omiya Station,8.7,0.70,0.8000,0.3376,0.3639,0.5977,,35.8292812,139.6053024,Q114873993,丸沼芸術の森
752,流山市立博物館,千葉縣,市立博物館,3.9,193,市立博物館,Chiba Station,33.3,0.70,0.7800,0.4418,0.1307,0.5976,http://commons.wikimedia.org/wiki/Special:FilePath/Nagareyama%20City%20Museum%20ac.jpg,35.8586590,139.9024160,Q11556656,流山市立博物館
3967,岩崎美術館,鹿兒島縣,美術館,4.2,81,美術館,Kagoshima-Chuo Station,41.6,0.70,0.8400,0.3696,0.1072,0.5976,http://commons.wikimedia.org/wiki/Special:FilePath/Ibusuki%20Iwasaki%20Hotel%20008.jpg,31.2218720,130.6544510,Q24963709,岩崎美術館
868,大澤家住宅,埼玉縣,町屋,4.1,55,町屋,Omiya Station,12.8,0.70,0.8200,0.3376,0.2802,0.5973,http://commons.wikimedia.org/wiki/Special:FilePath/%E5%B7%9D%E8%B6%8A%E5%B8%82%E5%A4%A7%E6%B2%A2%E5%AE%B6%E4%BD%8F%E5%AE%852013-09.JPG,35.9244720,139.4832030,Q11436948,大沢家住宅
2996,ポケパーク カントー,神奈川縣,主題公園,3.8,199,主題公園,Yokohama Station,20.0,0.70,0.7600,0.4444,0.1999,0.5973,,35.6257458,139.5204260,Q132181320,ポケパーク カントー
440,中原悌二郎記念旭川市彫刻美術館,北海道,人物紀念館,4.1,143,人物紀念館,Sapporo Station,115.8,0.70,0.8200,0.4168,0.0414,0.5972,http://commons.wikimedia.org/wiki/Special:FilePath/Asahikawa%20Museum%20of%20Sculpture.JPG,43.8052120,142.3647000,Q4803387,中原悌二郎記念旭川市彫刻美術館（旧旭川偕行社）
3328,かすみ温泉,秋田縣,温泉镇,4.3,52,温泉镇,Akita Station,32.4,0.70,0.8600,0.3330,0.1336,0.5972,,39.4286660,140.1893100,Q108441095,かすみ温泉
630,知里幸恵 銀のしずく記念館,北海道,人物紀念館,4.4,49,人物紀念館,Sapporo Station,70.3,0.70,0.8800,0.3281,0.0664,0.5971,http://commons.wikimedia.org/wiki/Special:FilePath/Chiri%20Yukie%20Memorial%20Museum.jpg,42.4513611,141.1671389,Q109364441,知里幸恵 銀のしずく記念館
1236,朝日町埋蔵文化財保存活用施設 まいぶんKAN,富山縣,歷史博物館,4.7,15,歷史博物館,Toyama Station,39.3,0.70,0.9400,0.2325,0.1130,0.5971,,36.9221667,137.5572222,Q135090699,朝日町埋蔵文化財保存活用施設 まいぶんKAN
1481,中津川市子ども科学館,岐阜縣,科學博物館,4.1,128,科學博物館,Gifu Station,67.9,0.70,0.8200,0.4076,0.0686,0.5971,http://commons.wikimedia.org/wiki/Special:FilePath/Nakatsugawa%20science%20museum.jpg,35.4998611,137.4976667,Q48747310,中津川市子ども科学館
1732,石川啄木記念館,岩手縣,人物紀念館,3.7,237,人物紀念館,Morioka Station,16.3,0.70,0.7400,0.4589,0.2345,0.5971,http://commons.wikimedia.org/wiki/Special:FilePath/Ishikawa%20Takuboku%20Memorial%20Museum%2020250516b.jpg,39.8460278,141.1711667,Q55527081,石川啄木記念館
3319,郡山市歴史情報博物館,福島縣,博物館,4.3,57,博物館,Fukushima Station,40.8,0.70,0.8600,0.3405,0.1093,0.5971,,37.3939200,140.3737290,Q132643729,郡山市歴史情報博物館
740,木更津市郷土博物館金のすず,千葉縣,地方文化館,4.0,131,地方文化館,Chiba Station,30.5,0.70,0.8000,0.4095,0.1410,0.5970,http://commons.wikimedia.org/wiki/Special:FilePath/Kisarazu%20city%20folk%20museum%20Kin%20no%20Suzu.jpg,35.3795000,139.9381667,Q91380712,木更津市郷土博物館 金のすず
779,髙梨本家上花輪歴史館,千葉縣,历史房屋博物馆,4.2,80,历史房屋博物馆,Chiba Station,43.0,0.70,0.8400,0.3685,0.1043,0.5970,http://commons.wikimedia.org/wiki/Special:FilePath/Takanashi-03.jpg,35.9394450,139.8578940,Q104696859,公益財団法人髙梨本家 上花輪歴史館
1077,国営飛鳥歴史公園館,奈良縣,遊客中心,3.9,159,遊客中心,Nara Station,24.0,0.70,0.7800,0.4256,0.1727,0.5970,,34.4654190,135.8036070,Q132298022,飛鳥歴史公園館
1596,飛騨荘川の里,岐阜縣,民家園,4.0,178,民家園,Gifu Station,71.9,0.70,0.8000,0.4350,0.0650,0.5970,http://commons.wikimedia.org/wiki/Special:FilePath/Japan%2C%20Gebouwen%20foto%201354.jpg,36.0356944,136.9522222,Q11665918,荘川の里
1725,熊之鼻展望台,岩手縣,风景点,4.1,130,风景点,Morioka Station,73.6,0.70,0.8200,0.4089,0.0636,0.5970,,39.8397861,141.9789611,Q20044034,熊の鼻展望台
1758,モニュメント・ミュージアム 来待ストーン,島根縣,博物館,3.8,132,博物館,Matsue Station,11.7,0.70,0.7600,0.4101,0.2992,0.5970,,35.4143610,132.9496080,Q132444564,モニュメントミュージアム来待ストーン
2889,坂本善三美術館,熊本縣,美術館,4.0,160,美術館,Kumamoto Station,49.5,0.70,0.8000,0.4262,0.0917,0.5970,http://commons.wikimedia.org/wiki/Special:FilePath/Sakamoto%20Zenzo%20Museum%20of%20Art.JPG,33.1276860,131.0364030,Q11425245,坂本善三美術館
3647,諏訪市博物館,長野縣,市立博物館,3.9,245,市立博物館,Nagano Station,71.7,0.70,0.7800,0.4617,0.0652,0.5970,http://commons.wikimedia.org/wiki/Special:FilePath/Suwa%20city%20musium%20%2C%20%E8%AB%8F%E8%A8%AA%E5%B8%82%E5%8D%9A%E7%89%A9%E9%A4%A8%20-%20panoramio.jpg,36.0002222,138.1214444,Q85883757,諏訪市博物館
663,道の駅愛ランド湧別,北海道,主題樂園,3.5,1038,主題樂園,Sapporo Station,224.3,0.70,0.7000,0.5825,0.0218,0.5969,http://commons.wikimedia.org/wiki/Special:FilePath/Michinoeki%20Ailand%20Yubetsu.jpg,44.1307500,143.7192222,Q11641304,道の駅 愛ランド湧別
1362,宮坂考古館,山形縣,歷史博物館,3.9,207,歷史博物館,Yamagata Station,42.0,0.70,0.7800,0.4476,0.1064,0.5969,http://commons.wikimedia.org/wiki/Special:FilePath/Miyasaka%20Museum.JPG,37.9056111,140.1270556,Q11453565,宮坂考古館
2692,大田原市那須与一伝承館,栃木縣,博物館,3.8,273,博物館,Utsunomiya Station,37.7,0.70,0.7600,0.4708,0.1170,0.5969,,36.8632690,140.0871640,Q104696763,那須与一伝承館
2811,かわらミュージアム,滋賀縣,博物館,3.7,312,博物館,Otsu Station,25.7,0.70,0.7400,0.4819,0.1629,0.5969,http://commons.wikimedia.org/wiki/Special:FilePath/Kawara%20museum01s2000.jpg,35.1405556,136.0919444,Q6379677,かわらミュージアム
59,ききょうの里,京都府,觀光景點,3.8,222,觀光景點,Kyoto Station,24.9,0.70,0.7600,0.4535,0.1673,0.5968,,35.0320833,135.4913889,Q17210134,丹波かめおか光秀物語ききょうの里 / 京都丹波 夢ナリエ
384,赤穗市立民俗資料館,兵庫縣,民俗博物館,4.2,93,民俗博物館,Kobe Station,73.2,0.70,0.8400,0.3810,0.0640,0.5967,http://commons.wikimedia.org/wiki/Special:FilePath/Ako%20municipal%20fork%20culture%20museum05s1980.jpg,34.7498890,134.3822500,Q11635881,赤穂市立民俗資料館
1449,精進の大スギ,山梨縣,神木,4.6,14,神木,Kofu Station,19.3,0.70,0.9200,0.2271,0.2054,0.5967,http://commons.wikimedia.org/wiki/Special:FilePath/Shoji%27s%20Big%20Cedar%20A.jpg,35.4963333,138.6090556,Q65278116,精進の大杉
2886,八代市立博物館・未来の森ミュージアム,熊本縣,市立博物館,3.8,254,市立博物館,Kumamoto Station,32.6,0.70,0.7600,0.4647,0.1331,0.5967,http://commons.wikimedia.org/wiki/Special:FilePath/Yatsushiro%20Municipal%20Museum.jpg,32.5082500,130.5965560,Q17222013,八代市立博物館未来の森ミュージアム
3288,安積歴史博物館,福島縣,歷史博物館,4.0,148,歷史博物館,Fukushima Station,41.4,0.70,0.8000,0.4197,0.1077,0.5967,http://commons.wikimedia.org/wiki/Special:FilePath/%E5%AE%89%E7%A9%8D%E9%AB%98%E7%AD%89%E5%AD%A6%E6%A0%A1%20%E5%AE%89%E7%A9%8D%E6%AD%B4%E5%8F%B2%E5%8D%9A%E7%89%A9%E9%A4%A8%28%E6%98%A5%29.jpg,37.3916667,140.3506111,Q11451160,安積歴史博物館（旧福島県尋常中学校本館）
1114,生駒ふるさとミュージアム,奈良縣,博物館,3.9,86,博物館,Nara Station,10.5,0.70,0.7800,0.3745,0.3222,0.5966,http://commons.wikimedia.org/wiki/Special:FilePath/Ikoma%20Furusato%20Museum%202021-11%20ac%20%281%29.jpg,34.6905556,135.7043889,Q109538610,生駒ふるさとミュージアム
3704,津軽伝承工芸館,青森縣,工藝博物館,3.5,578,工藝博物館,Aomori Station,25.3,0.70,0.7000,0.5335,0.1652,0.5966,http://commons.wikimedia.org/wiki/Special:FilePath/Tsugaru%20Traditional%20Crafts%20Center07.jpg,40.6056111,140.6758889,Q30922740,津軽伝承工芸館
3957,坊津歴史資料センター輝津館,鹿兒島縣,歷史博物館,4.0,153,歷史博物館,Kagoshima-Chuo Station,45.7,0.70,0.8000,0.4224,0.0986,0.5966,http://commons.wikimedia.org/wiki/Special:FilePath/Kishinkan%2C%20B%C5%8Dnotsu%20Center%20for%20Historical%20Material.jpg,31.2735280,130.2246670,Q17217356,坊津歴史資料センター 輝津館
1749,雫石町歴史民俗資料館,岩手縣,地方文化館,4.1,54,地方文化館,Morioka Station,13.1,0.70,0.8200,0.3361,0.2755,0.5964,,39.6733850,140.9872340,Q127869959,雫石町歴史民俗資料館
2660,釣り文化資料館,東京都,博物館,3.8,51,博物館,Tokyo Station,4.4,0.70,0.7600,0.3314,0.5298,0.5964,,35.6909260,139.7194410,Q104698254,釣り文化資料館
886,桶川市歴史民俗資料館,埼玉縣,市立博物館,4.0,74,市立博物館,Omiya Station,13.1,0.70,0.8000,0.3621,0.2764,0.5963,,35.9938430,139.5266900,Q123517248,桶川市歴史民俗資料館
3907,三朝小提琴美術館,鳥取縣,美術館,4.0,129,美術館,Tottori Station,31.2,0.70,0.8000,0.4082,0.1381,0.5963,http://commons.wikimedia.org/wiki/Special:FilePath/Misasa%20museum%20IMG%207968.JPG,35.4114800,133.8963800,Q11278841,三朝バイオリン美術館
3887,瑞山記念館,高知縣,人物紀念館,4.2,20,人物紀念館,Kochi Station,6.5,0.70,0.8400,0.2553,0.4362,0.5962,http://commons.wikimedia.org/wiki/Special:FilePath/%E7%91%9E%E5%B1%B1%E8%A8%98%E5%BF%B5%E9%A4%A8%E5%A4%96%E8%A6%B3.jpg,33.5370833,133.6036944,Q79096397,瑞山記念館
3735,三嶋暦師の館,靜岡縣,历史房屋博物馆,4.2,82,历史房屋博物馆,Shizuoka Station,51.3,0.70,0.8400,0.3706,0.0888,0.5961,http://commons.wikimedia.org/wiki/Special:FilePath/Master%20Calendar%20House%20of%20Mishima%20exterior%20in%202014-05-23.jpg,35.1228610,138.9215560,Q11355331,三嶋暦師の館
1208,都城歴史資料館,宮崎縣,歷史博物館,4.0,145,歷史博物館,Miyazaki Station,42.3,0.70,0.8000,0.4180,0.1057,0.5960,http://commons.wikimedia.org/wiki/Special:FilePath/MIYAKONOJOU%20022.JPG,31.7161861,131.0502639,Q11643548,都城歴史資料館
1438,横溝正史館,山梨縣,人物紀念館,3.9,76,人物紀念館,Kofu Station,9.4,0.70,0.7800,0.3643,0.3475,0.5960,http://commons.wikimedia.org/wiki/Special:FilePath/Yokomizoseishi-kan.jpg,35.7044167,138.6615278,Q11543302,横溝正史館
1576,胡麻の郷,岐阜縣,博物館,3.3,1149,博物館,Gifu Station,29.2,0.70,0.6600,0.5911,0.1461,0.5959,http://commons.wikimedia.org/wiki/Special:FilePath/Sekigahara%20goma1.jpg,35.3682920,136.4377140,Q11611810,胡麻の郷
2039,とこなめ陶の森資料館,愛知縣,陶瓷博物館,4.0,128,陶瓷博物館,Nagoya Station,31.7,0.70,0.8000,0.4076,0.1362,0.5959,http://commons.wikimedia.org/wiki/Special:FilePath/Tokoname%20Tounomori%20Museum%20ac%20%282%29.jpg,34.8868333,136.8505556,Q117220443,とこなめ陶の森資料館
2124,常滑陶之森,愛知縣,陶瓷博物館,4.0,128,陶瓷博物館,Nagoya Station,31.7,0.70,0.8000,0.4076,0.1362,0.5959,http://commons.wikimedia.org/wiki/Special:FilePath/Tokoname%20Ceramic%20Research%20Institute%20ac%20%281%29.jpg,34.8868333,136.8505556,Q97273044,とこなめ陶の森資料館
2205,豊橋市交通児童館,愛知縣,児童館,4.0,167,児童館,Nagoya Station,66.4,0.70,0.8000,0.4297,0.0700,0.5959,http://commons.wikimedia.org/wiki/Special:FilePath/Toyohashi%20City%20Children%27s%20Traffic%20Center.JPG,34.7537222,137.4025556,Q22119706,豊橋市交通児童館
1158,多賀城市埋蔵文化財調査センター,宮城縣,埋藏文化財中心,4.1,47,埋藏文化財中心,Sendai Station,11.4,0.70,0.8200,0.3247,0.3040,0.5958,,38.2957350,141.0055040,Q123483175,多賀城市埋蔵文化財調査センター展示室
3191,北九州市立文學館,福岡縣,文學館,4.1,113,文學館,Hakata Station,53.0,0.70,0.8200,0.3972,0.0863,0.5958,http://commons.wikimedia.org/wiki/Special:FilePath/Kitakyusyu%20Central%20Library.jpg,33.8822500,130.8732500,Q11400990,北九州市立文学館
3869,高松市香南歴史民俗郷土館,香川縣,地方文化館,3.9,97,地方文化館,Takamatsu Station,12.6,0.70,0.7800,0.3845,0.2844,0.5958,http://commons.wikimedia.org/wiki/Special:FilePath/Yusa%20Castle%2001.jpg,34.2392460,134.0217590,Q104783884,香南歴史民俗郷土館
72,丹波生活衣館,京都府,民俗博物館,4.5,33,民俗博物館,Kyoto Station,66.9,0.70,0.9000,0.2957,0.0695,0.5957,http://commons.wikimedia.org/wiki/Special:FilePath/%E4%B8%B9%E6%B3%A2%E7%94%9F%E6%B4%BB%E8%A1%A3%E9%A4%A8.png,35.2974420,135.1291390,Q137917525,福知山市丹波生活衣館
1442,清春白樺美術館,山梨縣,美術館,3.9,158,美術館,Kofu Station,26.0,0.70,0.7800,0.4251,0.1613,0.5957,http://commons.wikimedia.org/wiki/Special:FilePath/Mus%C3%A9e%20Kiyoharu%20Shirakaba%20December%20%C2%B421%20%EF%BC%8D04.jpg,35.8225833,138.3532778,Q11560662,清春白樺美術館
2166,瀬戸市美術館,愛知縣,美術館,4.0,100,美術館,Nagoya Station,20.5,0.70,0.8000,0.3871,0.1959,0.5957,http://commons.wikimedia.org/wiki/Special:FilePath/Seto%20City%20Art%20Museum.JPG,35.2183030,137.0997860,Q11566635,瀬戸市美術館
3160,若狹三方繩文博物館,福井縣,考古博物館,3.9,225,考古博物館,Fukui Station,63.3,0.70,0.7800,0.4546,0.0733,0.5957,http://commons.wikimedia.org/wiki/Special:FilePath/Wakasa%20Mikata%20Jomon%20Museum%20exterior%20view.jpg,35.5587500,135.8963333,Q53997661,若狭三方縄文博物館
650,羅臼町郷土資料館,北海道,地方文化館,4.2,108,地方文化館,Sapporo Station,315.2,0.70,0.8400,0.3934,0.0156,0.5956,http://commons.wikimedia.org/wiki/Special:FilePath/Luminous%20moss%20in%20Makkausu%20Cave%2C%20Rausu%2C%20Hokkaido.JPG,43.8806836,145.0936291,Q85796118,羅臼町郷土資料館
3001,中川一政美術館,神奈川縣,美術館,4.1,114,美術館,Yokohama Station,55.7,0.70,0.8200,0.3979,0.0823,0.5956,http://commons.wikimedia.org/wiki/Special:FilePath/Nakagawa.JPG,35.1444444,139.1516667,Q22119727,真鶴町立中川一政美術館
3222,求菩提資料館,福岡縣,宗教博物馆,4.1,114,宗教博物馆,Hakata Station,55.6,0.70,0.8200,0.3979,0.0825,0.5956,http://commons.wikimedia.org/wiki/Special:FilePath/Kubote%20Museum.jpg,33.5363520,131.0175650,Q68488330,求菩提資料館
2920,七尾城史資料館,石川縣,歷史博物館,3.7,411,歷史博物館,Kanazawa Station,57.6,0.70,0.7400,0.5050,0.0799,0.5955,,37.0246111,136.9761389,Q107095847,七尾城史資料館
3576,安曇野山岳美術館,長野縣,美術館,4.1,106,美術館,Nagano Station,45.2,0.70,0.8200,0.3919,0.0997,0.5955,,36.3523333,137.8357222,Q85879363,安曇野山岳美術館
1113,犬養万葉記念館,奈良縣,纪念博物馆,3.9,147,纪念博物馆,Nara Station,23.4,0.70,0.7800,0.4191,0.1763,0.5954,http://commons.wikimedia.org/wiki/Special:FilePath/%E7%8A%AC%E9%A4%8A%E4%B8%87%E8%91%89%E8%A8%98%E5%BF%B5%E9%A4%A8%2001.jpg,34.4704840,135.8225710,Q132234293,犬養万葉記念館
2057,マスプロ美術館,愛知縣,美術館,4.1,56,美術館,Nagoya Station,14.5,0.70,0.8200,0.3391,0.2564,0.5954,http://commons.wikimedia.org/wiki/Special:FilePath/Maspro%20Art%20Museum%20%28Nissin%20city.%202016.02.21%29.JPG,35.1276750,137.0319330,Q11340324,マスプロ美術館
2281,木村茶道美術館,新潟縣,美術館,4.2,89,美術館,Niigata Station,76.5,0.70,0.8400,0.3774,0.0614,0.5954,,37.3597222,138.5447222,Q28669360,木村茶道美術館
1354,南陽市立結城豊太郎記念館,山形縣,人物紀念館,4.2,60,人物紀念館,Yamagata Station,26.4,0.70,0.8400,0.3448,0.1591,0.5953,,38.0484167,140.1650278,Q30923955,結城豊太郎記念館
51,鈴鹿市考古博物館,三重縣,考古博物館,3.8,182,考古博物館,Tsu Station,19.9,0.70,0.7600,0.4369,0.2010,0.5952,http://commons.wikimedia.org/wiki/Special:FilePath/Suzuka%20Municipal%20Museum%20of%20Archaeology%20gaikan.JPG,34.9070730,136.5645640,Q104720761,鈴鹿市考古博物館
3916,山陰歷史館,鳥取縣,歷史博物館,3.8,323,歷史博物館,Tottori Station,81.4,0.70,0.7600,0.4848,0.0579,0.5952,http://commons.wikimedia.org/wiki/Special:FilePath/Sanin%20history%20of%20museum01s4592.jpg,35.4292500,133.3303330,Q11471126,米子市立山陰歴史館
3930,米子市美術館,鳥取縣,美術館,3.8,323,美術館,Tottori Station,81.4,0.70,0.7600,0.4848,0.0579,0.5952,http://commons.wikimedia.org/wiki/Special:FilePath/Yonago%20City%20Museum%20of%20Art02nt3200.jpg,35.4287000,133.3310000,Q6355904,米子市立山陰歴史館
3464,茨城県つくば美術館,茨城縣,美術館,4.0,144,美術館,Mito Station,45.6,0.70,0.8000,0.4174,0.0989,0.5951,http://commons.wikimedia.org/wiki/Special:FilePath/Tsukuba%20ARS%20No.2.jpg,36.0848400,140.1121500,Q114569247,茨城県つくば美術館(茨城県近代美術館つくば分館)
2085,半田空の科学館,愛知縣,科學博物館,3.8,232,科學博物館,Nagoya Station,31.2,0.70,0.7600,0.4572,0.1381,0.5950,http://commons.wikimedia.org/wiki/Special:FilePath/Handa%20City%20Gymnasium.jpg,34.8914280,136.9130690,Q11407087,半田空の科学館
2291,良寛記念館,新潟縣,纪念博物馆,3.9,207,纪念博物馆,Niigata Station,52.6,0.70,0.7800,0.4476,0.0868,0.5950,http://commons.wikimedia.org/wiki/Special:FilePath/Ryokan%20Memorial%20Museum.jpg,37.5423830,138.6881570,Q104708816,良寛記念館
3727,ねこの博物館,靜岡縣,博物館,3.4,1088,博物館,Shizuoka Station,66.0,0.70,0.6800,0.5865,0.0704,0.5950,http://commons.wikimedia.org/wiki/Special:FilePath/The%20Cat%20Museum%20%28Shizuoka%29.jpg,34.8975000,139.1071389,Q85869307,ねこの博物館
130,掌美術館,京都府,美術館,3.4,101,美術館,Kyoto Station,2.5,0.70,0.6800,0.3879,0.6642,0.5948,,35.0005586,135.7799118,Q3959661,高台寺掌美術館
3112,西村京太郎紀念館,神奈川縣,人物紀念館,3.9,214,人物紀念館,Yokohama Station,60.3,0.70,0.7800,0.4504,0.0766,0.5948,http://commons.wikimedia.org/wiki/Special:FilePath/Nishimura%20Kyotaro%20Museum-P1010867.JPG,35.1407280,139.0913580,Q11628518,西村京太郎記念館
3444,土浦市立博物館,茨城縣,市立博物館,3.8,258,市立博物館,Mito Station,40.4,0.70,0.7600,0.4660,0.1101,0.5948,http://commons.wikimedia.org/wiki/Special:FilePath/Museum%20Tsuchiura%202.jpg,36.0852240,140.1972000,Q30267756,土浦市立博物館
1363,山寺 後藤美術館,山形縣,美術館,4.0,64,美術館,Yamagata Station,11.8,0.70,0.8000,0.3501,0.2970,0.5947,http://commons.wikimedia.org/wiki/Special:FilePath/Yamadera%20Goto%20Museum%20of%20Art%20220718.jpg,38.3086667,140.4395000,Q11467765,山寺 後藤美術館
1364,山寺芭蕉纪念馆,山形縣,人物紀念館,4.0,64,人物紀念館,Yamagata Station,11.9,0.70,0.8000,0.3501,0.2967,0.5947,http://commons.wikimedia.org/wiki/Special:FilePath/Yamadera%20Basho%20Museum%20220718.jpg,38.3095278,140.4389722,Q11467772,山寺 後藤美術館
2062,一太郎翁とまと記念館,愛知縣,餐館,4.1,55,餐館,Nagoya Station,14.7,0.70,0.8200,0.3376,0.2543,0.5947,http://commons.wikimedia.org/wiki/Special:FilePath/TOMATO%20Memorial%20Hall%20in%20Aichi%2002.jpg,35.0409250,136.9086920,Q11352515,とまと記念館
1026,妙国寺のソテツ,大阪府,巨樹,5.0,2,巨樹,Osaka Station,13.6,0.70,1.0000,0.0921,0.2692,0.5946,,34.5810280,135.4813890,Q112113546,妙国寺のソテツ
1769,出雲民藝館,島根縣,工藝博物館,4.0,125,工藝博物館,Matsue Station,34.0,0.70,0.8000,0.4056,0.1284,0.5945,,35.3390390,132.7217960,Q132408131,出雲民藝館
3403,浅原体験村,群馬縣,景点,4.2,52,景点,Maebashi Station,21.8,0.70,0.8400,0.3330,0.1864,0.5945,,36.4699720,139.2915560,Q135140080,みどりの館 （有）浅原体験村
34,桑名市博物館,三重縣,博物館,3.8,253,博物館,Tsu Station,40.3,0.70,0.7600,0.4644,0.1105,0.5944,http://commons.wikimedia.org/wiki/Special:FilePath/Kuwana%20City%20Museum.jpg,35.0631861,136.6938139,Q24874913,桑名市博物館
35,桑名市石取会館,三重縣,银行建筑物,3.8,253,银行建筑物,Tsu Station,40.3,0.70,0.7600,0.4644,0.1103,0.5944,http://commons.wikimedia.org/wiki/Special:FilePath/Ishidori%20Hall%202022-04%20ac%20%281%29.jpg,35.0635833,136.6942778,Q107674884,桑名市博物館
569,星の降る里百年記念館,北海道,地方文化館,4.1,121,地方文化館,Sapporo Station,84.8,0.70,0.8200,0.4029,0.0557,0.5944,http://commons.wikimedia.org/wiki/Special:FilePath/Hoshi%20no%20furu%20Hyakunen%20Museum.jpg,43.5259180,142.1889360,Q104238072,星の降る里百年記念館
1733,碧祥寺博物館,岩手縣,博物館,4.3,53,博物館,Morioka Station,45.2,0.70,0.8600,0.3345,0.0997,0.5943,,39.4272778,140.7480556,Q11587795,碧祥寺博物館
2782,本部町立博物館,沖繩縣,地方文化館,4.3,56,地方文化館,Naha Bus Terminal,53.3,0.70,0.8600,0.3391,0.0857,0.5943,,26.6558830,127.8837290,Q132156460,本部町立博物館
2949,白山市立松任中川一政記念美術館,石川縣,美術館,4.2,26,美術館,Kanazawa Station,9.2,0.70,0.8400,0.2764,0.3532,0.5942,,36.5267222,136.5678889,Q82594996,白山市立松任中川一政記念美術館
783,うめ振興館,和歌山縣,道之驛,3.6,514,道之驛,Wakayama Station,50.6,0.70,0.7200,0.5237,0.0899,0.5941,http://commons.wikimedia.org/wiki/Special:FilePath/Minabe%20Ume-shinkokan01n4272.jpg,33.7906944,135.3270833,Q11260764,道の駅 みなべうめ振興館
1797,手錢美術館,島根縣,美術館,4.2,66,美術館,Matsue Station,35.7,0.70,0.8400,0.3526,0.1229,0.5941,,35.3972550,132.6784190,Q113538324,手錢美術館
1395,蟹仙洞,山形縣,美術館,4.1,45,美術館,Yamagata Station,11.9,0.70,0.8200,0.3211,0.2964,0.5940,http://commons.wikimedia.org/wiki/Special:FilePath/%E8%9F%B9%E4%BB%99%E6%B4%9E%20%E5%A4%96%E8%A6%B3.jpg,38.1491944,140.2788889,Q18336739,蟹仙洞
1353,出羽桜美術館,山形縣,美術館,3.9,85,美術館,Yamagata Station,11.8,0.70,0.7800,0.3736,0.2971,0.5938,http://commons.wikimedia.org/wiki/Special:FilePath/Dewazakura%20shuzo.JPG,38.3496770,140.3708020,Q66560964,出羽桜美術館
2586,湯淺八郎紀念館,東京都,大學博物館,4.3,36,大學博物館,Tokyo Station,21.3,0.70,0.8600,0.3028,0.1899,0.5938,,35.6887200,139.5310620,Q11563685,湯浅八郎記念館
3804,長八記念館,靜岡縣,纪念博物馆,4.3,51,纪念博物馆,Shizuoka Station,43.2,0.70,0.8600,0.3314,0.1038,0.5938,,34.7496030,138.7768700,Q123517165,長八記念館
1243,砺波市埋蔵文化財センター,富山縣,埋藏文化財中心,3.8,169,埋藏文化財中心,Toyama Station,19.4,0.70,0.7600,0.4307,0.2048,0.5937,,36.6359722,137.0111944,Q126116503,砺波市埋蔵文化財センター
1398,長井市古代の丘資料館,山形縣,考古博物館,3.9,160,考古博物館,Yamagata Station,31.2,0.70,0.7800,0.4262,0.1381,0.5937,http://commons.wikimedia.org/wiki/Special:FilePath/Nagai%20City%20Ancient%20Hill%20Museum%201.jpg,38.1373611,139.9995833,Q84418160,長井市古代の丘資料館
3678,つがる市縄文住居展示資料館 カルコ,青森縣,考古博物館,3.9,157,考古博物館,Aomori Station,29.8,0.70,0.7800,0.4246,0.1435,0.5937,http://commons.wikimedia.org/wiki/Special:FilePath/KARCO%2001.jpg,40.8091350,140.3809660,Q132659145,つがる市縄文住居展示資料館 カルコ
616,港文館,北海道,海事博物館,4.0,186,海事博物館,Sapporo Station,246.6,0.70,0.8000,0.4387,0.0199,0.5936,http://commons.wikimedia.org/wiki/Special:FilePath/Kobunkan%20Kushiro%20Hokkaido%20Japan01bs.jpg,42.9801667,144.3822222,Q11563081,港文館 (港湾休憩所)
719,大内かっぱハウス,千葉縣,博物館,4.3,58,博物館,Chiba Station,66.3,0.70,0.8600,0.3420,0.0701,0.5936,http://commons.wikimedia.org/wiki/Special:FilePath/%C5%8Cuchi%20Kappa%20House%2002.jpg,35.7351240,140.8317630,Q130342022,大内かっぱハウス
2824,多賀町立博物館,滋賀縣,地方文化館,4.1,99,地方文化館,Otsu Station,46.6,0.70,0.8200,0.3862,0.0969,0.5936,http://commons.wikimedia.org/wiki/Special:FilePath/Taga%20Town%20Museum%2020211010%2002.jpg,35.2211460,136.3024700,Q123516533,多賀町立博物館
2147,昭和美術館,愛知縣,美術館,3.8,71,美術館,Nagoya Station,7.0,0.70,0.7600,0.3587,0.4178,0.5934,http://commons.wikimedia.org/wiki/Special:FilePath/Shouwa%20Museum%20ac%20%281%29.jpg,35.1403080,136.9483890,Q11514132,昭和美術館
2838,旧伊庭家住宅,滋賀縣,历史房屋博物馆,4.1,80,历史房屋博物馆,Otsu Station,28.9,0.70,0.8200,0.3685,0.1474,0.5933,http://commons.wikimedia.org/wiki/Special:FilePath/Old%20iba%20house02s2400.jpg,35.1385140,136.1362970,Q11510914,旧伊庭家住宅
1057,観心寺霊宝館,大阪府,宝物館,4.8,8,宝物館,Osaka Station,30.9,0.70,0.9600,0.1843,0.1393,0.5932,http://commons.wikimedia.org/wiki/Special:FilePath/Kanshinji%20Reihokan.jpg,34.4376220,135.5979490,Q133288994,観心寺霊宝館
2462,御岳ノ神代欅,東京都,巨樹,4.1,104,巨樹,Tokyo Station,56.7,0.70,0.8200,0.3903,0.0811,0.5932,http://commons.wikimedia.org/wiki/Special:FilePath/Giant%20zelkova%20tree%20of%20Mount%20Mitake%20Ome%20Tokyo.jpg,35.7839722,139.1521389,Q30922759,御岳の神代ケヤキ
2965,石川近代文学館,石川縣,文學館,4.1,7,文學館,Kanazawa Station,1.9,0.70,0.8200,0.1744,0.7280,0.5931,http://commons.wikimedia.org/wiki/Special:FilePath/The%20Forth%20High%20School%20Memorial%20Museum%20of%20Cultural%20Exchange%20Ishikawa05s3s3750.jpg,36.5625000,136.6557778,Q11586386,石川近代文学館
3185,兵士・庶民の戦争資料館,福岡縣,博物館,4.5,22,博物館,Hakata Station,30.2,0.70,0.9000,0.2630,0.1421,0.5931,,33.7068056,130.7152500,Q100878901,兵士·庶民の戦争資料館
1374,文教之杜長井,山形縣,博物館,4.2,58,博物館,Yamagata Station,29.7,0.70,0.8400,0.3420,0.1443,0.5930,,38.1120556,140.0361111,Q28468819,文教の杜ながい
3094,神奈川県埋蔵文化財センター,神奈川縣,考古博物館,3.8,37,考古博物館,Yokohama Station,3.7,0.70,0.7600,0.3051,0.5749,0.5930,,35.4331944,139.6276667,Q30928683,神奈川県埋蔵文化財センター
3337,大太鼓の館,秋田縣,柏林乐器博物馆,3.9,200,柏林乐器博物馆,Akita Station,63.0,0.70,0.7800,0.4448,0.0735,0.5928,http://commons.wikimedia.org/wiki/Special:FilePath/Great%20Drum%20Museum.jpg,40.2510360,140.3761860,Q136647394,大太鼓の館
131,日本的鬼之交流博物館,京都府,博物館,3.7,396,博物館,Kyoto Station,76.7,0.70,0.7400,0.5019,0.0612,0.5927,,35.4590280,135.1444440,Q11506183,日本の鬼の交流博物館
3644,蓼科アミューズメント水族館,長野縣,水族館,3.5,718,水族館,Nagano Station,64.9,0.70,0.7000,0.5517,0.0715,0.5927,http://commons.wikimedia.org/wiki/Special:FilePath/Tateshina%20Amusement%20Aquarium%20in%202014-8-15%20No%2C25.JPG,36.0665720,138.3027640,Q11621781,蓼科アミューズメント水族館
730,市立市川考古博物館,千葉縣,考古博物館,3.9,135,考古博物館,Chiba Station,24.3,0.70,0.7800,0.4120,0.1704,0.5926,http://commons.wikimedia.org/wiki/Special:FilePath/Municipal%20Museum%20of%20Archaeology%20in%20Ichikawa.jpg,35.7590930,139.9119850,Q104696857,市立市川考古博物館
1203,椎葉民俗芸能博物館,宮崎縣,民俗博物館,4.2,77,民俗博物館,Miyazaki Station,66.3,0.70,0.8400,0.3654,0.0702,0.5926,http://commons.wikimedia.org/wiki/Special:FilePath/%E6%A4%8E%E8%91%89%E6%B0%91%E6%97%8F%E8%8A%B8%E8%83%BD%E5%8D%9A%E7%89%A9%E9%A4%A8%20-%20panoramio.jpg,32.4638889,131.1552778,Q104784238,椎葉民俗芸能博物館
3952,出水麓歴史館,鹿兒島縣,歷史博物館,4.1,102,歷史博物館,Kagoshima-Chuo Station,57.3,0.70,0.8200,0.3887,0.0803,0.5926,http://commons.wikimedia.org/wiki/Special:FilePath/Izumi-Fumoto%20History%20Museum%20ac.jpg,32.0752880,130.3590980,Q138314074,出水麓歴史館
1323,舊毛利家本邸,山口縣,历史房屋博物馆,4.7,7,历史房屋博物馆,Yamaguchi Station,15.7,0.70,0.9400,0.1744,0.2419,0.5925,http://commons.wikimedia.org/wiki/Special:FilePath/Hofu%20Mouri%20Residence%20and%20Museum.JPG,34.0633742,131.5874626,Q11547697,表門 毛利氏庭園（旧毛利家本邸 本門）
1628,倉敷昆虫館,岡山縣,昆虫博物館,4.2,37,昆虫博物館,Okayama Station,15.1,0.70,0.8400,0.3051,0.2493,0.5925,,34.6035700,133.7729710,Q132643217,倉敷昆虫館
1999,広瀬歴史記念館,愛媛縣,人物紀念館,4.0,134,人物紀念館,Matsuyama Station,50.1,0.70,0.8000,0.4114,0.0907,0.5925,http://commons.wikimedia.org/wiki/Special:FilePath/Hirosetei03.jpg,33.9188890,133.2861110,Q11485614,広瀬歴史記念館
2814,ハイド記念館・教育会館,滋賀縣,人物紀念館,3.9,139,人物紀念館,Otsu Station,25.9,0.70,0.7800,0.4144,0.1617,0.5925,http://commons.wikimedia.org/wiki/Special:FilePath/Hyde%20memorial%20Hall01s3200.jpg,35.1400280,136.0954280,Q11326078,ヴォーリズ記念館 (一柳記念館)
2817,ヴォーリズ記念館,滋賀縣,美術館,3.9,139,美術館,Otsu Station,25.9,0.70,0.7800,0.4144,0.1621,0.5925,http://commons.wikimedia.org/wiki/Special:FilePath/Old%20vories%20house01s3200.jpg,35.1398610,136.0947220,Q11352217,ヴォーリズ記念館 (一柳記念館)
2975,金沢湯涌夢二館,石川縣,人物紀念館,4.5,13,人物紀念館,Kanazawa Station,14.2,0.70,0.9000,0.2213,0.2609,0.5925,http://commons.wikimedia.org/wiki/Special:FilePath/131109%20Kanazawa%20Yuwaku%20Yumeji-kan%20Museum%20Kanazawa%20Ishikawa%20pref%20Japan02s3.jpg,36.4859720,136.7574440,Q11647502,金沢湯涌夢二館
3530,ショーハウス記念館,長野縣,人物紀念館,4.2,71,人物紀念館,Nagano Station,50.9,0.70,0.8400,0.3587,0.0894,0.5925,http://commons.wikimedia.org/wiki/Special:FilePath/Shaw%20house01s2040.jpg,36.3623333,138.6387500,Q11308244,ショーハウス記念館
3604,木曽町御嶽山ビジターセンター,長野縣,遊客中心,4.4,44,遊客中心,Nagano Station,103.3,0.70,0.8800,0.3193,0.0462,0.5924,,35.8229866,137.6479218,Q125661754,木曽町御嶽山ビジターセンター さとテラス三岳
2804,石垣市立八重山博物館,沖繩縣,博物館,3.8,345,博物館,Naha Bus Terminal,410.6,0.70,0.7600,0.4903,0.0120,0.5923,http://commons.wikimedia.org/wiki/Special:FilePath/Yaeyama%20Museum%2C%20Ishigaki%2C%20Japan.JPG,24.3380000,124.1600000,Q19459000,石垣市立八重山博物館
2854,滋賀縣立琵琶湖文化館,滋賀縣,博物館,3.6,24,博物館,Otsu Station,1.0,0.70,0.7200,0.2700,0.8333,0.5923,http://commons.wikimedia.org/wiki/Special:FilePath/Biwako-Bunkakan%20DSCN2823.jpg,35.0080830,135.8740560,Q11564666,滋賀県立琵琶湖文化館
3264,いわき市考古資料館,福島縣,考古博物館,4.0,155,考古博物館,Fukushima Station,90.2,0.70,0.8000,0.4235,0.0525,0.5923,http://commons.wikimedia.org/wiki/Special:FilePath/Iwaki%20City%20Archaeological%20Museum.JPG,36.9968610,140.8253890,Q4981824,いわき市考古資料館
3599,日本のあかり博物館,長野縣,美術館,3.8,117,美術館,Nagano Station,12.7,0.70,0.7600,0.4001,0.2830,0.5923,,36.6951111,138.3151389,Q86743771,日本のあかり博物館
461,利尻町立博物館,北海道,地方文化館,4.0,175,地方文化館,Sapporo Station,227.6,0.70,0.8000,0.4336,0.0215,0.5922,,45.1128740,141.2160700,Q132184263,利尻町立博物館
3913,塩谷定好写真記念館,鳥取縣,人物紀念館,4.2,70,人物紀念館,Tottori Station,52.1,0.70,0.8400,0.3575,0.0875,0.5920,http://commons.wikimedia.org/wiki/Special:FilePath/%E5%A1%A9%E8%B0%B7%E5%AE%9A%E5%A5%BD%E5%86%99%E7%9C%9F%E8%A8%98%E5%BF%B5%E9%A4%A8.jpg,35.5135000,133.6504722,Q83528901,塩谷定好写真記念館
3592,尾澤木彫美術館,長野縣,博物館,4.5,21,博物館,Nagano Station,30.4,0.70,0.9000,0.2592,0.1414,0.5919,http://commons.wikimedia.org/wiki/Special:FilePath/Ozawa%20Wooden%20Sculpture%20Art%20Museum%201.jpg,36.3791167,138.2764861,Q66363172,尾澤木彫美術館
442,中川町エコミュージアムセンター,北海道,博物館,4.1,123,博物館,Sapporo Station,194.3,0.70,0.8200,0.4043,0.0251,0.5918,,44.7448056,142.0351667,Q85875502,中川町エコミュージアムセンター
3608,松本市はかり資料館,長野縣,博物館,4.0,130,博物館,Nagano Station,49.4,0.70,0.8000,0.4089,0.0919,0.5918,http://commons.wikimedia.org/wiki/Special:FilePath/Nakamachi%20street%20Matsumoto%20Nagano%20pref%20Japan04n.jpg,36.2339440,137.9725830,Q11531021,松本市はかり資料館
1102,旧柳生藩家老屋敷,奈良縣,武家地,3.7,164,武家地,Nara Station,13.3,0.70,0.7400,0.4282,0.2728,0.5917,http://commons.wikimedia.org/wiki/Special:FilePath/Kyu-Yagyuhan%20karoyashiki06n3200.jpg,34.7324440,135.9502220,Q11511073,旧柳生藩家老屋敷
3202,大川市立清力美術館,福岡縣,美術館,4.1,86,美術館,Hakata Station,39.3,0.70,0.8200,0.3745,0.1130,0.5917,http://commons.wikimedia.org/wiki/Special:FilePath/Okawa%20City%20Seiriki%20Art%20Museum%20front.jpg,33.2382780,130.3874290,Q132173876,大川市立 清力美術館
511,坂本九思い出記念館,北海道,纪念博物馆,4.1,87,纪念博物馆,Sapporo Station,40.8,0.70,0.8200,0.3755,0.1092,0.5916,,43.0175400,141.8476050,Q16919166,坂本九思い出記念館
1151,冰水族馆,宮城縣,水族館,3.8,288,水族館,Sendai Station,93.5,0.70,0.7600,0.4752,0.0508,0.5916,http://commons.wikimedia.org/wiki/Special:FilePath/Kesennuma%20uminoiti.jpg,38.9001000,141.5800000,Q7741262,氷の水族館
1193,大いちょう展望台,宮崎縣,觀景台,4.0,141,觀景台,Miyazaki Station,66.8,0.70,0.8000,0.4156,0.0696,0.5916,,32.4933333,131.2352778,Q124111909,椎葉村大いちょう展望台
305,有馬郵票文化博物館,兵庫縣,切手博物館,3.8,127,切手博物館,Kobe Station,14.8,0.70,0.7600,0.4069,0.2521,0.5913,http://commons.wikimedia.org/wiki/Special:FilePath/The%20Philatelic%20Culture%20Museum%20Arima%20Kobe02n3200.jpg,34.7987500,135.2509170,Q11516762,切手文化博物館
985,四天王寺宝物館,大阪府,宝物館,3.7,74,宝物館,Osaka Station,5.7,0.70,0.7400,0.3621,0.4664,0.5913,http://commons.wikimedia.org/wiki/Special:FilePath/Shitennoji12.jpg,34.6541810,135.5173450,Q104721234,宝物館
1480,中山道鵜沼宿町屋館,岐阜縣,博物館,4.0,72,博物館,Gifu Station,16.4,0.70,0.8000,0.3598,0.2335,0.5913,http://commons.wikimedia.org/wiki/Special:FilePath/Unumajuku%20machiyakan.JPG,35.4046667,136.9373056,Q11364293,中山道鵜沼宿町屋館
1603,高山市政記念館,岐阜縣,博物館,3.9,206,博物館,Gifu Station,93.1,0.70,0.7800,0.4472,0.0510,0.5913,http://commons.wikimedia.org/wiki/Special:FilePath/Takayama%20City%20Memorial%20Hall01st3200.jpg,36.1398390,137.2599610,Q11669357,高山市政記念館
3186,北九州創新館,福岡縣,科技博物館,3.8,236,科技博物館,Hakata Station,47.2,0.70,0.7600,0.4586,0.0957,0.5912,http://commons.wikimedia.org/wiki/Special:FilePath/Kitakyushu%20Innovation%20Gallery%20and%20Studio.JPG,33.8688639,130.8060833,Q11400906,北九州イノベーションギャラリー（産業技術継承センター）
3568,塩尻市立平出博物館,長野縣,考古博物館,4.0,137,考古博物館,Nagano Station,64.5,0.70,0.8000,0.4132,0.0720,0.5912,http://commons.wikimedia.org/wiki/Special:FilePath/Hira-ide%20Historic%20Site%20Park%20museum.jpg,36.0991667,137.9393333,Q79734934,塩尻市立平出博物館
2813,みなくち子どもの森自然館,滋賀縣,自然歷史博物館,3.9,137,自然歷史博物館,Otsu Station,28.1,0.70,0.7800,0.4132,0.1512,0.5911,,34.9586690,136.1675290,Q132731973,みなくち子どもの森
1590,関市立篠田桃紅美術空間,岐阜縣,美術館,4.2,39,美術館,Gifu Station,17.5,0.70,0.8400,0.3094,0.2219,0.5910,,35.4958030,136.9178940,Q11655772,関市立 篠田桃紅美術空間
651,美幌博物館,北海道,博物館,4.1,121,博物館,Sapporo Station,236.9,0.70,0.8200,0.4029,0.0207,0.5909,,43.8359880,144.0884510,Q104239738,美幌博物館
3206,太宰府神社のクス,福岡縣,巨樹,4.2,31,巨樹,Hakata Station,13.0,0.70,0.8400,0.2907,0.2775,0.5909,http://commons.wikimedia.org/wiki/Special:FilePath/Grand%20camphor%20tree%20in%20Dazaifu%20Temman%20Shrine%203.jpg,33.5212500,130.5342780,Q112167792,クス
3257,いわき回廊美術館,福島縣,美術館,4.0,145,美術館,Fukushima Station,86.5,0.70,0.8000,0.4180,0.0546,0.5909,,37.0704440,140.9273610,Q17193670,いわき回廊美術館
1357,夕鶴之里資料館,山形縣,博物館,3.9,132,博物館,Yamagata Station,26.8,0.70,0.7800,0.4101,0.1573,0.5908,http://commons.wikimedia.org/wiki/Special:FilePath/Yuudzuru%20no%20sato%2C%20Nanyo.jpg,38.0708889,140.1209167,Q65257150,夕鶴の里
1553,水の体験学習館,岐阜縣,水廠博物館,4.0,18,水廠博物館,Gifu Station,3.8,0.70,0.8000,0.2469,0.5676,0.5908,http://commons.wikimedia.org/wiki/Special:FilePath/Water%20Experience%20learning%20Museum%201.JPG,35.4376944,136.7792500,Q11548165,水の体験学習館
2967,能美市九谷焼美術館,石川縣,陶瓷博物館,3.9,112,陶瓷博物館,Kanazawa Station,20.2,0.70,0.7800,0.3965,0.1986,0.5908,,36.4280970,136.5209700,Q123516881,ＫＡＭ能美市九谷焼美術館 ｜体験館｜
3575,安曇野ジャンセン美術館,長野縣,人物紀念館,3.9,166,人物紀念館,Nagano Station,45.0,0.70,0.7800,0.4292,0.1001,0.5908,http://commons.wikimedia.org/wiki/Special:FilePath/Gaikan.jpg,36.3500000,137.8422222,Q11450773,安曇野ジャンセン美術館
2453,崖之森美術館,東京都,人物紀念館,3.9,121,人物紀念館,Tokyo Station,23.0,0.70,0.7800,0.4029,0.1784,0.5907,http://commons.wikimedia.org/wiki/Special:FilePath/Hakenomori%20Art%20Museum.JPG,35.6950830,139.5127500,Q11275386,はけの森美術館
3271,デコ屋敷,福島縣,人類聚居地,4.3,40,人類聚居地,Fukushima Station,32.6,0.70,0.8600,0.3114,0.1329,0.5907,http://commons.wikimedia.org/wiki/Special:FilePath/%E9%AB%98%E6%9F%B4%E3%83%87%E3%82%B3%E5%B1%8B%E6%95%B7.jpg,37.4606111,140.4564444,Q11320382,高柴デコ屋敷 橋本広司民芸
898,碧雅翠絲·波特資料館,埼玉縣,人物紀念館,4.1,66,人物紀念館,Omiya Station,24.7,0.70,0.8200,0.3526,0.1683,0.5906,http://commons.wikimedia.org/wiki/Special:FilePath/Beatrix%20Potter%20Reference%20Library%2C%20Daito%20Bunka%20University%20-%20Apr%2029%2C%202023.jpg,35.9989720,139.3745560,Q11436141,大東文化大学 ビアトリクス・ポター™資料館
1492,各務原市木曽川文化史料館,岐阜縣,歷史博物館,4.2,19,歷史博物館,Gifu Station,7.8,0.70,0.8400,0.2512,0.3921,0.5906,http://commons.wikimedia.org/wiki/Special:FilePath/Kiso%20River%20Cultural%20History%20Museum%2020210321%2001.jpg,35.3680278,136.8255000,Q110866962,木曽川文化史料館
819,落合博滿野球紀念館,和歌山縣,人物紀念館,3.9,203,人物紀念館,Wakayama Station,100.8,0.70,0.7800,0.4460,0.0473,0.5905,http://commons.wikimedia.org/wiki/Special:FilePath/Hiromitsu%20Ochiai%20Baseball%20Hall%202019-11-30.jpg,33.5861390,135.9578330,Q11620580,落合博満野球記念館
2033,あいち銭湯資料館,愛知縣,博物館,3.8,31,博物館,Nagoya Station,3.4,0.70,0.7600,0.2907,0.5927,0.5905,http://commons.wikimedia.org/wiki/Special:FilePath/Aichi%20Sento%20Shiryokan%2020190119-01.jpg,35.1552500,136.9140830,Q56305473,あいち銭湯資料館
608,江差追分会館・江差山車会館,北海道,山車会館,3.8,299,山車会館,Sapporo Station,167.0,0.70,0.7600,0.4784,0.0291,0.5904,http://commons.wikimedia.org/wiki/Special:FilePath/02-%E6%B1%9F%E5%B7%AE%E8%BF%BD%E5%88%86%E4%BC%9A%E9%A4%A8%E3%83%BB%E4%BC%9D%E7%BF%92%E6%BC%94%E7%A4%BA%E5%AE%A4%E6%A3%9F.jpg,41.8687222,140.1266667,Q48748731,江差追分会館
1182,石巻市博物館,宮城縣,市立博物館,4.0,117,市立博物館,Sendai Station,43.0,0.70,0.8000,0.4001,0.1041,0.5904,,38.4589030,141.3058030,Q133043187,石巻市博物館
1233,射水市新湊博物館,富山縣,博物館,3.9,79,博物館,Toyama Station,12.8,0.70,0.7800,0.3675,0.2815,0.5904,http://commons.wikimedia.org/wiki/Special:FilePath/%E5%B0%84%E6%B0%B4%E5%B8%82%E6%96%B0%E6%B9%8A%E5%8D%9A%E7%89%A9%E9%A4%A8.jpg,36.7524722,137.0846667,Q30921640,射水市新湊博物館
3005,人間国宝美術館,神奈川縣,美術館,4.0,129,美術館,Yokohama Station,58.1,0.70,0.8000,0.4082,0.0793,0.5904,,35.1531361,139.1106917,Q30923413,人間国宝美術館
3610,松本市旧司祭館,長野縣,牧師館,3.9,168,牧師館,Nagano Station,48.7,0.70,0.7800,0.4302,0.0932,0.5904,http://commons.wikimedia.org/wiki/Special:FilePath/130608%20Former%20Matsumoto%20Catholic%20church%20priest%20house%20Matumoto%20Japan01n.jpg,36.2432220,137.9676390,Q11531029,松本市旧司祭館
3781,清見潟,靜岡縣,前实体,3.6,236,前实体,Shizuoka Station,15.1,0.70,0.7200,0.4586,0.2486,0.5904,http://commons.wikimedia.org/wiki/Special:FilePath/View%20of%20Fuji%20from%20the%20Coast%20of%20Kiyomigata%20LACMA%20M.71.100.60.jpg,35.0509730,138.5235940,Q101042850,清水清見潟公園［清見寺］
261,堀江オルゴール博物館,兵庫縣,音楽博物館,4.0,64,音楽博物館,Kobe Station,14.8,0.70,0.8000,0.3501,0.2530,0.5903,http://commons.wikimedia.org/wiki/Special:FilePath/Horieorgelmuseum.jpg,34.7567500,135.3095000,Q11427507,堀江オルゴール博物館
613,浦幌町立博物館,北海道,博物館,4.2,84,博物館,Sapporo Station,190.0,0.70,0.8400,0.3726,0.0256,0.5903,,42.8098270,143.6579070,Q104239175,浦幌町立博物館
3546,伊那市創造館,長野縣,博物館,4.1,104,博物館,Nagano Station,91.8,0.70,0.8200,0.3903,0.0516,0.5903,,35.8387219,137.9565831,Q105086419,伊那市創造館
669,釧路市立美術館,北海道,美術館,3.8,307,美術館,Sapporo Station,246.9,0.70,0.7600,0.4806,0.0198,0.5902,http://commons.wikimedia.org/wiki/Special:FilePath/Manabot%20Nusamai%20Kushiro%20Hokkaido%20Japan02n.jpg,42.9780280,144.3860000,Q11648286,釧路市立美術館
736,房総中央鉄道館,千葉縣,鐵路博物館,4.0,110,鐵路博物館,Chiba Station,38.2,0.70,0.8000,0.3950,0.1157,0.5901,http://commons.wikimedia.org/wiki/Special:FilePath/Boso%20chuo%20tetsudokan%20%28Otaki%2C%20Chiba%29%2002.jpg,35.2872220,140.2454810,Q133842798,房総中央鉄道館
1636,備前市美術館,岡山縣,美術館,3.7,227,美術館,Okayama Station,23.6,0.70,0.7400,0.4553,0.1748,0.5901,,34.7390680,134.1612410,Q132577340,備前市美術館
1637,備前焼ミュージアム,岡山縣,廃止された博物館,3.7,227,廃止された博物館,Okayama Station,23.6,0.70,0.7400,0.4553,0.1748,0.5901,http://commons.wikimedia.org/wiki/Special:FilePath/Bizen%20Pottery%20Traditional%20and%20Contemporary%20Art%20Museum%20Bizen%20Okayama%20pref%20Japan02n.jpg,34.7390680,134.1612550,Q132578373,備前市美術館
2494,昭和古物商品博物館,東京都,博物館,3.7,312,博物館,Tokyo Station,47.3,0.70,0.7400,0.4819,0.0957,0.5901,http://commons.wikimedia.org/wiki/Special:FilePath/Showa%20Retro%20Packaging%20Museum%20ac%20%281%29.jpg,35.7886940,139.2604720,Q11514016,昭和レトロ商品博物館
2671,青梅赤塚不二夫会館,東京都,美術館,3.7,312,美術館,Tokyo Station,47.3,0.70,0.7400,0.4819,0.0957,0.5901,http://commons.wikimedia.org/wiki/Special:FilePath/Fujio%20Akatsuka%20Museum%2C%20Ome%2C%20Tokyo%2C%20Japan.JPG,35.7885556,139.2605833,Q17239410,昭和レトロ商品博物館
2827,大津絵美術館,滋賀縣,美術館,3.7,21,美術館,Otsu Station,1.6,0.70,0.7400,0.2592,0.7630,0.5901,,35.0143260,135.8531960,Q132733283,大津絵美術館
3335,仙北市立角館町平福記念美術館,秋田縣,美術館,4.0,111,美術館,Akita Station,39.0,0.70,0.8000,0.3957,0.1136,0.5901,http://commons.wikimedia.org/wiki/Special:FilePath/Hirafuku%20Memorial%20Art%20Museum%20in%20Kakunodate%2020221025a.jpg,39.6019320,140.5601897,Q136824623,仙北市立角館町平福記念美術館
720,大多喜町商家保存資料館,千葉縣,博物館,4.0,110,博物館,Chiba Station,38.3,0.70,0.8000,0.3950,0.1154,0.5900,http://commons.wikimedia.org/wiki/Special:FilePath/Kamaya%20%28Otaki%2C%20Chiba%29%2003.jpg,35.2863350,140.2468860,Q133823800,房総中央鉄道館
254,和池の大カツラ,兵庫縣,巨樹,5.0,5,巨樹,Kobe Station,99.2,0.70,1.0000,0.1503,0.0480,0.5899,http://commons.wikimedia.org/wiki/Special:FilePath/Great%20katsura%20of%20wachi01s3000.jpg,35.4203610,134.5704720,Q11417751,和池の大カツラ
514,士別市立博物館,北海道,博物館,4.3,58,博物館,Sapporo Station,147.3,0.70,0.8600,0.3420,0.0328,0.5899,,44.1666667,142.3751111,Q109524390,士別市立博物館
3600,日本土人形資料館,長野縣,人形博物館,4.0,79,人形博物館,Nagano Station,20.4,0.70,0.8000,0.3675,0.1966,0.5899,http://commons.wikimedia.org/wiki/Special:FilePath/%E6%97%A5%E6%9C%AC%E5%9C%9F%E4%BA%BA%E5%BD%A2%E8%B3%87%E6%96%99%E9%A4%A8%E5%85%A8%E6%99%AF%EF%BC%882020-2-6%EF%BC%89.jpg,36.7418333,138.3819722,Q85880711,日本土人形資料館
1270,下関市立考古博物館,山口縣,考古博物館,3.9,170,考古博物館,Yamaguchi Station,54.1,0.70,0.7800,0.4312,0.0847,0.5898,http://commons.wikimedia.org/wiki/Special:FilePath/%E4%B8%8B%E9%96%A2%E5%B8%82%E7%AB%8B%E8%80%83%E5%8F%A4%E5%8D%9A%E7%89%A9%E9%A4%A8.JPG,34.0113889,130.9261111,Q4982385,下関市立考古博物館
3613,松本市立考古博物館,長野縣,考古博物館,4.0,122,考古博物館,Nagano Station,52.8,0.70,0.8000,0.4036,0.0866,0.5897,http://commons.wikimedia.org/wiki/Special:FilePath/%E6%9D%BE%E6%9C%AC%E5%B8%82%E7%AB%8B%E8%80%83%E5%8F%A4%E5%8D%9A%E7%89%A9%E9%A4%A8.jpg,36.1932060,138.0013170,Q11531046,松本市立考古博物館
293,日本・蒙古民族博物館,兵庫縣,民族誌学博物館,3.9,192,民族誌学博物館,Kobe Station,91.9,0.70,0.7800,0.4414,0.0516,0.5896,http://commons.wikimedia.org/wiki/Special:FilePath/Japan%20Mongolia%20Folk%20Museum%20ac%20%285%29.jpg,35.4925560,134.9946390,Q11507072,日本・モンゴル民族博物館
2282,柏崎市立博物館,新潟縣,博物館,3.9,185,博物館,Niigata Station,76.6,0.70,0.7800,0.4383,0.0613,0.5896,http://commons.wikimedia.org/wiki/Special:FilePath/Kashiwazaki%20City%20Museum%2C%20Kashiwazaki%2C%20Niigata%2C%20Japan%2C%20November%202023.jpg,37.3591667,138.5427778,Q87396765,柏崎市立博物館
2787,沖縄愛楽園交流会館,沖繩縣,醫學博物館,4.6,18,醫學博物館,Naha Bus Terminal,61.9,0.70,0.9200,0.2469,0.0747,0.5896,,26.6785060,128.0200410,Q132563392,沖縄愛楽園交流会館
2841,栗東歴史民俗博物館,滋賀縣,歷史博物館,3.9,79,歷史博物館,Otsu Station,13.3,0.70,0.7800,0.3675,0.2740,0.5896,http://commons.wikimedia.org/wiki/Special:FilePath/%E6%A0%97%E6%9D%B1%E6%AD%B4%E5%8F%B2%E6%B0%91%E4%BF%97%E5%8D%9A%E7%89%A9%E9%A4%A82020.jpg,35.0179722,136.0088611,Q104720767,栗東歴史民俗博物館
1240,民族薬物資料館,富山縣,大學博物館,4.4,8,大學博物館,Toyama Station,6.8,0.70,0.8800,0.1843,0.4221,0.5895,,36.6787630,137.1416690,Q133237578,Toyama University Institute of Natural Medicine Museum of Materia Medica
2022,西予市立美術館「ギャラリーしろかわ」,愛媛縣,美術館,4.1,87,美術館,Matsuyama Station,51.2,0.70,0.8200,0.3755,0.0889,0.5895,,33.3794167,132.7521944,Q11627169,西予市立美術館「ギャラリーしろかわ」
2194,荒木集成館,愛知縣,考古博物館,4.5,10,考古博物館,Nagoya Station,12.2,0.70,0.9000,0.2011,0.2915,0.5895,http://commons.wikimedia.org/wiki/Special:FilePath/Araki%20Shuseikan%2020151107.jpg,35.1128890,136.9947780,Q11618756,荒木集成館
3014,大山街道ふるさと館,神奈川縣,交通博物館,3.6,229,交通博物館,Yokohama Station,15.3,0.70,0.7200,0.4561,0.2464,0.5895,http://commons.wikimedia.org/wiki/Special:FilePath/%E5%B7%9D%E5%B4%8E%E5%B8%82%E5%A4%A7%E5%B1%B1%E8%A1%97%E9%81%93%E3%81%B5%E3%82%8B%E3%81%95%E3%81%A8%E9%A4%A8.JPG,35.6034780,139.6127180,Q20043481,大山街道ふるさと館
3734,三島市郷土資料館,靜岡縣,地方文化館,4.0,119,地方文化館,Shizuoka Station,50.3,0.70,0.8000,0.4015,0.0903,0.5895,http://commons.wikimedia.org/wiki/Special:FilePath/Mishima%20City%20Local%20Museum.jpg,35.1228889,138.9101389,Q104710319,三島市郷土資料館
1977,今治市玉川近代美術館,愛媛縣,现代美术馆,4.0,91,现代美术馆,Matsuyama Station,26.9,0.70,0.8000,0.3792,0.1566,0.5894,http://commons.wikimedia.org/wiki/Special:FilePath/Tamagawa%20art%20museum.jpg,34.0219170,132.9445560,Q11377199,今治市玉川近代美術館
2627,自転車文化センター,東京都,博物館,4.0,31,博物館,Tokyo Station,6.9,0.70,0.8000,0.2907,0.4212,0.5893,,35.6340425,139.7179531,Q104698204,自転車文化センター
2208,豊橋市視聴覚教育センター,愛知縣,科學博物館,4.0,129,科學博物館,Nagoya Station,70.2,0.70,0.8000,0.4082,0.0665,0.5891,http://commons.wikimedia.org/wiki/Special:FilePath/%E8%B1%8A%E6%A9%8B%E5%B8%82%E8%A6%96%E8%81%B4%E8%A6%9A%E6%95%99%E8%82%B2%E3%82%BB%E3%83%B3%E3%82%BF%E3%83%BC.jpg,34.7294444,137.4315556,Q55525951,豊橋市視聴覚教育センター
2951,白山恐竜パーク白峰,石川縣,恐竜公園,3.7,286,恐竜公園,Kanazawa Station,41.7,0.70,0.7400,0.4746,0.1071,0.5891,,36.2036944,136.6256111,Q65274349,白山恐竜パーク白峰
1711,宮古市崎山貝塚縄文の森ミュージアム,岩手縣,考古博物館,4.0,128,考古博物館,Morioka Station,70.5,0.70,0.8000,0.4076,0.0662,0.5889,http://commons.wikimedia.org/wiki/Special:FilePath/Sakiyama%20Shell%20midden%20sites%20museum%2C%20Miyako.jpg,39.6744110,141.9598510,Q104696352,宮古市崎山貝塚縄文の森ミュージアム
3480,原の辻ガイダンス,長崎縣,考古博物館,4.2,74,考古博物館,Nagasaki Station,113.0,0.70,0.8400,0.3621,0.0424,0.5889,http://commons.wikimedia.org/wiki/Special:FilePath/Harunotsuji%20Guidance.JPG,33.7634720,129.7489440,Q11409338,原の辻ガイダンス
3570,大町エネルギー博物館,長野縣,エネルギー博物館,3.8,199,エネルギー博物館,Nagano Station,38.1,0.70,0.7600,0.4444,0.1161,0.5889,http://commons.wikimedia.org/wiki/Special:FilePath/Omachi%20Museum-1.jpg,36.5152500,137.7933889,Q81979211,大町エネルギー博物館
1376,新庄ふるさと歴史センター,山形縣,地方文化館,3.8,229,地方文化館,Yamagata Station,57.7,0.70,0.7600,0.4561,0.0798,0.5888,http://commons.wikimedia.org/wiki/Special:FilePath/Shinjo%20Furusato%20History%20Center%201.jpg,38.7670556,140.2964722,Q30926729,新庄ふるさと歴史センター
3488,展海峰,長崎縣,风景点,4.5,22,风景点,Nagasaki Station,45.4,0.70,0.9000,0.2630,0.0992,0.5888,http://commons.wikimedia.org/wiki/Special:FilePath/Observation%20Deck%20at%20Tenkaiho.JPG,33.1323611,129.6928611,Q11465727,展海峰 展望台
489,北網圏北見文化センター,北海道,歷史博物館,3.9,209,歷史博物館,Sapporo Station,222.3,0.70,0.7800,0.4484,0.0220,0.5887,http://commons.wikimedia.org/wiki/Special:FilePath/HokumoukenKitamiBunkaCenter.JPG,43.8183333,143.9036111,Q11403934,北網圏北見文化センター
1644,勝山文化往来館ひしお,岡山縣,博物館,4.1,84,博物館,Okayama Station,50.8,0.70,0.8200,0.3726,0.0896,0.5887,http://commons.wikimedia.org/wiki/Special:FilePath/%E5%8B%9D%E5%B1%B1%E6%96%87%E5%8C%96%E5%BE%80%E6%9D%A5%E9%A4%A8%E3%81%B2%E3%81%97%E3%81%8A011.jpg,35.0840000,133.6915600,Q59610850,勝山文化往来館ひしお
1936,相生森林美術館,德島縣,美術館,4.0,96,美術館,Tokushima Station,32.1,0.70,0.8000,0.3837,0.1349,0.5886,http://commons.wikimedia.org/wiki/Special:FilePath/Aioi%20Shinrin%20Bijyutsukan.JPG,33.7977220,134.4520830,Q11582282,相生森林美術館
2993,ふじさわ宿交流館,神奈川縣,游客中心,3.6,249,游客中心,Yokohama Station,18.1,0.70,0.7200,0.4631,0.2165,0.5886,http://commons.wikimedia.org/wiki/Special:FilePath/%E3%81%B5%E3%81%98%E3%81%95%E3%82%8F%E5%AE%BF%E4%BA%A4%E6%B5%81%E9%A4%A8.jpg,35.3465500,139.4873000,Q124956468,藤沢市ふじさわ宿交流館
796,和歌山県世界遺産センター,和歌山縣,遊客中心,4.1,91,遊客中心,Wakayama Station,69.4,0.70,0.8200,0.3792,0.0672,0.5885,http://commons.wikimedia.org/wiki/Special:FilePath/Kumano%20Hongu%20Heritage%20Center.jpg,33.8383890,135.7755560,Q11417386,和歌山県世界遺産センター南館
1163,奥松島縄文村歴史資料館,宮城縣,歷史博物館,3.7,219,歷史博物館,Sendai Station,24.7,0.70,0.7400,0.4523,0.1684,0.5885,http://commons.wikimedia.org/wiki/Special:FilePath/Mt.%20Ootakamori%2002.JPG,38.3380250,141.1474880,Q64143388,奥松島縄文村歴史資料館
454,八雲町郷土資料館,北海道,博物館,4.2,74,博物館,Sapporo Station,126.6,0.70,0.8400,0.3621,0.0380,0.5884,http://commons.wikimedia.org/wiki/Special:FilePath/Yamuko%20Town%20Museum.jpg,42.2545440,140.2682560,Q11391845,八雲町郷土資料館
3495,松永安左エ門記念館,長崎縣,人物紀念館,4.1,100,人物紀念館,Nagasaki Station,111.0,0.70,0.8200,0.3871,0.0431,0.5884,http://commons.wikimedia.org/wiki/Special:FilePath/Iki%20City%20Matsunaga%20Museum.jpg,33.7449722,129.7514444,Q21654699,松永安左エ門記念館
3263,いわき市立草野心平記念文学館,福島縣,人物紀念館,3.9,176,人物紀念館,Fukushima Station,76.9,0.70,0.7800,0.4341,0.0610,0.5883,http://commons.wikimedia.org/wiki/Special:FilePath/Kusano%20Shinpei%20Memorial%20Centre%2CIwaki%20City.JPG,37.1289720,140.8332220,Q11260170,いわき市立草野心平記念文学館
950,臼杵市歴史資料館,大分縣,歷史博物館,4.0,76,歷史博物館,Oita Station,21.5,0.70,0.8000,0.3643,0.1888,0.5882,http://commons.wikimedia.org/wiki/Special:FilePath/Usuki%20City%20History%20Museum%20ac.jpg,33.1194730,131.7933040,Q137995481,臼杵市歴史資料館
531,小平町郷土資料館,北海道,博物館,3.9,190,博物館,Sapporo Station,121.3,0.70,0.7800,0.4405,0.0396,0.5881,http://commons.wikimedia.org/wiki/Special:FilePath/Straw%20boots.JPG,44.1369623,141.6551387,Q130736368,旧花田家番屋
2531,東京理科大学近代科学資料館,東京都,大學博物館,4.0,13,大學博物館,Tokyo Station,3.1,0.70,0.8000,0.2213,0.6172,0.5881,http://commons.wikimedia.org/wiki/Special:FilePath/Ridai%20Museum%20of%20Modern%20Science%20-%20Tokyo%2C%20Japan%20-%20DSC04697.jpg,35.6991670,139.7408330,Q11525035,近代科学資料館（東京物理学校外観復元）
2506,村內美術館,東京都,美術館,3.7,266,美術館,Tokyo Station,38.9,0.70,0.7400,0.4686,0.1139,0.5880,http://commons.wikimedia.org/wiki/Special:FilePath/Hachioji%20MurauchiMuseum%20Entrance.jpg,35.6794310,139.3366330,Q1528356,村内美術館
7,亀山市歴史博物館,三重縣,歷史博物館,3.8,112,歷史博物館,Tsu Station,15.0,0.70,0.7600,0.3965,0.2497,0.5879,http://commons.wikimedia.org/wiki/Special:FilePath/Kameyama%20City%20Historical%20Museum%20ac%20%281%29.jpg,34.8589390,136.4474480,Q104720738,亀山市歴史博物館
251,南淡路市瀧川紀念美術館玉青館,兵庫縣,美術館,4.2,61,美術館,Kobe Station,57.3,0.70,0.8400,0.3461,0.0802,0.5879,http://commons.wikimedia.org/wiki/Special:FilePath/Minamiawaji%20City%20Gyokuseikan%20Museum.JPG,34.3162500,134.7341111,Q11407282,南あわじ市滝川記念美術館玉青館
844,八潮市立資料館,埼玉縣,市立博物館,3.9,98,市立博物館,Omiya Station,19.8,0.70,0.7800,0.3854,0.2014,0.5878,,35.8268056,139.8209167,Q101456044,八潮市立資料館
1184,菅野美術館,宮城縣,彫刻美術館,3.9,68,彫刻美術館,Sendai Station,12.2,0.70,0.7800,0.3551,0.2913,0.5877,,38.3113889,141.0055556,Q11619469,菅野美術館
1884,日本鞋博物館,廣島縣,時裝博物館,4.0,123,時裝博物館,Hiroshima Station,72.3,0.70,0.8000,0.4043,0.0647,0.5877,http://commons.wikimedia.org/wiki/Special:FilePath/Japan%20sweeping%20one%20museum.JPG,34.4504310,133.2608750,Q11506184,松永はきもの資料館
3544,中野陣屋·縣廳紀念館,長野縣,博物館,3.9,98,博物館,Nagano Station,19.9,0.70,0.7800,0.3854,0.2007,0.5877,http://commons.wikimedia.org/wiki/Special:FilePath/Nakano%20Jin%27ya.jpg,36.7446389,138.3726667,Q85875606,中野陣屋・県庁記念館
1168,日本こけし館,宮城縣,人形博物館,3.7,297,人形博物館,Sendai Station,55.3,0.70,0.7400,0.4778,0.0829,0.5876,http://commons.wikimedia.org/wiki/Special:FilePath/Japan%20Kokeshi%20Museum.jpg,38.7361111,140.6975000,Q11505556,日本こけし館
1290,山口大学埋蔵文化財資料館,山口縣,考古博物館,4.3,4,考古博物館,Yamaguchi Station,2.9,0.70,0.8600,0.1350,0.6311,0.5876,,34.1479280,131.4693770,Q104783675,山口大学 埋蔵文化財資料館
3740,井上靖文学馆,靜岡縣,人物紀念館,4.4,30,人物紀念館,Shizuoka Station,49.1,0.70,0.8800,0.2880,0.0925,0.5876,http://commons.wikimedia.org/wiki/Special:FilePath/Inoue-Yasushi-bungakukan-r.jpg,35.1724167,138.8689444,Q105842324,長泉町井上靖文学館
331,白雪ブルワリービレッジ長寿蔵ミュージアム,兵庫縣,酒博物館,4.1,58,酒博物館,Kobe Station,24.6,0.70,0.8200,0.3420,0.1689,0.5875,http://commons.wikimedia.org/wiki/Special:FilePath/Brewery%20museum01%202048.jpg,34.7811110,135.4171670,Q11334871,長寿蔵ブルワリーミュージアム
1623,仓敷刀剑美术馆,岡山縣,美術館,3.7,138,美術館,Okayama Station,13.2,0.70,0.7400,0.4138,0.2740,0.5875,http://commons.wikimedia.org/wiki/Special:FilePath/Gaikan1.JPG,34.5775560,133.8223890,Q11386685,倉敷刀剣美術館
1564,相生座,岐阜縣,博物館,4.3,39,博物館,Gifu Station,42.2,0.70,0.8600,0.3094,0.1060,0.5874,,35.4559440,137.2182780,Q11582276,美濃歌舞伎博物館相生座
1757,メテオプラザ,島根縣,入浴施設,3.5,340,入浴施設,Matsue Station,19.2,0.70,0.7000,0.4891,0.2063,0.5874,http://commons.wikimedia.org/wiki/Special:FilePath/Meteo%20Plaza%20ac.jpg,35.5713720,133.2303210,Q132444909,メテオプラザ
618,滝川市こども科学館,北海道,兒童博物館,4.0,120,兒童博物館,Sapporo Station,70.5,0.70,0.8000,0.4022,0.0662,0.5873,,43.5525180,141.9148890,Q132550120,滝川市こども科学館
1197,宮崎市佐土原歴史資料館,宮崎縣,歷史博物館,3.9,78,歷史博物館,Miyazaki Station,14.7,0.70,0.7800,0.3665,0.2538,0.5873,http://commons.wikimedia.org/wiki/Special:FilePath/Sadowara%20Castle%202010.JPG,32.0478300,131.4258300,Q123517075,宮崎市佐土原歴史資料館（鶴松館）
2061,ラムサール条約湿地藤前干潟藤前活動センター,愛知縣,自然中心,3.9,60,自然中心,Nagoya Station,10.7,0.70,0.7800,0.3448,0.3191,0.5873,http://commons.wikimedia.org/wiki/Special:FilePath/Fujimae-activity-center.jpg,35.0827167,136.8353278,Q56736668,藤前干潟活動センター
277,安妮玫瑰的教會,兵庫縣,人物紀念館,4.3,23,人物紀念館,Kobe Station,16.5,0.70,0.8600,0.2665,0.2320,0.5872,http://commons.wikimedia.org/wiki/Special:FilePath/%E3%82%A2%E3%83%B3%E3%83%8D%E3%81%AE%E3%83%90%E3%83%A9%E3%81%AE%E6%95%99%E4%BC%9A%E5%A4%96%E8%A6%B3.jpg,34.7630819,135.3279200,Q18700518,アンネのバラの教会
574,木田金次郎美術館,北海道,美術館,4.1,86,美術館,Sapporo Station,68.6,0.70,0.8200,0.3745,0.0680,0.5872,,42.9839150,140.5151560,Q132541511,木田金次郎美術館
1283,商家博物館　むろやの園,山口縣,博物館,4.3,44,博物館,Yamaguchi Station,62.3,0.70,0.8600,0.3193,0.0743,0.5872,http://commons.wikimedia.org/wiki/Special:FilePath/Muroya-no-sono%202021-08%20ac.jpg,33.9689520,132.1096270,Q104783687,商家博物館むろやの園
901,秩父鐵道車両公園,埼玉縣,鉄道公園,4.1,82,鉄道公園,Omiya Station,58.4,0.70,0.8200,0.3706,0.0789,0.5871,http://commons.wikimedia.org/wiki/Special:FilePath/Tetudoshiyariyo%20park2.jpg,35.9603890,138.9792220,Q11596172,SL転車台公園
3015,大磯町郷土資料館,神奈川縣,地方文化館,4.0,94,地方文化館,Yokohama Station,35.0,0.70,0.8000,0.3819,0.1250,0.5871,http://commons.wikimedia.org/wiki/Special:FilePath/%E5%A4%A7%E7%A3%AF%E7%94%BA%E9%83%B7%E5%9C%9F%E8%B3%87%E6%96%99%E9%A4%A8%E5%85%A5%E5%8F%A3.jpg,35.3053810,139.2908820,Q104708393,大磯町郷土資料館
222,三木市立金物資料館,兵庫縣,博物館,4.1,53,博物館,Kobe Station,21.9,0.70,0.8200,0.3345,0.1860,0.5870,http://commons.wikimedia.org/wiki/Special:FilePath/Miki%20City%20Hardware%20Museum02s3872.jpg,34.7992500,134.9880280,Q11355653,三木市立金物資料館
268,姫路市平和資料館,兵庫縣,和平博物館,4.0,106,和平博物館,Kobe Station,48.7,0.70,0.8000,0.3919,0.0931,0.5869,http://commons.wikimedia.org/wiki/Special:FilePath/Himeji-peace-museum.jpg,34.8218889,134.6741389,Q11447478,姫路市平和資料館
828,おがの化石館,埼玉縣,古生物博物馆,3.7,286,古生物博物馆,Omiya Station,53.7,0.70,0.7400,0.4746,0.0852,0.5869,http://commons.wikimedia.org/wiki/Special:FilePath/Fossil%20Museum%20of%20Ogano%201.jpg,36.0191222,139.0440333,Q21652654,おがの化石館
2652,賀川豊彦記念松沢資料館,東京都,博物館,4.1,36,博物館,Tokyo Station,12.8,0.70,0.8200,0.3028,0.2802,0.5869,,35.6678240,139.6258570,Q104698211,賀川豊彦記念松沢資料館
605,江別市セラミックアートセンター,北海道,博物館,3.8,109,博物館,Sapporo Station,15.4,0.70,0.7600,0.3942,0.2452,0.5868,,43.0708333,141.5402778,Q130638467,江別市セラミックアートセンター
1608,FAN美術館,岡山縣,美術館,4.3,31,美術館,Okayama Station,26.9,0.70,0.8600,0.2907,0.1565,0.5868,http://commons.wikimedia.org/wiki/Special:FilePath/Fujiwara-Kei-Museum.jpg,34.7331667,134.2020556,Q48750098,FAN美術館/藤原啓記念館/FANカフェ
2048,カモメリア,愛知縣,博物館,3.9,158,博物館,Nagoya Station,63.6,0.70,0.7800,0.4251,0.0729,0.5868,http://commons.wikimedia.org/wiki/Special:FilePath/Kamomeria1.jpg,34.7323360,137.3297830,Q11294855,カモメリア(ポートインフォメーションセンター)
3543,中野市立博物館,長野縣,市立博物館,3.9,89,市立博物館,Nagano Station,18.2,0.70,0.7800,0.3774,0.2159,0.5868,,36.7500833,138.3425278,Q81383363,中野市立博物館
1903,辻村寿三郎人形館,廣島縣,人形博物館,3.8,210,人形博物館,Hiroshima Station,57.2,0.70,0.7600,0.4488,0.0803,0.5867,http://commons.wikimedia.org/wiki/Special:FilePath/Miyoshi%20Museum%20of%20History.jpg,34.8109770,132.8478580,Q123124371,三次市歴史民俗資料館・辻村寿三郎人形館
2584,温故学会会館,東京都,博物館,4.5,4,博物館,Tokyo Station,5.8,0.70,0.9000,0.1350,0.4625,0.5867,http://commons.wikimedia.org/wiki/Special:FilePath/Hanawa%20Hokiichi1a.JPG,35.6543333,139.7119278,Q21018910,温故学会会館
968,アイセルシュラホール,大阪府,社區中心,3.9,87,社區中心,Osaka Station,17.8,0.70,0.7800,0.3755,0.2195,0.5866,http://commons.wikimedia.org/wiki/Special:FilePath/Aicelshurahall01%201024.jpg,34.5661194,135.5972306,Q11282212,藤井寺市立にぎわい・まなび交流館 アイセルシュラホール（藤井寺市立観光・歴史文化交流センター／藤井寺市立生涯学習センター／藤井寺市立公民館）
3862,香川大学博物館,香川縣,大學博物館,3.6,20,大學博物館,Takamatsu Station,1.1,0.70,0.7200,0.2553,0.8201,0.5866,,34.3434860,134.0382010,Q123553099,香川大学博物館
225,世良美術館,兵庫縣,美術館,4.1,24,美術館,Kobe Station,8.3,0.70,0.8200,0.2700,0.3746,0.5864,http://commons.wikimedia.org/wiki/Special:FilePath/Sera-museum01s2048.jpg,34.7231944,135.2523611,Q11362538,世良美術館
2741,那須野が原博物館,栃木縣,博物館,3.4,647,博物館,Utsunomiya Station,38.4,0.70,0.6800,0.5429,0.1153,0.5864,http://commons.wikimedia.org/wiki/Special:FilePath/Michinoeki%20nishinasuno.jpg,36.8995800,139.9689780,Q135975615,那須野が原博物館
2759,久米島博物館,沖繩縣,博物館,3.9,169,博物館,Naha Bus Terminal,92.4,0.70,0.7800,0.4307,0.0513,0.5864,,26.3416430,126.7637780,Q28154171,久米島博物館
3858,金毘羅溫泉鄉,香川縣,鹽化物泉,3.4,556,鹽化物泉,Takamatsu Station,27.6,0.70,0.6800,0.5303,0.1533,0.5864,,34.1888611,133.8185833,Q11267088,こんぴら温泉湯元八千代
3859,金陵の郷,香川縣,日本清酒博物館,3.4,556,日本清酒博物館,Takamatsu Station,27.7,0.70,0.6800,0.5303,0.1530,0.5864,http://commons.wikimedia.org/wiki/Special:FilePath/Kotohira%20Nishino-Kinryo%202021-08%20ac.jpg,34.1875580,133.8187960,Q123523221,こんぴら温泉湯元八千代
255,坂越市政廳,兵庫縣,博物館,4.1,83,博物館,Kobe Station,69.0,0.70,0.8200,0.3716,0.0675,0.5862,http://commons.wikimedia.org/wiki/Special:FilePath/Sakoshimachinamikan1024.jpg,34.7669170,134.4301330,Q11425573,旧坂越浦会所
369,舊坂越浦會所,兵庫縣,会所,4.1,83,会所,Kobe Station,68.9,0.70,0.8200,0.3716,0.0677,0.5862,http://commons.wikimedia.org/wiki/Special:FilePath/Kyusakoshiurakaijo01%201024.jpg,34.7664720,134.4317220,Q11511014,旧坂越浦会所
787,串本應拳蘆雪館,和歌山縣,美術館,4.4,34,美術館,Wakayama Station,100.6,0.70,0.8800,0.2982,0.0474,0.5862,http://commons.wikimedia.org/wiki/Special:FilePath/Kushimoto%20oukyo%20rosetsu.JPG,33.4704440,135.7782780,Q11367892,串本応挙芦雪館
1078,大亀和尚民芸館,奈良縣,民俗博物館,4.8,5,民俗博物館,Nara Station,24.2,0.70,0.9600,0.1503,0.1711,0.5862,,34.4804580,135.9233320,Q123148109,大亀和尚民芸館
3992,鹿児島七ツ島ソーラー科学館,鹿兒島縣,科學博物館,4.4,13,科學博物館,Kagoshima-Chuo Station,13.0,0.70,0.8800,0.2213,0.2780,0.5862,http://commons.wikimedia.org/wiki/Special:FilePath/Kagoshima%20Nanatsujima%20Solar%20Science%20Museum.jpg,31.4683950,130.5191950,Q138314093,鹿児島七ツ島ソーラー科学館
1687,閑谷学校資料館,岡山縣,教育博物館,4.1,62,教育博物館,Okayama Station,31.0,0.70,0.8200,0.3475,0.1390,0.5861,http://commons.wikimedia.org/wiki/Special:FilePath/SHIZUTANI-Museum-01.jpg,34.7970000,134.2181667,Q20044750,閑谷学校資料館
3033,御林展望公園,神奈川縣,公園,3.8,203,公園,Yokohama Station,55.8,0.70,0.7600,0.4460,0.0822,0.5860,,35.1438889,139.1508333,Q48746867,お林展望公園
3282,喜多方市美術館,福島縣,美術館,3.9,145,美術館,Fukushima Station,53.8,0.70,0.7800,0.4180,0.0850,0.5859,http://commons.wikimedia.org/wiki/Special:FilePath/Museum%2CKitakata%20%281390820482%29.jpg,37.6511667,139.8617222,Q28688791,喜多方市美術館
400,黑川古文化研究所,兵庫縣,研究機構,4.0,54,研究機構,Kobe Station,15.1,0.70,0.8000,0.3361,0.2485,0.5857,,34.7625000,135.3091940,Q11678218,黒川古文化研究所
1344,いでは文化記念館,山形縣,文化博物館,3.8,204,文化博物館,Yamagata Station,59.7,0.70,0.7600,0.4464,0.0773,0.5857,http://commons.wikimedia.org/wiki/Special:FilePath/Ideha%20Bunka%20Museum.jpg,38.7043333,139.9646389,Q65233819,いでは文化記念館
223,三木美術館,兵庫縣,美術館,4.0,100,美術館,Kobe Station,47.6,0.70,0.8000,0.3871,0.0950,0.5856,http://commons.wikimedia.org/wiki/Special:FilePath/Miki-art-museum.jpg,34.8329444,134.6915556,Q22120437,三木美術館
290,手柄山交流站,兵庫縣,鐵路博物館,4.1,73,鐵路博物館,Kobe Station,48.5,0.70,0.8200,0.3610,0.0934,0.5856,http://commons.wikimedia.org/wiki/Special:FilePath/Tegarayama-koryustation.jpg,34.8220000,134.6761110,Q11497072,手柄山交流ステーション
3457,日立市郷土博物館,茨城縣,地方文化館,3.9,115,地方文化館,Mito Station,30.7,0.70,0.7800,0.3987,0.1399,0.5856,http://commons.wikimedia.org/wiki/Special:FilePath/Hitachi%20City%20Folk%20Museum.jpg,36.6059130,140.6571200,Q11510056,日立市郷土博物館
281,小野市立好古館,兵庫縣,歷史博物館,3.9,111,歷史博物館,Kobe Station,28.9,0.70,0.7800,0.3957,0.1477,0.5855,http://commons.wikimedia.org/wiki/Special:FilePath/City%20Museum%20Ono%20Hyogo01s5s3200.jpg,34.8428330,134.9325830,Q11464066,小野市立好古館
413,かかし古里館,北海道,博物館,4.1,78,博物館,Sapporo Station,61.4,0.70,0.8200,0.3665,0.0753,0.5855,,42.9801639,140.6055167,Q11263579,共和町かかし古里館
520,大鵬相撲紀念館,北海道,體育博物館,3.9,186,體育博物館,Sapporo Station,257.4,0.70,0.7800,0.4387,0.0191,0.5855,,43.6353030,144.4375970,Q11487390,大鵬相撲記念館
1190,風の沢ミュージアム,宮城縣,古民家,4.1,77,古民家,Sendai Station,58.3,0.70,0.8200,0.3654,0.0790,0.5855,,38.7810556,140.9570556,Q20043654,風の沢
2304,阿賀野市立吉田東伍記念博物館,新潟縣,纪念博物馆,4.1,49,纪念博物馆,Niigata Station,21.3,0.70,0.8200,0.3281,0.1902,0.5854,http://commons.wikimedia.org/wiki/Special:FilePath/Yoshida%20Togo%20Memorial%20Museum%2C%20Agano%2C%20Niigata%2C%20Japan%2C%20August%202023.jpg,37.7759830,139.2323530,Q104708785,吉田東伍記念博物館
3265,こおりやま文学の森資料館,福島縣,文學館,3.9,129,文學館,Fukushima Station,40.7,0.70,0.7800,0.4082,0.1094,0.5854,http://commons.wikimedia.org/wiki/Special:FilePath/Koriyama%20Museum%20of%20Literature1.jpg,37.3959444,140.3631389,Q11266221,こおりやま文学の森資料館
3970,志布志市埋蔵文化財センター,鹿兒島縣,埋藏文化財中心,3.9,142,埋藏文化財中心,Kagoshima-Chuo Station,53.4,0.70,0.7800,0.4162,0.0856,0.5854,,31.4709870,131.0884360,Q132912918,志布志市埋蔵文化財センター
1241,氷見市立博物館,富山縣,市立博物館,4.0,76,市立博物館,Toyama Station,26.3,0.70,0.8000,0.3643,0.1600,0.5853,http://commons.wikimedia.org/wiki/Special:FilePath/Himi%20City%20Museum.jpg,36.8528889,136.9868056,Q30925155,氷見市立博物館
1533,岩村歴史資料館,岐阜縣,歷史博物館,3.5,530,歷史博物館,Gifu Station,62.8,0.70,0.7000,0.5262,0.0738,0.5853,,35.3638056,137.4465278,Q48747322,岩村歴史資料館
2641,西山美術館,東京都,美術館,3.8,155,美術館,Tokyo Station,30.0,0.70,0.7600,0.4235,0.1428,0.5853,http://commons.wikimedia.org/wiki/Special:FilePath/%E8%A5%BF%E5%B1%B1%E7%BE%8E%E8%A1%93%E9%A4%A8%E5%85%A8%E6%99%AF.jpg,35.5895280,139.4547220,Q17211727,西山美術館
1961,ところミュージアム大三島,愛媛縣,彫刻美術館,3.8,184,彫刻美術館,Matsuyama Station,45.6,0.70,0.7600,0.4378,0.0989,0.5852,http://commons.wikimedia.org/wiki/Special:FilePath/Tokoro%20Museum.jpg,34.2150278,132.9519722,Q11273158,ところミュージアム大三島
3260,いわき市暮らしの伝承郷,福島縣,民俗博物館,4.0,117,民俗博物館,Fukushima Station,92.2,0.70,0.8000,0.4001,0.0515,0.5852,http://commons.wikimedia.org/wiki/Special:FilePath/Iwaki%20city%20Kurashi-no-denshogo.JPG,37.0083610,140.9150000,Q11260150,いわき市暮らしの伝承郷
426,カナディアンワールド公園,北海道,公園,3.7,303,公園,Sapporo Station,90.7,0.70,0.7400,0.4795,0.0523,0.5851,http://commons.wikimedia.org/wiki/Special:FilePath/CanadianWorldPark.jpg,43.5661111,142.2391667,Q11294440,カナディアンワールド
256,城崎文藝館,兵庫縣,文學館,3.8,228,文學館,Kobe Station,110.3,0.70,0.7600,0.4557,0.0434,0.5850,http://commons.wikimedia.org/wiki/Special:FilePath/Kinosaki%20bungei01%202816.jpg,35.6252220,134.8106670,Q11426143,城崎文芸館
552,弟子屈町屈斜路コタンアイヌ民族資料館,北海道,アイヌ博物館,3.9,181,アイヌ博物館,Sapporo Station,248.2,0.70,0.7800,0.4364,0.0197,0.5849,http://commons.wikimedia.org/wiki/Special:FilePath/Teshikaga%20Town%20Kussharo%20Kotan%20Ainu%20Museum.jpg,43.5637222,144.3422500,Q11487391,屈斜路コタンアイヌ民族資料館
775,鈴木貫太郎紀念館,千葉縣,人物紀念館,3.8,199,人物紀念館,Chiba Station,60.8,0.70,0.7600,0.4444,0.0760,0.5849,http://commons.wikimedia.org/wiki/Special:FilePath/Suzuki%20Kantaro%20001.jpg,36.0911670,139.7857780,Q11649284,鈴木貫太郎記念館
479,北海道立北方四島交流センター,北海道,遊客中心,3.9,184,遊客中心,Sapporo Station,341.4,0.70,0.7800,0.4378,0.0144,0.5848,,43.3120380,145.5493610,Q132197139,北海道立北方四島交流センター(二・ホ・ロ)
3595,市立岡谷美術考古館,長野縣,考古博物館,4.0,107,考古博物館,Nagano Station,66.2,0.70,0.8000,0.3927,0.0702,0.5848,http://commons.wikimedia.org/wiki/Special:FilePath/Okaya%20Art%20%26%20Archaeological%20Museum.jpg,36.0588056,138.0470833,Q78129958,岡谷美術考古館
1004,大阪市立博物館,大阪府,市立博物館,3.7,33,市立博物館,Osaka Station,3.4,0.70,0.7400,0.2957,0.5984,0.5846,http://commons.wikimedia.org/wiki/Special:FilePath/HeadQuarter4thDiv-Osaka.jpg,34.6858610,135.5265280,Q11440386,大阪市立博物館
3098,神崎遺跡資料館,神奈川縣,博物館,3.8,122,博物館,Yokohama Station,20.6,0.70,0.7600,0.4036,0.1956,0.5846,http://commons.wikimedia.org/wiki/Special:FilePath/Kanzaki-Iseki6.JPG,35.4098148,139.4065852,Q116688571,神崎遺跡資料館
1941,阿南市科学センター,德島縣,科學博物館,3.8,113,科學博物館,Tokushima Station,18.4,0.70,0.7600,0.3972,0.2135,0.5845,,33.9488610,134.6816940,Q11657295,阿南市科学センター
1459,OKBギャラリー,岐阜縣,博物館,5.0,1,博物館,Gifu Station,13.5,0.70,1.0000,0.0581,0.2698,0.5844,,35.3651302,136.6170997,Q134405381,OKBギャラリーおおがき
1467,シューニャ美術館,岐阜縣,美術館,5.0,1,美術館,Gifu Station,13.5,0.70,1.0000,0.0581,0.2700,0.5844,http://commons.wikimedia.org/wiki/Special:FilePath/Shunya%20Museum2008-1.jpg,35.3515330,136.6249310,Q11308090,シューニヤ美術館
1581,藤橋城,岐阜縣,博物館,3.7,221,博物館,Gifu Station,35.3,0.70,0.7400,0.4531,0.1242,0.5844,http://commons.wikimedia.org/wiki/Special:FilePath/Fujihashi-joh.jpg,35.6382306,136.4872139,Q11624444,藤橋城･西美濃プラネタリウム
1918,徳島市天狗久資料館,德島縣,人物紀念館,4.1,14,人物紀念館,Tokushima Station,5.4,0.70,0.8200,0.2271,0.4822,0.5844,,34.0722780,134.4927500,Q11489720,徳島市天狗久資料館
2700,小山市立車屋美術館,栃木縣,美術館,3.9,117,美術館,Utsunomiya Station,35.4,0.70,0.7800,0.4001,0.1237,0.5844,http://commons.wikimedia.org/wiki/Special:FilePath/Kurumaya%20Museum%20of%20Art.JPG,36.2606111,139.7609722,Q11459856,小山市立車屋美術館
3392,広瀬川美術館,群馬縣,美術館,3.5,29,美術館,Maebashi Station,1.3,0.70,0.7000,0.2852,0.7883,0.5844,http://commons.wikimedia.org/wiki/Special:FilePath/Hirosegawa%20Art%20Museum.jpg,36.3951111,139.0689444,Q48749687,広瀬川美術館
344,神戶市立太閣之湯殿館,兵庫縣,考古博物館,3.8,94,考古博物館,Kobe Station,14.4,0.70,0.7600,0.3819,0.2573,0.5843,http://commons.wikimedia.org/wiki/Special:FilePath/Taiko-no-yudonokan01s3872.jpg,34.7956667,135.2484722,Q11589987,神戸市立太閤の湯殿館(資料館)
874,川越市藏造資料館,埼玉縣,历史房屋博物馆,4.0,45,历史房屋博物馆,Omiya Station,12.9,0.70,0.8000,0.3211,0.2798,0.5843,http://commons.wikimedia.org/wiki/Special:FilePath/Kawagoe%20Kuratsukuri%20Museum.JPG,35.9237222,139.4827778,Q11479246,川越市蔵造り資料館
2126,廻船問屋瀧田家,愛知縣,历史房屋博物馆,3.9,111,历史房屋博物馆,Nagoya Station,31.7,0.70,0.7800,0.3957,0.1362,0.5843,http://commons.wikimedia.org/wiki/Special:FilePath/Takitake1.jpg,34.8879220,136.8391810,Q11486878,廻船問屋 瀧田家
2185,神明社の大シイ,愛知縣,巨樹,4.8,6,巨樹,Nagoya Station,39.1,0.70,0.9600,0.1632,0.1134,0.5843,http://commons.wikimedia.org/wiki/Special:FilePath/Shinmeisha%20no%20Osii%20tree%20of%20Castanopsis%20sieboldii%20A.jpg,34.8753611,137.1137778,Q111751504,神明社の大シイ
304,有馬玩具博物館,兵庫縣,玩具博物館,3.8,94,玩具博物館,Kobe Station,14.5,0.70,0.7600,0.3819,0.2559,0.5842,http://commons.wikimedia.org/wiki/Special:FilePath/Arima%20toys%20%26%20automata%20museum.jpg,34.7970340,135.2478790,Q11516809,神戸市立太閤の湯殿館(資料館)
1464,とうしん美濃陶芸美術館,岐阜縣,陶瓷博物館,4.2,43,陶瓷博物館,Gifu Station,34.5,0.70,0.8400,0.3174,0.1266,0.5839,http://commons.wikimedia.org/wiki/Special:FilePath/%E3%81%A8%E3%81%86%E3%81%97%E3%82%93%E7%BE%8E%E6%BF%83%E9%99%B6%E8%8A%B8%E7%BE%8E%E8%A1%93%E9%A4%A8.jpg,35.3512990,137.1301760,Q120735757,とうしん美濃陶芸美術館
2504,杉並区立科学館,東京都,科學博物館,5.0,1,科學博物館,Tokyo Station,13.9,0.70,1.0000,0.0581,0.2643,0.5839,http://commons.wikimedia.org/wiki/Special:FilePath/Suginami%20science%20center%20shimizu%20suginami%20tokyo.JPG,35.7163889,139.6191667,Q11521694,杉並区立科学教育センター（杉並区立科学館）跡
3086,理科HOUSE,神奈川縣,科學博物館,4.5,11,科學博物館,Yokohama Station,18.4,0.70,0.9000,0.2084,0.2137,0.5839,,35.3027222,139.5918056,Q11573589,理科ハウス
1868,広島県立みよし風土記の丘,廣島縣,風土記之丘,4.0,98,風土記之丘,Hiroshima Station,56.2,0.70,0.8000,0.3854,0.0817,0.5838,http://commons.wikimedia.org/wiki/Special:FilePath/%E3%81%BF%E3%82%88%E3%81%97%E9%A2%A8%E5%9C%9F%E8%A8%98%E3%81%AE%E4%B8%98%E5%BE%A9%E5%85%83%E5%BB%BA%E7%89%A9%E7%BE%A4.jpg,34.7633330,132.8986110,Q11484763,広島県立みよし風土記の丘
2312,FARET立川,東京都,觀光景點,3.8,150,觀光景點,Tokyo Station,32.0,0.70,0.7600,0.4208,0.1352,0.5838,,35.7014576,139.4137713,Q11332362,ファーレ立川
3881,梼原町立歴史民俗資料館,高知縣,民俗博物館,4.0,100,民俗博物館,Kochi Station,60.4,0.70,0.8000,0.3871,0.0765,0.5838,http://commons.wikimedia.org/wiki/Special:FilePath/Yusuhara%20rekisisiryoukann04.JPG,33.3914720,132.9269170,Q11538941,梼原町立歴史民俗資料館
318,洲本市立淡路文化史料館,兵庫縣,博物館,3.6,328,博物館,Kobe Station,45.4,0.70,0.7200,0.4861,0.0992,0.5837,http://commons.wikimedia.org/wiki/Special:FilePath/Sumtomo%20Municipal%20Awajishima%20Museum%20Sumoto%20Hyogo%20pref%20Japan01n.jpg,34.3404170,134.9021110,Q11556534,洲本市立淡路文化史料館
849,城西大学水田美術館,埼玉縣,美術館,4.4,19,美術館,Omiya Station,25.7,0.70,0.8800,0.2512,0.1631,0.5837,,35.9328083,139.3409889,Q97754517,水田美術館
1475,下呂市下呂ふるさと歴史記念館,岐阜縣,地方文化館,4.0,100,地方文化館,Gifu Station,62.7,0.70,0.8000,0.3871,0.0738,0.5835,,35.8024167,137.2534444,Q104710269,下呂ふるさと歴史記念館
1692,みちのく民俗村,岩手縣,民家園,3.9,127,民家園,Morioka Station,47.9,0.70,0.7800,0.4069,0.0944,0.5835,http://commons.wikimedia.org/wiki/Special:FilePath/021michinoku%20folk%20village3200.jpg,39.2706110,141.1291110,Q11278994,北上市立博物館
1706,北上市立博物館,岩手縣,市立博物館,3.9,127,市立博物館,Morioka Station,47.9,0.70,0.7800,0.4069,0.0946,0.5835,http://commons.wikimedia.org/wiki/Special:FilePath/990michinoku%20folk%20village3200.jpg,39.2713330,141.1304440,Q11400858,北上市立博物館
1967,久万高原町立久万美術館,愛媛縣,美術館,4.0,68,美術館,Matsuyama Station,24.5,0.70,0.8000,0.3551,0.1697,0.5835,http://commons.wikimedia.org/wiki/Special:FilePath/%E4%B9%85%E4%B8%87%E7%BE%8E%E8%A1%93%E9%A4%A8.JPG,33.6620500,132.9067390,Q11368866,町立久万美術館
3326,高子沼グリーンランド,福島縣,廢墟,3.9,38,廢墟,Fukushima Station,7.7,0.70,0.7800,0.3073,0.3934,0.5835,,37.8050000,140.5191667,Q11669123,高子沼
420,むかわ町穂別地球体験館,北海道,自然歷史博物館,4.1,75,自然歷史博物館,Sapporo Station,72.1,0.70,0.8200,0.3632,0.0648,0.5834,http://commons.wikimedia.org/wiki/Special:FilePath/Hobetsu%20Earth%20Experience%20Museum.jpg,42.7668139,142.1348833,Q11279539,穂別地球体験館
1684,華鴒大塚美術館,岡山縣,美術館,4.0,90,美術館,Okayama Station,45.4,0.70,0.8000,0.3783,0.0992,0.5834,http://commons.wikimedia.org/wiki/Special:FilePath/Hanatori-Otsuka%20art%20museum.jpg,34.5815000,133.4335000,Q11620132,華鴒(はなとり)大塚美術館
1850,厳島神社宝物館,廣島縣,宝物館,4.1,41,宝物館,Hiroshima Station,18.4,0.70,0.8200,0.3135,0.2140,0.5834,http://commons.wikimedia.org/wiki/Special:FilePath/Miyajima%2020170125-2.jpg,34.2948670,132.3187410,Q133290175,宝物館
2474,日之出山莊,東京都,历史房屋博物馆,4.1,67,历史房屋博物馆,Tokyo Station,49.8,0.70,0.8200,0.3539,0.0912,0.5833,http://commons.wikimedia.org/wiki/Special:FilePath/Hinode%20seiundo.jpg,35.7638330,139.2245280,Q11504652,日の出山荘 日米首脳会談記念館
3838,坂出市塩業資料館,香川縣,塩博物館,4.1,33,塩博物館,Takamatsu Station,13.8,0.70,0.8200,0.2957,0.2653,0.5833,,34.3493889,133.8957778,Q108125035,坂出市塩業資料館
221,三木市立堀光美術館,兵庫縣,美術館,3.9,87,美術館,Kobe Station,21.9,0.70,0.7800,0.3755,0.1859,0.5832,http://commons.wikimedia.org/wiki/Special:FilePath/Horimitsu%20museum01n3200.jpg,34.7985000,134.9871111,Q11355634,三木市立堀光美術館
1306,月性展示館,山口縣,博物館,4.3,38,博物館,Yamaguchi Station,65.9,0.70,0.8600,0.3073,0.0705,0.5832,,33.9573920,132.1462590,Q104783682,月性展示館
2599,町田市立自由民権資料館,東京都,博物館,4.0,75,博物館,Tokyo Station,30.2,0.70,0.8000,0.3632,0.1422,0.5832,http://commons.wikimedia.org/wiki/Special:FilePath/JiyuMinkenInstiture-of-MachidaCity.jpg,35.5888889,139.4533333,Q22120358,町田市立自由民権資料館
21,庄野宿資料館,三重縣,博物館,3.9,72,博物館,Tsu Station,16.8,0.70,0.7800,0.3598,0.2293,0.5829,,34.8845833,136.5256389,Q97178396,庄野宿資料館
1305,星野哲郎記念館,山口縣,人物紀念館,3.9,145,人物紀念館,Yamaguchi Station,85.8,0.70,0.7800,0.4180,0.0550,0.5829,http://commons.wikimedia.org/wiki/Special:FilePath/%E6%98%9F%E9%87%8E%E5%93%B2%E9%83%8E%E8%A8%98%E5%BF%B5%E9%A4%A8%20%E5%85%A5%E5%8F%A3.JPG,33.9080830,132.3550280,Q11513103,星野哲郎記念館
1911,モラスコむぎ,德島縣,水族館,3.9,122,水族館,Tokushima Station,46.3,0.70,0.7800,0.4036,0.0974,0.5828,http://commons.wikimedia.org/wiki/Special:FilePath/Morasukomugi20220524%201.jpg,33.6670560,134.4436110,Q11344566,モラスコむぎ
1410,ミュージアム都留,山梨縣,博物館,3.9,106,博物館,Kofu Station,33.1,0.70,0.7800,0.3919,0.1312,0.5827,http://commons.wikimedia.org/wiki/Special:FilePath/Museum%20Tsuru.December%202016.jpg,35.5497778,138.9049444,Q28687167,ミュージアム都留
1511,大野町埋蔵文化財センター,岐阜縣,埋藏文化財中心,4.3,16,埋藏文化財中心,Gifu Station,13.2,0.70,0.8600,0.2376,0.2744,0.5827,http://commons.wikimedia.org/wiki/Special:FilePath/Ono%20akebono%20museum.jpg,35.4840556,136.6431111,Q113872242,大野あけぼのミュージアム
1717,旧秋田銀行本店本館,岩手縣,人物紀念館,3.5,30,人物紀念館,Morioka Station,1.6,0.70,0.7000,0.2880,0.7629,0.5827,http://commons.wikimedia.org/wiki/Special:FilePath/171103%20Morioka%20Takuboku%20and%20Kenji%20Museum%20Morioka%20Iwate%20pref%20Japan01n.jpg,39.6996389,141.1543611,Q48754469,盛岡てがみ館
2693,大田原市黒羽芭蕉の館,栃木縣,博物館,3.8,157,博物館,Utsunomiya Station,39.6,0.70,0.7600,0.4246,0.1120,0.5826,,36.8677840,140.1214010,Q104696772,黒羽芭蕉の館
1726,盛岡てがみ館,岩手縣,文學館,3.5,30,文學館,Morioka Station,1.6,0.70,0.7000,0.2880,0.7601,0.5824,http://commons.wikimedia.org/wiki/Special:FilePath/Morioka%20Museum%20of%20Letter%20190420.jpg,39.7000833,141.1547222,Q60987415,盛岡てがみ館
2545,東村山ふるさと歴史館,東京都,地方文化館,3.7,186,地方文化館,Tokyo Station,28.8,0.70,0.7400,0.4387,0.1481,0.5824,,35.7666090,139.4662700,Q104698227,東村山ふるさと歴史館
3219,朝倉市秋月博物館,福岡縣,博物館,4.0,71,博物館,Hakata Station,28.7,0.70,0.8000,0.3587,0.1484,0.5824,,33.4690560,130.6940560,Q28689523,朝倉市秋月博物館
203,祐徳博物館,佐賀縣,博物館,4.2,36,博物館,Saga Station,27.4,0.70,0.8400,0.3028,0.1543,0.5823,http://commons.wikimedia.org/wiki/Special:FilePath/%E7%A5%90%E5%BE%B3%E7%A8%B2%E8%8D%B7%E7%A5%9E%E7%A4%BE%E5%A4%96%E8%8B%91%20%E7%A5%90%E5%BE%B3%E5%8D%9A%E7%89%A9%E9%A4%A8.JPG,33.0739075,130.1097653,Q107322654,祐徳博物館
1210,高鍋町歷史綜合資料館,宮崎縣,博物館,4.3,24,博物館,Miyazaki Station,23.9,0.70,0.8600,0.2700,0.1728,0.5823,,32.1223056,131.5024444,Q11673179,高鍋町二の丸文教歴史館
1211,高鍋町美術館,宮崎縣,美術館,4.3,24,美術館,Miyazaki Station,23.8,0.70,0.8600,0.2700,0.1735,0.5823,http://commons.wikimedia.org/wiki/Special:FilePath/Takanabe%20museum%20of%20art.jpg,32.1208333,131.5038889,Q11673182,高鍋町二の丸文教歴史館
2770,多良間村ふるさと民俗学習館,沖繩縣,地方文化館,4.3,46,地方文化館,Naha Bus Terminal,345.1,0.70,0.8600,0.3229,0.0143,0.5823,,24.6702950,124.6961490,Q132561356,多良間村 ふるさと民俗学習館
1547,日本最古之石博物館,岐阜縣,鉱物博物館,3.6,279,鉱物博物館,Gifu Station,35.3,0.70,0.7200,0.4726,0.1242,0.5822,http://commons.wikimedia.org/wiki/Special:FilePath/Hichiso%20Precambrian%20Museum01.jpg,35.5331110,137.1147470,Q11508277,日本最古の石博物館
2117,尾崎士郎記念館 (西尾市),愛知縣,文學館,4.3,32,文學館,Nagoya Station,43.8,0.70,0.8600,0.2932,0.1024,0.5822,http://commons.wikimedia.org/wiki/Special:FilePath/Nishio%20City%20Shiro%20Ozaki%20Memorial%20Museum%20exterior%20ac%20%281%29.jpg,34.8066080,137.0651460,Q124685558,尾崎士郎記念館
3547,伊那市立高遠町歴史博物館,長野縣,歷史博物館,3.7,271,歷史博物館,Nagano Station,91.1,0.70,0.7400,0.4701,0.0520,0.5822,http://commons.wikimedia.org/wiki/Special:FilePath/Municipal%20Takatomachi%20Historical%20Museum.jpg,35.8301940,138.0641670,Q28692222,伊那市立高遠町歴史博物館
2699,小山市立博物館,栃木縣,市立博物館,3.7,203,市立博物館,Utsunomiya Station,35.5,0.70,0.7400,0.4460,0.1234,0.5821,,36.2614778,139.7555444,Q1043816,小山市立博物館
619,滝川市美術自然史館,北海道,博物館,3.8,184,博物館,Sapporo Station,70.5,0.70,0.7600,0.4378,0.0662,0.5820,http://commons.wikimedia.org/wiki/Special:FilePath/Takikawa%20Museum%20of%20Art%20and%20Natural%20History%2002.jpg,43.5520120,141.9146470,Q28154206,滝川市美術自然史館
3868,高松市讃岐国分寺跡資料館,香川縣,考古博物館,3.9,48,考古博物館,Takamatsu Station,10.6,0.70,0.7800,0.3264,0.3208,0.5820,,34.3028680,133.9467690,Q104783885,讃岐国分寺跡資料館
990,堺市立みはら歴史博物館,大阪府,歷史博物館,3.7,139,歷史博物館,Osaka Station,18.2,0.70,0.7400,0.4144,0.2159,0.5819,,34.5479320,135.5599310,Q133261062,堺市立みはら歴史博物館
3157,紙わらべ資料館,福井縣,人形博物館,4.2,45,人形博物館,Fukui Station,47.3,0.70,0.8400,0.3211,0.0957,0.5819,http://commons.wikimedia.org/wiki/Special:FilePath/Kamiwarabe%20museum01s3872.jpg,35.6562780,136.0668890,Q11605497,紙わらべ資料館
2215,豐田市鄉土資料館,愛知縣,博物館,3.9,92,博物館,Nagoya Station,26.7,0.70,0.7800,0.3801,0.1576,0.5818,http://commons.wikimedia.org/wiki/Special:FilePath/Toyota%20City%20Local%20History%20Museum%20ac%20%286%29.jpg,35.0940780,137.1600330,Q21653837,豊田市郷土資料館 本館
3556,八ヶ岳総合博物館,長野縣,博物館,3.9,133,博物館,Nagano Station,70.8,0.70,0.7800,0.4108,0.0659,0.5818,http://commons.wikimedia.org/wiki/Special:FilePath/Chino%20City%20Yatsugatake%20Museum%201.jpg,36.0058974,138.1791295,Q66360898,八ヶ岳 総合博物館
1505,大垣市守屋多々志美術館,岐阜縣,美術館,3.9,59,美術館,Gifu Station,13.7,0.70,0.7800,0.3434,0.2672,0.5817,http://commons.wikimedia.org/wiki/Special:FilePath/Moriya%20tadashi%20museum.jpg,35.3602667,136.6173639,Q48747109,大垣市守屋多々志美術館
1676,现代医学教育博物馆,岡山縣,大學博物館,3.8,65,大學博物館,Okayama Station,10.5,0.70,0.7600,0.3514,0.3230,0.5817,http://commons.wikimedia.org/wiki/Special:FilePath/Medical%20Museum%20of%20Kawasaki%20Medical%20School.jpg,34.6333330,133.8113890,Q11573398,学校法人川崎学園 川崎医科大学現代医学教育博物館
95,京都府立山城郷土資料館,京都府,地方文化館,3.8,126,地方文化館,Kyoto Station,26.9,0.70,0.7600,0.4063,0.1569,0.5816,http://commons.wikimedia.org/wiki/Special:FilePath/Kyoto%20Prefectural%20Yamashiro%20Regional%20Museum%20exterior%20view.jpg,34.7522222,135.8338889,Q56062380,京都府立山城郷土資料館
3617,栄村歴史文化館,長野縣,歷史博物館,4.3,33,歷史博物館,Nagano Station,51.0,0.70,0.8600,0.2957,0.0892,0.5816,http://commons.wikimedia.org/wiki/Special:FilePath/Sakae%20kominkan.jpg,36.9751667,138.5843889,Q30926293,栄村歴史文化館・栄村公民館(こらっせ)
3960,姶良市歴史民俗資料館,鹿兒島縣,歷史博物館,4.1,38,歷史博物館,Kagoshima-Chuo Station,18.5,0.70,0.8200,0.3073,0.2128,0.5815,http://commons.wikimedia.org/wiki/Special:FilePath/Aira%20City%20History%20Folklore%20Museum%202025.jpg,31.7310930,130.6315340,Q138314022,姶良市 歴史民俗資料館
1787,島根大學綜合博物館,島根縣,大學博物館,3.9,11,大學博物館,Matsue Station,2.5,0.70,0.7800,0.2084,0.6691,0.5814,,35.4857520,133.0692690,Q127385579,島根大学総合博物館アシカル
3857,金刀比羅宮宝物館,香川縣,博物館,4.5,13,博物館,Takamatsu Station,28.3,0.70,0.9000,0.2213,0.1502,0.5814,http://commons.wikimedia.org/wiki/Special:FilePath/Homotsukan%20Kotohira-gu01n4592.jpg,34.1845100,133.8131550,Q123521217,金刀比羅宮 宝物館
383,赤穗市立歴史博物館,兵庫縣,歷史博物館,3.8,180,歷史博物館,Kobe Station,72.4,0.70,0.7600,0.4360,0.0646,0.5813,http://commons.wikimedia.org/wiki/Special:FilePath/141206%20Ako%20City%20Museum%20of%20History%20Hyogo%20pref%20Japan02n.jpg,34.7473610,134.3904170,Q11635880,赤穂市立歴史博物館
2622,絹之道資料館,東京都,博物館,3.8,146,博物館,Tokyo Station,37.9,0.70,0.7600,0.4185,0.1165,0.5812,http://commons.wikimedia.org/wiki/Special:FilePath/Kinunumichi%20mus..JPG,35.6183690,139.3547000,Q11606978,絹の道資料館（八木下要右衛門屋敷跡）
659,萱野茂二風谷アイヌ資料館,北海道,アイヌ博物館,3.9,133,アイヌ博物館,Sapporo Station,81.8,0.70,0.7800,0.4108,0.0576,0.5810,http://commons.wikimedia.org/wiki/Special:FilePath/P1040186-2.jpg,42.6353060,142.1615560,Q11620529,萱野茂 二風谷アイヌ資料館
3323,郡山市開成館,福島縣,戶外博物館,3.9,108,戶外博物館,Fukushima Station,40.9,0.70,0.7800,0.3934,0.1089,0.5809,http://commons.wikimedia.org/wiki/Special:FilePath/Kaiseikan.JPG,37.3958333,140.3527778,Q11643185,開成館
676,馬の資料館,北海道,農業博物館,4.0,106,農業博物館,Sapporo Station,150.0,0.70,0.8000,0.3919,0.0323,0.5808,http://commons.wikimedia.org/wiki/Special:FilePath/Obihiro%20Racecourse%20Museum%20of%20Horses.jpg,42.9214566,143.1842459,Q104236770,馬の資料館
1044,河内長野市立滝畑ふるさと文化財の森センター,大阪府,民俗博物館,4.0,73,民俗博物館,Osaka Station,35.1,0.70,0.8000,0.3610,0.1246,0.5808,http://commons.wikimedia.org/wiki/Special:FilePath/Takihata%20furusato%20bunkazainomori%20center.jpg,34.3875833,135.5263889,Q11553490,滝畑ふるさと文化財の森ｾﾝﾀｰ
1338,阿弥陀寺宝物館,山口縣,宝物館,5.0,1,宝物館,Yamaguchi Station,16.4,0.70,1.0000,0.0581,0.2339,0.5808,,34.0768920,131.6150830,Q132479539,阿弥陀寺 宝物館
3584,小さな美術館軽井沢草花館,長野縣,美術館,4.3,32,美術館,Nagano Station,51.8,0.70,0.8600,0.2932,0.0881,0.5808,http://commons.wikimedia.org/wiki/Special:FilePath/%E5%B0%8F%E3%81%95%E3%81%AA%E7%BE%8E%E8%A1%93%E9%A4%A8%E8%BB%BD%E4%BA%95%E6%B2%A2%E8%8D%89%E8%8A%B1%E9%A4%A8.jpg,36.3468060,138.6354170,Q11458738,小さな美術館軽井沢草花館
3789,焼津市歴史民俗資料館,靜岡縣,民俗博物館,3.9,58,民俗博物館,Shizuoka Station,14.1,0.70,0.7800,0.3420,0.2613,0.5807,http://commons.wikimedia.org/wiki/Special:FilePath/Yaizu%20Cultural%20Center%20ac%20%281%29.jpg,34.8645556,138.3053056,Q56871131,焼津市歴史民俗資料館
3965,屋久島町歴史民俗資料館,鹿兒島縣,民俗博物館,4.1,75,民俗博物館,Kagoshima-Chuo Station,129.4,0.70,0.8200,0.3632,0.0372,0.5807,http://commons.wikimedia.org/wiki/Special:FilePath/Yakushima%20History%20and%20Folk%20Museum.jpg,30.4205980,130.5689460,Q127608800,屋久島町歴史民俗資料館
3523,KAITA EPITAPH 残照館,長野縣,美術館,5.0,2,美術館,Nagano Station,33.5,0.70,1.0000,0.0921,0.1300,0.5806,http://commons.wikimedia.org/wiki/Special:FilePath/Kaita%20Epitaph%20Zanshou%20Museum.jpg,36.3420556,138.1975278,Q11386158,KAITA EPITAPH 残照館
3117,酔鯨館,神奈川縣,美術館,5.0,1,美術館,Yokohama Station,16.7,0.70,1.0000,0.0581,0.2301,0.5805,http://commons.wikimedia.org/wiki/Special:FilePath/Suigeikan.jpg,35.3207778,139.5754167,Q11644400,Salon de 酔鯨館
3205,太宰府市文化ふれあい館,福岡縣,歷史博物館,3.8,66,歷史博物館,Hakata Station,11.3,0.70,0.7600,0.3526,0.3065,0.5804,http://commons.wikimedia.org/wiki/Special:FilePath/Dazaifu%20City%20Fureai%20Cultural%20Hall.jpg,33.5202550,130.5093800,Q104783956,太宰府市文化ふれあい館
3220,松永文庫,福岡縣,電影博物館,4.1,64,電影博物館,Hakata Station,63.3,0.70,0.8200,0.3501,0.0732,0.5804,http://commons.wikimedia.org/wiki/Special:FilePath/Kyuudairen.jpg,33.9434658,130.9574103,Q28684107,松永文庫
2847,滋賀サファリ博物館,滋賀縣,自然歷史博物館,3.7,149,自然歷史博物館,Otsu Station,22.4,0.70,0.7400,0.4202,0.1826,0.5803,http://commons.wikimedia.org/wiki/Special:FilePath/Safari%20museum.jpg,34.9190139,136.0870778,Q104082588,滋賀サファリ博物館
2669,青梅きもの博物館,東京都,博物館,4.3,31,博物館,Tokyo Station,50.8,0.70,0.8600,0.2907,0.0897,0.5802,,35.7878900,139.2202870,Q104698197,青梅きもの博物館
250,加藤文太郎紀念圖書館,兵庫縣,市区町村立図書館,4.3,38,市区町村立図書館,Kobe Station,124.0,0.70,0.8600,0.3073,0.0388,0.5801,http://commons.wikimedia.org/wiki/Special:FilePath/Kato%20buntaro02s2816.jpg,35.6245830,134.4544170,Q11399242,新温泉町立加藤文太郎記念図書館
826,SATOE紀念21世紀美術館,埼玉縣,美術館,4.0,55,美術館,Omiya Station,21.6,0.70,0.8000,0.3376,0.1881,0.5801,,36.0999694,139.6407028,Q11304884,平成国際大学附属サトエ美術館
1039,正木美術館,大阪府,美術館,4.0,60,美術館,Osaka Station,25.0,0.70,0.8000,0.3448,0.1667,0.5801,http://commons.wikimedia.org/wiki/Special:FilePath/Landscape%20by%20Sesso%20%28Masaki%20Art%20Museum%29.jpeg,34.4946390,135.3921110,Q11545519,正木美術館
609,沙流川歴史館,北海道,歷史博物館,4.1,67,歷史博物館,Sapporo Station,81.3,0.70,0.8200,0.3539,0.0579,0.5800,http://commons.wikimedia.org/wiki/Special:FilePath/Sarugawa%20museum.jpg,42.6373610,142.1558890,Q11553075,沙流川歴史館
1119,葛城市历史博物馆,奈良縣,博物館,3.8,111,博物館,Nara Station,24.0,0.70,0.7600,0.3957,0.1725,0.5800,http://commons.wikimedia.org/wiki/Special:FilePath/Katsuragishi%20rekishi%20hakubutsukan.jpg,34.4772220,135.7309720,Q11620897,葛城市歴史博物館
2991,つる舞の里歴史資料館,神奈川縣,博物館,3.8,86,博物館,Yokohama Station,16.1,0.70,0.7600,0.3745,0.2365,0.5800,http://commons.wikimedia.org/wiki/Special:FilePath/Tsurumai-no-sato-historic-museum.png,35.5136944,139.4542500,Q85869186,つる舞の里歴史資料館
3340,大館郷土博物館,秋田縣,地方文化館,4.0,91,地方文化館,Akita Station,75.5,0.70,0.8000,0.3792,0.0621,0.5800,http://commons.wikimedia.org/wiki/Special:FilePath/%C3%94date%20kyodo%20hakibutukan.jpg,40.3002220,140.5822500,Q20043438,大館郷土博物館
1490,可児郷土歴史館,岐阜縣,地方文化館,3.8,129,地方文化館,Gifu Station,32.2,0.70,0.7600,0.4082,0.1345,0.5799,http://commons.wikimedia.org/wiki/Special:FilePath/Kani%20Local%20Museum.jpg,35.4036310,137.1113970,Q11411823,可児郷土歴史館
270,姫路市自然観察の森,兵庫縣,自然観察の森,4.1,60,自然観察の森,Kobe Station,54.6,0.70,0.8200,0.3448,0.0839,0.5798,,34.8554472,134.6201542,Q116081671,姫路市自然観察の森
912,長島記念館,埼玉縣,纪念博物馆,4.0,60,纪念博物馆,Omiya Station,25.6,0.70,0.8000,0.3448,0.1635,0.5798,,36.0794900,139.4368700,Q123516594,（公財）長島記念館
1313,熊谷美術館,山口縣,美術館,4.4,17,美術館,Yamaguchi Station,28.2,0.70,0.8800,0.2424,0.1505,0.5798,http://commons.wikimedia.org/wiki/Special:FilePath/Im%20Kumaya%20Museum.jpg,34.4168420,131.3959900,Q28003784,熊谷美術館 熊谷家住宅
2339,むいから民家園,東京都,民家園,3.8,94,民家園,Tokyo Station,18.5,0.70,0.7600,0.3819,0.2126,0.5798,,35.6327900,139.5709700,Q17216772,狛江市立古民家園
3105,茅ヶ崎市博物館,神奈川縣,市立博物館,3.7,145,市立博物館,Yokohama Station,22.2,0.70,0.7400,0.4180,0.1837,0.5798,http://commons.wikimedia.org/wiki/Special:FilePath/Chigasaki%20City%20Museum%20-%202024%20May%203%20various%2022%2010%2041%20339000.jpg,35.3633333,139.4125000,Q113415666,茅ヶ崎市博物館
3401,民話と紙芝居の家,群馬縣,民俗博物館,4.8,5,民俗博物館,Maebashi Station,41.7,0.70,0.9600,0.1503,0.1071,0.5798,http://commons.wikimedia.org/wiki/Special:FilePath/%E6%B0%91%E8%A9%B1%E3%81%A8%E7%B4%99%E8%8A%9D%E5%B1%85%E3%81%AE%E5%AE%B6.jpg,36.7283611,138.8899167,Q22120584,にいはるこども文化塾 民話と紙芝居の家
3860,鎌田共済会郷土博物館,香川縣,地方文化館,4.0,49,地方文化館,Takamatsu Station,18.3,0.70,0.8000,0.3281,0.2142,0.5798,http://commons.wikimedia.org/wiki/Special:FilePath/Kamada%20Foundation%20Museum%202021-08%20ac%20%281%29.jpg,34.3133060,133.8520170,Q11651034,鎌田共済会郷土博物館
1549,春日森の文化博物館,岐阜縣,文化博物館,4.2,34,文化博物館,Gifu Station,30.0,0.70,0.8400,0.2982,0.1429,0.5797,http://commons.wikimedia.org/wiki/Special:FilePath/Morinobunkahakubutukan.JPG,35.5171944,136.4529444,Q111362772,春日森の文化博物館
640,稚内市青少年科学館,北海道,天象儀,4.2,56,天象儀,Sapporo Station,265.7,0.70,0.8400,0.3391,0.0185,0.5796,http://commons.wikimedia.org/wiki/Special:FilePath/Wakkanai%20municipal%20youth%20science%20museum%20and%20NOSHAPPU%20Kan-ryu%20aquarium.JPG,45.4489850,141.6452060,Q132555459,稚内市青少年科学館
2691,壬生町立歴史民俗資料館,栃木縣,地方文化館,3.8,88,地方文化館,Utsunomiya Station,17.1,0.70,0.7600,0.3764,0.2262,0.5796,,36.4284198,139.7980952,Q135975549,壬生町立歴史民俗資料館
3022,小田原文学馆,神奈川縣,文學館,3.8,151,文學館,Yokohama Station,49.1,0.70,0.7600,0.4213,0.0923,0.5796,http://commons.wikimedia.org/wiki/Special:FilePath/%E7%94%B0%E4%B8%AD%E5%85%89%E9%A1%95%E9%82%B8.jpg,35.2447778,139.1537222,Q65263796,小田原文学館
964,いのちの塔,大阪府,觀光塔,3.8,42,觀光塔,Osaka Station,7.3,0.70,0.7600,0.3154,0.4074,0.5794,http://commons.wikimedia.org/wiki/Special:FilePath/Statue%20of%20Life.JPG,34.7101944,135.5749167,Q11259901,いのちの塔
2860,甲賀市立信楽産業展示館,滋賀縣,陶瓷博物館,3.7,142,陶瓷博物館,Otsu Station,22.0,0.70,0.7400,0.4162,0.1853,0.5794,http://commons.wikimedia.org/wiki/Special:FilePath/Shigaraki%20industry%20exhibition%20pavilion.jpg,34.8863260,136.0584720,Q132731830,信楽産業展示館
2869,近江八幡市立資料館,滋賀縣,市立博物館,3.9,81,市立博物館,Otsu Station,25.3,0.70,0.7800,0.3696,0.1648,0.5794,,35.1381050,136.0892280,Q104720798,近江八幡市立資料館(郷土資料館・歴史民俗資料館)
2563,武蔵国分寺跡資料館,東京都,考古博物館,3.9,83,考古博物館,Tokyo Station,26.6,0.70,0.7800,0.3716,0.1581,0.5793,,35.6938600,139.4727850,Q104696868,武蔵国分寺跡資料館
2299,長岡市立科学博物館,新潟縣,博物館,3.8,155,博物館,Niigata Station,56.4,0.70,0.7600,0.4235,0.0814,0.5792,http://commons.wikimedia.org/wiki/Special:FilePath/Nagaoka%20City%20Hall%20001.jpg,37.4363889,138.8388889,Q30267712,長岡市立科学博物館
2296,鈴木牧之記念館,新潟縣,人物紀念館,4.0,93,人物紀念館,Niigata Station,98.5,0.70,0.8000,0.3810,0.0483,0.5791,http://commons.wikimedia.org/wiki/Special:FilePath/Suzuki%20Bokushi%20Memorial%20Hall.JPG,37.0422969,138.8522358,Q102240298,鈴木牧之記念館
1237,朝日町立ふるさと美術館,富山縣,美術館,4.0,71,美術館,Toyama Station,38.8,0.70,0.8000,0.3587,0.1142,0.5790,http://commons.wikimedia.org/wiki/Special:FilePath/Japanese%20Map%20symbol%20%28Museum%29%20w.svg,36.9202500,137.5523330,Q122878638,朝日町立ふるさと美術館
2279,日本海フィッシャーマンズケープ,新潟縣,觀光景點,3.6,319,觀光景點,Niigata Station,80.2,0.70,0.7200,0.4838,0.0587,0.5790,,37.3494444,138.4911111,Q104419568,日本海フィッシャーマンズケープ キーウエスト店
417,ところ遺跡の館,北海道,考古博物館,4.1,74,考古博物館,Sapporo Station,241.6,0.70,0.8200,0.3621,0.0203,0.5787,,44.1251820,143.9732170,Q123127809,ところ遺跡の館
259,城崎稻桿工藝品承館,兵庫縣,工藝博物館,4.0,93,工藝博物館,Kobe Station,110.4,0.70,0.8000,0.3810,0.0433,0.5786,http://commons.wikimedia.org/wiki/Special:FilePath/Kinosaki%20mugiwara2048.jpg,35.6254720,134.8086940,Q11426145,城崎麦わら細工伝承館
3306,福島さくら遊学舎,福島縣,旧学校施設,3.8,131,旧学校施設,Fukushima Station,37.7,0.70,0.7600,0.4095,0.1170,0.5786,http://commons.wikimedia.org/wiki/Special:FilePath/Fukushima%20Sakura%20Yugakusha%20Museum.jpeg,37.4150000,140.4723056,Q21654421,福島さくら遊学舎
2708,日光市歴史民俗資料館・二宮尊徳記念館,栃木縣,博物館,3.8,111,博物館,Utsunomiya Station,26.8,0.70,0.7600,0.3957,0.1574,0.5785,http://commons.wikimedia.org/wiki/Special:FilePath/Ninomiya%20Sontoku%20Memorial%20in%20Nikko%20Imaichi.jpg,36.7247040,139.6806360,Q104696762,日光市歴史民俗資料館・二宮尊徳記念館
3620,武石ともしび博物館,長野縣,博物館,4.0,70,博物館,Nagano Station,39.8,0.70,0.8000,0.3575,0.1117,0.5784,http://commons.wikimedia.org/wiki/Special:FilePath/Takeshi%20Tomoshibi%20Museum%203.jpg,36.2870440,138.2300000,Q18337231,上田市 武石ともしび博物館
562,日高山脈博物館,北海道,地質学博物館,4.1,64,地質学博物館,Sapporo Station,91.3,0.70,0.8200,0.3501,0.0519,0.5782,http://commons.wikimedia.org/wiki/Special:FilePath/Hidaka%20Mountains%20Museum%20in%20Hidaka%2C%20Hokkaido%2C%20Japan.jpg,42.8771120,142.4422770,Q11510809,日高山脈博物館
1588,関市円空館,岐阜縣,彫刻美術館,3.9,58,彫刻美術館,Gifu Station,16.2,0.70,0.7800,0.3420,0.2356,0.5782,http://commons.wikimedia.org/wiki/Special:FilePath/Enku%20Museum%204.JPG,35.5058333,136.8902778,Q5017823,関市円空館
3762,掛川市二の丸美術館,靜岡縣,美術館,3.8,133,美術館,Shizuoka Station,40.5,0.70,0.7600,0.4108,0.1099,0.5782,http://commons.wikimedia.org/wiki/Special:FilePath/Ninomaru%20Museum%20of%20Art.JPG,34.7758889,138.0145833,Q104636664,掛川市二の丸美術館
1926,德島明日多夢樂園,德島縣,科學博物館,4.7,3,科學博物館,Tokushima Station,13.3,0.70,0.9400,0.1163,0.2727,0.5781,http://commons.wikimedia.org/wiki/Special:FilePath/ASUTAMULAND%20TOKUSHIMA.JPG,34.1522780,134.4410560,Q11257446,あすたむらんど徳島 メインゲート
1871,府中市上下歴史文化資料館,廣島縣,历史房屋博物馆,3.9,113,历史房屋博物馆,Hiroshima Station,67.7,0.70,0.7800,0.3972,0.0687,0.5780,,34.6950700,133.1208480,Q104783563,府中市上下歴史文化資料館
2728,草雲美術館,栃木縣,美術館,4.0,74,美術館,Utsunomiya Station,48.6,0.70,0.8000,0.3621,0.0934,0.5780,http://commons.wikimedia.org/wiki/Special:FilePath/SounArtMuseum.JPG,36.3356111,139.4325278,Q11618287,草雲美術館
3550,佐久市立近代美術館,長野縣,美術館,3.9,103,美術館,Nagano Station,50.5,0.70,0.7800,0.3895,0.0901,0.5779,http://commons.wikimedia.org/wiki/Special:FilePath/Saku%20Municipal%20Museum%20of%20Modern%20Art.jpg,36.2557200,138.4837800,Q78314906,佐久市立近代美術館 油井一二記念館
807,熊野古道なかへち美術館,和歌山縣,美術館,4.1,57,美術館,Wakayama Station,60.2,0.70,0.8200,0.3405,0.0766,0.5778,http://commons.wikimedia.org/wiki/Special:FilePath/Nakahechi%20artsalon%20exterior.jpg,33.8134440,135.6061670,Q11568880,熊野古道なかへち美術館
1639,児島市民交流センター,岡山縣,博物館,3.6,195,博物館,Okayama Station,24.4,0.70,0.7200,0.4427,0.1699,0.5778,http://commons.wikimedia.org/wiki/Special:FilePath/Kojima%20Civic%20Center%202021-08%20ac.jpg,34.4683330,133.8036110,Q11388659,児島市民交流センター
402,龍野市立室津海駅館,兵庫縣,海事博物館,4.0,79,海事博物館,Kobe Station,62.3,0.70,0.8000,0.3675,0.0743,0.5777,http://commons.wikimedia.org/wiki/Special:FilePath/Murotsu%20Museum%20of%20Sea%20Port01n3200.jpg,34.7673330,134.5052220,Q11271098,たつの市立室津海駅館
1613,つやま自然のふしぎ館,岡山縣,自然歷史博物館,4.0,71,自然歷史博物館,Okayama Station,44.6,0.70,0.8000,0.3587,0.1009,0.5777,,35.0609722,134.0048333,Q55522787,津山郷土博物館
1670,津山郷土博物館,岡山縣,地方政府大樓,4.0,71,地方政府大樓,Okayama Station,44.5,0.70,0.8000,0.3587,0.1009,0.5777,http://commons.wikimedia.org/wiki/Special:FilePath/Tsuyama%20City%20Museum20171126-01.jpg,35.0608250,134.0056390,Q104783507,津山郷土博物館
3463,篆刻美術館,茨城縣,美術館,3.9,113,美術館,Mito Station,72.0,0.70,0.7800,0.3972,0.0649,0.5777,http://commons.wikimedia.org/wiki/Special:FilePath/Stippling%20Museum%2001.JPG,36.1946944,139.7028056,Q17229236,篆刻美術館
1379,最上徳内記念館,山形縣,博物館,4.0,56,博物館,Yamagata Station,26.5,0.70,0.8000,0.3391,0.1589,0.5776,,38.4829194,140.3821389,Q28475660,最上徳内記念館
415,だて歴史文化ミュージアム,北海道,博物館,3.8,157,博物館,Sapporo Station,77.0,0.70,0.7600,0.4246,0.0610,0.5775,,42.4713889,140.8736111,Q65560391,だて歴史文化ミュージアム
1161,大崎市松山酒ミュージアム,宮城縣,日本清酒博物館,3.5,303,日本清酒博物館,Sendai Station,31.6,0.70,0.7000,0.4795,0.1365,0.5775,http://commons.wikimedia.org/wiki/Special:FilePath/Osaki%20City%20Matsuyama%20Sake%20Museum%20exterior%2C%20in%20Osaki%2C%20Miyagi.jpg,38.5116440,141.0519970,Q11435027,松山酒ミュージアム
1367,山形県立うきたむ風土記の丘考古資料館,山形縣,考古博物館,4.0,58,考古博物館,Yamagata Station,28.6,0.70,0.8000,0.3420,0.1490,0.5775,http://commons.wikimedia.org/wiki/Special:FilePath/Ukitamu%20Fudoki.jpg,38.0078333,140.2145278,Q28682522,山形県立うきたむ風土記の丘考古資料館
553,忠類ナウマン象記念館,北海道,古生物博物馆,3.8,178,古生物博物馆,Sapporo Station,168.8,0.70,0.7600,0.4350,0.0288,0.5774,http://commons.wikimedia.org/wiki/Special:FilePath/Churui%20naumanzou%20museum.jpg,42.5579760,143.3001060,Q85752435,忠類ナウマン象記念館
3021,小田原市鄉土文化館,神奈川縣,地方文化館,3.9,100,地方文化館,Yokohama Station,48.8,0.70,0.7800,0.3871,0.0930,0.5774,http://commons.wikimedia.org/wiki/Special:FilePath/%E5%B0%8F%E7%94%B0%E5%8E%9F%E5%B8%82%E9%83%B7%E5%9C%9F%E6%96%87%E5%8C%96%E9%A4%A8.jpg,35.2496940,139.1549170,Q11462975,小田原市郷土文化館
3442,古河文學館,茨城縣,文學館,3.9,112,文學館,Mito Station,72.2,0.70,0.7800,0.3965,0.0648,0.5774,http://commons.wikimedia.org/wiki/Special:FilePath/Koga%20Literature%20Museum%2001.JPG,36.1916810,139.7019550,Q11411379,古河文学館
3937,鳥取市あおや郷土館,鳥取縣,地方文化館,3.9,66,地方文化館,Tottori Station,20.5,0.70,0.7800,0.3526,0.1959,0.5774,http://commons.wikimedia.org/wiki/Special:FilePath/Aoya%20Local%20museum%20ac.jpg,35.5207100,134.0014790,Q104721865,鳥取市あおや郷土館
1307,村田清風記念館,山口縣,纪念博物馆,3.9,85,纪念博物馆,Yamaguchi Station,32.8,0.70,0.7800,0.3736,0.1324,0.5773,,34.3696940,131.2149720,Q11523480,村田清風記念館
1832,鹿島歷史民俗資料館,島根縣,地方文化館,4.1,14,地方文化館,Matsue Station,7.1,0.70,0.8200,0.2271,0.4118,0.5773,,35.5089530,133.0072430,Q132444106,鹿島歴史民俗資料館
2289,縄文の里・朝日　奥三面歴史交流館,新潟縣,博物館,3.9,107,博物館,Niigata Station,61.4,0.70,0.7800,0.3927,0.0753,0.5773,,38.2396710,139.6261410,Q104708794,縄文の里・朝日 奥三面歴史交流館
3238,福岡東洋陶磁美術館,福岡縣,陶瓷博物館,3.9,26,陶瓷博物館,Hakata Station,6.8,0.70,0.7800,0.2764,0.4241,0.5773,http://commons.wikimedia.org/wiki/Special:FilePath/Fukuoka%20Oriental%20Ceramics%20Museum%2020170720.jpg,33.5522310,130.3632970,Q11592423,福岡東洋陶磁美術館
382,赤穂市立有年考古館,兵庫縣,考古博物館,4.4,22,考古博物館,Kobe Station,74.7,0.70,0.8800,0.2630,0.0627,0.5772,,34.8353056,134.3825556,Q85883880,赤穂市立有年考古館
3089,相模原市古民家園,神奈川縣,民家園,4.1,43,民家園,Yokohama Station,30.7,0.70,0.8200,0.3174,0.1401,0.5772,,35.5756944,139.3113611,Q113141986,相模原市古民家園
3652,貞享義民紀念館,長野縣,博物館,4.1,52,博物館,Nagano Station,48.6,0.70,0.8200,0.3330,0.0932,0.5772,http://commons.wikimedia.org/wiki/Special:FilePath/View%20of%20the%20Joukyou%20Gimin%20Memorial%20Museum.JPG,36.2739669,137.8968061,Q6322223,貞享義民記念館
1264,のむら美術館,山口縣,美術館,3.9,7,美術館,Yamaguchi Station,1.9,0.70,0.7800,0.1744,0.7280,0.5771,,34.1879980,131.4716100,Q132477039,のむら美術館
1465,みつばちの家,岐阜縣,博物館,4.1,16,博物館,Gifu Station,8.2,0.70,0.8200,0.2376,0.3785,0.5771,,35.4825833,136.7636111,Q111530222,みつばちの家
3213,山辺道文化館,福岡縣,博物館,3.9,88,博物館,Hakata Station,36.1,0.70,0.7800,0.3764,0.1216,0.5771,,33.3181900,130.6333300,Q123517219,山辺道文化館
3426,館林市立資料館,群馬縣,博物館,4.0,69,博物館,Maebashi Station,44.7,0.70,0.8000,0.3563,0.1006,0.5770,,36.2448700,139.5407680,Q104696779,館林市第一資料館
2892,山鹿市立博物館,熊本縣,市立博物館,3.8,103,市立博物館,Kumamoto Station,26.2,0.70,0.7600,0.3895,0.1602,0.5769,,33.0251389,130.6662778,Q105728795,山鹿市立博物館
877,戸田市立郷土博物館,埼玉縣,地方文化館,3.9,38,地方文化館,Omiya Station,10.3,0.70,0.7800,0.3073,0.3264,0.5768,http://commons.wikimedia.org/wiki/Special:FilePath/Toda%20Toda%20City%20Library%201.JPG,35.8191460,139.6630960,Q11496511,戸田市立郷土博物館
336,百耕資料館,兵庫縣,博物館,4.1,9,博物館,Kobe Station,4.8,0.70,0.8200,0.1931,0.5079,0.5767,http://commons.wikimedia.org/wiki/Special:FilePath/Hyakko-museum.jpg,34.6616389,135.1297778,Q11580839,百耕資料館
584,札幌市手稲記念館,北海道,地方文化館,3.7,47,地方文化館,Sapporo Station,6.6,0.70,0.7400,0.3247,0.4329,0.5767,http://commons.wikimedia.org/wiki/Special:FilePath/Sapporo-City-Teine-Memorial-Museum.JPG,43.0857220,141.2735830,Q11521269,札幌市手稲記念館
1503,大垣市上石津郷土資料館,岐阜縣,地方文化館,3.9,79,地方文化館,Gifu Station,29.6,0.70,0.7800,0.3675,0.1446,0.5767,http://commons.wikimedia.org/wiki/Special:FilePath/%E5%A4%A7%E5%9E%A3%E5%B8%82%E4%B8%8A%E7%9F%B3%E6%B4%A5%E9%83%B7%E5%9C%9F%E8%B3%87%E6%96%99%E9%A4%A8.jpg,35.2872222,136.4663056,Q113080943,大垣市 上石津郷土資料館
3542,中山道69次資料館,長野縣,博物館,4.3,26,博物館,Nagano Station,46.2,0.70,0.8600,0.2764,0.0977,0.5767,http://commons.wikimedia.org/wiki/Special:FilePath/Wooden%20sign%20-%202324.jpg,36.3361278,138.5368750,Q11364288,中山道69次資料館
1815,石正美術館,島根縣,美術館,4.0,87,美術館,Matsue Station,125.9,0.70,0.8000,0.3755,0.0382,0.5765,,34.7842770,131.9566635,Q132396991,浜田市立石正美術館
3163,越前和紙の里美術館,福井縣,美術館,4.2,21,美術館,Fukui Station,17.0,0.70,0.8400,0.2592,0.2272,0.5765,http://commons.wikimedia.org/wiki/Special:FilePath/%E8%B6%8A%E5%89%8D%E5%92%8C%E7%B4%99%E3%81%AE%E9%87%8C%E7%BE%8E%E8%A1%93%E9%A4%A8.jpg,35.9100680,136.2461390,Q122285338,越前和紙の里美術館
456,函館市文學館,北海道,文學館,3.9,123,文學館,Sapporo Station,154.0,0.70,0.7800,0.4043,0.0315,0.5764,http://commons.wikimedia.org/wiki/Special:FilePath/Hakodate%20City%20Museum%20of%20Literature02n.jpg,41.7663350,140.7132370,Q926475,函館市文学館
3870,高橋由一館,香川縣,人物紀念館,4.1,40,人物紀念館,Takamatsu Station,28.4,0.70,0.8200,0.3114,0.1497,0.5764,http://commons.wikimedia.org/wiki/Special:FilePath/Takahashi%20Yuichi-kan%20Kotohira%20Gu01n4592.jpg,34.1841100,133.8122640,Q123521212,高橋由一館
757,白樺文学館,千葉縣,文學館,3.9,77,文學館,Chiba Station,29.5,0.70,0.7800,0.3654,0.1450,0.5761,http://commons.wikimedia.org/wiki/Special:FilePath/%E7%99%BD%E6%A8%BA%E6%96%87%E5%AD%A6%E9%A4%A8%20-%20panoramio.jpg,35.8670111,140.0180234,Q118144532,白樺文学館
769,菱川師宣紀念館,千葉縣,美術館,3.8,138,美術館,Chiba Station,59.5,0.70,0.7600,0.4138,0.0775,0.5759,http://commons.wikimedia.org/wiki/Special:FilePath/Hishikawa%20Moronobu%20Memorial%20Museum%2008.jpg,35.1281944,139.8363889,Q11620185,菱川師宣記念館
1858,尾道商業会議所記念館,廣島縣,博物館,3.8,142,博物館,Hiroshima Station,66.3,0.70,0.7600,0.4162,0.0701,0.5759,,34.4065550,133.1982100,Q123516765,尾道商業会議所記念館
2151,東海市立平洲記念館・郷土資料館,愛知縣,人物紀念館,3.8,72,人物紀念館,Nagoya Station,15.9,0.70,0.7600,0.3598,0.2398,0.5759,http://commons.wikimedia.org/wiki/Special:FilePath/Heisyu%20Memorial%20Hall.jpg,35.0315030,136.9179580,Q11527877,東海市立平洲記念館・郷土資料館
2688,佐野市郷土博物館,栃木縣,地方文化館,3.7,167,地方文化館,Utsunomiya Station,40.5,0.70,0.7400,0.4297,0.1098,0.5759,http://commons.wikimedia.org/wiki/Special:FilePath/Sano%20City%20Museum.jpg,36.3127778,139.5650000,Q21653203,佐野市郷土博物館
262,夢千代館,兵庫縣,博物館,3.8,159,博物館,Kobe Station,116.0,0.70,0.7600,0.4256,0.0413,0.5758,http://commons.wikimedia.org/wiki/Special:FilePath/Yumechiyokan%202026-02%20ac%20%281%29.jpg,35.5563611,134.4873611,Q11431582,夢千代館
151,福知山市治水記念館,京都府,博物館,4.1,54,博物館,Kyoto Station,67.6,0.70,0.8200,0.3361,0.0689,0.5757,,35.3035560,135.1254170,Q11594329,福知山市治水記念館
1971,今治市伊東豊雄建築ミュージアム,愛媛縣,美術館,3.6,238,美術館,Matsuyama Station,45.4,0.70,0.7200,0.4593,0.0992,0.5757,http://commons.wikimedia.org/wiki/Special:FilePath/TIMA%20museum.jpg,34.2139170,132.9503890,Q11377188,今治市伊東豊雄建築ミュージアム
1515,富加町郷土資料館,岐阜縣,博物館,4.0,47,博物館,Gifu Station,22.5,0.70,0.8000,0.3247,0.1815,0.5756,http://commons.wikimedia.org/wiki/Special:FilePath/Tomika%20Town%20Local%20Museum%20ac%20%281%29.jpg,35.4854580,136.9867780,Q11455806,富加町郷土資料館
195,有田陶瓷美術館,佐賀縣,陶瓷博物館,3.8,116,陶瓷博物館,Saga Station,38.0,0.70,0.7600,0.3994,0.1164,0.5755,http://commons.wikimedia.org/wiki/Special:FilePath/Arita%20Ceramic%20Art%20Museum%2020170429.jpg,33.1904690,129.8987560,Q11516626,有田陶磁美術館
1226,富山県北方領土史料室,富山縣,遊客中心,4.5,10,遊客中心,Toyama Station,28.0,0.70,0.9000,0.2011,0.1515,0.5755,,36.8918550,137.4189730,Q132196956,富山県 北方領土史料展示室
2925,加賀国府ものがたり館,石川縣,考古博物館,4.0,46,考古博物館,Kanazawa Station,21.9,0.70,0.8000,0.3229,0.1860,0.5755,,36.4119460,136.5169440,Q133273176,加賀国府ものがたり館
558,新ひだか町博物館,北海道,博物館,4.0,82,博物館,Sapporo Station,115.2,0.70,0.8000,0.3706,0.0416,0.5753,,42.3438760,142.3583330,Q104240646,新ひだか町博物館
1244,礪波散居村博物館,富山縣,博物館,3.6,174,博物館,Toyama Station,23.8,0.70,0.7200,0.4332,0.1738,0.5753,http://commons.wikimedia.org/wiki/Special:FilePath/Tonami%20Sankyoson%20Museum%20johokan.jpg,36.6258889,136.9638333,Q28684385,となみ散居村ミュージアム
612,浜頓別クッチャロ湖水鳥観察館,北海道,自然中心,4.0,89,自然中心,Sapporo Station,242.0,0.70,0.8000,0.3774,0.0202,0.5752,,45.1245810,142.3460520,Q132160492,クッチャロ湖水鳥観察館
1098,市立五條文化博物館,奈良縣,文化博物館,3.9,81,文化博物館,Nara Station,35.6,0.70,0.7800,0.3696,0.1231,0.5752,,34.3796944,135.6850556,Q97613662,市立五條文化博物館
2856,琵琶湖周航之歌資料館,滋賀縣,音楽博物館,3.9,90,音楽博物館,Otsu Station,46.4,0.70,0.7800,0.3783,0.0972,0.5752,http://commons.wikimedia.org/wiki/Special:FilePath/%E7%90%B5%E7%90%B6%E6%B9%96%E5%91%A8%E8%88%AA%E3%81%AE%E6%AD%8C%E8%B3%87%E6%96%99%E9%A4%A82021.jpg,35.3976690,136.0340830,Q11573829,琵琶湖周航の歌資料館
2765,八重瀬町立具志頭歴史民俗資料館,沖繩縣,地方文化館,4.0,29,地方文化館,Naha Bus Terminal,11.9,0.70,0.8000,0.2852,0.2958,0.5751,,26.1222510,127.7433940,Q132561386,具志頭歴史民俗資料館
339,神子畑交流館,兵庫縣,遊客中心,4.1,54,遊客中心,Kobe Station,75.5,0.70,0.8200,0.3361,0.0621,0.5750,http://commons.wikimedia.org/wiki/Special:FilePath/%E7%A5%9E%E5%AD%90%E7%95%91%E4%BA%A4%E6%B5%81%E9%A4%A8%20%E9%A7%90%E8%BB%8A%E5%A0%B4%E3%81%8B%E3%82%89.jpg,35.2433333,134.7170833,Q99745066,鉱石の道神子畑交流館・神選
741,杉村楚人冠記念館,千葉縣,纪念博物馆,3.9,74,纪念博物馆,Chiba Station,29.7,0.70,0.7800,0.3621,0.1440,0.5750,http://commons.wikimedia.org/wiki/Special:FilePath/Study%20of%20Sojinkan%20Sugimura%20Memorial%20Hall%202019-10-24.jpg,35.8689600,140.0170700,Q123115852,杉村楚人冠記念館
3919,日南町美術館,鳥取縣,美術館,3.9,107,美術館,Tottori Station,91.1,0.70,0.7800,0.3927,0.0520,0.5750,,35.1639110,133.3065390,Q132452201,日南町美術館
1103,明日香村埋蔵文化財展示室,奈良縣,埋藏文化財中心,3.8,86,埋藏文化財中心,Nara Station,22.2,0.70,0.7600,0.3745,0.1841,0.5748,http://commons.wikimedia.org/wiki/Special:FilePath/ASUKA%20Village%20Cultural%20Assete%20Depository%20201611.jpg,34.4812620,135.8180030,Q132233932,明日香村埋蔵文化財展示室
2416,善養寺榧木,東京都,古树,4.5,6,古树,Tokyo Station,14.4,0.70,0.9000,0.1632,0.2584,0.5748,http://commons.wikimedia.org/wiki/Special:FilePath/Japanese%20nutmeg%20in%20Zeny%C5%8Dmitsu-ji%20201504%2003.jpg,35.6015560,139.6421390,Q11419015,善養寺のカヤ
1095,安堵町歴史民俗資料館,奈良縣,博物館,3.8,47,博物館,Nara Station,10.1,0.70,0.7600,0.3247,0.3318,0.5746,,34.6048660,135.7583020,Q11450499,安堵町歴史民俗資料館
3555,信濃国分寺資料館,長野縣,考古博物館,3.7,139,考古博物館,Nagano Station,30.0,0.70,0.7400,0.4144,0.1429,0.5746,http://commons.wikimedia.org/wiki/Special:FilePath/Shinano%20Kokubunji%20museum.jpg,36.3812050,138.2698170,Q132348820,信濃国分寺史跡公園
3564,国分寺史跡公園,長野縣,考古学公園,3.7,139,考古学公園,Nagano Station,30.1,0.70,0.7400,0.4144,0.1426,0.5746,http://commons.wikimedia.org/wiki/Special:FilePath/Shinano%20Kokubunji-ato%20zenkei.JPG,36.3806710,138.2700210,Q132348788,信濃国分寺史跡公園
1024,太子町立竹内街道歴史資料館,大阪府,歷史博物館,3.8,92,歷史博物館,Osaka Station,25.3,0.70,0.7600,0.3801,0.1648,0.5745,http://commons.wikimedia.org/wiki/Special:FilePath/%E7%AB%B9%E5%86%85%E8%A1%97%E9%81%93%E6%AD%B4%E5%8F%B2%E8%B3%87%E6%96%99%E9%A4%A8.jpg,34.5170556,135.6568333,Q114174315,太子町立竹内街道歴史資料館
1381,月山志津温泉,山形縣,温泉郷,4.2,31,温泉郷,Yamagata Station,39.3,0.70,0.8400,0.2907,0.1130,0.5745,,38.4911111,139.9997222,Q55522595,志津温泉
3765,木下惠介記念館,靜岡縣,博物館,4.0,71,博物館,Shizuoka Station,67.5,0.70,0.8000,0.3587,0.0690,0.5745,http://commons.wikimedia.org/wiki/Special:FilePath/Keisuke%20Kinoshita%20Memorial%20Museum%20exterior%20ac%20%282%29.jpg,34.7046720,137.7247860,Q41480792,木下惠介記念館（旧浜松銀行協会）
411,えりも町郷土資料館,北海道,博物館,4.1,61,博物館,Sapporo Station,188.9,0.70,0.8200,0.3461,0.0258,0.5744,,42.0093930,143.1535540,Q104237892,えりも町郷土資料館ほろいずみ・えりも町水産の館
751,流山市白みりんミュージアム,千葉縣,食物博物館,3.7,144,食物博物館,Chiba Station,32.9,0.70,0.7400,0.4174,0.1318,0.5744,http://commons.wikimedia.org/wiki/Special:FilePath/Nagareyama%20City%20Shiro%20Mirin%20Museum%20ac%20%281%29.jpg,35.8528140,139.8984100,Q136299892,流山市白みりんミュージアム
2000,愛媛人物博物館,愛媛縣,博物館,4.0,21,博物館,Matsuyama Station,8.7,0.70,0.8000,0.2592,0.3662,0.5744,,33.7748190,132.8021480,Q123531539,愛媛人物博物館
3253,CCGA現代グラフィックアートセンター,福島縣,美術館,4.1,47,美術館,Fukushima Station,50.4,0.70,0.8200,0.3247,0.0902,0.5744,,37.3005840,140.4489750,Q1053582,ＣＣＧＡ現代グラフィックアートセンター
12,伊勢現代美術館,三重縣,美術館,3.8,120,美術館,Tsu Station,46.9,0.70,0.7600,0.4022,0.0964,0.5743,http://commons.wikimedia.org/wiki/Special:FilePath/%E4%BC%8A%E5%8B%A2%E7%8F%BE%E4%BB%A3%E7%BE%8E%E8%A1%93%E9%A4%A8%E5%A4%96%E8%A6%B3.jpg,34.3404760,136.6930780,Q17193123,伊勢現代美術館
694,八街市郷土資料館,千葉縣,地方文化館,4.2,20,地方文化館,Chiba Station,18.2,0.70,0.8400,0.2553,0.2159,0.5742,,35.6569444,140.3068056,Q110985523,八街市郷土資料館
1799,杜塾美術館,島根縣,美術館,4.3,31,美術館,Matsue Station,161.8,0.70,0.8600,0.2907,0.0300,0.5742,http://commons.wikimedia.org/wiki/Special:FilePath/Morijuku%20Art%20Museum%2020170503-2.jpg,34.4644870,131.7733830,Q132396423,杜塾美術館
2733,那珂川町なす風土記の丘資料館,栃木縣,風土記之丘,3.9,73,風土記之丘,Utsunomiya Station,30.9,0.70,0.7800,0.3610,0.1393,0.5742,,36.7803640,140.1082910,Q133297466,那珂川町なす風土記の丘資料館
323,淡路市立陶芸館,兵庫縣,美術館,3.9,62,美術館,Kobe Station,23.1,0.70,0.7800,0.3475,0.1781,0.5741,,34.5380556,134.9936111,Q121536247,淡路市立陶芸館
661,西村計雄記念美術館,北海道,美術館,4.0,68,美術館,Sapporo Station,61.2,0.70,0.8000,0.3551,0.0755,0.5741,,42.9749950,140.6091230,Q123464807,西村計雄記念美術館
1829,雲南市永井隆記念館,島根縣,纪念博物馆,3.9,67,纪念博物馆,Matsue Station,26.4,0.70,0.7800,0.3539,0.1592,0.5741,,35.2876660,132.8685240,Q132442017,永井隆記念館
1839,ふくやま文学館,廣島縣,文學館,3.8,139,文學館,Hiroshima Station,81.7,0.70,0.7600,0.4144,0.0577,0.5741,http://commons.wikimedia.org/wiki/Special:FilePath/Fukuyama%20Museum%20of%20Literature%20Fukuyama%20Hiroshima%20pref%20Japan01s5.jpg,34.4924722,133.3584167,Q11277000,ふくやま文学館
1894,福山市人権平和資料館,廣島縣,人権博物館,3.8,139,人権博物館,Hiroshima Station,81.7,0.70,0.7600,0.4144,0.0577,0.5741,http://commons.wikimedia.org/wiki/Special:FilePath/Fukuyama-shi%20jinken-heiwa%20shiryokan02s2040.jpg,34.4929310,133.3585500,Q11592024,ふくやま文学館
1973,今治市大西藤山歴史資料館,愛媛縣,博物館,4.1,37,博物館,Matsuyama Station,29.4,0.70,0.8200,0.3051,0.1453,0.5741,http://commons.wikimedia.org/wiki/Special:FilePath/Imabari-Myokensan-Kofun.jpg,34.0599444,132.9291111,Q116981042,今治市大西藤山歴史資料館
2403,千秋文庫,東京都,博物館,3.5,29,博物館,Tokyo Station,2.3,0.70,0.7000,0.2852,0.6857,0.5741,http://commons.wikimedia.org/wiki/Special:FilePath/Senshu%20Bunko.jpg,35.6932230,139.7464920,Q11405795,千秋文庫
3044,早川毘蘭樹,神奈川縣,巨樹,4.3,24,巨樹,Yokohama Station,50.6,0.70,0.8600,0.2700,0.0900,0.5740,http://commons.wikimedia.org/wiki/Special:FilePath/Hayakawa%20no%20Biranju.jpeg,35.2421111,139.1373333,Q30937292,早川のビランジュ
64,グンゼ博物苑,京都府,織物博物館,4.1,48,織物博物館,Kyoto Station,57.8,0.70,0.8200,0.3264,0.0797,0.5739,http://commons.wikimedia.org/wiki/Special:FilePath/Gunze%20museum01s3200.jpg,35.3052778,135.2579167,Q11300942,グンゼ博物苑
65,グンゼ記念館,京都府,公司博物館,4.1,48,公司博物館,Kyoto Station,57.8,0.70,0.8200,0.3264,0.0796,0.5739,http://commons.wikimedia.org/wiki/Special:FilePath/Gunze%20memorial%20hall01s3200.jpg,35.3055556,135.2572778,Q11300944,グンゼ博物苑
1384,松山文化伝承館,山形縣,文化博物館,4.0,71,文化博物館,Yamagata Station,75.1,0.70,0.8000,0.3587,0.0624,0.5738,http://commons.wikimedia.org/wiki/Special:FilePath/Matsuyama%20Culture%20%26%20Tradition%20Hall%201.jpg,38.8601667,139.9588333,Q28475496,松山文化伝承館
1253,高岡市伏木気象資料館,富山縣,氣象站,3.8,70,氣象站,Toyama Station,17.3,0.70,0.7600,0.3575,0.2245,0.5737,http://commons.wikimedia.org/wiki/Special:FilePath/%E9%AB%98%E5%B2%A1%E5%B8%82%E4%BC%8F%E6%9C%A8%E6%B0%97%E8%B1%A1%E8%B3%87%E6%96%99%E9%A4%A8%EF%BC%88%E6%97%A7%E4%BC%8F%E6%9C%A8%E6%B8%AC%E5%80%99%E6%89%80%EF%BC%8920240211-P1039017.jpg,36.7923608,137.0558113,Q30931030,高岡市伏木気象資料館
2043,みよし市立歴史民俗資料館,愛知縣,博物館,3.8,76,博物館,Nagoya Station,19.8,0.70,0.7600,0.3643,0.2016,0.5735,http://commons.wikimedia.org/wiki/Special:FilePath/Miyoshi%20City%20History%20and%20Folklore%20Museum%20ac%20%281%29.jpg,35.0877500,137.0740278,Q83401281,みよし市立歴史民俗資料館
2904,熊本県博物館ネットワークセンター,熊本縣,博物館,4.1,25,博物館,Kumamoto Station,16.4,0.70,0.8200,0.2732,0.2333,0.5733,,32.6427720,130.6991740,Q64143415,熊本県博物館ネットワークセンター
491,北見市ところ遺跡の森,北海道,戶外博物館,3.9,113,戶外博物館,Sapporo Station,241.8,0.70,0.7800,0.3972,0.0203,0.5732,http://commons.wikimedia.org/wiki/Special:FilePath/Tokoro%20Site%20%28Tokoro%20Forest%20Park%20of%20Archaeological%20Sites%29.jpg,44.1249390,143.9759850,Q123127795,ところ遺跡の森
1300,岩国学校教育資料館,山口縣,教育博物館,4.4,18,教育博物館,Yamaguchi Station,64.8,0.70,0.8800,0.2469,0.0717,0.5732,http://commons.wikimedia.org/wiki/Special:FilePath/Iwakuni%20School%20Education%20Museum%2020180501-2.jpg,34.1641110,132.1840280,Q123478231,岩国学校教育資料館
1538,心の森ミュージアム 遊童館,岐阜縣,美術館,4.5,11,美術館,Gifu Station,41.9,0.70,0.9000,0.2084,0.1066,0.5732,,35.7484167,136.9573056,Q111836641,心の森ミュージアム 遊童館
1905,鞆の浦歴史民俗資料館,廣島縣,民俗博物館,3.7,184,民俗博物館,Hiroshima Station,83.2,0.70,0.7400,0.4378,0.0567,0.5730,http://commons.wikimedia.org/wiki/Special:FilePath/Tomonoura%20rekishiminzoku%20shiryokan01s2040.jpg,34.3842810,133.3817470,Q11663862,福山市鞆の浦歴史民俗資料館
499,厚岸水鳥観察館,北海道,自然中心,3.8,156,自然中心,Sapporo Station,285.2,0.70,0.7600,0.4241,0.0172,0.5729,,43.0967360,144.8627630,Q132160473,厚岸水鳥観察館
62,るり渓,京都府,觀光景點,4.1,37,觀光景點,Kyoto Station,32.7,0.70,0.8200,0.3051,0.1325,0.5728,http://commons.wikimedia.org/wiki/Special:FilePath/Meibaku%2C%20Rurikei02.JPG,35.0358170,135.4046080,Q7380607,るり渓温泉 CAMP AREA
2029,高畠華宵大正ロマン館,愛媛縣,美術館,3.8,60,美術館,Matsuyama Station,14.7,0.70,0.7600,0.3448,0.2538,0.5728,http://commons.wikimedia.org/wiki/Special:FilePath/Takabatake%20Taisho%20roman.jpg,33.7690280,132.8854720,Q11672301,高畠華宵大正ロマン館
3594,山村代官屋敷,長野縣,历史房屋博物馆,3.8,137,历史房屋博物馆,Nagano Station,98.4,0.70,0.7600,0.4132,0.0484,0.5728,http://commons.wikimedia.org/wiki/Special:FilePath/%E6%9C%A8%E6%9B%BD%E7%94%BA%E5%B1%B1%E6%9D%91%E4%BB%A3%E5%AE%98%E5%B1%8B%E6%95%B7%20ac%20%282%29.jpg,35.8518611,137.6981944,Q55521349,山村代官屋敷
231,以命亭,兵庫縣,历史房屋博物馆,4.1,54,历史房屋博物馆,Kobe Station,124.1,0.70,0.8200,0.3361,0.0387,0.5727,http://commons.wikimedia.org/wiki/Special:FilePath/Imeitei02s2816.jpg,35.6249720,134.4535830,Q11378328,浜坂先人記念館 以命亭
3303,相馬市歴史資料収蔵館,福島縣,歷史博物館,4.0,56,歷史博物館,Fukushima Station,40.7,0.70,0.8000,0.3391,0.1093,0.5727,http://commons.wikimedia.org/wiki/Special:FilePath/%E7%9B%B8%E9%A6%AC%E5%B8%82%E6%AD%B4%E5%8F%B2%E8%B3%87%E6%96%99%E5%8F%8E%E8%94%B5%E9%A4%A8.jpg,37.7995833,140.9195833,Q97188943,相馬市歴史資料収蔵館
1320,美祢市歴史民俗資料館,山口縣,博物館,4.2,23,博物館,Yamaguchi Station,25.1,0.70,0.8400,0.2665,0.1662,0.5726,,34.1659730,131.2074600,Q132493371,美祢市歴史民俗資料館
3536,三立服部美术馆,長野縣,美術館,3.9,90,美術館,Nagano Station,65.7,0.70,0.7800,0.3783,0.0707,0.5726,http://commons.wikimedia.org/wiki/Special:FilePath/160603%20Sunritz%20Hattori%20Museum%20of%20Art%20Suwa%20Nagano%20pref%20Japan01n.jpg,36.0551670,138.1118890,Q11306065,サンリツ服部美術館
1136,七夕ミュージアム,宮城縣,博物館,3.8,28,博物館,Sendai Station,6.4,0.70,0.7600,0.2824,0.4375,0.5725,http://commons.wikimedia.org/wiki/Special:FilePath/Tanabata%20Museum%2C%20Miyagi%2001.jpg,38.2574720,140.9559360,Q21653531,七夕ミュージアム
712,印西市立印旛歴史民俗資料館,千葉縣,民俗博物館,3.9,48,民俗博物館,Chiba Station,17.3,0.70,0.7800,0.3264,0.2244,0.5724,,35.7625410,140.1669760,Q104696855,印西市立印旛歴史民俗資料館
3268,アウシュヴィッツ平和博物館,福島縣,博物館,3.9,93,博物館,Fukushima Station,77.0,0.70,0.7800,0.3810,0.0610,0.5724,,37.0956940,140.1884720,Q11282592,NPO法人アウシュヴィッツ平和博物館
3695,帆風美術館,青森縣,美術館,4.1,47,美術館,Aomori Station,66.9,0.70,0.8200,0.3247,0.0695,0.5724,,40.5470278,141.4359167,Q11480891,帆風美術館
3843,小豆島尾崎放哉記念館,香川縣,人物紀念館,3.9,52,人物紀念館,Takamatsu Station,19.4,0.70,0.7800,0.3330,0.2047,0.5724,http://commons.wikimedia.org/wiki/Special:FilePath/Shodoshima%20Hosai%20Ozaki%20Memorial%20Museum02s3.jpg,34.4815000,134.1867500,Q11463798,小豆島尾崎放哉記念館
670,釧路湿原美術館,北海道,纪念博物馆,4.2,41,纪念博物馆,Sapporo Station,227.1,0.70,0.8400,0.3135,0.0215,0.5722,,43.1431190,144.1463100,Q133282721,釧路湿原美術館
782,鵜原理想鄉,千葉縣,岸,4.3,23,岸,Chiba Station,55.6,0.70,0.8600,0.2665,0.0825,0.5722,http://commons.wikimedia.org/wiki/Special:FilePath/250906%20Ubara%20Utopia%20Katsuura%20Chiba%20pref%20Japan08s3.jpg,35.1310000,140.2750000,Q65270530,毛戸浦（鵜原理想郷）
2573,江戸川区郷土資料室,東京都,博物館,3.7,55,博物館,Tokyo Station,9.4,0.70,0.7400,0.3376,0.3480,0.5721,,35.7057778,139.8663056,Q117424691,江戸川区郷土資料室
3293,旧花水館,福島縣,建成遗产,4.2,10,建成遗产,Fukushima Station,9.0,0.70,0.8400,0.2011,0.3581,0.5721,http://commons.wikimedia.org/wiki/Special:FilePath/Ky%C5%AB%20Kasuikan%2009.jpg,37.8345100,140.4524600,Q117827029,坐忘庵
468,北方館・望郷の家,北海道,博物館,4.2,42,博物館,Sapporo Station,363.1,0.70,0.8400,0.3154,0.0136,0.5720,http://commons.wikimedia.org/wiki/Special:FilePath/Hoppo-kan%20and%20Bokyo-no-ie%2001.jpg,43.3861730,145.8117197,Q132197172,望郷の家
3955,和泊町歴史民俗資料館,鹿兒島縣,地方文化館,4.1,59,地方文化館,Kagoshima-Chuo Station,502.1,0.70,0.8200,0.3434,0.0099,0.5720,,27.3904680,128.6147570,Q132153980,和泊町歴史民俗資料館
377,西脇市岡之山美術館,兵庫縣,現代美術館,3.9,74,現代美術館,Kobe Station,39.5,0.70,0.7800,0.3621,0.1125,0.5719,http://commons.wikimedia.org/wiki/Special:FilePath/Okanoyama%20museum1.JPG,35.0020830,134.9979170,Q11471937,西脇市岡之山美術館
2251,坂口記念館,新潟縣,人物紀念館,4.0,70,人物紀念館,Niigata Station,103.1,0.70,0.8000,0.3575,0.0462,0.5719,http://commons.wikimedia.org/wiki/Special:FilePath/Sakaguchikinenkan.jpg,37.1805556,138.3425000,Q11425083,坂口記念館
504,史跡 北黄金貝塚情報センター,北海道,博物館,4.4,18,博物館,Sapporo Station,82.4,0.70,0.8800,0.2469,0.0572,0.5718,http://commons.wikimedia.org/wiki/Special:FilePath/%E5%8C%97%E9%BB%84%E9%87%91%E8%B2%9D%E5%A1%9A%E6%83%85%E5%A0%B1%E3%82%BB%E3%83%B3%E3%82%BF%E3%83%BC.jpg,42.4024730,140.9100650,Q104236548,北黄金貝塚情報センター
3532,ペイネ美術館,長野縣,美術館,3.8,111,美術館,Nagano Station,50.3,0.70,0.7600,0.3957,0.0904,0.5718,http://commons.wikimedia.org/wiki/Special:FilePath/Peynet%20museum01s3872.jpg,36.3291390,138.5945000,Q11337327,ペイネ美術館
3554,信州高遠美術館,長野縣,美術館,3.9,94,美術館,Nagano Station,91.0,0.70,0.7800,0.3819,0.0521,0.5718,http://commons.wikimedia.org/wiki/Special:FilePath/Takato%20Ina%20Takato%20Museum%20of%20Art-a.JPG,35.8313056,138.0627222,Q28328237,信州高遠美術館
1954,高の瀬峡,德島縣,觀光景點,3.9,82,觀光景點,Tokushima Station,53.9,0.70,0.7800,0.3706,0.0849,0.5717,,33.7885910,134.0789620,Q11668622,高の瀬峡
2083,半田市立博物館,愛知縣,博物館,3.8,91,博物館,Nagoya Station,31.2,0.70,0.7600,0.3792,0.1380,0.5716,http://commons.wikimedia.org/wiki/Special:FilePath/Handa%20City%20Library1.jpg,34.8913690,136.9141640,Q11407065,半田市立博物館
1327,萩陶芸美術館「吉賀大眉記念館」,山口縣,陶瓷博物館,4.4,12,陶瓷博物館,Yamaguchi Station,28.7,0.70,0.8800,0.2151,0.1486,0.5714,,34.4248770,131.4157000,Q132472767,萩陶芸美術館「吉賀大眉記念館」
1562,白山文化博物館,岐阜縣,文化博物館,4.0,60,文化博物館,Gifu Station,57.6,0.70,0.8000,0.3448,0.0798,0.5714,http://commons.wikimedia.org/wiki/Special:FilePath/%E9%81%93%E3%81%AE%E9%A7%85%E7%99%BD%E9%B3%A5%20-%20%E7%99%BD%E5%B1%B1%E6%96%87%E5%8C%96%E5%8D%9A%E7%89%A9%E9%A4%A8.jpg,35.9238056,136.8317778,Q48748510,白山文化博物館
2298,長岡市栃尾美術館,新潟縣,美術館,3.7,150,美術館,Niigata Station,49.3,0.70,0.7400,0.4208,0.0920,0.5714,http://commons.wikimedia.org/wiki/Special:FilePath/%E9%95%B7%E5%B2%A1%E5%B8%82%E6%A0%83%E5%B0%BE%E7%BE%8E%E8%A1%93%E9%A4%A8.jpg,37.4716667,138.9952778,Q99933926,長岡市栃尾美術館
3079,池子遺跡群資料館,神奈川縣,考古博物館,4.0,34,考古博物館,Yokohama Station,18.1,0.70,0.8000,0.2982,0.2167,0.5711,http://commons.wikimedia.org/wiki/Special:FilePath/Ikego%20Artifacts%20Museum%EF%BC%88%E6%B1%A0%E5%AD%90%E9%81%BA%E8%B7%A1%E7%BE%A4%E8%B3%87%E6%96%99%E9%A4%A8%EF%BC%89.jpg,35.3062778,139.5871944,Q108581210,池子遺跡群資料館
196,末卢馆,佐賀縣,考古博物館,3.9,70,考古博物館,Saga Station,37.6,0.70,0.7800,0.3575,0.1174,0.5710,http://commons.wikimedia.org/wiki/Special:FilePath/Nabatake%20Site%20Matsuro-kan%20Museum.JPG,33.4484722,129.9580556,Q4902941,唐津市末盧館
607,江差町鄉土資料館,北海道,地方文化館,3.9,100,地方文化館,Sapporo Station,166.9,0.70,0.7800,0.3871,0.0291,0.5710,http://commons.wikimedia.org/wiki/Special:FilePath/Hiyamanishi%20gun-office.JPG,41.8681940,140.1287500,Q11550930,江差町郷土資料館
3479,南島原市口之津歴史民俗資料館,長崎縣,博物館,4.4,13,博物館,Nagasaki Station,34.5,0.70,0.8800,0.2213,0.1265,0.5710,http://commons.wikimedia.org/wiki/Special:FilePath/%E5%8F%A3%E4%B9%8B%E6%B4%A5%E6%AD%B4%E5%8F%B2%E6%B0%91%E4%BF%97%E8%B3%87%E6%96%99%E9%A4%A8%20-%20panoramio.jpg,32.6050870,130.1956200,Q104784044,口之津歴史民俗資料館
717,地心探險之旅,千葉縣,機動遊戲,3.9,51,機動遊戲,Chiba Station,20.7,0.70,0.7800,0.3314,0.1944,0.5708,http://commons.wikimedia.org/wiki/Special:FilePath/Journey%20to%20the%20Center%20of%20the%20Earth%20vehicule%20TDS.JPG,35.6261111,139.8844444,Q3186999,ジャンピン・ジェリーフィッシュ
1789,島根県埋蔵文化財調査センター,島根縣,埋藏文化財中心,4.5,2,埋藏文化財中心,Matsue Station,6.6,0.70,0.9000,0.0921,0.4317,0.5708,,35.4758410,132.9923790,Q132398636,島根県埋蔵文化財調査センター
2800,琉球新報新聞博物館,沖繩縣,新聞博物館,3.8,10,新聞博物館,Naha Bus Terminal,2.5,0.70,0.7600,0.2011,0.6646,0.5708,,26.2344890,127.6854440,Q123140996,琉球新報 新聞博物館
2303,長者ケ原考古館,新潟縣,考古博物館,3.8,133,考古博物館,Niigata Station,144.4,0.70,0.7600,0.4108,0.0335,0.5706,http://commons.wikimedia.org/wiki/Special:FilePath/Chojagahara%20Archeological%20Museum.JPG,37.0246111,137.8678061,Q11653568,長者ケ原考古館
29,村山龍平紀念館,三重縣,博物館,3.7,116,博物館,Tsu Station,29.2,0.70,0.7400,0.3994,0.1464,0.5705,http://commons.wikimedia.org/wiki/Special:FilePath/Ryohei%20Murayama%20Memorial%20Museum%202021-11%20ac%20%281%29.jpg,34.4912778,136.6308611,Q28686836,村山龍平記念館
627,登別市郷土資料館,北海道,地方文化館,4.0,62,地方文化館,Sapporo Station,75.3,0.70,0.8000,0.3475,0.0622,0.5705,http://commons.wikimedia.org/wiki/Special:FilePath/Noboribetsu%20Local%20History%20Museum.jpg,42.4205667,141.0820278,Q11579120,登別市郷土資料館・文化伝承館
614,浦河町立郷土博物館,北海道,地方文化館,3.9,97,地方文化館,Sapporo Station,159.5,0.70,0.7800,0.3845,0.0304,0.5704,,42.1437560,142.8400130,Q132533520,浦河町立郷土博物館
617,湧別町ふるさと館JRY,北海道,博物館,4.2,38,博物館,Sapporo Station,216.6,0.70,0.8400,0.3073,0.0226,0.5704,http://commons.wikimedia.org/wiki/Special:FilePath/Yubetsu-Furusato-JRY.JPG,44.1597670,143.5805800,Q104239002,湧別町ふるさと館JRY
831,ふじみ野市立上福岡歴史民俗資料館,埼玉縣,民俗博物館,3.7,51,民俗博物館,Omiya Station,9.3,0.70,0.7400,0.3314,0.3500,0.5704,http://commons.wikimedia.org/wiki/Special:FilePath/Kamifukuoka%20History%20and%20Folk%20Museum.JPG,35.8756670,139.5282500,Q11277076,ふじみ野市立上福岡歴史民俗資料館
2873,醒井木彫美術館,滋賀縣,彫刻美術館,4.2,30,彫刻美術館,Otsu Station,57.2,0.70,0.8400,0.2880,0.0804,0.5704,http://commons.wikimedia.org/wiki/Special:FilePath/MWCS01s3200.jpg,35.3291390,136.3517220,Q11644483,醒井木彫美術館
194,有田町歴史民俗資料館・有田焼参考館,佐賀縣,歷史博物館,3.9,67,歷史博物館,Saga Station,36.7,0.70,0.7800,0.3539,0.1198,0.5701,http://commons.wikimedia.org/wiki/Special:FilePath/Karausu%20Arita%20Town%20Museum%20of%20History%20and%20Folklore.JPG,33.1950700,129.9110600,Q104784028,有田町歴史民俗資料館東館・有田焼参考館
624,留萌市海之故里館,北海道,博物館,3.6,234,博物館,Sapporo Station,100.1,0.70,0.7200,0.4579,0.0476,0.5701,http://commons.wikimedia.org/wiki/Special:FilePath/Uminofurusatokan.JPG,43.9460960,141.6297260,Q11578560,留萌市海のふるさと館
954,野上弥生子文学記念館,大分縣,文學館,4.2,19,文學館,Oita Station,21.7,0.70,0.8400,0.2512,0.1872,0.5701,http://commons.wikimedia.org/wiki/Special:FilePath/Nogami%20Yaeko%20Literary%20Memorial%20Museum%20ac.jpg,33.1204167,131.7971389,Q84580248,野上弥生子文学記念館
1691,せんまや街角資料館,岩手縣,博物館,4.4,17,博物館,Morioka Station,88.5,0.70,0.8800,0.2424,0.0535,0.5701,http://commons.wikimedia.org/wiki/Special:FilePath/Senmaya%20Museume%2CIchinoseki%2CIwate.jpg,38.9203056,141.3318333,Q56822933,せんまや街角資料館
3344,新潮社記念文学館,秋田縣,文學館,3.9,69,文學館,Akita Station,39.8,0.70,0.7800,0.3563,0.1117,0.5701,http://commons.wikimedia.org/wiki/Special:FilePath/Shinchosha%20Memorial%20Literature%20Museum.jpg,39.5930833,140.5656111,Q110558146,新潮社記念文学館
899,秩父故鄉館,埼玉縣,博物館,3.9,74,博物館,Omiya Station,49.8,0.70,0.7800,0.3621,0.0913,0.5698,http://commons.wikimedia.org/wiki/Special:FilePath/Chichibu%20Furusato%20Kan.JPG,35.9970000,139.0824170,Q11596101,秩父ふるさと館（旧柿原商店）
409,いしかり砂丘の風資料館,北海道,地方文化館,3.7,90,地方文化館,Sapporo Station,19.8,0.70,0.7400,0.3783,0.2020,0.5697,http://commons.wikimedia.org/wiki/Special:FilePath/Ishikari%20Sakyu-no-Kaze%20Museum.jpg,43.2463610,141.3502500,Q64143355,いしかり砂丘の風資料館
512,塩狩峠記念館,北海道,历史房屋博物馆,4.4,18,历史房屋博物馆,Sapporo Station,133.9,0.70,0.8800,0.2469,0.0360,0.5697,http://commons.wikimedia.org/wiki/Special:FilePath/Shiokari%20Mountain%20Pass%20Memorial%20Hall.jpg,43.9686111,142.4545556,Q107437271,塩狩峠記念館（三浦綾子旧宅）
657,荒井記念美術館,北海道,纪念博物馆,4.0,59,纪念博物馆,Sapporo Station,69.3,0.70,0.8000,0.3434,0.0673,0.5697,,42.9500840,140.5146220,Q132544758,荒井記念美術館
660,蘭越町貝の館,北海道,動物学博物館,3.8,117,動物学博物館,Sapporo Station,82.5,0.70,0.7600,0.4001,0.0572,0.5697,http://commons.wikimedia.org/wiki/Special:FilePath/Shell%20fish%20museum%20of%20Rankoshi.JPG,42.8806667,140.3700278,Q17212946,蘭越町貝の館
92,京都府立丹後郷土資料館,京都府,建築物,3.8,117,建築物,Kyoto Station,84.5,0.70,0.7600,0.4001,0.0559,0.5696,http://commons.wikimedia.org/wiki/Special:FilePath/Kyoto%20Prefectural%20Tango%20Folk%20Museum%EF%BC%93.jpg,35.5797222,135.1785556,Q104721140,京都府立丹後郷土資料館 (ふるさとミュージアム丹後)
802,太地町立石垣紀念館,和歌山縣,美術館,4.4,17,美術館,Wakayama Station,98.6,0.70,0.8800,0.2424,0.0483,0.5695,,33.6016944,135.9428889,Q22119215,太地町立石垣記念館
2121,岡崎市美術館,愛知縣,美術館,3.6,170,美術館,Nagoya Station,36.2,0.70,0.7200,0.4312,0.1214,0.5695,http://commons.wikimedia.org/wiki/Special:FilePath/Okazaki-City-Art-Museum-1.jpg,34.9419560,137.1639720,Q18608421,岡崎市美術館
2153,森村記念館,愛知縣,美術館,3.6,19,美術館,Nagoya Station,2.6,0.70,0.7200,0.2512,0.6618,0.5695,http://commons.wikimedia.org/wiki/Special:FilePath/Morimura%20Museum%20%28Nagoya%29%20130623.JPG,35.1723920,136.9095580,Q11539869,名古屋 やまと絵美術館 森村記念館
379,豐岡市立出石史料館,兵庫縣,历史房屋博物馆,4.0,62,历史房屋博物馆,Kobe Station,91.4,0.70,0.8000,0.3475,0.0518,0.5694,http://commons.wikimedia.org/wiki/Special:FilePath/221028%20Izushi%20Museum%20Toyooka%20Hyogo%20pref%20Japan01s3.jpg,35.4636940,134.8753060,Q11633436,出石史料館(福富家旧邸)
1916,平家屋敷民俗資料館,德島縣,历史房屋博物馆,3.5,294,历史房屋博物馆,Tokushima Station,74.1,0.70,0.7000,0.4769,0.0632,0.5694,http://commons.wikimedia.org/wiki/Special:FilePath/150503%20The%20Folklore%20Museum%20of%20the%20Heike%20Estate%20Miyoshi%20Tokushima%20pref%20Japan02s3.jpg,33.8832778,133.7812778,Q65266462,平家屋敷民俗資料館
2496,昭和女子大学光葉博物館,東京都,大學博物館,4.0,18,大學博物館,Tokyo Station,9.2,0.70,0.8000,0.2469,0.3532,0.5694,,35.6435510,139.6769770,Q104708392,昭和女子大学光葉博物館
3586,小笠原資料館,長野縣,博物館,4.6,9,博物館,Nagano Station,137.7,0.70,0.9200,0.1931,0.0350,0.5694,http://commons.wikimedia.org/wiki/Special:FilePath/Ogasawara%20klan%20museum.jpg,35.4464000,137.7949000,Q123418594,飯田市小笠原資料館
2222,長久手市郷土資料室,愛知縣,地方文化館,3.7,73,地方文化館,Nagoya Station,15.2,0.70,0.7400,0.3610,0.2478,0.5691,http://commons.wikimedia.org/wiki/Special:FilePath/Nagakute%20Historical%20Museum-01.jpg,35.1732830,137.0484220,Q11651430,長久手古戦場記念館
1099,帝塚山大学附属博物館,奈良縣,大學博物館,4.1,12,大學博物館,Nara Station,8.7,0.70,0.8200,0.2151,0.3650,0.5690,,34.6861000,135.7239080,Q11481054,帝塚山大学附属博物館
1976,今治市河野美術館,愛媛縣,美術館,3.7,117,美術館,Matsuyama Station,33.7,0.70,0.7400,0.4001,0.1294,0.5690,http://commons.wikimedia.org/wiki/Special:FilePath/Imabari%20City%20Kono%20Museum%20of%20Art.JPG,34.0627500,132.9988890,Q11377196,今治市河野美術館
2726,芳賀町総合情報館,栃木縣,圖書館,4.0,26,圖書館,Utsunomiya Station,14.3,0.70,0.8000,0.2764,0.2594,0.5689,,36.5474210,140.0578490,Q61886414,芳賀町総合情報館 知恵の環館
540,岩見沢市絵画ホール・松島正幸記念館,北海道,美術館,4.0,46,美術館,Sapporo Station,36.9,0.70,0.8000,0.3229,0.1193,0.5688,http://commons.wikimedia.org/wiki/Special:FilePath/Iwamizawa-city-picture-gallery-and-Matsushima-Masayuki-memorial-hall.JPG,43.2010560,141.7680830,Q11475619,絵画ホール松島正幸記念館
3325,須賀川市立博物館,福島縣,市立博物館,3.7,136,市立博物館,Fukushima Station,51.9,0.70,0.7400,0.4126,0.0878,0.5686,http://commons.wikimedia.org/wiki/Special:FilePath/Sukagawa%20City%20museum.jpg,37.2914170,140.3791940,Q11664795,須賀川市立博物館
3341,小坂町総合博物館郷土館,秋田縣,地方文化館,4.0,59,地方文化館,Akita Station,85.2,0.70,0.8000,0.3434,0.0554,0.5686,http://commons.wikimedia.org/wiki/Special:FilePath/Kosaka%20Museum%20Kyodokan.jpg,40.3238610,140.7409440,Q11459440,小坂町立総合博物館
1995,宇和岛市立历史资料馆,愛媛縣,博物館,3.9,78,博物館,Matsuyama Station,70.7,0.70,0.7800,0.3665,0.0661,0.5685,http://commons.wikimedia.org/wiki/Special:FilePath/Uwajima%20city%20historical%20museum.jpg,33.2264361,132.5546469,Q11449139,宇和島市立歴史資料館
73,亀岡市文化資料館,京都府,博物館,3.5,141,博物館,Kyoto Station,16.1,0.70,0.7000,0.4156,0.2371,0.5684,http://commons.wikimedia.org/wiki/Special:FilePath/Kameoka%20City%20Cultural%20Museum.jpg,35.0135240,135.5854870,Q104721135,亀岡市文化資料館
1126,MEET門脇,宮城縣,海嘯博物館,4.1,34,海嘯博物館,Sendai Station,40.9,0.70,0.8200,0.2982,0.1090,0.5683,,38.4205556,141.3042778,Q109276969,伝承交流施設 MEET門脇
1667,武蔵資料館,岡山縣,人物紀念館,3.6,193,人物紀念館,Okayama Station,60.5,0.70,0.7200,0.4418,0.0764,0.5682,http://commons.wikimedia.org/wiki/Special:FilePath/Gorinbo08s3200.jpg,35.0953470,134.3261560,Q11546382,宮本武蔵生家跡
3274,三春町歴史民俗資料館,福島縣,博物館,3.6,159,博物館,Fukushima Station,35.0,0.70,0.7200,0.4256,0.1249,0.5682,,37.4401810,140.4918270,Q104696509,三春町歴史民俗資料館
917,鴻沼資料館,埼玉縣,地方文化館,3.9,16,地方文化館,Omiya Station,6.2,0.70,0.7800,0.2376,0.4483,0.5681,http://commons.wikimedia.org/wiki/Special:FilePath/Saitama%20Konuma%20Museum%201.JPG,35.8511670,139.6282500,Q11675671,鴻沼資料館
3330,はまなす展望台,秋田縣,觀光塔,4.0,52,觀光塔,Akita Station,55.9,0.70,0.8000,0.3330,0.0821,0.5681,http://commons.wikimedia.org/wiki/Special:FilePath/Hamanasu%20Observatory%2020200126.jpg,40.2089167,139.9983333,Q119961646,はまなす展望台
3904,龍河洞博物館,高知縣,考古博物館,3.8,60,考古博物館,Kochi Station,19.1,0.70,0.7600,0.3448,0.2071,0.5681,http://commons.wikimedia.org/wiki/Special:FilePath/Kami%20Kochi%20Ryugado%20Museum%201.JPG,33.6038060,133.7451180,Q123527573,龍河洞博物館
1343,龍福寺資料館,山口縣,博物館,3.6,10,博物館,Yamaguchi Station,1.3,0.70,0.7200,0.2011,0.7962,0.5680,http://commons.wikimedia.org/wiki/Special:FilePath/Yoshioki%20Ouchi%27s%20statue.JPG,34.1842060,131.4796990,Q132476267,龍福寺資料館
2665,雲鷹丸,東京都,帆船,3.6,45,帆船,Tokyo Station,6.4,0.70,0.7200,0.3211,0.4370,0.5680,http://commons.wikimedia.org/wiki/Special:FilePath/Tokyo-UMST-Shinagawa-Un%27yo-Maru01.jpg,35.6251310,139.7491720,Q11660112,雲鷹丸
1463,たかす開拓記念館,岐阜縣,博物館,4.6,7,博物館,Gifu Station,61.4,0.70,0.9200,0.1744,0.0754,0.5679,,35.9521667,136.8756667,Q111013371,たかす開拓記念館
2266,新潟市北區鄉土博物館,新潟縣,地方文化館,4.1,18,地方文化館,Niigata Station,14.4,0.70,0.8200,0.2469,0.2580,0.5679,http://commons.wikimedia.org/wiki/Special:FilePath/Toysaka%20Museum%20001%20April2020.jpg,37.9161111,139.2256389,Q11502885,新潟市北区郷土博物館
2524,東京家政大学博物館,東京都,時裝博物館,4.0,17,時裝博物館,Tokyo Station,9.2,0.70,0.8000,0.2424,0.3521,0.5679,http://commons.wikimedia.org/wiki/Special:FilePath/Kasei06.jpg,35.7551250,139.7213530,Q104708375,東京家政大学 博物館
2686,佐野市立吉澤紀念美術館,栃木縣,美術館,3.7,108,美術館,Utsunomiya Station,31.1,0.70,0.7400,0.3934,0.1384,0.5679,http://commons.wikimedia.org/wiki/Special:FilePath/Yoshizawa%20Memorial%20Museum%20of%20Art%2C%20Sano.JPG,36.4014440,139.6111390,Q11385006,佐野市立吉澤記念美術館
2687,佐野市葛生伝承館,栃木縣,民俗博物館,3.7,108,民俗博物館,Utsunomiya Station,31.1,0.70,0.7400,0.3934,0.1386,0.5679,http://commons.wikimedia.org/wiki/Special:FilePath/Kuzuu%20Folk%20Art%20%26%20Crafts%20Museum.JPG,36.4012310,139.6120200,Q104696766,佐野市立吉澤記念美術館
2729,葛生化石館,栃木縣,古生物博物馆,3.7,108,古生物博物馆,Utsunomiya Station,31.1,0.70,0.7400,0.3934,0.1386,0.5679,http://commons.wikimedia.org/wiki/Special:FilePath/Kuzuu%20Fossil%20Museum.JPG,36.4016944,139.6116944,Q11620967,佐野市立吉澤記念美術館
279,富田砕花舊居,兵庫縣,人物紀念館,4.1,17,人物紀念館,Kobe Station,13.5,0.70,0.8200,0.2424,0.2709,0.5678,http://commons.wikimedia.org/wiki/Special:FilePath/Old%20Saika%20Tomita%20House01s5s3200.jpg,34.7297500,135.3120560,Q11457245,富田砕花旧居
2220,足助中馬館,愛知縣,博物館,3.8,87,博物館,Nagoya Station,39.9,0.70,0.7600,0.3755,0.1113,0.5678,,35.1374083,137.3185028,Q136707147,足助中馬館
25,愛洲の館,三重縣,地方文化館,3.9,66,地方文化館,Tsu Station,45.6,0.70,0.7800,0.3526,0.0988,0.5677,http://commons.wikimedia.org/wiki/Special:FilePath/Gokasyo%20Aisu-no-Yakata%20ac.jpg,34.3554167,136.7021111,Q92451961,愛洲の館
3397,桐生自動車博物館,群馬縣,汽車博物館,4.1,26,汽車博物館,Maebashi Station,24.9,0.70,0.8200,0.2764,0.1671,0.5676,http://commons.wikimedia.org/wiki/Special:FilePath/Maehara%2020th%20Museum.JPG,36.3719444,139.3506944,Q11537352,桐生自動車博物館
803,岩出市民俗資料館,和歌山縣,民俗博物館,3.8,44,民俗博物館,Wakayama Station,13.1,0.70,0.7600,0.3193,0.2765,0.5674,http://commons.wikimedia.org/wiki/Special:FilePath/Iwade%20Municipal%20Museum%20of%20Folk%20Materials01s3.jpg,34.2858060,135.3177220,Q11474211,岩出市民俗資料館
3217,広川町古墳公園資料館,福岡縣,考古博物館,4.0,45,考古博物館,Hakata Station,40.2,0.70,0.8000,0.3211,0.1107,0.5674,http://commons.wikimedia.org/wiki/Special:FilePath/%E5%BA%83%E5%B7%9D%E7%94%BA%E5%8F%A4%E5%A2%B3%E5%85%AC%E5%9C%92%E8%B3%87%E6%96%99%E9%A4%A8.JPG,33.2381450,130.5176270,Q132946169,広川町古墳公園資料館(こふんピア広川)
467,北方領土館,北海道,博物館,3.8,125,博物館,Sapporo Station,312.7,0.70,0.7600,0.4056,0.0157,0.5673,http://commons.wikimedia.org/wiki/Special:FilePath/Shibetsu%20Town%20Northern%20Territories%20Museum.JPG,43.6627650,145.1320290,Q132197073,標津町北方領土館
1600,飛驒市美術館,岐阜縣,美術館,4.0,58,美術館,Gifu Station,100.1,0.70,0.8000,0.3420,0.0476,0.5673,http://commons.wikimedia.org/wiki/Special:FilePath/Hida%20City%20Art%20Museum%20ac%20%282%29.jpg,36.2380556,137.1901389,Q117231494,飛騨市美術館
2113,大口町歴史民俗資料館,愛知縣,博物館,3.8,55,博物館,Nagoya Station,17.7,0.70,0.7600,0.3376,0.2202,0.5673,http://commons.wikimedia.org/wiki/Special:FilePath/Oguchi%20town%20Health%20Culture%20Center%20ac%20%281%29.jpg,35.3283889,136.9100833,Q51742086,大口町立歴史民俗資料館
311,柳田國男紀念館,兵庫縣,人物紀念館,4.0,48,人物紀念館,Kobe Station,48.8,0.70,0.8000,0.3264,0.0929,0.5672,http://commons.wikimedia.org/wiki/Special:FilePath/Yanagita%20kunio%20mh00s8.jpg,34.9577500,134.7646940,Q11534562,福崎町立柳田國男・松岡家記念館
1993,大洲市立肱川風の博物館・歌麿館,愛媛縣,博物館,3.8,88,博物館,Matsuyama Station,44.0,0.70,0.7600,0.3764,0.1020,0.5671,,33.4472800,132.6929440,Q123536443,大洲市立肱川風の博物館・歌麿館
3988,重富民俗資料館,鹿兒島縣,民俗博物館,4.1,18,民俗博物館,Kagoshima-Chuo Station,15.0,0.70,0.8200,0.2469,0.2495,0.5670,http://commons.wikimedia.org/wiki/Special:FilePath/Aira%20Shigetomi%20forklore%20museum.JPG,31.7080140,130.6036610,Q138314040,重富民俗資料館
463,北の国から資料館,北海道,博物館,4.2,29,博物館,Sapporo Station,89.8,0.70,0.8400,0.2852,0.0528,0.5669,http://commons.wikimedia.org/wiki/Special:FilePath/Kitanokunikara%20Museum%2001.JPG,43.3488610,142.3895280,Q11400781,北の国から資料館
1399,雪の里情報館,山形縣,博物館,3.8,95,博物館,Yamagata Station,58.1,0.70,0.7600,0.3828,0.0792,0.5668,http://commons.wikimedia.org/wiki/Special:FilePath/YukinoSato%20Information%20Center%201.jpg,38.7709722,140.2972222,Q65292338,雪の里情報館
1798,村上家資料館,島根縣,历史房屋博物馆,4.1,38,历史房屋博物馆,Matsue Station,70.3,0.70,0.8200,0.3073,0.0664,0.5668,,36.0956090,133.0978800,Q132420930,村上家資料館
3283,喜多方蔵の里,福島縣,博物館,3.6,176,博物館,Fukushima Station,53.8,0.70,0.7200,0.4341,0.0850,0.5667,http://commons.wikimedia.org/wiki/Special:FilePath/%E5%9C%9F%E8%94%B5%20%281389928661%29.jpg,37.6515083,139.8614222,Q28689069,喜多方蔵の里
3878,宿毛歴史館,高知縣,歷史博物館,3.8,108,歷史博物館,Kochi Station,102.9,0.70,0.7600,0.3934,0.0464,0.5667,,32.9387370,132.7306630,Q123472706,宿毛市立宿毛歴史館
403,龍野市立龍野歴史文化資料館,兵庫縣,歷史博物館,3.8,96,歷史博物館,Kobe Station,61.4,0.70,0.7600,0.3837,0.0753,0.5666,http://commons.wikimedia.org/wiki/Special:FilePath/Tatsuno%20municipal%20museum%20of%20history%20%26%20culture01s2040.jpg,34.8685280,134.5462220,Q11271117,龍野歴史文化資料館
1496,土岐市美濃陶磁歴史館,岐阜縣,陶瓷博物館,3.8,82,陶瓷博物館,Gifu Station,38.6,0.70,0.7600,0.3706,0.1146,0.5666,http://commons.wikimedia.org/wiki/Special:FilePath/Toki%20city%20mino%20touji%20museum.jpg,35.3650970,137.1791750,Q11423385,土岐市美濃陶磁歴史館
1647,吹屋ふるさと村郷土館,岡山縣,地方文化館,4.0,46,地方文化館,Okayama Station,46.4,0.70,0.8000,0.3229,0.0972,0.5666,http://commons.wikimedia.org/wiki/Special:FilePath/%E5%90%B9%E5%B1%8B%E3%81%B5%E3%82%8B%E3%81%95%E3%81%A8%E6%9D%91%E9%83%B7%E5%9C%9F%E9%A4%A8.jpg,34.8618720,133.4693560,Q38279422,吹屋ふるさと村郷土館 (旧角片山邸)
2774,宜野座村立博物館,沖繩縣,博物館,4.2,23,博物館,Naha Bus Terminal,41.9,0.70,0.8400,0.2665,0.1065,0.5666,http://commons.wikimedia.org/wiki/Special:FilePath/Ginoza%20Village%20Museum%20202411.jpg,26.4828550,127.9727170,Q104784491,宜野座村立博物館
2779,島村屋観光公園民俗資料館,沖繩縣,地方文化館,4.0,49,地方文化館,Naha Bus Terminal,57.4,0.70,0.8000,0.3281,0.0802,0.5664,,26.7161530,127.8040540,Q132562103,島村屋観光公園
758,睦沢町立歴史民俗資料館,千葉縣,博物館,3.7,105,博物館,Chiba Station,33.9,0.70,0.7400,0.3911,0.1284,0.5662,,35.3562830,140.3150880,Q104696841,睦沢町立歴史民俗資料館
1509,大橋コレクション館,岐阜縣,博物館,3.9,77,博物館,Gifu Station,105.2,0.70,0.7800,0.3654,0.0454,0.5662,http://commons.wikimedia.org/wiki/Special:FilePath/Ohashi%20Collection%20Kan%20Museum.jpg,36.1839000,137.4248640,Q11436531,大橋コレクション館
1896,竹原市歴史民俗資料館,廣島縣,民俗博物館,3.8,82,民俗博物館,Hiroshima Station,40.3,0.70,0.7600,0.3706,0.1104,0.5662,http://commons.wikimedia.org/wiki/Special:FilePath/Takehara%20City%20Historical%20Folk%20Museum%202021-03%20ac.jpg,34.3475000,132.9100830,Q107474258,竹原市歴史民俗資料館
2241,佐渡博物館,新潟縣,博物館,3.7,131,博物館,Niigata Station,63.4,0.70,0.7400,0.4095,0.0731,0.5662,http://commons.wikimedia.org/wiki/Special:FilePath/%E4%BD%90%E6%B8%A1%E5%8D%9A%E7%89%A9%E9%A4%A8.jpg,37.9861111,138.3447222,Q85159020,佐渡博物館
3329,きみまち阪,秋田縣,觀光景點,4.3,18,觀光景點,Akita Station,56.9,0.70,0.8600,0.2469,0.0808,0.5662,http://commons.wikimedia.org/wiki/Special:FilePath/Autumn%20leaves%20of%20Kimimachizaka%20in%20October%202022d.jpg,40.2194444,140.2550000,Q11264974,きみまちの鐘
1537,徳山民俗資料収蔵庫,岐阜縣,民俗博物館,4.2,20,民俗博物館,Gifu Station,32.5,0.70,0.8400,0.2553,0.1335,0.5659,http://commons.wikimedia.org/wiki/Special:FilePath/Tokuyamaminzokusiryouko.JPG,35.5772778,136.4633583,Q11489616,徳山民俗資料収蔵庫
2668,霞会館記念学習院ミュージアム,東京都,大學博物館,3.8,22,大學博物館,Tokyo Station,6.7,0.70,0.7600,0.2630,0.4286,0.5657,,35.7189680,139.7097680,Q132576457,霞会館記念学習院ミュージアム
3699,弘前市立郷土文学館,青森縣,文學館,4.1,28,文學館,Aomori Station,33.9,0.70,0.8200,0.2824,0.1287,0.5656,http://commons.wikimedia.org/wiki/Special:FilePath/Hirosaki%20Municipal%20Library%20and%20Literature%20Museum.jpg,40.6026667,140.4651389,Q85880196,弘前市立郷土文学館
1076,喜多美術館,奈良縣,现代美术馆,3.8,51,现代美术馆,Nara Station,17.6,0.70,0.7600,0.3314,0.2210,0.5655,,34.5246100,135.8537720,Q123147258,喜多美術館
2443,学習院大学史料館,東京都,組織,3.8,22,組織,Tokyo Station,6.7,0.70,0.7600,0.2630,0.4262,0.5655,http://commons.wikimedia.org/wiki/Special:FilePath/Gakushuin%20University%20Museum%20of%20History%20-%20Jul%205%2C%202011%20%281%29.jpg,35.7195500,139.7094270,Q11448881,霞会館記念学習院ミュージアム
1739,軍馬の郷六原資料館,岩手縣,軍事博物館,4.1,33,軍事博物館,Morioka Station,52.6,0.70,0.8200,0.2957,0.0868,0.5654,http://commons.wikimedia.org/wiki/Special:FilePath/Rokuhara%20Museumu%2CKanegasaki%2CIwate.jpg,39.2333056,141.0508333,Q60987043,軍馬の郷六原資料館
2862,米原市醒井宿資料館,滋賀縣,博物館,3.7,123,博物館,Otsu Station,56.8,0.70,0.7400,0.4043,0.0810,0.5654,http://commons.wikimedia.org/wiki/Special:FilePath/SPHFM01s3872.jpg,35.3274170,136.3472500,Q17230301,米原市醒井宿資料館
395,高田屋顯彰館・歴史文化資料館,兵庫縣,歷史博物館,3.8,83,歷史博物館,Kobe Station,46.0,0.70,0.7600,0.3716,0.0979,0.5653,http://commons.wikimedia.org/wiki/Special:FilePath/150613%20Wellness%20Park%20Goshiki%20Sumoto%20Hyogo%20pref%20Japan03s3.jpg,34.4151264,134.7911092,Q21653458,高田屋顕彰館・歴史文化資料館 菜の花ホール
894,熊谷市立熊谷図書館　美術・郷土資料展示室,埼玉縣,博物館,3.8,73,博物館,Omiya Station,33.4,0.70,0.7600,0.3610,0.1303,0.5653,,36.1372370,139.3867400,Q104696832,熊谷市立熊谷図書館
1124,香芝市二上山博物館,奈良縣,博物館,3.5,139,博物館,Nara Station,18.8,0.70,0.7000,0.4144,0.2097,0.5653,,34.5425630,135.6991780,Q104721841,香芝市二上山博物館
1477,中山道ひし屋資料館,岐阜縣,町屋,4.1,34,町屋,Gifu Station,59.9,0.70,0.8200,0.2982,0.0771,0.5652,http://commons.wikimedia.org/wiki/Special:FilePath/Nakasendo%20hishiya%20museum.jpg,35.4551944,137.4145278,Q48747247,恵那市立 中山道ひし屋資料館
2135,愛知県立芸術大学芸術資料館,愛知縣,大學博物館,4.2,13,大學博物館,Nagoya Station,17.1,0.70,0.8400,0.2213,0.2260,0.5650,,35.1674750,137.0698030,Q11494298,愛知県立芸術大学芸術資料館
3844,屋島寺宝物館,香川縣,博物館,3.8,16,博物館,Takamatsu Station,5.1,0.70,0.7600,0.2376,0.4966,0.5649,,34.3577610,134.1011120,Q133052041,宝物館
1154,原阿佐緒記念館,宮城縣,人物紀念館,3.9,34,人物紀念館,Sendai Station,16.4,0.70,0.7800,0.2982,0.2333,0.5648,http://commons.wikimedia.org/wiki/Special:FilePath/Hara%20Asao%20Memorial%20Hall.jpg,38.4053056,140.8468611,Q84590471,原阿佐緒記念館
1394,芭蕉・清風歴史資料館,山形縣,历史房屋博物馆,3.7,107,历史房屋博物馆,Yamagata Station,40.3,0.70,0.7400,0.3927,0.1104,0.5648,http://commons.wikimedia.org/wiki/Special:FilePath/Basho%20Seifu%20History%20Museum%201.jpg,38.6063056,140.4043056,Q48746428,松尾芭蕉、清風歴史資料館
2745,DiDi与那国交流館,沖繩縣,博物館,3.8,116,博物館,Naha Bus Terminal,507.8,0.70,0.7600,0.3994,0.0098,0.5648,,24.4691140,123.0086750,Q132157338,DiDi 与那国交流館
1618,ベンガラ館,岡山縣,陶瓷博物館,3.8,81,陶瓷博物館,Okayama Station,46.1,0.70,0.7600,0.3696,0.0979,0.5647,http://commons.wikimedia.org/wiki/Special:FilePath/Bengarakan07s3200.jpg,34.8531810,133.4683140,Q11337213,ベンガラ館
3083,澤田美喜記念館,神奈川縣,人物紀念館,4.0,37,人物紀念館,Yokohama Station,32.9,0.70,0.8000,0.3051,0.1318,0.5647,,35.3101944,139.3138056,Q114727484,澤田美喜記念館
68,与謝野町立古墳公園はにわ資料館,京都府,博物館,3.9,69,博物館,Kyoto Station,82.9,0.70,0.7800,0.3563,0.0569,0.5646,,35.5064470,135.1046580,Q104721110,古墳公園はにわ資料館
292,播磨町鄉土資料館,兵庫縣,歷史博物館,3.7,90,歷史博物館,Kobe Station,28.1,0.70,0.7400,0.3783,0.1511,0.5646,http://commons.wikimedia.org/wiki/Special:FilePath/Harima%20Museum.jpg,34.7269440,134.8762500,Q38278131,播磨町郷土資料館
324,滴翠美術館,兵庫縣,美術館,3.7,53,美術館,Kobe Station,12.7,0.70,0.7400,0.3345,0.2824,0.5646,http://commons.wikimedia.org/wiki/Special:FilePath/Tekisui%20museum01s3200.jpg,34.7393330,135.2965280,Q11565343,滴翠美術館
1625,倉敷市真備ふるさと歴史館,岡山縣,地方文化館,3.8,53,地方文化館,Okayama Station,19.8,0.70,0.7600,0.3345,0.2019,0.5646,http://commons.wikimedia.org/wiki/Special:FilePath/Kurashiki%20City%20Mabi%20hometown%20History%20Museum.jpg,34.6460000,133.7039720,Q117360434,真備ふるさと歴史館
559,新星館 須田剋太・島岡達三美術館,北海道,历史房屋博物馆,4.0,52,历史房屋博物馆,Sapporo Station,103.8,0.70,0.8000,0.3330,0.0460,0.5645,,43.5214722,142.4723333,Q11502473,新星館
1377,旧西村山郡役所,山形縣,博物館,4.5,4,博物館,Yamagata Station,15.9,0.70,0.9000,0.1350,0.2389,0.5644,http://commons.wikimedia.org/wiki/Special:FilePath/Kyoudokan%20SAGAE1.JPG,38.3844444,140.2681667,Q24862125,旧西村山郡役所
1575,羽島市竹鼻まつり山車会館,岐阜縣,山車会館,4.3,6,山車会館,Gifu Station,11.0,0.70,0.8600,0.1632,0.3135,0.5643,http://commons.wikimedia.org/wiki/Special:FilePath/%E7%BE%BD%E5%B3%B6%E5%B8%82%E7%AB%B9%E9%BC%BB%E3%81%BE%E3%81%A4%E3%82%8A%E5%B1%B1%E8%BB%8A%E4%BC%9A%E9%A4%A8.jpg,35.3211111,136.7018056,Q109595978,竹鼻まつり山車会館
2128,御油の松並木資料館,愛知縣,博物館,3.8,84,博物館,Nagoya Station,53.9,0.70,0.7600,0.3726,0.0849,0.5643,http://commons.wikimedia.org/wiki/Special:FilePath/Historical%20Tokaido%20Pine%20Trees%20Visitor%20Center%20%282015.01.23%29%202.jpg,34.8441010,137.3185400,Q132125250,豊川市御油の松並木資料館
626,登別伊達時代村,北海道,主題公園,5.0,1,主題公園,Sapporo Station,69.0,0.70,1.0000,0.0581,0.0675,0.5642,http://commons.wikimedia.org/wiki/Special:FilePath/Noboribetsu%20Date%20Jidaimura.jpg,42.4638890,141.1606670,Q11579107,登別伊達時代村
1548,明宝歴史民俗資料館,岐阜縣,博物館,4.1,32,博物館,Gifu Station,55.6,0.70,0.8200,0.2932,0.0825,0.5642,http://commons.wikimedia.org/wiki/Special:FilePath/%E6%98%8E%E5%AE%9D%E6%AD%B4%E5%8F%B2%E6%B0%91%E4%BF%97%E8%B3%87%E6%96%99%E9%A4%A8.jpg,35.8570278,137.0300556,Q48748602,明宝歴史民俗資料館
1085,奈良大学博物館,奈良縣,大學博物館,3.7,22,大學博物館,Nara Station,5.2,0.70,0.7400,0.2630,0.4919,0.5641,,34.7151020,135.7811270,Q104721843,奈良大学博物館
2828,守山市立埋蔵文化財センター,滋賀縣,埋藏文化財中心,4.1,17,埋藏文化財中心,Otsu Station,16.4,0.70,0.8200,0.2424,0.2332,0.5640,,35.1080230,135.9925450,Q123274450,守山市埋蔵文化財センター
3806,雲見くじら館,靜岡縣,博物館,4.0,40,博物館,Shizuoka Station,42.4,0.70,0.8000,0.3114,0.1054,0.5640,,34.7263060,138.7450560,Q17215211,雲見くじら館
2465,成蹊学園史料館,東京都,教育博物館,4.3,9,教育博物館,Tokyo Station,17.8,0.70,0.8600,0.1931,0.2193,0.5639,,35.7104240,139.5732510,Q104698221,成蹊学園史料館
263,太子町立歴史資料館,兵庫縣,博物館,4.0,44,博物館,Kobe Station,57.2,0.70,0.8000,0.3193,0.0804,0.5638,,34.8344670,134.5815780,Q104721715,太子町立歴史資料館
1892,海與島的歴史資料館,廣島縣,博物館,3.9,55,博物館,Hiroshima Station,42.6,0.70,0.7800,0.3376,0.1050,0.5638,http://commons.wikimedia.org/wiki/Special:FilePath/%E5%A4%A7%E5%B4%8E%E4%B8%8A%E5%B3%B6%20%E6%B5%B7%E3%81%A8%E5%B3%B6%E3%81%AE%E6%AD%B4%E5%8F%B2%E8%B3%87%E6%96%99%E9%A4%A8%202013-08.JPG,34.2616667,132.9093611,Q27166678,大崎上島町 海と島の歴史資料館・大望月邸
1609,Washuzan Highland Sky Cycle,岡山縣,觀光景點,4.1,23,觀光景點,Okayama Station,26.8,0.70,0.8200,0.2665,0.1571,0.5637,,34.4458432,133.8003244,Q124618084,スカイサイクル
2158,海賓館マリンセンターハウス,愛知縣,體育博物館,4.4,11,體育博物館,Nagoya Station,49.9,0.70,0.8800,0.2084,0.0910,0.5636,http://commons.wikimedia.org/wiki/Special:FilePath/Marine%20center%20house.jpg,34.8199830,137.2236530,Q11559240,海賓館マリンセンターハウス
564,旭川兵村記念館,北海道,博物館,3.9,70,博物館,Sapporo Station,117.7,0.70,0.7800,0.3575,0.0408,0.5633,,43.7695650,142.4422670,Q28154406,旭川兵村記念館
1972,今治市大三島美術館,愛媛縣,美術館,4.1,30,美術館,Matsuyama Station,51.0,0.70,0.8200,0.2880,0.0892,0.5633,http://commons.wikimedia.org/wiki/Special:FilePath/View%20of%20Imabari%20City%20Omishima%20Art%20Museum.jpg,34.2490833,133.0033333,Q11377193,大三島美術館
2021,能因法師求雨樟樹,愛媛縣,巨樹,4.1,30,巨樹,Matsuyama Station,51.0,0.70,0.8200,0.2880,0.0892,0.5633,http://commons.wikimedia.org/wiki/Special:FilePath/%C5%8Cyamazumi-jinja%20kusunoki%20%28N%C5%8Din-houshi%29.JPG,34.2483890,133.0047220,Q17214933,大三島美術館
2840,東近江市西堀榮三郎記念探検の殿堂,滋賀縣,纪念博物馆,3.7,98,纪念博物馆,Otsu Station,37.6,0.70,0.7400,0.3854,0.1173,0.5633,http://commons.wikimedia.org/wiki/Special:FilePath/Tankennodendou%2001.jpg,35.1322310,136.2469550,Q132732063,東近江市 西堀榮三郎記念探検の殿堂
1272,下関市立近代先人顕彰館,山口縣,人物紀念館,3.8,81,人物紀念館,Yamaguchi Station,55.0,0.70,0.7600,0.3696,0.0833,0.5632,http://commons.wikimedia.org/wiki/Special:FilePath/141122%20Tanaka%20Kinuyo%20Cultural%20Museum%20Shimonoseki%20Yamaguchi%20pref%20Japan01s3.jpg,33.9590556,130.9411944,Q109666473,田中絹代ぶんか館
3580,安曇野市豐科鄉土博物館,長野縣,地方文化館,3.8,76,地方文化館,Nagano Station,45.7,0.70,0.7600,0.3643,0.0987,0.5632,,36.2997222,137.9081944,Q11450792,安曇野市豊科郷土博物館
3702,櫛引八幡宮国宝館,青森縣,宝物館,4.4,12,宝物館,Aomori Station,70.1,0.70,0.8800,0.2151,0.0666,0.5632,http://commons.wikimedia.org/wiki/Special:FilePath/Treasure%20museum%20of%20Kushihiki%20Hachiman-gu.jpg,40.4893760,141.4352480,Q104696239,櫛引八幡宮 国宝館
1888,法宣寺の天蓋マツ,廣島縣,松樹,5.0,1,松樹,Hiroshima Station,83.0,0.70,1.0000,0.0581,0.0568,0.5631,http://commons.wikimedia.org/wiki/Special:FilePath/Houseji%20no%20Tengai-matsu%2C%20%E6%B3%95%E5%AE%A3%E5%AF%BA%E3%81%AE%E5%A4%A9%E8%93%8B%E3%83%9E%E3%83%84%20Pine%20tree%20forming%20a%20canopy%20in%20Hosen-ji%20temple.jpg,34.3850780,133.3795030,Q17230203,法宣寺の天蓋マツ
2234,三條市歷史民俗產業資料館,新潟縣,博物館,3.7,91,博物館,Niigata Station,32.5,0.70,0.7400,0.3792,0.1334,0.5631,http://commons.wikimedia.org/wiki/Special:FilePath/Sanjo%20Heritage%20Museum.jpg,37.6319170,138.9567220,Q11355840,三条市歴史民俗産業資料館
3824,ゴールドタワー,香川縣,觀光塔,3.8,54,觀光塔,Takamatsu Station,22.3,0.70,0.7600,0.3361,0.1831,0.5631,http://commons.wikimedia.org/wiki/Special:FilePath/Goldtower01.jpg,34.3114030,133.8083830,Q11303940,ゴールドタワー プレイパーク
61,まいづる智恵蔵,京都府,红砖仓库,3.8,84,红砖仓库,Kyoto Station,64.1,0.70,0.7600,0.3726,0.0724,0.5630,,35.4747220,135.3851670,Q11278126,赤れんが3号棟 まいづる智恵蔵（旧舞鶴海軍兵器廠 弾丸庫並小銃庫）
1506,大垣市歴史民俗資料館,岐阜縣,民俗博物館,3.8,48,民俗博物館,Gifu Station,18.7,0.70,0.7600,0.3264,0.2110,0.5630,http://commons.wikimedia.org/wiki/Special:FilePath/%E5%A4%A7%E5%9E%A3%E5%B8%82%E6%AD%B4%E5%8F%B2%E6%B0%91%E4%BF%97%E8%B3%87%E6%96%99%E9%A4%A8.jpg,35.3859722,136.5520139,Q48746221,大垣市歴史民俗資料館
777,阿仙落崖,千葉縣,懸崖,4.0,42,懸崖,Chiba Station,56.2,0.70,0.8000,0.3154,0.0817,0.5628,http://commons.wikimedia.org/wiki/Special:FilePath/%E3%81%8A%E3%81%9B%E3%82%93%E3%81%93%E3%82%8D%E3%81%8C%E3%81%97%E3%81%8B%E3%82%89%E5%A4%AA%E5%B9%B3%E6%B4%8B%E3%82%92%E6%9C%9B%E3%82%80%20-%20panoramio%20%281%29.jpg,35.1161111,140.2241667,Q553038,おせんころがし
1383,東田川文化記念館,山形縣,博物館,4.1,32,博物館,Yamagata Station,68.5,0.70,0.8200,0.2932,0.0680,0.5628,http://commons.wikimedia.org/wiki/Special:FilePath/%E6%9D%B1%E7%94%B0%E5%B7%9D%E6%96%87%E5%8C%96%E8%A8%98%E5%BF%B5%E9%A4%A8%2847948371213%29.jpg,38.7674020,139.9024830,Q64143408,東田川文化記念館
149,福知山市佐藤太清記念美術館,京都府,美術館,3.8,84,美術館,Kyoto Station,66.8,0.70,0.7600,0.3726,0.0696,0.5627,http://commons.wikimedia.org/wiki/Special:FilePath/Taisei%20Sato%20Memorial%20Art%20Museum01st3200.jpg,35.2975000,135.1303330,Q11594325,福知山市佐藤太清記念美術館
648,置戶波波美術館,北海道,美術館,4.4,14,美術館,Sapporo Station,193.2,0.70,0.8800,0.2271,0.0252,0.5627,http://commons.wikimedia.org/wiki/Special:FilePath/%E7%BD%AE%E6%88%B8%E3%81%BD%E3%81%A3%E3%81%BD%E7%B5%B5%E7%94%BB%E9%A4%A8.jpg,43.6769444,143.5895833,Q30922602,置戸ぽっぽ絵画館
120,宇治・上林記念館,京都府,茶博物館,3.8,32,茶博物館,Kyoto Station,11.3,0.70,0.7600,0.2932,0.3064,0.5626,http://commons.wikimedia.org/wiki/Special:FilePath/%E5%AE%87%E6%B2%BB%20%E4%B8%8A%E6%9E%97%E8%A8%98%E5%BF%B5%E9%A4%A8%20%2814003018022%29.jpg,34.8910300,135.8041800,Q123516621,宇治・上林記念館
185,多久市郷土資料館,佐賀縣,地方文化館,4.1,18,地方文化館,Saga Station,19.4,0.70,0.8200,0.2469,0.2045,0.5625,,33.2572800,130.0882900,Q123516469,多久市郷土資料館
2377,久米美術館,東京都,人物紀念館,3.6,39,人物紀念館,Tokyo Station,7.0,0.70,0.7200,0.3094,0.4159,0.5624,http://commons.wikimedia.org/wiki/Special:FilePath/Kume%20Bijutsukan.jpg,35.6345560,139.7146940,Q11369635,久米美術館
3654,軽井沢町追分宿郷土館,長野縣,地方文化館,3.8,74,地方文化館,Nagano Station,46.4,0.70,0.7600,0.3621,0.0973,0.5624,http://commons.wikimedia.org/wiki/Special:FilePath/%E8%BF%BD%E5%88%86%E9%83%B7%E5%9C%9F%E9%A4%A8.jpg,36.3414720,138.5475280,Q104710268,追分宿郷土館
22,志摩市歴史民俗資料館,三重縣,民俗博物館,3.9,54,民俗博物館,Tsu Station,47.7,0.70,0.7800,0.3361,0.0948,0.5623,http://commons.wikimedia.org/wiki/Special:FilePath/Shima%20City%20Hall%20Isobe%20Branch.jpg,34.3755000,136.7969720,Q11490924,志摩市歴史民俗資料館
1942,阿南市立阿波公方・民俗資料館,德島縣,博物館,3.9,31,博物館,Tokushima Station,16.6,0.70,0.7800,0.2907,0.2311,0.5623,http://commons.wikimedia.org/wiki/Special:FilePath/%E9%98%BF%E5%8D%97%E5%B8%82%E7%AB%8B%E9%98%BF%E6%B3%A2%E5%85%AC%E6%96%B9%20%E6%B0%91%E4%BF%97%E8%B3%87%E6%96%99%E9%A4%A8.jpg,33.9520278,134.6551389,Q65291911,阿波公方・民俗資料館
1965,上黒岩遺跡考古館,愛媛縣,考古博物館,4.3,12,考古博物館,Matsuyama Station,31.4,0.70,0.8600,0.2151,0.1374,0.5623,http://commons.wikimedia.org/wiki/Special:FilePath/Kamikuroiwaiseki.jpg,33.6178170,132.9603640,Q123505693,上黒岩遺跡考古館
3138,山川登美子紀念館,福井縣,历史房屋博物馆,4.1,32,历史房屋博物馆,Fukui Station,76.0,0.70,0.8200,0.2932,0.0617,0.5621,http://commons.wikimedia.org/wiki/Special:FilePath/Tomiko%20Yamakawa%20Memorial%20Museum01nt3200.jpg,35.4985080,135.7470810,Q11468309,山川登美子記念館
1730,矢巾町歴史民俗資料館,岩手縣,民俗博物館,3.8,30,民俗博物館,Morioka Station,10.9,0.70,0.7600,0.2880,0.3149,0.5619,http://commons.wikimedia.org/wiki/Special:FilePath/Yahaba-cho%20Folk%20Historical%20Material%20Hall.jpg,39.6072222,141.1694444,Q104696299,矢巾町歴史民俗資料館
1904,阿多田島灯台資料館,廣島縣,灯台記念館,4.3,11,灯台記念館,Hiroshima Station,27.6,0.70,0.8600,0.2084,0.1533,0.5619,,34.1870556,132.3158889,Q24867592,阿多田島灯台資料館
2739,那須歴史探訪館,栃木縣,歷史博物館,3.7,105,歷史博物館,Utsunomiya Station,53.3,0.70,0.7400,0.3911,0.0857,0.5619,http://commons.wikimedia.org/wiki/Special:FilePath/NasuRekishiTanpoukan.jpg,36.9891600,140.1643850,Q135977527,那須歴史探訪館
1242,滑川市立博物館,富山縣,美術館,3.7,58,美術館,Toyama Station,16.5,0.70,0.7400,0.3420,0.2321,0.5618,,36.7419167,137.3916111,Q28684363,滑川市立博物館
3790,焼津漁業資料館,靜岡縣,漁業博物館,3.8,34,漁業博物館,Shizuoka Station,12.7,0.70,0.7600,0.2982,0.2830,0.5618,http://commons.wikimedia.org/wiki/Special:FilePath/Yaizu%20Fishery%20Museum%202020-04%20ac%20%281%29.jpg,34.8709444,138.3239444,Q94742313,焼津漁業資料館
722,天然ガス記念館,千葉縣,纪念博物馆,4.0,35,纪念博物馆,Chiba Station,38.2,0.70,0.8000,0.3005,0.1157,0.5617,http://commons.wikimedia.org/wiki/Special:FilePath/Natural%20Gas%20Memorial%20Hall%20%28Otaki%2C%20Chiba%29%2001.jpg,35.2866720,140.2443460,Q133824472,大多喜町天然ガス記念館
1979,伊方町町見郷土館,愛媛縣,廃止された博物館,4.3,15,廃止された博物館,Matsuyama Station,59.1,0.70,0.8600,0.2325,0.0780,0.5616,,33.4693500,132.2945600,Q123555778,町見郷土館
1563,白山瀧宝殿,岐阜縣,博物館,4.6,5,博物館,Gifu Station,57.3,0.70,0.9200,0.1503,0.0803,0.5611,http://commons.wikimedia.org/wiki/Special:FilePath/Nagatakihakusan-jinja%20ryuhoden.jpg,35.9206667,136.8312222,Q110858996,瀧宝殿
1750,馬仙峡,岩手縣,觀光景點,4.0,40,觀光景點,Morioka Station,62.6,0.70,0.8000,0.3114,0.0739,0.5608,,40.2524100,141.2907900,Q11667809,馬仙峡公園
759,神崎の大クス,千葉縣,巨樹,4.4,9,巨樹,Chiba Station,41.6,0.70,0.8800,0.1931,0.1074,0.5607,http://commons.wikimedia.org/wiki/Special:FilePath/K%C5%8Dzaki-jinja%20%28K%C5%8Dzaki%2C%20Chiba%29%2012.jpg,35.9057222,140.4003889,Q124285355,神崎の大クス（なんじやもんじゃ）
3013,大和市下鶴間ふるさと館,神奈川縣,博物館,3.7,51,博物館,Yokohama Station,14.9,0.70,0.7400,0.3314,0.2517,0.5606,http://commons.wikimedia.org/wiki/Special:FilePath/%E6%97%A7%E5%B0%8F%E5%80%89%E5%AE%B6%E4%BD%8F%E5%AE%85%E6%AF%8D%E5%B1%8B%EF%BC%88%E4%B8%8B%E9%B6%B4%E9%96%93%E3%81%B5%E3%82%8B%E3%81%95%E3%81%A8%E9%A4%A8%EF%BC%89.jpg,35.5010361,139.4642222,Q58205524,下鶴間ふるさと館
3908,上淀白鳳之丘展示館,鳥取縣,考古博物館,4.0,41,考古博物館,Tottori Station,71.0,0.70,0.8000,0.3135,0.0658,0.5606,http://commons.wikimedia.org/wiki/Special:FilePath/Kamiyodo-Hakuhonooka.jpg,35.4536111,133.4430556,Q2945110,上淀白鳳の丘展示館
3527,アンフォルメル中川村美術館,長野縣,美術館,3.9,62,美術館,Nagano Station,112.8,0.70,0.7800,0.3475,0.0425,0.5605,http://commons.wikimedia.org/wiki/Special:FilePath/INFORMEL%20NAKAGAWAMURA%20MUSEUM%2C%20main%20building%20and%20symbol%20tower%20exterior%20in%202012-11-24.jpg,35.6466110,137.9546810,Q11285428,アンフォルメル中川村美術館
3551,信州中野銅石版画ミュージアム,長野縣,博物館,3.7,64,博物館,Nagano Station,20.7,0.70,0.7400,0.3501,0.1942,0.5605,http://commons.wikimedia.org/wiki/Special:FilePath/%E4%BF%A1%E5%B7%9E%E4%B8%AD%E9%87%8E%E9%8A%85%E7%9F%B3%E7%89%88%E7%94%BB%E3%83%9F%E3%83%A5%E3%83%BC%E3%82%B8%E3%82%A2%E3%83%A0.jpg,36.7537500,138.3760000,Q86744314,中野小学校旧校舎・信州中野銅石版画ミュージアム
1551,東山魁夷 心の旅路館,岐阜縣,美術館,3.9,57,美術館,Gifu Station,74.6,0.70,0.7800,0.3405,0.0628,0.5604,,35.5858861,137.5511500,Q11526757,東山魁夷心の旅路館
816,紀州備長炭振興館,和歌山縣,博物館,3.7,94,博物館,Wakayama Station,46.3,0.70,0.7400,0.3819,0.0974,0.5603,,33.8512778,135.3951667,Q11605041,みなべ町立紀州備長炭振興館
3640,脇田美術館,長野縣,美術館,3.9,51,美術館,Nagano Station,51.3,0.70,0.7800,0.3314,0.0888,0.5603,http://commons.wikimedia.org/wiki/Special:FilePath/Wakita%20Museum%20of%20Art.JPG,36.3510000,138.6334444,Q28683263,脇田美術館
501,厚岸町海事記念館,北海道,海事博物館,4.0,49,海事博物館,Sapporo Station,284.2,0.70,0.8000,0.3281,0.0173,0.5602,http://commons.wikimedia.org/wiki/Special:FilePath/Akkeshi%20Maritime%20Museum.jpg,43.0511960,144.8491270,Q104239410,厚岸町海事記念館
3085,玉縄歴史館,神奈川縣,歷史博物館,3.8,38,歷史博物館,Yokohama Station,15.8,0.70,0.7600,0.3073,0.2399,0.5602,,35.3511944,139.5194444,Q109826839,玉縄歴史館
1974,今治市岩田健母と子のミュージアム,愛媛縣,雕塑公园,3.7,91,雕塑公园,Matsuyama Station,43.6,0.70,0.7400,0.3792,0.1028,0.5601,http://commons.wikimedia.org/wiki/Special:FilePath/Mother%20and%20child%20museum%20-%20panoramio%20%281%29.jpg,34.1947860,132.9541796,Q11377194,今治市岩田健母と子のミュージアム
2287,秋山孝ポスター美術館長岡,新潟縣,美術館,4.0,38,美術館,Niigata Station,58.0,0.70,0.8000,0.3073,0.0794,0.5601,http://commons.wikimedia.org/wiki/Special:FilePath/Takashi%20Akiyama%20Poster%20Museum%20Nagaoka.jpg,37.4203930,138.8416460,Q11594970,秋山孝ポスター美術館 長岡
2938,小松市立博物館,石川縣,市立博物館,3.7,72,市立博物館,Kanazawa Station,25.9,0.70,0.7400,0.3598,0.1616,0.5601,http://commons.wikimedia.org/wiki/Special:FilePath/Komatsu%20Municipal%20Museum.jpg,36.4088889,136.4483056,Q11461143,小松市立博物館
1336,防府市文化財郷土資料館,山口縣,博物館,3.9,27,博物館,Yamaguchi Station,15.7,0.70,0.7800,0.2795,0.2413,0.5600,http://commons.wikimedia.org/wiki/Special:FilePath/Hofu%20City%20Cultural%20Property%20Folk%20Museum%202021-08%20ac%20%281%29.jpg,34.0490220,131.5627020,Q132479089,防府市 文化財郷土資料館
1721,毛越寺宝物館,岩手縣,博物館,4.0,41,博物館,Morioka Station,79.5,0.70,0.8000,0.3135,0.0592,0.5600,http://commons.wikimedia.org/wiki/Special:FilePath/Cultural%20Assets%20Repository%20-%20Motsuji%2C%20Hiraizumi%2C%20Iwate%20-%20DSC04628.jpg,38.9868940,141.1087690,Q127603206,毛越寺 宝物館
2286,相川郷土博物館,新潟縣,礦業博物館,4.1,29,礦業博物館,Niigata Station,73.4,0.70,0.8200,0.2852,0.0638,0.5600,http://commons.wikimedia.org/wiki/Special:FilePath/Aikawa%20History%20Museum%20ac%20%281%29.jpg,38.0375000,138.2400000,Q85162625,相川郷土博物館（旧御料局佐渡支局）
238,但馬國府、國分寺館,兵庫縣,考古博物館,3.8,81,考古博物館,Kobe Station,95.5,0.70,0.7600,0.3696,0.0498,0.5598,http://commons.wikimedia.org/wiki/Special:FilePath/TajimaKokufu%20and%20Kokubunji-Kan.jpg,35.4697220,134.7674720,Q11381627,豊岡市立歴史博物館 但馬国府・国分寺館
3874,吉井勇記念館,高知縣,人物紀念館,3.9,42,人物紀念館,Kochi Station,32.9,0.70,0.7800,0.3154,0.1320,0.5598,http://commons.wikimedia.org/wiki/Special:FilePath/%E5%90%89%E4%BA%95%E5%8B%87%E8%A8%98%E5%BF%B5%E9%A4%A8.jpg,33.7062380,133.8563890,Q97097645,香美市立 吉井勇記念館
2643,調布市郷土博物館,東京都,地方文化館,3.5,120,地方文化館,Tokyo Station,21.2,0.70,0.7000,0.4022,0.1908,0.5597,,35.6468980,139.5361910,Q104698232,調布市郷土博物館
820,西村伊作記念館,和歌山縣,历史房屋博物馆,4.4,11,历史房屋博物馆,Wakayama Station,92.8,0.70,0.8800,0.2084,0.0511,0.5596,http://commons.wikimedia.org/wiki/Special:FilePath/Former%20Nishimura%20House%202021-10%20ac%20%281%29.jpg,33.7278610,135.9926390,Q11628672,西村伊作記念館
737,旧齋藤邸,千葉縣,建成遗产,3.9,35,建成遗产,Chiba Station,23.8,0.70,0.7800,0.3005,0.1733,0.5595,http://commons.wikimedia.org/wiki/Special:FilePath/%E6%97%A7%E9%BD%8B%E8%97%A4%E9%82%B8%EF%BC%88%E6%9D%BE%E6%88%B8%E5%B8%82%EF%BC%89%E4%B8%BB%E5%B1%8B.jpg,35.7736300,139.9376600,Q138750333,旧齋藤邸
2008,村上三島記念館,愛媛縣,人物紀念館,4.1,26,人物紀念館,Matsuyama Station,53.9,0.70,0.8200,0.2764,0.0849,0.5594,http://commons.wikimedia.org/wiki/Special:FilePath/Murakami%20Santo%20Memorial%20Museum%2020180429-1.jpg,34.2556940,133.0535830,Q11522682,村上三島記念館(市立上浦歴史民俗資料館)
1685,西江邸,岡山縣,历史房屋博物馆,3.9,48,历史房屋博物馆,Okayama Station,48.4,0.70,0.7800,0.3264,0.0936,0.5593,http://commons.wikimedia.org/wiki/Special:FilePath/Nishie%20House.JPG,34.8690280,133.4492500,Q11628966,西江邸・西江家住宅
3650,诹访湖博物馆,長野縣,博物館,3.6,138,博物館,Nagano Station,64.5,0.70,0.7200,0.4138,0.0719,0.5593,http://commons.wikimedia.org/wiki/Special:FilePath/Municipal%20Suwako%20museum%20and%20Shimaki%20Akahiko%20memorial%20museum.jpg,36.0672220,138.1008330,Q11631898,諏訪湖博物館・赤彦記念館
1308,東行記念館,山口縣,人物紀念館,3.9,44,人物紀念館,Yamaguchi Station,38.9,0.70,0.7800,0.3193,0.1140,0.5592,,34.0858760,131.0711240,Q11528306,下関市立東行記念館
475,北海道立アイヌ総合センター,北海道,博物館,3.4,10,博物館,Sapporo Station,0.8,0.70,0.6800,0.2011,0.8673,0.5591,http://commons.wikimedia.org/wiki/Special:FilePath/Kaederu%202.%207%20%28Hokkaido%20Ritsumin%20Activities%20Center%29.JPG,43.0630500,141.3454330,Q11402954,北海道立アイヌ総合センター
1907,「人形のムラ」阿波木偶文化資料館,德島縣,博物館,4.1,7,博物館,Tokushima Station,8.0,0.70,0.8200,0.1744,0.3854,0.5589,,34.0903710,134.4666530,Q123562902,人形のムラ阿波木偶文化資料館
3451,安良川の爺スギ,茨城縣,巨樹,4.3,12,巨樹,Mito Station,43.3,0.70,0.8600,0.2151,0.1035,0.5589,http://commons.wikimedia.org/wiki/Special:FilePath/Arakawa%20Jii%20cedar%20tree.%20A.jpg,36.7147780,140.7034440,Q123434781,安良川の爺杉
2725,真岡市科学教育センター,栃木縣,科學博物館,4.3,7,科學博物館,Utsunomiya Station,17.2,0.70,0.8600,0.1744,0.2253,0.5588,http://commons.wikimedia.org/wiki/Special:FilePath/Moka%20City%20Science%20Education%20Center.jpg,36.4369556,140.0163944,Q111540683,真岡市 科学教育センター
472,北海道大学遺跡保存庭园,北海道,考古学公園,3.7,6,考古学公園,Sapporo Station,1.8,0.70,0.7400,0.1632,0.7361,0.5586,http://commons.wikimedia.org/wiki/Special:FilePath/Garden%20for%20Preserving%20Ruins%20in%20Hokkaido%20University.JPG,43.0798889,141.3349167,Q20043116,北大遺跡保存庭園
3406,渡良瀨自然館,群馬縣,自然歷史博物館,3.8,67,自然歷史博物館,Maebashi Station,54.8,0.70,0.7600,0.3539,0.0836,0.5585,http://commons.wikimedia.org/wiki/Special:FilePath/Itakura%20Watarase%20Museum%201.JPG,36.2230000,139.6505830,Q11281891,板倉町 わたらせ自然館
3771,沼津市明治史料館,靜岡縣,歷史博物館,3.7,87,歷史博物館,Shizuoka Station,45.9,0.70,0.7400,0.3755,0.0983,0.5585,http://commons.wikimedia.org/wiki/Special:FilePath/Numazu%20City%20Archives%20of%20Meiji%20History%20ac%20%281%29.jpg,35.1218610,138.8582780,Q64482009,沼津市明治史料館
1770,出雲玉作資料館,島根縣,博物館,3.5,45,博物館,Matsue Station,6.9,0.70,0.7000,0.3211,0.4207,0.5584,,35.4175650,133.0133450,Q132397185,出雲玉作資料館
3314,絵本美術館「まどのそとのそのまたむこう」,福島縣,繪本博物館,4.1,29,繪本博物館,Fukushima Station,97.7,0.70,0.8200,0.2852,0.0487,0.5584,,36.9737222,140.9664167,Q7191151,絵本美術館 まどのそとのそのまたむこう
997,大阪商業大學商業史博物館,大阪府,大學博物館,4.0,11,大學博物館,Osaka Station,9.0,0.70,0.8000,0.2084,0.3574,0.5583,http://commons.wikimedia.org/wiki/Special:FilePath/Osaka-Univ-of-Commerce-Tanioka-Memorial-Hall01.jpg,34.6668330,135.5841390,Q11440106,大阪商業大学商業史博物館
3632,白馬三枝美術館,長野縣,美術館,3.8,53,美術館,Nagano Station,31.0,0.70,0.7600,0.3345,0.1388,0.5582,,36.6901590,137.8459400,Q123190139,白馬三枝美術館
360,神戸大学海事博物館,兵庫縣,海事博物館,3.8,26,海事博物館,Kobe Station,11.1,0.70,0.7600,0.2764,0.3110,0.5580,http://commons.wikimedia.org/wiki/Special:FilePath/Maritime%20Museum%20of%20Kobe%20University.jpg,34.7190900,135.2892860,Q107272178,神戸大学海事博物館
913,長瀞町郷土資料館,埼玉縣,地方文化館,3.6,122,地方文化館,Omiya Station,50.9,0.70,0.7200,0.4036,0.0895,0.5580,http://commons.wikimedia.org/wiki/Special:FilePath/Nagatoro%20Town%20Museum.JPG,36.0924170,139.1076110,Q21653901,長瀞町郷土資料館・旧新井家住宅
2165,瀨戶染付工藝館,愛知縣,陶瓷博物館,3.7,59,陶瓷博物館,Nagoya Station,21.4,0.70,0.7400,0.3434,0.1895,0.5580,http://commons.wikimedia.org/wiki/Special:FilePath/Seto-MCMTC01.jpg,35.2246750,137.1074000,Q11566626,瀬戸染付工芸館
2777,宮古島海宝館,沖繩縣,自然歷史博物館,3.3,424,自然歷史博物館,Naha Bus Terminal,279.6,0.70,0.6600,0.5076,0.0176,0.5580,http://commons.wikimedia.org/wiki/Special:FilePath/Miyako%20kaihokan%201.jpg,24.7300280,125.4294170,Q48751932,宮古島海宝館
2244,佐潟水鳥・湿地センター,新潟縣,自然中心,4.4,5,自然中心,Niigata Station,19.0,0.70,0.8800,0.1503,0.2081,0.5579,,37.8190180,138.8799150,Q132160355,佐潟水鳥湿地センター
3011,埋蔵文化財センター (横浜市),神奈川縣,埋藏文化財中心,3.6,60,埋藏文化財中心,Yokohama Station,13.9,0.70,0.7200,0.3448,0.2646,0.5579,http://commons.wikimedia.org/wiki/Special:FilePath/Y-MaibunCenter.jpg,35.3464444,139.5789444,Q30929301,埋蔵文化財センター
3280,会津民俗館,福島縣,博物館,3.9,43,博物館,Fukushima Station,41.6,0.70,0.7800,0.3174,0.1072,0.5579,,37.5355330,140.0754540,Q104696506,会津民俗館
3458,松見タワー,茨城縣,觀光塔,4.1,23,觀光塔,Mito Station,45.4,0.70,0.8200,0.2665,0.0992,0.5579,http://commons.wikimedia.org/wiki/Special:FilePath/Matsumi%20Tower.jpg,36.0909000,140.1073000,Q119012587,展望塔
20,尾鷲市立天文科学館,三重縣,天文博物館,4.1,27,天文博物館,Tsu Station,79.1,0.70,0.8200,0.2795,0.0594,0.5578,http://commons.wikimedia.org/wiki/Special:FilePath/NakamurayamaCastle%E4%BA%8C%E3%81%AE%E4%B8%B8.JPG,34.0723890,136.1930280,Q11465552,尾鷲市立天文科学館
1396,酒田市立資料館,山形縣,市立博物館,3.8,73,市立博物館,Yamagata Station,85.3,0.70,0.7600,0.3610,0.0554,0.5578,http://commons.wikimedia.org/wiki/Special:FilePath/Sakata%20City%20Museum%201.jpg,38.9152444,139.8417028,Q28693175,酒田市立資料館
3491,平戸市切支丹資料館,長崎縣,歷史博物館,3.8,70,歷史博物館,Nagasaki Station,71.7,0.70,0.7600,0.3575,0.0652,0.5578,,33.2901110,129.4472220,Q11482968,平戸市切支丹資料館
3535,一茶ゆかりの里 一茶館,長野縣,人物紀念館,3.6,66,人物紀念館,Nagano Station,15.8,0.70,0.7200,0.3526,0.2406,0.5578,http://commons.wikimedia.org/wiki/Special:FilePath/Issakanzenkei.jpg,36.6800560,138.3596110,Q11353169,一茶ゆかりの里 一茶館
158,芦田均記念館,京都府,纪念博物馆,4.0,35,纪念博物馆,Kyoto Station,60.9,0.70,0.8000,0.3005,0.0758,0.5577,,35.2601390,135.1786670,Q131911087,芦田均記念館
2283,津南町歴史民俗資料館,新潟縣,博物館,3.9,55,博物館,Niigata Station,107.6,0.70,0.7800,0.3376,0.0444,0.5577,,36.9964610,138.6684550,Q104708789,津南町歴史民俗資料館
47,藤原岳自然科学館,三重縣,自然歷史博物館,3.8,62,自然歷史博物館,Tsu Station,49.0,0.70,0.7600,0.3475,0.0926,0.5575,,35.1743280,136.4870230,Q137774734,藤原岳自然科学館
287,山田風太郎紀念館,兵庫縣,人物紀念館,3.9,53,人物紀念館,Kobe Station,91.5,0.70,0.7800,0.3345,0.0518,0.5575,http://commons.wikimedia.org/wiki/Special:FilePath/Futaro%20Yamada%20Museum-b.jpg,35.3763060,134.6439170,Q11470745,山田風太郎記念館
813,白濱海中展望塔,和歌山縣,觀光塔,3.3,332,觀光塔,Wakayama Station,63.2,0.70,0.6600,0.4871,0.0733,0.5575,http://commons.wikimedia.org/wiki/Special:FilePath/131221%20Shirahama%20Onsen%20Shirahama%20Wakayama%20pref%20Japan20s3t.jpg,33.6761222,135.3357667,Q11580019,白浜海中展望塔 コーラルプリンセス
122,宮津市立前尾記念文庫,京都府,博物館,4.2,19,博物館,Kyoto Station,79.8,0.70,0.8400,0.2512,0.0590,0.5573,http://commons.wikimedia.org/wiki/Special:FilePath/Miyazu%20City%20Maeo%20Memorial%20Library%20exterior%20ac.jpg,35.5380830,135.1972780,Q48761574,前尾記念クロスワークセンターMIYAZU
3377,向井千秋紀念兒童科學館,群馬縣,天文台,3.9,43,天文台,Maebashi Station,45.1,0.70,0.7800,0.3174,0.0999,0.5572,http://commons.wikimedia.org/wiki/Special:FilePath/Mukai%20Chiaki%20Children%27s%20Science%20Museum.jpg,36.2441110,139.5448060,Q11415881,田山花袋記念文学館
3393,旧上毛モスリン事務所,群馬縣,建成遗产,3.9,43,建成遗产,Maebashi Station,45.1,0.70,0.7800,0.3174,0.0998,0.5572,http://commons.wikimedia.org/wiki/Special:FilePath/Former%20Jomo%20Muslin%20Office%2003.jpg,36.2445260,139.5454830,Q130724800,田山花袋記念文学館
3409,田山花袋紀念文學館,群馬縣,文學館,3.9,43,文學館,Maebashi Station,45.1,0.70,0.7800,0.3174,0.0997,0.5572,http://commons.wikimedia.org/wiki/Special:FilePath/Tayama%20Katai%20Literature%20Museum.jpg,36.2438890,139.5456110,Q11576575,田山花袋記念文学館
3427,館林市第二資料館,群馬縣,博物館,3.9,43,博物館,Maebashi Station,45.1,0.70,0.7800,0.3174,0.0998,0.5572,,36.2445650,139.5456710,Q130724784,田山花袋記念文学館
26,朝日町歴史博物館,三重縣,歷史博物館,3.7,75,歷史博物館,Tsu Station,36.3,0.70,0.7400,0.3632,0.1211,0.5571,http://commons.wikimedia.org/wiki/Special:FilePath/%E6%9C%9D%E6%97%A5%E7%94%BA%E6%AD%B4%E5%8F%B2%E5%8D%9A%E7%89%A9%E9%A4%A8.jpg,35.0366220,136.6591050,Q137774894,朝日町歴史博物館
1159,大崎市三本木亜炭記念館,宮城縣,礦業博物館,3.6,94,礦業博物館,Sendai Station,29.5,0.70,0.7200,0.3819,0.1450,0.5571,http://commons.wikimedia.org/wiki/Special:FilePath/Sanbongi%20Brown%20Coal%20Memorial%20Hall%20exterior%2C%20in%202010-03-06.jpg,38.5216000,140.9383810,Q11435024,三本木亜炭記念館
3750,千貫堤・瀬戸染飯伝承館,靜岡縣,地方文化館,3.9,28,地方文化館,Shizuoka Station,19.8,0.70,0.7800,0.2824,0.2020,0.5569,http://commons.wikimedia.org/wiki/Special:FilePath/%E5%8D%83%E8%B2%AB%E5%A0%A4%E3%83%BB%E7%80%AC%E6%88%B8%E6%9F%93%E9%A3%AF%E4%BC%9D%E6%89%BF%E9%A4%A8.jpg,34.8451944,138.2366944,Q106729157,千貫堤・瀬戸染飯伝承館
3775,浜松市姫街道と銅鐸の歴史民俗資料館,靜岡縣,民俗博物館,3.8,67,民俗博物館,Shizuoka Station,69.5,0.70,0.7600,0.3539,0.0671,0.5569,http://commons.wikimedia.org/wiki/Special:FilePath/History%20and%20Folklore%20of%20Himekaido%20and%20Dotaku%20Museum.JPG,34.8104444,137.6521111,Q95754656,浜松市姫街道と銅鐸の歴史民俗資料館
235,伊丹市立美術館,兵庫縣,美術館,4.0,23,美術館,Kobe Station,24.7,0.70,0.8000,0.2665,0.1685,0.5568,http://commons.wikimedia.org/wiki/Special:FilePath/Itami%20City%20Museum%20of%20Art%20and%20Kakimori-bunko02s3.jpg,34.7825560,135.4171940,Q11378773,公益財団法人 柿衞文庫
312,柿衛文庫,兵庫縣,文庫,4.0,23,文庫,Kobe Station,24.7,0.70,0.8000,0.2665,0.1685,0.5568,http://commons.wikimedia.org/wiki/Special:FilePath/Itami%20City%20Museum%20of%20Art%20and%20Kakimori-bunko01s3.jpg,34.7825560,135.4171940,Q11535060,公益財団法人 柿衞文庫
646,網走市立美術館,北海道,美術館,3.8,81,美術館,Sapporo Station,257.7,0.70,0.7600,0.3696,0.0190,0.5568,http://commons.wikimedia.org/wiki/Special:FilePath/Abashiri%20Municipal%20Art%20Museum01s3.jpg,44.0193330,144.2676390,Q11607218,網走市立美術館
3259,いわき市勿来関文学歴史館,福島縣,博物館,3.6,138,博物館,Fukushima Station,102.7,0.70,0.7200,0.4138,0.0464,0.5568,,36.8667320,140.7803880,Q104696519,いわき市勿来関文学歴史館
1245,礪波鄉土資料館,富山縣,博物館,3.9,31,博物館,Toyama Station,23.5,0.70,0.7800,0.2907,0.1754,0.5567,http://commons.wikimedia.org/wiki/Special:FilePath/Tonami%20provincial%20museum%2001.jpg,36.6387222,136.9613056,Q28684384,砺波郷土資料館
2047,カゴメ記念館,愛知縣,公司博物館,3.9,23,公司博物館,Nagoya Station,15.2,0.70,0.7800,0.2665,0.2474,0.5567,http://commons.wikimedia.org/wiki/Special:FilePath/KAGOME%20Memorial%20Hall%20in%20Aichi%2001.jpg,35.0361500,136.9104739,Q20043929,カゴメ記念館
2702,岡田記念館,栃木縣,历史房屋博物馆,3.4,158,历史房屋博物馆,Utsunomiya Station,24.3,0.70,0.6800,0.4251,0.1709,0.5566,http://commons.wikimedia.org/wiki/Special:FilePath/Okada%20Memorial%20Hall.JPG,36.3862020,139.7334780,Q107121021,岡田記念館
3969,川内まごころ文学館,鹿兒島縣,文學館,4.2,14,文學館,Kagoshima-Chuo Station,35.4,0.70,0.8400,0.2271,0.1239,0.5565,,31.8330278,130.3089722,Q85879984,川内まごころ文学館
218,ムーセ旧居,兵庫縣,历史房屋博物馆,4.0,35,历史房屋博物馆,Kobe Station,75.5,0.70,0.8000,0.3005,0.0621,0.5564,http://commons.wikimedia.org/wiki/Special:FilePath/Muse6611.JPG,35.2444720,134.7177220,Q11343225,ムーセ旧居
1765,出雲キルト美術館,島根縣,織物博物館,3.5,109,織物博物館,Matsue Station,22.5,0.70,0.7000,0.3942,0.1817,0.5564,,35.4031040,132.8265960,Q132398115,出雲キルト美術館
3931,若桜郷土文化の里,鳥取縣,博物館,3.7,58,博物館,Tottori Station,23.1,0.70,0.7400,0.3420,0.1783,0.5564,http://commons.wikimedia.org/wiki/Special:FilePath/Wakasa%20kyodobunka-no-sato02s4592.jpg,35.3458810,134.4037610,Q11616556,若桜郷土文化の里
191,旧田代家西洋館,佐賀縣,历史房屋博物馆,4.0,28,历史房屋博物馆,Saga Station,38.1,0.70,0.8000,0.2824,0.1161,0.5563,http://commons.wikimedia.org/wiki/Special:FilePath/Arita%20Ijinkan.jpg,33.1904400,129.8977600,Q127463276,旧田代家西洋館
1649,坂野記念館,岡山縣,人物紀念館,3.8,13,人物紀念館,Okayama Station,5.9,0.70,0.7600,0.2213,0.4587,0.5563,,34.7188889,133.9075556,Q48747011,坂野記念館
3581,安曇野瑞士村,長野縣,主題公園,3.5,148,主題公園,Nagano Station,43.2,0.70,0.7000,0.4197,0.1038,0.5563,,36.3223056,137.9166667,Q68593755,安曇野スイス村 サンモリッツ
380,豐岡市立出石家老屋敷,兵庫縣,武家地,3.8,69,武家地,Kobe Station,91.3,0.70,0.7600,0.3563,0.0519,0.5561,http://commons.wikimedia.org/wiki/Special:FilePath/Izushi%20Karo%20Yashiki04n4592.jpg,35.4618330,134.8728610,Q11633437,出石家老屋敷
1833,齋藤茂吉鴨山記念館,島根縣,纪念博物馆,4.3,12,纪念博物馆,Matsue Station,60.9,0.70,0.8600,0.2151,0.0758,0.5561,,35.0928800,132.5697970,Q132300625,齋藤茂吉鴨山記念館
1040,歴史館いずみさの,大阪府,歷史博物館,4.0,27,歷史博物館,Osaka Station,36.5,0.70,0.8000,0.2795,0.1204,0.5559,http://commons.wikimedia.org/wiki/Special:FilePath/Izumisano%20History%20Museum.JPG,34.4046890,135.3278390,Q17230753,レイクアルスタープラザ・カワサキ歴史館いずみさの（泉佐野市立歴史館いずみさの）
1115,當麻寺奥院宝物館,奈良縣,宝物館,4.4,5,宝物館,Nara Station,21.5,0.70,0.8800,0.1503,0.1884,0.5559,http://commons.wikimedia.org/wiki/Special:FilePath/Taimadera%20Okunoin%20homotuden.jpg,34.5162960,135.6938900,Q133268573,宝物館
513,増毛町総合交流促進施設元陣屋,北海道,博物館,3.9,49,博物館,Sapporo Station,88.6,0.70,0.7800,0.3281,0.0534,0.5558,,43.8553110,141.5228430,Q104236175,増毛町総合交流促進施設元陣屋
1970,五百亀記念館,愛媛縣,纪念博物馆,3.9,39,纪念博物馆,Matsuyama Station,40.4,0.70,0.7800,0.3094,0.1100,0.5558,,33.9192160,133.1792350,Q123534055,五百亀（いおき）記念館
2242,佐渡版画村美術館,新潟縣,美術館,3.9,47,美術館,Niigata Station,73.2,0.70,0.7800,0.3247,0.0639,0.5558,http://commons.wikimedia.org/wiki/Special:FilePath/Sado%20Hangamura%20Art%20Museum%20ac.jpg,38.0351390,138.2408890,Q11383307,佐渡版画村美術館
3569,塩尻短歌館,長野縣,文學館,4.1,23,文學館,Nagano Station,58.7,0.70,0.8200,0.2665,0.0785,0.5558,,36.1526667,137.9453056,Q85878449,塩尻短歌館
2023,西条市立東予郷土館,愛媛縣,博物館,3.9,35,博物館,Matsuyama Station,32.0,0.70,0.7800,0.3005,0.1352,0.5557,,33.9278510,133.0814060,Q104783925,西条市立東予郷土館
3956,喜界町埋蔵文化財センター,鹿兒島縣,埋藏文化財中心,4.1,30,埋藏文化財中心,Kagoshima-Chuo Station,367.3,0.70,0.8200,0.2880,0.0134,0.5557,,28.3180000,129.9693810,Q132913152,町立埋蔵文化財センター
1352,出羽三山歴史博物館,山形縣,歷史博物館,3.9,44,歷史博物館,Yamagata Station,58.6,0.70,0.7800,0.3193,0.0786,0.5556,http://commons.wikimedia.org/wiki/Special:FilePath/Dewa-Sanzan%20History%20Museum%20201804.jpg,38.7016667,139.9830833,Q65249244,出羽三山歴史博物館
1573,美濃和紙用具ミュージアム ふくべ,岐阜縣,博物館,4.2,11,博物館,Gifu Station,24.3,0.70,0.8400,0.2084,0.1704,0.5556,,35.5889444,136.9095833,Q116505582,美濃和紙用具ミュージアム ふくべ
1518,山県市文化の里古田紹欽記念館,岐阜縣,博物館,3.9,21,博物館,Gifu Station,14.4,0.70,0.7800,0.2592,0.2578,0.5555,,35.5356580,136.7233320,Q114557030,山県市立 古田紹欽記念館
1629,倉敷民藝館,岡山縣,民俗博物館,3.7,43,民俗博物館,Okayama Station,15.6,0.70,0.7400,0.3174,0.2427,0.5555,http://commons.wikimedia.org/wiki/Special:FilePath/211203%20Kurashiki%20Museum%20of%20Folkcraft%20Kurashiki%20Okayama%20pref%20Japan01s3.jpg,34.5955140,133.7715890,Q11386763,倉敷芸術科学大学加計美術館
1631,倉敷考古館,岡山縣,考古博物館,3.7,43,考古博物館,Okayama Station,15.5,0.70,0.7400,0.3174,0.2433,0.5555,http://commons.wikimedia.org/wiki/Special:FilePath/%E5%80%89%E6%95%B7%E7%BE%8E%E8%A6%B3%E5%9C%B0%E5%8C%BA%20by%20takeokahp%20-%20panoramio%20%281%29.jpg,34.5960610,133.7718890,Q30267450,倉敷芸術科学大学加計美術館
1642,加計美術館,岡山縣,藝廊,3.7,43,藝廊,Okayama Station,15.6,0.70,0.7400,0.3174,0.2427,0.5555,http://commons.wikimedia.org/wiki/Special:FilePath/080727%20Kake%20Museum%20of%20Art%20Kurashiki%20Okayama%20pref%20Japan01s3.jpg,34.5957220,133.7714440,Q18336747,倉敷芸術科学大学加計美術館
2835,愛荘町立歴史文化博物館,滋賀縣,地方文化館,3.8,54,地方文化館,Otsu Station,41.6,0.70,0.7600,0.3361,0.1072,0.5555,http://commons.wikimedia.org/wiki/Special:FilePath/Aisho%20Town%20Museum%20of%20History%20and%20Culture%2020221117.jpg,35.1636530,136.2782480,Q132717813,愛荘町立歴史文化博物館
578,札幌国際大学博物館,北海道,大學博物館,4.2,5,大學博物館,Sapporo Station,9.6,0.70,0.8400,0.1503,0.3418,0.5553,,43.0013230,141.4251930,Q123125643,札幌国際大学博物館
1612,くらしき空飛ぶクルマ展示場,岡山縣,航空博物館,3.7,43,航空博物館,Okayama Station,15.8,0.70,0.7400,0.3174,0.2406,0.5553,http://commons.wikimedia.org/wiki/Special:FilePath/%E3%81%8F%E3%82%89%E3%81%97%E3%81%8D%E7%A9%BA%E9%A3%9B%E3%81%B6%E3%82%AF%E3%83%AB%E3%83%9E%E5%B1%95%E7%A4%BA%E5%A0%B4.jpg,34.5950620,133.7696660,Q132643175,倉敷芸術科学大学加計美術館
462,勇武津資料館,北海道,博物館,3.9,43,博物館,Sapporo Station,57.8,0.70,0.7800,0.3174,0.0796,0.5552,,42.6310490,141.7340310,Q104237785,勇武津資料館
1162,大衡村ふるさと美術館,宮城縣,美術館,3.8,40,美術館,Sendai Station,23.2,0.70,0.7600,0.3114,0.1771,0.5551,http://commons.wikimedia.org/wiki/Special:FilePath/Ohira%20Furusato1.JPG,38.4691667,140.8819444,Q22118153,大衡村 ふるさと美術館
2315,JAXAi,東京都,宇宙工学博物館,4.0,0,宇宙工学博物館,Tokyo Station,0.3,0.70,0.8000,0.0000,0.9500,0.5550,http://commons.wikimedia.org/wiki/Special:FilePath/JAXAi%20Entrance.JPG,35.6835000,139.7664170,Q11225399,NOT_FOUND
2600,町田市考古資料室,東京都,考古博物館,3.9,35,考古博物館,Tokyo Station,33.8,0.70,0.7800,0.3005,0.1288,0.5550,,35.5888900,139.4106230,Q133261415,町田市考古資料室
1569,美並ふるさと館,岐阜縣,博物館,3.9,34,博物館,Gifu Station,32.2,0.70,0.7800,0.2982,0.1345,0.5549,,35.6690278,136.9125556,Q118353209,郡上市美並ふるさと館
2197,蟹江町歴史民俗資料館,愛知縣,博物館,3.5,51,博物館,Nagoya Station,9.1,0.70,0.7000,0.3314,0.3553,0.5549,http://commons.wikimedia.org/wiki/Special:FilePath/Kanie%20History%20and%20Folklore%20Museum%20exterior%20ac.jpg,35.1369444,136.7907778,Q48756612,蟹江町歴史民俗資料館
3563,千曲市さらしなの里歴史資料館,長野縣,歷史博物館,3.7,45,歷史博物館,Nagano Station,17.2,0.70,0.7400,0.3211,0.2250,0.5548,,36.5003500,138.1136972,Q104710191,千曲市さらしなの里歴史資料館
610,沼田町化石体験館,北海道,古生物博物馆,4.2,18,古生物博物馆,Sapporo Station,102.2,0.70,0.8400,0.2469,0.0466,0.5547,,43.8882210,141.9245810,Q108662694,沼田町化石体験館
1444,清里ポーセリンミュージアム,山梨縣,陶瓷博物館,4.5,4,陶瓷博物館,Kofu Station,30.3,0.70,0.9000,0.1350,0.1416,0.5547,http://commons.wikimedia.org/wiki/Special:FilePath/100612%20Kiyosato%20Porcelain%20Museum%20Hokuto%20Yamanashi%20pref%20Japan03s3.jpg,35.9171944,138.4345833,Q11561407,清里ポーセリンミュージアム
1499,塚原遺跡公園展示館,岐阜縣,考古博物館,4.0,14,考古博物館,Gifu Station,13.8,0.70,0.8000,0.2271,0.2654,0.5547,http://commons.wikimedia.org/wiki/Special:FilePath/Tsukahara%20Ruins%20Museum%2001.JPG,35.4964250,136.8650250,Q11428424,塚原遺跡公園展示館
2306,駒形十吉記念美術館,新潟縣,美術館,3.8,57,美術館,Niigata Station,54.4,0.70,0.7600,0.3405,0.0842,0.5546,http://commons.wikimedia.org/wiki/Special:FilePath/Komagata%20Jukichi%20Museum%20of%20Art.JPG,37.4492778,138.8611111,Q11668358,駒形十吉記念美術館
3777,浜松市水窪民俗資料館,靜岡縣,民俗博物館,4.0,29,民俗博物館,Shizuoka Station,51.3,0.70,0.8000,0.2852,0.0888,0.5545,http://commons.wikimedia.org/wiki/Special:FilePath/%E6%B5%9C%E6%9D%BE%E5%B8%82%E6%B0%B4%E7%AA%AA%E6%B0%91%E4%BF%97%E8%B3%87%E6%96%99%E9%A4%A8%20%2832860987838%29.jpg,35.1696667,137.8796944,Q81628472,浜松市水窪民俗資料館
267,姫路市埋蔵文化財センター,兵庫縣,埋藏文化財中心,3.7,73,埋藏文化財中心,Kobe Station,44.5,0.70,0.7400,0.3610,0.1010,0.5544,http://commons.wikimedia.org/wiki/Special:FilePath/%E5%A7%AB%E8%B7%AF%E5%B8%82%E5%9F%8B%E8%94%B5%E6%96%87%E5%8C%96%E8%B2%A1%E3%82%BB%E3%83%B3%E3%82%BF%E3%83%BC.jpg,34.8166667,134.7202778,Q116606456,姫路市埋蔵文化財センター
1582,藤橋歴史民俗資料館,岐阜縣,历史房屋博物馆,4.0,25,历史房屋博物馆,Gifu Station,35.3,0.70,0.8000,0.2732,0.1240,0.5544,http://commons.wikimedia.org/wiki/Special:FilePath/Fujihashi%20Historical%20Museum%20s2.jpg,35.6382778,136.4861389,Q115266620,藤橋歴史民俗資料館
3578,安曇野市穂高郷土資料館,長野縣,地方文化館,4.0,27,地方文化館,Nagano Station,44.1,0.70,0.8000,0.2795,0.1019,0.5540,http://commons.wikimedia.org/wiki/Special:FilePath/Hodaka%20Kyodo%20Shiryo1.jpg,36.3723167,137.8286250,Q11450781,安曇野市 穂高郷土資料館
1179,登米市歴史博物館,宮城縣,歷史博物館,3.7,77,歷史博物館,Sendai Station,55.4,0.70,0.7400,0.3654,0.0828,0.5539,,38.6939167,141.1949444,Q28691703,登米市歴史博物館
3589,小諸市立藤村記念館,長野縣,文學館,3.8,50,文學館,Nagano Station,40.6,0.70,0.7600,0.3297,0.1096,0.5539,http://commons.wikimedia.org/wiki/Special:FilePath/Toson%20Memorial%20Museum02s3200.jpg,36.3273330,138.4176670,Q11463706,藤村記念館
1528,岐阜県歴史資料館,岐阜縣,檔案館,3.3,30,檔案館,Gifu Station,2.9,0.70,0.6600,0.2880,0.6328,0.5537,http://commons.wikimedia.org/wiki/Special:FilePath/Gifu%20Prefectural%20Archives%201.JPG,35.4306890,136.7741030,Q11471462,岐阜県歴史資料館
1448,笛吹市立青楓美術館,山梨縣,美術館,3.9,17,美術館,Kofu Station,12.4,0.70,0.7800,0.2424,0.2866,0.5534,http://commons.wikimedia.org/wiki/Special:FilePath/Seifu%20Art%20Museum.JPG,35.6605833,138.7058333,Q11599754,笛吹市青楓美術館
1689,高梁市歴史美術館,岡山縣,博物館,3.7,60,博物館,Okayama Station,30.7,0.70,0.7400,0.3448,0.1400,0.5534,,34.7851970,133.6151190,Q132605392,高梁市歴史美術館
1333,長門市総合文化財センター ヒストリアながと,山口縣,博物館,4.5,4,博物館,Yamaguchi Station,34.8,0.70,0.9000,0.1350,0.1256,0.5531,,34.3656230,131.1817840,Q132472371,ヒストリアながと（長門市総合文化財センター）
1408,アルカディア南部文化館,山梨縣,圖書館,4.0,26,圖書館,Kofu Station,44.3,0.70,0.8000,0.2764,0.1015,0.5531,,35.2796833,138.4554528,Q17192099,アルカディア文化館
1029,小谷城郷土館,大阪府,博物館,3.6,70,博物館,Osaka Station,23.3,0.70,0.7200,0.3575,0.1769,0.5529,http://commons.wikimedia.org/wiki/Special:FilePath/Kotanijyo%20kyodokan.jpg,34.4932220,135.4983890,Q11463731,小谷城郷土館
364,童子山公園,兵庫縣,博物館,3.5,124,博物館,Kobe Station,39.2,0.70,0.7000,0.4049,0.1130,0.5528,,34.9888611,134.9715000,Q11598456,童子山公園
1997,宇和文化の里,愛媛縣,博物館,3.8,54,博物館,Matsuyama Station,57.4,0.70,0.7600,0.3361,0.0801,0.5528,,33.3629500,132.5150930,Q123536776,宇和文化の里 宇和先哲記念館
1724,滝沢市埋蔵文化財センター,岩手縣,埋藏文化財中心,3.7,25,埋藏文化財中心,Morioka Station,9.4,0.70,0.7400,0.2732,0.3474,0.5527,,39.7807610,141.0977400,Q104696348,滝沢市埋蔵文化財センター
2055,ヒマラヤ美術館,愛知縣,美術館,4.0,0,美術館,Nagoya Station,0.4,0.70,0.8000,0.0000,0.9264,0.5526,,35.1673272,136.8815158,Q11330164,NOT_FOUND
643,箱館高田屋嘉兵衛資料館,北海道,人物紀念館,3.9,47,人物紀念館,Sapporo Station,153.9,0.70,0.7800,0.3247,0.0315,0.5525,,41.7658740,140.7176050,Q104236424,箱館高田屋嘉兵衛資料館
1072,十津川村歴史民俗資料館,奈良縣,地方文化館,4.0,30,地方文化館,Nara Station,77.0,0.70,0.8000,0.2880,0.0610,0.5525,,33.9886930,135.7931180,Q104721810,十津川村立 歴史民俗資料館
3348,石坂洋次郎文学記念館,秋田縣,文學館,3.8,53,文學館,Akita Station,57.5,0.70,0.7600,0.3345,0.0800,0.5524,http://commons.wikimedia.org/wiki/Special:FilePath/Ishizaka%20Yojiro%20Literature%20Museum.jpg,39.3241667,140.5657500,Q84520666,石坂洋次郎文学記念館
2186,神谷美術館,愛知縣,美術館,3.9,28,美術館,Nagoya Station,27.0,0.70,0.7800,0.2824,0.1561,0.5523,http://commons.wikimedia.org/wiki/Special:FilePath/Kamiya%20art%20museum.jpg,34.9350390,136.9538280,Q17226489,かみや美術館
401,龍野市立室津民俗館,兵庫縣,历史房屋博物馆,4.0,28,历史房屋博物馆,Kobe Station,62.2,0.70,0.8000,0.2824,0.0744,0.5522,http://commons.wikimedia.org/wiki/Special:FilePath/Murotsu%20Museum%20of%20Folklore01n3200.jpg,34.7662220,134.5058330,Q11271097,たつの市立室津民俗館
1834,いろは丸展示館,廣島縣,海事博物館,3.6,110,海事博物館,Hiroshima Station,83.1,0.70,0.7200,0.3950,0.0568,0.5522,http://commons.wikimedia.org/wiki/Special:FilePath/Irohamaru%20tenjikan03b4592.jpg,34.3826390,133.3807220,Q11260091,いろは丸展示館
2591,玉川大学教育博物館,東京都,大學博物館,3.9,29,大學博物館,Tokyo Station,29.4,0.70,0.7800,0.2852,0.1454,0.5521,,35.5693700,139.4724330,Q104698256,玉川大学教育博物館
1350,丸山薫記念館,山形縣,人物紀念館,4.1,15,人物紀念館,Yamagata Station,30.1,0.70,0.8200,0.2325,0.1424,0.5520,,38.4544722,140.1026944,Q38266959,丸山薫記念館
1349,中山町立歴史民俗資料館,山形縣,博物館,3.9,14,博物館,Yamagata Station,10.8,0.70,0.7800,0.2271,0.3168,0.5518,,38.3370583,140.2758500,Q28693210,中山町 歴史民俗資料館
2761,伊平屋村歴史民俗資料館,沖繩縣,地方文化館,4.1,22,地方文化館,Naha Bus Terminal,96.2,0.70,0.8200,0.2630,0.0494,0.5518,,27.0379440,127.9681220,Q132156591,伊平屋村歴史民俗資料館
3692,大平山元遺跡展示施設むーもん館,青森縣,考古博物館,3.9,29,考古博物館,Aomori Station,30.4,0.70,0.7800,0.2852,0.1414,0.5517,http://commons.wikimedia.org/wiki/Special:FilePath/M%C5%ABmon-kan%2001.jpg,41.0645990,140.5529680,Q132658745,大平山元遺跡展示施設む〜もん館
439,上富良野町郷土館,北海道,博物館,4.1,22,博物館,Sapporo Station,100.2,0.70,0.8200,0.2630,0.0475,0.5516,http://commons.wikimedia.org/wiki/Special:FilePath/Kamifuranocho%20Folk%20Museum%20Kamifurano%20Hokkaido%20Japan01s.jpg,43.4582300,142.4663000,Q104205678,上富良野町 郷土館
2998,ヨコハマ猫の美術館,神奈川縣,美術館,3.4,27,美術館,Yokohama Station,4.0,0.70,0.6800,0.2795,0.5579,0.5516,http://commons.wikimedia.org/wiki/Special:FilePath/Yokohama%20Cat%20Museum.jpg,35.4385278,139.6502500,Q11346041,ヨコハマ猫の美術館
714,商い資料館,千葉縣,博物館,3.9,32,博物館,Chiba Station,38.4,0.70,0.7800,0.2932,0.1153,0.5515,http://commons.wikimedia.org/wiki/Special:FilePath/Akinai%20Shiry%C5%8Dkan%20%28Otaki%2C%20Chiba%29%2001.jpg,35.2860520,140.2471330,Q133823779,商い資料館
1681,箕作阮甫旧宅,岡山縣,历史房屋博物馆,3.9,34,历史房屋博物馆,Okayama Station,45.0,0.70,0.7800,0.2982,0.1001,0.5515,http://commons.wikimedia.org/wiki/Special:FilePath/%E7%AE%95%E4%BD%9C%E9%98%AE%E7%94%AB%E6%97%A7%E5%AE%85.jpg,35.0629722,134.0163056,Q53865655,箕作阮甫旧宅
1371,庄内町亀ノ尾の里資料館,山形縣,博物館,3.9,39,博物館,Yamagata Station,70.9,0.70,0.7800,0.3094,0.0658,0.5514,,38.8103390,139.9401700,Q104696504,余目第四まちづくりセンター
2390,倉澤檜木,東京都,巨樹,4.4,7,巨樹,Tokyo Station,66.0,0.70,0.8800,0.1744,0.0704,0.5514,,35.8438060,139.0631940,Q11386833,倉沢のヒノキ
3888,竹林寺宝物館,高知縣,宝物館,4.0,3,宝物館,Kochi Station,3.9,0.70,0.8000,0.1163,0.5638,0.5513,http://commons.wikimedia.org/wiki/Special:FilePath/Chikurinji%20Kochi02s3872.jpg,33.5464213,133.5776592,Q133273346,竹林寺宝物館
1840,ふくやま書道美術館,廣島縣,書法美術館,3.9,40,書法美術館,Hiroshima Station,81.7,0.70,0.7800,0.3114,0.0577,0.5512,,34.4911756,133.3591010,Q121354170,ふくやま書道美術館
1388,真室川町立歴史民俗資料館,山形縣,博物館,4.2,14,博物館,Yamagata Station,68.0,0.70,0.8400,0.2271,0.0685,0.5510,http://commons.wikimedia.org/wiki/Special:FilePath/Mamurogawa%20Town%20Museum%20of%20History%20and%20Folklore%201.jpg,38.8576667,140.2501667,Q30924461,真室川町歴史民俗資料館
3606,本洗馬歴史の里資料館,長野縣,歷史博物館,4.0,27,歷史博物館,Nagano Station,64.6,0.70,0.8000,0.2795,0.0719,0.5510,http://commons.wikimedia.org/wiki/Special:FilePath/Motoseba%20Historical%20Village%20Archive.jpg,36.1071944,137.9113333,Q60989582,本洗馬歴史の里資料館・釜井庵
2071,中部大學民族資料博物館,愛知縣,博物館,4.5,2,博物館,Nagoya Station,16.5,0.70,0.9000,0.0921,0.2323,0.5509,http://commons.wikimedia.org/wiki/Special:FilePath/Chubu%20University%20Miura%20Memorial%20Library%2020190202.jpg,35.2736389,137.0129167,Q17216693,中部大学民族資料博物館
2179,知立市歴史民俗資料館,愛知縣,博物館,3.5,90,博物館,Nagoya Station,23.7,0.70,0.7000,0.3783,0.1744,0.5509,http://commons.wikimedia.org/wiki/Special:FilePath/Chiryu%20City%20Library%202016-c.JPG,35.0013611,137.0388056,Q48756110,知立市歴史民俗資料館
264,太田垣士郎資料館,兵庫縣,人物紀念館,4.3,11,人物紀念館,Kobe Station,110.8,0.70,0.8600,0.2084,0.0432,0.5508,http://commons.wikimedia.org/wiki/Special:FilePath/Otagaki%20shiro2816.jpg,35.6268890,134.8019170,Q11444157,太田垣士郎資料館
2378,二宮考古館,東京都,考古博物館,3.9,32,考古博物館,Tokyo Station,41.2,0.70,0.7800,0.2932,0.1081,0.5508,,35.7274570,139.3138610,Q104698218,二宮考古館
1698,三船十段記念館,岩手縣,人物紀念館,3.8,53,人物紀念館,Morioka Station,75.8,0.70,0.7600,0.3345,0.0619,0.5506,http://commons.wikimedia.org/wiki/Special:FilePath/Kuji%20City%20Mifune%20Judan%20Memorial%20Hall%201.jpg,40.1880833,141.7587583,Q11356960,久慈市立三船十段記念館
541,岩見沢郷土科学館,北海道,科學博物館,3.6,79,科學博物館,Sapporo Station,36.6,0.70,0.7200,0.3675,0.1201,0.5503,http://commons.wikimedia.org/wiki/Special:FilePath/Iwamizawa-park%20local-history-and-science-museum.JPG,43.1615560,141.7836940,Q11475628,岩見沢郷土科学館
943,廣瀨資料館,大分縣,人物紀念館,3.9,36,人物紀念館,Oita Station,63.2,0.70,0.7800,0.3028,0.0734,0.5502,http://commons.wikimedia.org/wiki/Special:FilePath/Japanese%20old%20street%20of%20Oita%20hita%20mameda%20uo%20street%28%E5%A4%A7%E5%88%86%E7%9C%8C%E6%97%A5%E7%94%B0%E5%B8%82%E8%B1%86%E7%94%B0%E9%AD%9A%E7%94%BA%29.png,33.3267389,130.9365778,Q11486411,廣瀬資料館
1643,勝央美術文学館,岡山縣,美術館,3.8,45,美術館,Okayama Station,45.5,0.70,0.7600,0.3211,0.0990,0.5502,,35.0420950,134.1162180,Q132613645,勝央美術文学館
2896,本渡歴史民俗資料館,熊本縣,民俗博物館,4.2,13,民俗博物館,Kumamoto Station,58.8,0.70,0.8400,0.2213,0.0784,0.5502,,32.4608060,130.1986110,Q11520521,天草市立本渡歴史民俗資料館
2156,武豊町歴史民俗資料館,愛知縣,博物館,3.6,77,博物館,Nagoya Station,35.2,0.70,0.7200,0.3654,0.1245,0.5501,http://commons.wikimedia.org/wiki/Special:FilePath/Taketoyo%20Town%20History%20and%20Folklore%20Museum%20ac%20%281%29.jpg,34.8558056,136.9147500,Q48758617,武豊町歴史民俗資料館
451,伝承遊学館,北海道,博物館,4.4,8,博物館,Sapporo Station,181.5,0.70,0.8800,0.1843,0.0268,0.5500,,44.5423350,142.3230410,Q104234425,伝承遊学館
695,利根運河交流館,千葉縣,博物館,4.2,11,博物館,Chiba Station,38.7,0.70,0.8400,0.2084,0.1145,0.5500,http://commons.wikimedia.org/wiki/Special:FilePath/Toneungakouryukan%2020211014%203.jpg,35.9158333,139.9019444,Q108910063,利根運河交流館
3124,電気の史料館,神奈川縣,歷史博物館,3.8,15,歷史博物館,Yokohama Station,8.8,0.70,0.7600,0.2325,0.3626,0.5500,http://commons.wikimedia.org/wiki/Special:FilePath/%E9%9B%BB%E6%B0%97%E3%81%AE%E5%8F%B2%E6%96%99%E9%A4%A8.jpg,35.5338870,139.6728560,Q11660383,電気の史料館
1701,二戸市立郷土資料館,岩手縣,博物館,4.0,26,博物館,Morioka Station,66.2,0.70,0.8000,0.2764,0.0702,0.5499,,40.2842500,141.2978889,Q106969378,二戸歴史民俗資料館
202,河村美術館,佐賀縣,美術館,4.0,21,美術館,Saga Station,36.8,0.70,0.8000,0.2592,0.1195,0.5497,http://commons.wikimedia.org/wiki/Special:FilePath/The%20Sea%20at%20Sunset%20by%20Aoki%20Shigeru%20%28Kawamura%20Art%20Museum%29.jpg,33.4532460,129.9716750,Q66685041,河村美術館
366,篠山能楽資料館,兵庫縣,剧院博物馆,4.1,16,剧院博物馆,Kobe Station,43.8,0.70,0.8200,0.2376,0.1024,0.5495,http://commons.wikimedia.org/wiki/Special:FilePath/%E8%83%BD%E6%A5%BD%E8%B3%87%E6%96%99%E9%A4%A8%20Museum%20of%20Noh%20Artifacts%20-%20panoramio.jpg,35.0717430,135.2249320,Q136750912,篠山能楽資料館
1561,瑞浪市陶磁資料館,岐阜縣,陶瓷博物館,3.8,43,陶瓷博物館,Gifu Station,43.6,0.70,0.7600,0.3174,0.1028,0.5495,http://commons.wikimedia.org/wiki/Special:FilePath/Mizunami%20city%20ceramics%20museum.jpg,35.3741667,137.2356944,Q104710294,瑞浪市陶磁資料館
419,はまます郷土資料館,北海道,鰊御殿,3.7,66,鰊御殿,Sapporo Station,60.5,0.70,0.7400,0.3526,0.0763,0.5494,http://commons.wikimedia.org/wiki/Special:FilePath/Hamamasu%20Folk%20Museum.jpg,43.6126110,141.3740130,Q85770107,はまます郷土資料館
538,屯田郷土資料館,北海道,歷史博物館,3.3,64,歷史博物館,Sapporo Station,7.4,0.70,0.6600,0.3501,0.4037,0.5494,http://commons.wikimedia.org/wiki/Special:FilePath/Tonden%20Local%20Museum.JPG,43.1334070,141.3302610,Q132794285,屯田郷土資料館
71,丹後震災記念館,京都府,博物館,4.3,10,博物館,Kyoto Station,95.6,0.70,0.8600,0.2011,0.0497,0.5493,http://commons.wikimedia.org/wiki/Special:FilePath/%E4%B8%B9%E5%BE%8C%E9%9C%87%E7%81%BD%E8%A8%98%E5%BF%B5%E9%A4%A8%20ac.jpg,35.6258056,135.0561111,Q48757439,丹後震災記念館
234,伊丹市立博物館,兵庫縣,市立博物館,3.7,44,市立博物館,Kobe Station,23.5,0.70,0.7400,0.3193,0.1751,0.5493,http://commons.wikimedia.org/wiki/Special:FilePath/Itami%20City%20Museum.jpg,34.7850000,135.4015560,Q11378765,伊丹市立博物館
421,アートホール東洲館,北海道,美術館,4.0,27,美術館,Sapporo Station,91.6,0.70,0.8000,0.2795,0.0518,0.5490,,43.7211667,142.0425278,Q11285668,アートホール東洲館
1285,土井ヶ浜遺跡・人類学ミュージアム,山口縣,考古博物館,4.1,17,考古博物館,Yamaguchi Station,56.3,0.70,0.8200,0.2424,0.0816,0.5489,,34.2943510,130.8857030,Q132496054,土井ヶ浜遺跡
1286,土井濱遺蹟,山口縣,遺跡,4.1,17,遺跡,Yamaguchi Station,56.2,0.70,0.8200,0.2424,0.0817,0.5489,,34.2935280,130.8862220,Q11422937,土井ヶ浜遺跡
2656,遞信綜合博物館,東京都,博物館,4.0,0,博物館,Tokyo Station,0.6,0.70,0.8000,0.0000,0.8891,0.5489,http://commons.wikimedia.org/wiki/Special:FilePath/Communications-Museum-Tokyo.jpg,35.6868060,139.7668610,Q11639480,NOT_FOUND
460,別海北方展望塔,北海道,觀光塔,4.4,8,觀光塔,Sapporo Station,318.7,0.70,0.8800,0.1843,0.0154,0.5488,,43.5333400,145.2368700,Q132197013,別海北方展望塔
846,吉見町埋蔵文化財センター,埼玉縣,埋藏文化財中心,3.7,43,埋藏文化財中心,Omiya Station,23.5,0.70,0.7400,0.3174,0.1757,0.5488,,36.0389580,139.4213730,Q104696834,吉見町 埋蔵文化財センター
842,久喜市鄉土資料館,埼玉縣,地方文化館,3.5,78,地方文化館,Omiya Station,21.8,0.70,0.7000,0.3665,0.1869,0.5486,,36.0991670,139.6654720,Q11369233,久喜市立郷土資料館
1288,宇部市学びの森くすのき,山口縣,公共圖書館,3.9,24,公共圖書館,Yamaguchi Station,27.5,0.70,0.7800,0.2700,0.1537,0.5484,,34.0451670,131.2237220,Q17217516,宇部市学びの森くすのき
3946,たねがしま赤米館,鹿兒島縣,博物館,3.7,75,博物館,Kagoshima-Chuo Station,138.5,0.70,0.7400,0.3632,0.0348,0.5484,http://commons.wikimedia.org/wiki/Special:FilePath/%E8%B5%A4%E7%B1%B3%E9%A4%A8IMGP1500.JPG,30.3845810,130.9350130,Q132154037,たねがしま赤米館
806,海南市歴史民俗資料館,和歌山縣,地方文化館,3.7,25,地方文化館,Wakayama Station,11.6,0.70,0.7400,0.2732,0.3020,0.5482,,34.1556062,135.2762570,Q121019069,海南市歴史民俗資料館
1624,倉敷埋蔵文化財センター,岡山縣,埋藏文化財中心,4.0,14,埋藏文化財中心,Okayama Station,19.9,0.70,0.8000,0.2271,0.2008,0.5482,,34.5366770,133.7691350,Q132912547,ライフパーク倉敷 埋蔵文化財センター
2003,愛媛民芸館,愛媛縣,工藝博物館,3.8,39,工藝博物館,Matsuyama Station,40.5,0.70,0.7600,0.3094,0.1099,0.5478,,33.9196450,133.1794890,Q123531589,愛媛民藝館
1813,益田市立雪舟之鄉記念館,島根縣,美術館,3.7,73,美術館,Matsue Station,140.5,0.70,0.7400,0.3610,0.0344,0.5477,,34.6850280,131.8475000,Q17222556,雪舟の郷記念館
2259,彩虹塔,新潟縣,觀光塔,4.0,0,觀光塔,Niigata Station,0.7,0.70,0.8000,0.0000,0.8758,0.5476,http://commons.wikimedia.org/wiki/Special:FilePath/Niigata%20Rainbow%20tower.JPG,37.9163056,139.0557222,Q11349396,NOT_FOUND
2426,國立電影資料館,東京都,國立博物館,4.0,0,國立博物館,Tokyo Station,0.7,0.70,0.8000,0.0000,0.8763,0.5476,http://commons.wikimedia.org/wiki/Special:FilePath/MOMAT%20FilmCenter.jpg,35.6755278,139.7706111,Q51371009,NOT_FOUND
2517,東京国立近代美術館フィルムセンター,東京都,電影博物館,4.0,0,電影博物館,Tokyo Station,0.7,0.70,0.8000,0.0000,0.8763,0.5476,http://commons.wikimedia.org/wiki/Special:FilePath/The%20National%20Film%20Center.jpg,35.6755370,139.7706300,Q29570263,NOT_FOUND
3833,善通寺宝物館,香川縣,博物館,4.0,17,博物館,Takamatsu Station,28.7,0.70,0.8000,0.2424,0.1484,0.5476,,34.2247060,133.7739070,Q104783878,宝物館
3140,旧敦賀港駅ランプ小屋,福井縣,鐵路博物館,4.0,21,鐵路博物館,Fukui Station,46.3,0.70,0.8000,0.2592,0.0975,0.5475,http://commons.wikimedia.org/wiki/Special:FilePath/TsurugaMinatoEkiLump%20inner.jpg,35.6632189,136.0757556,Q122980340,旧敦賀港駅ランプ小屋
1986,四国中央市歴史考古博物館,愛媛縣,考古博物館,3.8,47,考古博物館,Matsuyama Station,78.7,0.70,0.7600,0.3247,0.0597,0.5474,http://commons.wikimedia.org/wiki/Special:FilePath/Museum%20of%20History%20and%20Archeology%20at%20Shikokuchuo%20City%20-%20Entrance.jpg,34.0097910,133.5798670,Q123528025,四国中央市歴史考古博物館 高原ミュージアム
1580,藤村紀念館,岐阜縣,人物紀念館,3.8,46,人物紀念館,Gifu Station,74.6,0.70,0.7600,0.3229,0.0628,0.5472,http://commons.wikimedia.org/wiki/Special:FilePath/Magome-Juku%20Touson%20Memorial%20Hall.jpg,35.5267944,137.5673444,Q11624320,馬籠脇本陣史料館
1594,飛騨みやがわ考古民俗館,岐阜縣,民俗博物館,4.0,26,民俗博物館,Gifu Station,115.8,0.70,0.8000,0.2764,0.0414,0.5471,,36.3907778,137.1842500,Q108403882,飛騨みやがわ考古民俗館
1602,馬籠脇本陣史料館,岐阜縣,地方文化館,3.8,46,地方文化館,Gifu Station,74.6,0.70,0.7600,0.3229,0.0628,0.5471,http://commons.wikimedia.org/wiki/Special:FilePath/%E9%A6%AC%E7%B1%A0%E8%84%87%E6%9C%AC%E9%99%A3%E5%8F%B2%E6%96%99%E9%A4%A8%20%28%E5%B2%90%E9%98%9C%E7%9C%8C%E4%B8%AD%E6%B4%A5%E5%B7%9D%E5%B8%82%E9%A6%AC%E7%B1%A0%29%20-%20Panoramio%2051956333.jpg,35.5270020,137.5676920,Q107158498,馬籠脇本陣史料館
3697,弘前大学資料館,青森縣,大學博物館,4.1,13,大學博物館,Aomori Station,34.6,0.70,0.8200,0.2213,0.1262,0.5470,,40.5891550,140.4717330,Q127502577,弘前大学資料館
1315,田布施町郷土館,山口縣,地方文化館,4.0,22,地方文化館,Yamaguchi Station,57.3,0.70,0.8000,0.2630,0.0803,0.5469,,33.9558550,132.0438590,Q131327176,田布施町郷土館
1953,阿陽史料館,德島縣,歷史博物館,4.0,0,歷史博物館,Tokushima Station,0.8,0.70,0.8000,0.0000,0.8647,0.5465,,34.0719300,134.5429620,Q123562726,NOT_FOUND
253,名塩和紙学習館,兵庫縣,紙博物館,4.0,13,紙博物館,Kobe Station,20.1,0.70,0.8000,0.2213,0.1995,0.5464,http://commons.wikimedia.org/wiki/Special:FilePath/Najio%20Japanese%20Paper%20Making%20Learning%20Center.jpg,34.8304167,135.2983333,Q30932672,西宮市立 名塩和紙学習館
1359,大江町歷史民俗資料館,山形縣,博物館,3.8,24,博物館,Yamagata Station,18.5,0.70,0.7600,0.2700,0.2131,0.5463,,38.3794917,140.1966667,Q28690500,大江町 歴史民俗資料館
2134,愛知県埋蔵文化財調査センター,愛知縣,埋藏文化財中心,3.8,22,埋藏文化財中心,Nagoya Station,16.3,0.70,0.7600,0.2630,0.2344,0.5463,http://commons.wikimedia.org/wiki/Special:FilePath/%E6%84%9B%E7%9F%A5%E7%9C%8C%E5%9F%8B%E8%94%B5%E6%96%87%E5%8C%96%E8%B2%A1%E8%AA%BF%E6%9F%BB%E3%82%BB%E3%83%B3%E3%82%BF%E3%83%BC%20ac.jpg,35.1053820,136.7207280,Q121774775,愛知県埋蔵文化財センター
979,千早赤阪村立郷土資料館,大阪府,地方文化館,3.5,83,地方文化館,Osaka Station,29.1,0.70,0.7000,0.3716,0.1467,0.5461,http://commons.wikimedia.org/wiki/Special:FilePath/Chihaya-akasaka-v%20material%20pavilion.jpg,34.4635480,135.6253890,Q11405552,千早赤阪村立郷土資料館
1704,八幡平市博物館,岩手縣,博物館,3.8,38,博物館,Morioka Station,45.2,0.70,0.7600,0.3073,0.0996,0.5461,http://commons.wikimedia.org/wiki/Special:FilePath/Hachimantai%20City%20Museum.jpg,40.1032278,141.0523778,Q28690213,八幡平市博物館
3807,静岡サッカー資料館,靜岡縣,體育博物館,3.8,39,體育博物館,Shizuoka Station,49.6,0.70,0.7600,0.3094,0.0916,0.5460,,35.1688330,138.8774720,Q11662904,静岡サッカーミュージアム
3552,信州大学自然科学館,長野縣,大學博物館,4.3,7,大學博物館,Nagano Station,47.2,0.70,0.8600,0.1744,0.0957,0.5459,,36.2524560,137.9812240,Q133226827,信州大学自然科学館
2091,古橋懐古館,愛知縣,博物館,4.0,21,博物館,Nagoya Station,57.1,0.70,0.8000,0.2592,0.0805,0.5458,http://commons.wikimedia.org/wiki/Special:FilePath/Furuhashi%20Kaiko-kan%20ac.jpg,35.2145556,137.5079167,Q85877712,一般財団法人古橋会
1435,旧田中銀行博物館,山梨縣,銀行博物館,3.6,38,銀行博物館,Kofu Station,14.6,0.70,0.7200,0.3073,0.2554,0.5457,http://commons.wikimedia.org/wiki/Special:FilePath/Museum%20Bank%20of%20Yamanashi%20Tanaka.JPG,35.6620000,138.7295280,Q11511095,旧田中銀行博物館
1975,今治市朝倉ふるさと美術古墳館,愛媛縣,考古博物館,3.7,43,考古博物館,Matsuyama Station,29.5,0.70,0.7400,0.3174,0.1448,0.5457,,33.9994370,133.0077510,Q123505492,朝倉ふるさと美術古墳館
3440,八千代町歴史民俗資料館,茨城縣,博物館,3.9,29,博物館,Mito Station,56.7,0.70,0.7800,0.2852,0.0810,0.5457,,36.1794740,139.8896430,Q104696528,八千代町 歴史民俗資料館
2036,あま市美和歴史民俗資料館,愛知縣,民俗博物館,3.5,36,民俗博物館,Nagoya Station,9.4,0.70,0.7000,0.3028,0.3470,0.5455,http://commons.wikimedia.org/wiki/Special:FilePath/Miwa%20Historical%20Museum-01.jpg,35.2007694,136.7846222,Q11608844,あま市美和歴史民俗資料館
3405,渋川市美術館・桑原巨守彫刻美術館,群馬縣,彫刻美術館,3.3,95,彫刻美術館,Maebashi Station,13.8,0.70,0.6600,0.3828,0.2659,0.5454,http://commons.wikimedia.org/wiki/Special:FilePath/Shibukawa%20city%20office%20second%20building%202.jpg,36.4919869,138.9977598,Q11561571,渋川市美術館・桑原巨守彫刻美術館
3602,旧山辺学校校舎,長野縣,民俗博物館,3.9,27,民俗博物館,Nagano Station,48.2,0.70,0.7800,0.2795,0.0939,0.5452,http://commons.wikimedia.org/wiki/Special:FilePath/Former%20Yamabe%20School%202.jpg,36.2357500,138.0033610,Q11511039,旧山辺学校校舎(山辺学校歴史民俗資料館)
1166,川島美術館,宮城縣,美術館,4.0,0,美術館,Sendai Station,0.9,0.70,0.8000,0.0000,0.8497,0.5450,,38.2646066,140.8739707,Q135973129,NOT_FOUND
2035,あま市甚目寺歴史民俗資料館,愛知縣,民俗博物館,3.5,22,民俗博物館,Nagoya Station,5.8,0.70,0.7000,0.2630,0.4614,0.5450,http://commons.wikimedia.org/wiki/Special:FilePath/Jimokuji%20Industrial%20Hall%20in%20Aichi%2001.jpg,35.1934444,136.8235000,Q76913410,あま市甚目寺歴史民俗資料館
3842,妖怪美術館,香川縣,美術館,3.7,33,美術館,Takamatsu Station,19.6,0.70,0.7400,0.2957,0.2029,0.5450,http://commons.wikimedia.org/wiki/Special:FilePath/Yokaiartmuseum%2001.jpg,34.4846300,134.1860400,Q124963564,妖怪美術館 03・04号館
1763,今岡美術館,島根縣,美術館,3.8,31,美術館,Matsue Station,31.5,0.70,0.7600,0.2907,0.1368,0.5449,,35.3510500,132.7443300,Q132398230,今岡美術館
848,坂戸市立歴史民俗資料館,埼玉縣,博物館,3.7,33,博物館,Omiya Station,20.0,0.70,0.7400,0.2957,0.1999,0.5447,,35.9766190,139.4194060,Q104696838,坂戸市歴史民俗資料館
1386,清河八郎紀念館,山形縣,人物紀念館,3.6,77,人物紀念館,Yamagata Station,65.1,0.70,0.7200,0.3654,0.0713,0.5447,http://commons.wikimedia.org/wiki/Special:FilePath/Hachiro%20Kiyokawa%20Memorial%201.jpg,38.7847778,140.0250833,Q48756832,清河八郎記念館
1486,円空美術館,岐阜縣,人物紀念館,3.5,11,人物紀念館,Gifu Station,3.1,0.70,0.7000,0.2084,0.6210,0.5446,http://commons.wikimedia.org/wiki/Special:FilePath/Enku%20bijutukan001.JPG,35.4332080,136.7721610,Q10974975,円空美術館
3123,長興山のシダレザクラ,神奈川縣,一本櫻,3.9,27,一本櫻,Yokohama Station,52.2,0.70,0.7800,0.2795,0.0874,0.5446,http://commons.wikimedia.org/wiki/Special:FilePath/Weeping%20Cherry%20Tree%20in%20Ch%C5%8Dk%C5%8Dzan%20Sh%C5%8Dtai-ji%20Temple.jpg,35.2438060,139.1153610,Q11653596,長興山紹太寺 しだれ桜
3278,伊達市保原歴史文化資料館,福島縣,博物館,3.8,16,博物館,Fukushima Station,12.1,0.70,0.7600,0.2376,0.2920,0.5445,http://commons.wikimedia.org/wiki/Special:FilePath/Kameoka%20House.jpg,37.8196960,140.5698160,Q132179184,保原歴史文化資料館
296,明治館 (豐岡市),兵庫縣,博物館,3.6,81,博物館,Kobe Station,91.2,0.70,0.7200,0.3696,0.0520,0.5441,http://commons.wikimedia.org/wiki/Special:FilePath/Izushi%20Meiji-Kan%202021-02%20ac.jpg,35.4621667,134.8769444,Q11512415,出石明治館
3218,旧三浦家住宅,福岡縣,历史房屋博物馆,4.0,0,历史房屋博物馆,Hakata Station,0.9,0.70,0.8000,0.0000,0.8414,0.5441,http://commons.wikimedia.org/wiki/Special:FilePath/Former%20Miura%20Residence%20the%20fa%C3%A7ade%20Reisenmachi%20Hakata-ku%20Fukuoka%2020240119.jpg,33.5936111,130.4113889,Q124309635,NOT_FOUND
2564,武蔵御嶽神社宝物殿,東京都,宝物館,3.9,27,宝物館,Tokyo Station,56.8,0.70,0.7800,0.2795,0.0809,0.5439,http://commons.wikimedia.org/wiki/Special:FilePath/Mitake%20Shrine%20%40%20Hike%20from%20Mitake%20to%20Okutama%20%2810181698756%29.jpg,35.7829930,139.1503370,Q133288892,宝物殿（武蔵御嶽神社）
236,伊藤清永記念館,兵庫縣,人物紀念館,3.8,42,人物紀念館,Kobe Station,91.3,0.70,0.7600,0.3154,0.0519,0.5438,http://commons.wikimedia.org/wiki/Special:FilePath/Ito%20kiyonaga%20memorial%20museum%20of%20art01st3200.jpg,35.4618330,134.8728610,Q11380269,豊岡市立美術館「伊藤清永記念館」
3883,橫山隆一紀念漫畫館,高知縣,人物紀念館,4.0,0,人物紀念館,Kochi Station,1.0,0.70,0.8000,0.0000,0.8374,0.5437,http://commons.wikimedia.org/wiki/Special:FilePath/Kochi%20Yokoyama%20Ryuiti%20Kinen%20Mangakan%20Iriguti%201.jpg,33.5577778,133.5411111,Q17209883,NOT_FOUND
1472,ミュージアム飛騨,岐阜縣,博物館,3.9,30,博物館,Gifu Station,91.0,0.70,0.7800,0.2880,0.0521,0.5436,http://commons.wikimedia.org/wiki/Special:FilePath/%E3%83%9F%E3%83%A5%E3%83%BC%E3%82%B8%E3%82%A2%E3%83%A0%E9%A3%9B%E9%A8%A8.jpg,36.1205720,137.2541360,Q11471429,ミュージアム飛騨
633,砂川市郷土資料室,北海道,博物館,4.2,10,博物館,Sapporo Station,65.1,0.70,0.8400,0.2011,0.0713,0.5435,,43.4950530,141.9022410,Q104234965,砂川市郷土資料室
3979,瀬戸内町立郷土館,鹿兒島縣,地方文化館,4.0,25,地方文化館,Kagoshima-Chuo Station,400.8,0.70,0.8000,0.2732,0.0123,0.5432,,28.1380850,129.3202650,Q127429346,瀬戸内町立図書館・郷土館
466,北斗市郷土資料館,北海道,博物館,3.8,44,博物館,Sapporo Station,144.0,0.70,0.7600,0.3193,0.0336,0.5431,http://commons.wikimedia.org/wiki/Special:FilePath/Amount%20Hokuto%20Town%20Hall.jpg,41.8835230,140.6439180,Q85766966,北斗市郷土資料館
1579,藤井美術民芸館,岐阜縣,民俗博物館,3.8,41,民俗博物館,Gifu Station,93.4,0.70,0.7600,0.3135,0.0508,0.5431,http://commons.wikimedia.org/wiki/Special:FilePath/Fujii%20Bijutsu%20Mingei-kan02ds3200.jpg,36.1428190,137.2592060,Q11622863,藤井美術民芸館
984,商船三井ミュージアム「ふねしる」,大阪府,海事博物館,3.5,36,海事博物館,Osaka Station,10.5,0.70,0.7000,0.3028,0.3219,0.5430,,34.6378510,135.4117080,Q137773156,商船三井ミュージアム ふねしる
3366,鹿角市歴史民俗資料館,秋田縣,博物館,3.7,54,博物館,Akita Station,77.2,0.70,0.7400,0.3361,0.0608,0.5429,http://commons.wikimedia.org/wiki/Special:FilePath/Kazuno%20City%20Museum%20of%20History%20and%20Folklore%20001.jpg,40.1907222,140.7920000,Q135476486,鹿角市歴史民俗資料館
1234,尾崎かまぼこ館,富山縣,食物博物館,3.6,44,食物博物館,Toyama Station,21.3,0.70,0.7200,0.3193,0.1901,0.5428,,36.8121389,137.4081667,Q11465160,尾崎かまぼこ館
1160,大崎市松山ふるさと歴史館,宮城縣,地方文化館,3.7,39,地方文化館,Sendai Station,31.6,0.70,0.7400,0.3094,0.1365,0.5425,http://commons.wikimedia.org/wiki/Special:FilePath/Osaki%20City%20Matsuyama%20Furusato%20History%20Museum%20exterior%2C%20in%20Osaki%2C%20Miyagi.jpg,38.5119220,141.0516280,Q11435026,松山ふるさと歴史館
1347,アトク先生の館,山形縣,历史房屋博物馆,4.1,14,历史房屋博物馆,Yamagata Station,73.4,0.70,0.8200,0.2271,0.0638,0.5425,http://commons.wikimedia.org/wiki/Special:FilePath/Mikawa%20Town%20Cultural%20Exchange%20Hall%201.jpg,38.7933333,139.8507500,Q30933069,アトク先生の館(三川町文化交流館)
3671,驥山館,長野縣,美術館,3.7,14,美術館,Nagano Station,8.0,0.70,0.7400,0.2271,0.3838,0.5425,,36.5795560,138.1459170,Q11668569,驥山館
1122,西大寺聚宝館,奈良縣,宝物館,3.6,9,宝物館,Nara Station,3.9,0.70,0.7200,0.1931,0.5649,0.5424,,34.6937970,135.7799090,Q104721839,聚宝館
2848,滋賀大学. 経済学部. 史料館,滋賀縣,大學博物館,4.1,12,大學博物館,Otsu Station,46.1,0.70,0.8200,0.2151,0.0978,0.5423,,35.2773580,136.2459720,Q104720770,滋賀大学経済学部附属史料館
3677,つがる市木造亀ヶ岡考古資料室,青森縣,考古博物館,3.4,106,考古博物館,Aomori Station,34.4,0.70,0.6800,0.3919,0.1270,0.5423,http://commons.wikimedia.org/wiki/Special:FilePath/%E7%B8%84%E6%96%87%E9%A4%A8%EF%BC%88%E6%9C%A8%E9%80%A0%E4%BA%80%E3%83%B6%E5%B2%A1%E8%80%83%E5%8F%A4%E8%B3%87%E6%96%99%E5%AE%A4%EF%BC%89%2002.jpg,40.8733260,140.3304400,Q132659330,木造亀ヶ岡考古資料室
788,佐藤春夫纪念馆,和歌山縣,历史房屋博物馆,3.9,28,历史房屋博物馆,Wakayama Station,91.9,0.70,0.7800,0.2824,0.0516,0.5419,http://commons.wikimedia.org/wiki/Special:FilePath/Sato%20Haruo%20Memorial%20Museum03s1800.jpg,33.7318610,135.9846330,Q11384093,新宮市立 佐藤春夫記念館
818,花山博物館,和歌山縣,人物紀念館,4.3,4,人物紀念館,Wakayama Station,23.7,0.70,0.8600,0.1350,0.1744,0.5419,http://commons.wikimedia.org/wiki/Special:FilePath/FHM05s3200.jpg,34.2807220,135.4417500,Q11333600,フラワーヒルミュージアム
2385,伊興遺跡公園展示館,東京都,考古博物館,3.8,16,考古博物館,Tokyo Station,13.8,0.70,0.7600,0.2376,0.2658,0.5419,http://commons.wikimedia.org/wiki/Special:FilePath/Iko%20Archeological%20Park%20Exhibition%20Hall.JPG,35.8044167,139.7863611,Q97706262,伊興遺跡公園展示館
3779,海野光弘版画記念館,靜岡縣,美術館,4.1,9,美術館,Shizuoka Station,26.2,0.70,0.8200,0.1931,0.1600,0.5419,http://commons.wikimedia.org/wiki/Special:FilePath/%E6%B5%B7%E9%87%8E%E5%85%89%E5%BC%98%E7%89%88%E7%94%BB%E8%A8%98%E5%BF%B5%E9%A4%A8.jpg,34.8323060,138.1565560,Q71821967,海野光弘版画記念館
2384,伊興遺跡公園,東京都,考古学公園,3.8,16,考古学公園,Tokyo Station,13.8,0.70,0.7600,0.2376,0.2656,0.5418,http://commons.wikimedia.org/wiki/Special:FilePath/Ik%C5%8D%20Iseki%20Park%20%28Adachi%29%2002.jpg,35.8045200,139.7866100,Q42312899,伊興遺跡公園展示館
2445,家具の博物館,東京都,博物館,3.7,40,博物館,Tokyo Station,35.4,0.70,0.7400,0.3114,0.1238,0.5418,,35.7127270,139.3772180,Q104696867,家具の博物館
67,ヒカリ美術館,京都府,美術館,4.4,5,美術館,Kyoto Station,102.7,0.70,0.8800,0.1503,0.0464,0.5417,http://commons.wikimedia.org/wiki/Special:FilePath/Hikaribijyutukan.jpg,35.6442000,134.9650000,Q61818339,ヒカリ美術館
522,妹背牛町郷土館,北海道,博物館,4.1,14,博物館,Sapporo Station,85.7,0.70,0.8200,0.2271,0.0551,0.5416,,43.6963850,141.9656160,Q132552414,妹背牛郷土館
1774,古代鉄歌謡館,島根縣,博物館,3.8,18,博物館,Matsue Station,16.6,0.70,0.7600,0.2469,0.2319,0.5413,,35.3266320,132.9931230,Q132852237,古代鉄歌謡館
1196,宮崎大学農学部附属農業博物館,宮崎縣,農業博物館,3.7,16,農業博物館,Miyazaki Station,9.8,0.70,0.7400,0.2376,0.3383,0.5411,,31.8291680,131.4127970,Q127451377,宮崎大学農学部附属農業博物館
500,厚岸町太田屯田開拓記念館,北海道,博物館,4.1,16,博物館,Sapporo Station,279.1,0.70,0.8200,0.2376,0.0176,0.5410,,43.0935000,144.7879722,Q55541826,厚岸町 太田屯田開拓記念館
784,ひき岩群ふるさと自然公園センター,和歌山縣,遊客中心,4.0,17,遊客中心,Wakayama Station,55.5,0.70,0.8000,0.2424,0.0827,0.5410,,33.7601390,135.3864720,Q17224027,ふるさと自然公園センター
3198,博多歴史の散歩道,福岡縣,戶外博物館,4.0,0,戶外博物館,Hakata Station,1.2,0.70,0.8000,0.0000,0.8088,0.5409,,33.5969444,130.4108333,Q125801404,NOT_FOUND
2837,日登美美術館,滋賀縣,美術館,3.4,107,美術館,Otsu Station,40.4,0.70,0.6800,0.3927,0.1102,0.5408,,35.0794510,136.2983450,Q132733674,日登美美術館
2928,南惣美術館,石川縣,美術館,3.8,38,美術館,Kanazawa Station,102.9,0.70,0.7600,0.3073,0.0463,0.5408,,37.4410000,137.0671770,Q132890597,南惣美術館
389,鐵齋美術館,兵庫縣,美術館,4.0,11,美術館,Kobe Station,22.6,0.70,0.8000,0.2084,0.1813,0.5407,http://commons.wikimedia.org/wiki/Special:FilePath/Tessai%20museum01s2040.jpg,34.8227220,135.3532220,Q11649561,鉄斎美術館「聖光殿」
2909,球泉洞,熊本縣,溶洞,3.8,33,溶洞,Kumamoto Station,57.7,0.70,0.7600,0.2957,0.0797,0.5407,http://commons.wikimedia.org/wiki/Special:FilePath/Kyusendo20080104%2001.jpg,32.2749360,130.6151530,Q11573505,球磨村森林組合センター 森林
2910,球泉洞森林館,熊本縣,林業博物館,3.8,33,林業博物館,Kumamoto Station,57.5,0.70,0.7600,0.2957,0.0800,0.5407,http://commons.wikimedia.org/wiki/Special:FilePath/Kyusendo%20forest%20museum%201.jpg,32.2768056,130.6146389,Q98170289,球磨村森林組合センター 森林
3052,横浜・さとうのふるさと館,神奈川縣,博物館,3.6,9,博物館,Yokohama Station,4.2,0.70,0.7200,0.1931,0.5423,0.5402,,35.4683889,139.6692222,Q56640503,横浜さとうのふるさと
1235,早月川河川敷の水溜り,富山縣,河跡湖,4.3,3,河跡湖,Toyama Station,18.5,0.70,0.8600,0.1163,0.2127,0.5401,,36.7993028,137.3811250,Q79462052,早月川河川敷の水溜り
2616,稲城市郷土資料室,東京都,地方文化館,3.8,23,地方文化館,Tokyo Station,25.9,0.70,0.7600,0.2665,0.1616,0.5401,,35.6138056,139.4923056,Q85882958,稲城市郷土資料室
3414,絹撚記念館,群馬縣,历史建筑,3.6,42,历史建筑,Maebashi Station,23.6,0.70,0.7200,0.3154,0.1751,0.5401,http://commons.wikimedia.org/wiki/Special:FilePath/Kennen%20Kinenkan%202.jpg,36.4097330,139.3336920,Q11606987,桐生市近代化遺産絹撚記念館
1205,若山牧水記念文学館,宮崎縣,文學館,3.9,22,文學館,Miyazaki Station,49.6,0.70,0.7800,0.2630,0.0915,0.5400,,32.3611667,131.4632500,Q84417156,若山牧水記念文学館
812,田辺市立美術館,和歌山縣,美術館,3.6,62,美術館,Wakayama Station,62.5,0.70,0.7200,0.3475,0.0741,0.5396,http://commons.wikimedia.org/wiki/Special:FilePath/131222%20Tanabe%20City%20Museum%20of%20Art%20Wakayama%20pref%20Japan01bs3.jpg,33.6973890,135.4007500,Q11577335,田辺市立美術館
1577,茶の湯美術館,岐阜縣,美術館,4.1,13,美術館,Gifu Station,90.8,0.70,0.8200,0.2213,0.0522,0.5396,http://commons.wikimedia.org/wiki/Special:FilePath/Takayama%20chanoyu%20museum.jpg,36.1208889,137.2496944,Q57312937,茶の湯の森
3768,横井照子富士美術館,靜岡縣,美術館,3.9,19,美術館,Shizuoka Station,36.2,0.70,0.7800,0.2512,0.1214,0.5395,,35.1945000,138.6787778,Q11542374,横井照子富士美術館
3648,諏訪市美術館,長野縣,美術館,3.7,45,美術館,Nagano Station,66.5,0.70,0.7400,0.3211,0.0699,0.5393,http://commons.wikimedia.org/wiki/Special:FilePath/130607%20Suwa%20City%20Museum%20of%20Art%20Suwa%20Japan01s3.jpg,36.0477690,138.1131310,Q109370433,諏訪市美術館
3267,ただみ・モノとくらしのミュージアム,福島縣,博物館,3.7,49,博物館,Fukushima Station,102.2,0.70,0.7400,0.3281,0.0466,0.5391,http://commons.wikimedia.org/wiki/Special:FilePath/Aizu%20Tadami%20Old%20Material%20Museum.jpg,37.3102000,139.4447361,Q11381224,ただみ･モノとくらしのミュージアム
3830,丸亀平井美術館,香川縣,美術館,3.8,20,美術館,Takamatsu Station,22.8,0.70,0.7600,0.2553,0.1797,0.5386,http://commons.wikimedia.org/wiki/Special:FilePath/Marugame%20NewsPaper%20and%20Broadcasting%20hall%20motoriz%201.jpg,34.3013580,133.8051940,Q11368010,丸亀平井美術館
692,元禄まつど村,千葉縣,博物館,4.0,11,博物館,Chiba Station,26.4,0.70,0.8000,0.2084,0.1591,0.5384,http://commons.wikimedia.org/wiki/Special:FilePath/Genroku%20matsudomura01.jpg,35.8008263,139.9332193,Q56184170,元禄まつど村
716,土屋家長屋門,千葉縣,古蹟,4.0,11,古蹟,Chiba Station,26.4,0.70,0.8000,0.2084,0.1590,0.5384,http://commons.wikimedia.org/wiki/Special:FilePath/Tsuchiya-ke%20nagayamon%20%28Sendabori%2C%20Matsudo%29%2007.jpg,35.7997700,139.9312600,Q56192282,元禄まつど村
598,松前町郷土資料館,北海道,地方文化館,3.6,72,地方文化館,Sapporo Station,208.2,0.70,0.7200,0.3598,0.0234,0.5383,http://commons.wikimedia.org/wiki/Special:FilePath/Byobu%20of%20Matsumae%20by%20Kodama%20Teiryo.jpg,41.4357570,140.1121420,Q66363170,松前町郷土資料館
1720,桜地人館,岩手縣,美術館,3.8,25,美術館,Morioka Station,36.3,0.70,0.7600,0.2732,0.1212,0.5381,http://commons.wikimedia.org/wiki/Special:FilePath/Sakura-chijinkan02s3872.jpg,39.3756110,141.1261390,Q11537943,桜地人館
903,約翰·藍儂博物館,埼玉縣,博物館,4.0,0,博物館,Omiya Station,1.4,0.70,0.8000,0.0000,0.7793,0.5379,http://commons.wikimedia.org/wiki/Special:FilePath/John%20Lennon%20Museum.jpg,35.8948889,139.6308333,Q1058730,NOT_FOUND
386,赤穗市立田淵紀念館,兵庫縣,美術館,3.8,31,美術館,Kobe Station,70.7,0.70,0.7600,0.2907,0.0660,0.5378,http://commons.wikimedia.org/wiki/Special:FilePath/Ako%20City%20Tabuchi%20Museum%20of%20Art03n3200.jpg,34.7307220,134.4068330,Q11635883,赤穂市立美術工芸館 田淵記念館
1737,菊田一夫記念館,岩手縣,人物紀念館,4.0,15,人物紀念館,Morioka Station,57.0,0.70,0.8000,0.2325,0.0807,0.5378,http://commons.wikimedia.org/wiki/Special:FilePath/Nakazenkura%2COshu.jpg,39.1903889,141.1770000,Q60989412,菊田一夫記念館
2711,昭和館,栃木縣,都道府県庁舎,4.0,0,都道府県庁舎,Utsunomiya Station,1.4,0.70,0.8000,0.0000,0.7763,0.5376,http://commons.wikimedia.org/wiki/Special:FilePath/Showa-kan%2C%20former%20Tochigi%20prefectural%20office%20building.jpg,36.5648333,139.8841111,Q104698654,NOT_FOUND
621,滝川市郷土館,北海道,博物館,3.9,22,博物館,Sapporo Station,70.6,0.70,0.7800,0.2630,0.0661,0.5375,,43.5520180,141.9174110,Q28154411,滝川市郷土館
1849,八千代の丘美術館,廣島縣,美術館,3.6,42,美術館,Hiroshima Station,29.4,0.70,0.7200,0.3154,0.1454,0.5372,http://commons.wikimedia.org/wiki/Special:FilePath/Yachiyonooka.JPG,34.6333472,132.6202917,Q22117727,八千代の丘美術館
3983,肝付町立歴史民俗資料館,鹿兒島縣,博物館,3.8,27,博物館,Kagoshima-Chuo Station,48.5,0.70,0.7600,0.2795,0.0935,0.5372,http://commons.wikimedia.org/wiki/Special:FilePath/Kimotsuki%20Town%20Museum.JPG,31.3440500,130.9677000,Q126452126,肝付町立歴史民俗資料館
3933,陣所之館,鳥取縣,博物館,4.1,8,博物館,Tottori Station,31.5,0.70,0.8200,0.1843,0.1368,0.5370,http://commons.wikimedia.org/wiki/Special:FilePath/Jinsho-no-yakata01nt3200.jpg,35.4103610,133.8930000,Q11658184,陣所の館
1002,大阪大谷大学博物館,大阪府,博物館,3.8,20,博物館,Osaka Station,25.8,0.70,0.7600,0.2553,0.1624,0.5368,,34.4812500,135.5804440,Q11440165,大阪大谷大学 博物館
2685,乃木神社宝物館,栃木縣,宝物館,4.2,6,宝物館,Utsunomiya Station,37.7,0.70,0.8400,0.1632,0.1172,0.5367,,36.8877600,140.0024560,Q104696768,乃木神社 宝物館
1830,雲州算盤傳統產業館,島根縣,博物館,3.8,22,博物館,Matsue Station,32.0,0.70,0.7600,0.2630,0.1352,0.5364,,35.1774900,133.0928880,Q132419830,雲州そろばん伝統産業会館
3630,田崎美術館,長野縣,美術館,3.7,36,美術館,Nagano Station,47.4,0.70,0.7400,0.3028,0.0954,0.5364,,36.3586111,138.5836111,Q85882441,田崎美術館
3668,飯田市考古博物館,長野縣,考古博物館,3.6,63,考古博物館,Nagano Station,129.2,0.70,0.7200,0.3488,0.0373,0.5364,,35.5164480,137.8371100,Q104709726,飯田市考古博物館
551,幕別町ふるさと館,北海道,博物館,3.9,24,博物館,Sapporo Station,156.1,0.70,0.7800,0.2700,0.0310,0.5361,,42.8995150,143.2562990,Q104237185,幕別町ふるさと館
666,金田心象書道美術館,北海道,書法美術館,4.2,9,書法美術館,Sapporo Station,220.6,0.70,0.8400,0.1931,0.0222,0.5361,http://commons.wikimedia.org/wiki/Special:FilePath/Kaneda%20Shinsho%20Calligraphy%20Museum%20190526.jpg,45.0206423,141.8458333,Q135972011,幌延町金田心象書道美術館
1546,日本大正村資料館,岐阜縣,博物館,4.0,14,博物館,Gifu Station,58.6,0.70,0.8000,0.2271,0.0786,0.5360,http://commons.wikimedia.org/wiki/Special:FilePath/Nihon%20taisyoumura%20siryoukan.jpg,35.3040560,137.3894720,Q11507880,大正の館 (日本大正村資料館内)
160,角屋,京都府,揚屋,4.0,0,揚屋,Kyoto Station,1.6,0.70,0.8000,0.0000,0.7587,0.5359,http://commons.wikimedia.org/wiki/Special:FilePath/Sumiya%20Kyoto%2001.JPG,34.9921110,135.7431390,Q11630696,NOT_FOUND
341,神戶娃娃博物館,兵庫縣,人形博物館,4.0,0,人形博物館,Kobe Station,1.6,0.70,0.8000,0.0000,0.7590,0.5359,http://commons.wikimedia.org/wiki/Special:FilePath/Kobe%20Doll%20Museum.jpg,34.6894444,135.1905556,Q11589757,NOT_FOUND
3395,桐生が岡公園,群馬縣,公園,4.3,3,公園,Maebashi Station,24.4,0.70,0.8600,0.1163,0.1699,0.5359,http://commons.wikimedia.org/wiki/Special:FilePath/%E6%A1%90%E7%94%9F%E3%81%8C%E5%B2%A1%E5%85%AC%E5%9C%92%20%E9%81%8A%E5%9C%92%E5%9C%B0%E5%85%A8%E6%99%AF.JPG,36.4237222,139.3410000,Q11537258,桐生が岡公園遊園地 第5駐車場
186,太良町歴史民俗資料館,佐賀縣,地方文化館,4.2,5,地方文化館,Saga Station,29.3,0.70,0.8400,0.1503,0.1459,0.5357,,33.0198680,130.1795820,Q128213480,太良町歴史民俗資料館
1882,廣島遞信醫院舊外來棟被爆資料室,廣島縣,已停業醫院,3.2,9,已停業醫院,Hiroshima Station,1.1,0.70,0.6400,0.1931,0.8148,0.5354,http://commons.wikimedia.org/wiki/Special:FilePath/Hiroshima%20Teishin%20Hospital%2002.JPG,34.4034440,132.4651390,Q11485281,広島逓信病院 旧外来棟 被爆資料室
2771,大濱信泉記念館,沖繩縣,人物紀念館,3.6,67,人物紀念館,Naha Bus Terminal,410.8,0.70,0.7200,0.3539,0.0120,0.5354,http://commons.wikimedia.org/wiki/Special:FilePath/Ohama%20Nobumoto%20Memorial%20Hall01s3s4380.jpg,24.3360280,124.1596670,Q48756878,大濱信泉記念館
1968,乗禅寺宝物館,愛媛縣,博物館,3.8,21,博物館,Matsuyama Station,32.1,0.70,0.7600,0.2592,0.1349,0.5353,,34.0717590,132.9588350,Q123527209,乗禅寺
1462,さくら資料館,岐阜縣,植物博物館,3.9,14,植物博物館,Gifu Station,28.3,0.70,0.7800,0.2271,0.1504,0.5352,http://commons.wikimedia.org/wiki/Special:FilePath/Usuzumizakura%20sakura%20museum.JPG,35.6330080,136.6089420,Q11267851,本巣市さくら資料館
3436,ザ・ヒロサワ・シティ,茨城縣,主題公園,4.3,4,主題公園,Mito Station,41.8,0.70,0.8600,0.1350,0.1069,0.5352,http://commons.wikimedia.org/wiki/Special:FilePath/The%20Hirosawa%20City-1.JPG,36.2935417,140.0195667,Q65239469,ザ・ヒロサワ・シティ ユメノバ 駐車場
911,鐵道博物館,埼玉縣,公司博物館,4.0,0,公司博物館,Omiya Station,1.7,0.70,0.8000,0.0000,0.7510,0.5351,http://commons.wikimedia.org/wiki/Special:FilePath/The%20Railway%20Museum%20Park%20Zone%2020071014%20%281%29.jpg,35.9205556,139.6183333,Q846106,NOT_FOUND
387,辰馬考古資料館,兵庫縣,美術館,3.7,18,美術館,Kobe Station,15.1,0.70,0.7400,0.2469,0.2489,0.5350,http://commons.wikimedia.org/wiki/Special:FilePath/Tatsuuma%20collection%20of%20fine%20art01.jpg,34.7351940,135.3285830,Q11637914,辰馬考古資料館
237,但陽信用金庫會館,兵庫縣,美術館,4.5,2,美術館,Kobe Station,64.7,0.70,0.9000,0.0921,0.0717,0.5348,http://commons.wikimedia.org/wiki/Special:FilePath/Tanyo%20Shinkin%20bank%20Hall06n3200.jpg,35.1688060,134.7934440,Q11381621,但陽信用金庫 生野支店
1690,高梁市鄉土資料館,岡山縣,博物館,3.5,54,博物館,Okayama Station,31.0,0.70,0.7000,0.3361,0.1391,0.5347,http://commons.wikimedia.org/wiki/Special:FilePath/Takahashi%20City%20Local%20Museum%20ac.jpg,34.7946667,133.6178056,Q30934800,高梁市郷土資料館
2065,一宮市木曾川資料館,愛知縣,博物館,3.5,44,博物館,Nagoya Station,21.5,0.70,0.7000,0.3193,0.1890,0.5347,http://commons.wikimedia.org/wiki/Special:FilePath/Ichinomiya%20City%20Kisogawa%20Museum%20ac.jpg,35.3444306,136.7782083,Q48747997,一宮市木曽川資料館
723,安蒜家長屋門,千葉縣,古蹟,3.9,13,古蹟,Chiba Station,26.2,0.70,0.7800,0.2213,0.1604,0.5344,http://commons.wikimedia.org/wiki/Special:FilePath/Anbiru-ke%20nagayamon%20%28Sendabori%2C%20Matsudo%29%2001.jpg,35.8001600,139.9366300,Q111588444,安蒜家長屋門
3226,甘木歴史資料館,福岡縣,歷史博物館,3.5,52,歷史博物館,Hakata Station,29.6,0.70,0.7000,0.3330,0.1446,0.5344,http://commons.wikimedia.org/wiki/Special:FilePath/Amagi%20Histrical%20Museum.JPG,33.4143333,130.6598889,Q11574275,甘木歴史資料館
2670,青梅市鄉土博物館,東京都,地方文化館,3.4,87,地方文化館,Tokyo Station,47.5,0.70,0.6800,0.3755,0.0953,0.5342,http://commons.wikimedia.org/wiki/Special:FilePath/%E9%9D%92%E6%A2%85%E5%B8%82%E9%83%B7%E5%9C%9F%E5%8D%9A%E7%89%A9%E9%A4%A8.jpg,35.7838330,139.2566940,Q11662005,青梅市郷土博物館
49,輪中の郷,三重縣,博物館,3.6,45,博物館,Tsu Station,46.1,0.70,0.7200,0.3211,0.0979,0.5341,http://commons.wikimedia.org/wiki/Special:FilePath/Nagashima-cho%20Wajyu-no-sato%2020140322.JPG,35.1216670,136.6880280,Q18460180,桑名市長島町 輪中の郷
240,俵美術館,兵庫縣,美術館,3.6,21,美術館,Kobe Station,12.8,0.70,0.7200,0.2592,0.2812,0.5339,,34.7349440,135.3005560,Q11386430,俵美術館
1808,濱田市濱田鄉土資料館,島根縣,地方文化館,3.7,40,地方文化館,Matsue Station,108.0,0.70,0.7400,0.3114,0.0442,0.5339,,34.9003850,132.0955110,Q132420814,浜田市浜田郷土資料館
2381,交通博物館,東京都,交通博物館,4.0,0,交通博物館,Tokyo Station,1.8,0.70,0.8000,0.0000,0.7387,0.5339,http://commons.wikimedia.org/wiki/Special:FilePath/Kotsu%20hakubutsukan.jpg,35.6969170,139.7700830,Q10882995,NOT_FOUND
3235,福岡市文學館,福岡縣,文學館,4.0,0,文學館,Hakata Station,1.8,0.70,0.8000,0.0000,0.7380,0.5338,,33.5931110,130.4018610,Q11592228,NOT_FOUND
1534,川合考古資料館,岐阜縣,考古博物館,3.8,18,考古博物館,Gifu Station,27.2,0.70,0.7600,0.2469,0.1553,0.5336,http://commons.wikimedia.org/wiki/Special:FilePath/Kawai%20Archaeology%20Museum-2.JPG,35.4415610,137.0537750,Q11478114,川合考古資料館
2926,加賀市美術館,石川縣,美術館,3.4,79,美術館,Kanazawa Station,39.1,0.70,0.6800,0.3675,0.1133,0.5336,http://commons.wikimedia.org/wiki/Special:FilePath/Kaga%20City%20Art%20Museum%20ac%20%281%29.jpg,36.3195867,136.3514541,Q121286260,加賀市美術館
2011,東温市立歴史民俗資料館,愛媛縣,博物館,3.8,10,博物館,Matsuyama Station,12.3,0.70,0.7600,0.2011,0.2898,0.5333,,33.7929900,132.8713060,Q123555719,東温市立歴史民俗資料館
2084,半田市鐵道資料館,愛知縣,鐵路博物館,3.5,51,鐵路博物館,Nagoya Station,31.0,0.70,0.7000,0.3314,0.1387,0.5333,http://commons.wikimedia.org/wiki/Special:FilePath/130125%20Handa%20railway%20museum.jpg,34.8946390,136.9310830,Q11407070,半田市鉄道資料館
3549,佐久市立天来記念館,長野縣,書法美術館,3.9,16,書法美術館,Nagano Station,44.8,0.70,0.7800,0.2376,0.1004,0.5333,http://commons.wikimedia.org/wiki/Special:FilePath/Tenrai%20Museum.jpg,36.2648800,138.3622600,Q85876422,佐久市立天来記念館
1030,岬公園,大阪府,主題樂園,3.6,45,主題樂園,Osaka Station,51.7,0.70,0.7200,0.3211,0.0882,0.5331,,34.3280417,135.1611611,Q6875079,町営みさき公園
2160,清澤満之記念館,愛知縣,人物紀念館,4.0,10,人物紀念館,Nagoya Station,34.3,0.70,0.8000,0.2011,0.1274,0.5331,http://commons.wikimedia.org/wiki/Special:FilePath/Kiyozawa%20Manshi%20Memorial%20Museum.JPG,34.8737986,136.9810138,Q97370832,清澤満之記念館
3006,光と緑の美術館,神奈川縣,美術館,3.5,46,美術館,Yokohama Station,25.9,0.70,0.7000,0.3229,0.1620,0.5331,,35.5642860,139.3636830,Q11388213,光と緑の美術館
3503,豊玉町郷土館,長崎縣,考古博物館,4.1,11,考古博物館,Nagasaki Station,189.7,0.70,0.8200,0.2084,0.0257,0.5331,http://commons.wikimedia.org/wiki/Special:FilePath/Tsushima%20City%20Toyotama%20Museum.jpg,34.3946806,129.3193667,Q18337535,豊玉町郷土館
3909,倉吉博物館・倉吉歴史民俗資料館,鳥取縣,博物館,4.2,5,博物館,Tottori Station,37.0,0.70,0.8400,0.1503,0.1191,0.5330,http://commons.wikimedia.org/wiki/Special:FilePath/Kurayoshi%20Museum01st3200.jpg,35.4290280,133.8253610,Q11386562,倉吉歴史民俗資料館
40,熊野石蔵美術館,三重縣,美術館,4.5,2,美術館,Tsu Station,93.8,0.70,0.9000,0.0921,0.0506,0.5327,,33.9848060,136.0411940,Q11568938,熊野石蔵美術館
1823,蟠龍峡,島根縣,觀光景點,3.9,18,觀光景點,Matsue Station,72.1,0.70,0.7800,0.2469,0.0648,0.5326,,34.9350833,132.6036667,Q55522621,蟠龍峡公園
3019,安藤百福發明紀念館,神奈川縣,公司博物館,4.0,0,公司博物館,Yokohama Station,1.9,0.70,0.8000,0.0000,0.7259,0.5326,http://commons.wikimedia.org/wiki/Special:FilePath/Cupnoodles-Museum-Yokohama.jpg,35.4554720,139.6388610,Q11257362,NOT_FOUND
1705,利根山光人記念美術館,岩手縣,美術館,3.8,22,美術館,Morioka Station,47.4,0.70,0.7600,0.2630,0.0953,0.5324,http://commons.wikimedia.org/wiki/Special:FilePath/Toneyama%20Kojin%20Memorial%20Museum01s3872.jpg,39.2750280,141.1316940,Q11396893,利根山光人記念美術館
2613,福生市郷土資料室,東京都,博物館,3.7,28,博物館,Tokyo Station,39.2,0.70,0.7400,0.2824,0.1131,0.5320,,35.7320320,139.3372840,Q104698242,福生市 郷土資料室
3531,ハチ博物館,長野縣,博物館,3.7,37,博物館,Nagano Station,114.1,0.70,0.7400,0.3051,0.0420,0.5317,http://commons.wikimedia.org/wiki/Special:FilePath/Bee%20Museum%2C%20entrance.jpg,35.6358000,137.9487390,Q11326402,ハチ博物館
3603,有島生馬記念館,長野縣,人物紀念館,4.0,6,人物紀念館,Nagano Station,16.9,0.70,0.8000,0.1632,0.2279,0.5317,http://commons.wikimedia.org/wiki/Special:FilePath/Arishima%20Ikuma%20Memorial%20Museum.jpg,36.5719444,138.0208889,Q85880990,有島生馬記念館
944,日本丸館,大分縣,製薬博物館,3.3,117,製薬博物館,Oita Station,63.1,0.70,0.6600,0.4001,0.0734,0.5314,http://commons.wikimedia.org/wiki/Special:FilePath/Nihongan%20Museum%20in%20Mamedamachi%20Area.jpg,33.3274580,130.9374310,Q11507150,天領日田資料館
941,天領日田資料館,大分縣,歷史博物館,3.3,117,歷史博物館,Oita Station,63.4,0.70,0.6600,0.4001,0.0731,0.5313,http://commons.wikimedia.org/wiki/Special:FilePath/Hita%20Tenryo%20Museum%2020161231.jpg,33.3155000,130.9313889,Q17219176,天領日田資料館
1544,日本土鈴館,岐阜縣,博物館,3.7,30,博物館,Gifu Station,51.2,0.70,0.7400,0.2880,0.0890,0.5313,http://commons.wikimedia.org/wiki/Special:FilePath/Nihon%20doreikan.JPG,35.8609420,136.8640170,Q11507739,日本土鈴館
3626,深沢紅子野の花美術館,長野縣,人物紀念館,3.7,29,人物紀念館,Nagano Station,50.4,0.70,0.7400,0.2852,0.0903,0.5306,http://commons.wikimedia.org/wiki/Special:FilePath/Fknb02s3872.jpg,36.3308889,138.5975278,Q11560128,深沢紅子野の花美術館
1341,須佐歴史民俗資料館,山口縣,地方文化館,3.7,29,地方文化館,Yamaguchi Station,50.9,0.70,0.7400,0.2852,0.0895,0.5305,,34.6194800,131.5990750,Q132473321,須佐歴史民俗資料館 みこと館
152,福知山鉄道館ポッポランド,京都府,鐵路博物館,4.1,8,鐵路博物館,Kyoto Station,67.4,0.70,0.8200,0.1843,0.0690,0.5302,http://commons.wikimedia.org/wiki/Special:FilePath/Fukuchiyama%20Poppoland%20frontview.jpg,35.3016670,135.1256110,Q11594351,福知山鉄道館フクレル別館
2024,赤松遊園地,愛媛縣,主題樂園,3.7,31,主題樂園,Matsuyama Station,69.8,0.70,0.7400,0.2907,0.0669,0.5299,http://commons.wikimedia.org/wiki/Special:FilePath/%E8%B5%A4%E6%9D%BE%E9%81%8A%E5%9C%92%E5%9C%B0%20%282202856337%29.jpg,33.2397500,132.5336944,Q76283534,赤松遊園地
1806,海士町後鳥羽院資料館,島根縣,人物紀念館,3.7,31,人物紀念館,Matsue Station,70.5,0.70,0.7400,0.2907,0.0662,0.5298,http://commons.wikimedia.org/wiki/Special:FilePath/%E6%B5%B7%E5%A3%AB%E7%94%BA%E5%BE%8C%E9%B3%A5%E7%BE%BD%E9%99%A2%E8%B3%87%E6%96%99%E9%A4%A8%20ac.jpg,36.0973889,133.0988611,Q55530278,後鳥羽院資料館
1872,府中市歴史民俗資料館,廣島縣,民俗博物館,3.9,16,民俗博物館,Hiroshima Station,71.5,0.70,0.7800,0.2376,0.0653,0.5298,http://commons.wikimedia.org/wiki/Special:FilePath/Former%20Hall%20of%20Ashina%20District%2C%20gaikan.jpg,34.5621944,133.2297222,Q85880176,府中市歴史民俗資料館
3670,駒ヶ根市立博物館,長野縣,博物館,3.8,24,博物館,Nagano Station,103.4,0.70,0.7600,0.2700,0.0461,0.5296,http://commons.wikimedia.org/wiki/Special:FilePath/Komagane%20City%20Museum.jpg,35.7364444,137.9298056,Q55524325,駒ヶ根市立博物館
835,ハイパーミュージアム飯能,埼玉縣,現代美術館,3.4,56,現代美術館,Omiya Station,27.3,0.70,0.6800,0.3391,0.1547,0.5292,,35.8711070,139.3238560,Q132574952,ハイパーミュージアム飯能
362,福崎町立神崎郡歷史民俗資料館,兵庫縣,民俗博物館,3.7,27,民俗博物館,Kobe Station,48.8,0.70,0.7400,0.2795,0.0929,0.5291,http://commons.wikimedia.org/wiki/Special:FilePath/Kcmhc01%202816.jpg,34.9579440,134.7646940,Q11593787,神崎郡歴史民俗資料館
260,城崎美術館,兵庫縣,宗教博物馆,3.9,17,宗教博物馆,Kobe Station,110.6,0.70,0.7800,0.2424,0.0433,0.5290,http://commons.wikimedia.org/wiki/Special:FilePath/Kinosaki%20museum01%202816.jpg,35.6250560,134.8006390,Q11426144,温泉寺 宝物館（城崎美術館）
1366,山形市産業歴史資料館,山形縣,工业博物馆,3.2,20,工业博物馆,Yamagata Station,3.9,0.70,0.6400,0.2553,0.5629,0.5289,http://commons.wikimedia.org/wiki/Special:FilePath/Yamagata-City%20Sangyo-Rekishi%20Hakubutsukan.JPG,38.2305556,140.2894722,Q11468406,山形市産業歴史資料館
596,東川町郷土館,北海道,博物館,3.9,17,博物館,Sapporo Station,117.1,0.70,0.7800,0.2424,0.0410,0.5288,,43.6995950,142.5110120,Q11526802,東川町 郷土館
1298,山陽小野田市歴史民俗資料館,山口縣,博物館,3.7,23,博物館,Yamaguchi Station,34.5,0.70,0.7400,0.2665,0.1265,0.5286,,33.9909940,131.1761940,Q104783860,山陽小野田市歴史民俗資料館
1702,住田町民俗資料館,岩手縣,民俗博物館,3.9,15,民俗博物館,Morioka Station,68.2,0.70,0.7800,0.2325,0.0684,0.5286,http://commons.wikimedia.org/wiki/Special:FilePath/Sumita%20Town%20Museum.jpg,39.1978056,141.5882500,Q56822914,住田町民俗資料館
1828,隱岐鄉土館,島根縣,地方文化館,3.5,60,地方文化館,Matsue Station,92.3,0.70,0.7000,0.3448,0.0514,0.5286,http://commons.wikimedia.org/wiki/Special:FilePath/Oki%20Kyodo-kan.jpg,36.2799960,133.2499560,Q24868915,隠岐郷土館
302,有趣昆蟲化石館,兵庫縣,科學博物館,3.4,86,科學博物館,Kobe Station,116.0,0.70,0.6800,0.3745,0.0413,0.5285,http://commons.wikimedia.org/wiki/Special:FilePath/Omoshiro%20Insect%20Fossil%20Museum.jpg,35.5303056,134.4406389,Q11262500,おもしろ昆虫化石館
1339,阿武川歴史民族資料館,山口縣,博物館,3.8,12,博物館,Yamaguchi Station,20.4,0.70,0.7600,0.2151,0.1970,0.5282,,34.3558430,131.4880700,Q132473256,阿武川歴史民俗資料館
1693,めんこい美術館,岩手縣,美術館,3.7,28,美術館,Morioka Station,61.9,0.70,0.7400,0.2824,0.0747,0.5282,http://commons.wikimedia.org/wiki/Special:FilePath/Menkoi%20Art%20Museum.JPG,39.1451530,141.1542330,Q132197302,めんこい美術館
1718,東北紐西蘭村,岩手縣,主題公園,3.8,21,主題公園,Morioka Station,74.1,0.70,0.7600,0.2592,0.0632,0.5281,,39.0361944,141.0864722,Q11272918,とうほくニュージーランド村(閉園)
1351,内藤秀因水彩画記念館,山形縣,美術館,3.9,15,美術館,Yamagata Station,76.2,0.70,0.7800,0.2325,0.0616,0.5279,http://commons.wikimedia.org/wiki/Special:FilePath/ShonaiTown%20Naitoshuin%20Watercolor%20painting%20Memorial%201.jpg,38.8487222,139.9044722,Q48756817,庄内町内藤秀因水彩画記念館
1231,富山縣立近代美術館,富山縣,美術館,4.0,0,美術館,Toyama Station,2.4,0.70,0.8000,0.0000,0.6779,0.5278,http://commons.wikimedia.org/wiki/Special:FilePath/Toyama%20Museum%20of%20Modern%20Art.jpg,36.6801389,137.2127778,Q6940951,NOT_FOUND
2169,熱田白鳥の歴史館,愛知縣,林業博物館,3.4,13,林業博物館,Nagoya Station,5.2,0.70,0.6800,0.2213,0.4926,0.5277,http://commons.wikimedia.org/wiki/Special:FilePath/Atutashirotorirekisikan.jpg,35.1271944,136.9002778,Q30922850,熱田白鳥の歴史館
3023,山内龍雄芸術館,神奈川縣,人物紀念館,3.9,8,人物紀念館,Yokohama Station,19.8,0.70,0.7800,0.1843,0.2012,0.5274,http://commons.wikimedia.org/wiki/Special:FilePath/%E5%B1%B1%E5%86%85%E9%BE%8D%E9%9B%84%E8%8A%B8%E8%A1%93%E9%A4%A8%E3%81%AE%E5%A4%96%E8%A6%B3.jpg,35.3420278,139.4653889,Q24876689,山内龍雄芸術館／ギャラリー・タイム
3425,阿左美沼,群馬縣,人工池塘,3.6,23,人工池塘,Maebashi Station,21.0,0.70,0.7200,0.2665,0.1923,0.5272,,36.3960990,139.3066830,Q11657406,阿左美沼
3400,毛塚記念館,群馬縣,建成遗产,3.8,17,建成遗产,Maebashi Station,43.7,0.70,0.7600,0.2424,0.1026,0.5270,http://commons.wikimedia.org/wiki/Special:FilePath/Kezuka%20Kinenkan%20%28Tatebayashi%29%2001.jpg,36.2474620,139.5305620,Q130638774,毛塚記念館
2676,髙木盆栽美術館,東京都,博物館,4.0,0,博物館,Tokyo Station,2.5,0.70,0.8000,0.0000,0.6689,0.5269,,35.7031000,139.7720000,Q3514129,NOT_FOUND
713,和洋女子大学文化資料館,千葉縣,大學博物館,4.0,6,大學博物館,Chiba Station,23.7,0.70,0.8000,0.1632,0.1742,0.5264,,35.7425600,139.9044970,Q104696842,和洋女子大学文化資料館
1933,東みよし町立歴史民俗資料館,德島縣,博物館,3.8,18,博物館,Tokushima Station,55.6,0.70,0.7600,0.2469,0.0825,0.5263,,34.0360770,133.9494790,Q104783865,東みよし町歴史民俗資料館
517,夕張鹿鳴館,北海道,博物館,3.7,24,博物館,Sapporo Station,49.6,0.70,0.7400,0.2700,0.0915,0.5261,,43.0371110,141.9601670,Q11430209,夕張鹿鳴館
1948,阿波市立市場歴史民俗資料館,德島縣,博物館,4.0,6,博物館,Tokushima Station,24.6,0.70,0.8000,0.1632,0.1689,0.5259,,34.0942100,134.2849800,Q109595796,阿波市立市場歴史民俗資料館
677,鷹栖町郷土資料館,北海道,地方文化館,3.9,15,地方文化館,Sapporo Station,118.8,0.70,0.7800,0.2325,0.0404,0.5258,,43.8465950,142.3589260,Q133264692,鷹栖町郷土資料館
1219,南砺市埋蔵文化財センター,富山縣,埋藏文化財中心,3.8,13,埋藏文化財中心,Toyama Station,28.0,0.70,0.7600,0.2213,0.1514,0.5255,,36.5652780,136.9486080,Q104708822,南砺市埋蔵文化財センター
2736,那須アルパカ牧場,栃木縣,牧场,4.0,9,牧场,Utsunomiya Station,64.2,0.70,0.8000,0.1931,0.0723,0.5252,http://commons.wikimedia.org/wiki/Special:FilePath/%E3%82%A2%E3%83%AB%E3%83%91%E3%82%AB%E7%89%A7%E5%A0%B4%20-%20panoramio.jpg,37.1228500,140.0555500,Q56349920,那須アルパカ牧場 飼育棟
1557,熊谷榧つけちギャラリー,岐阜縣,美術館,4.0,9,美術館,Gifu Station,67.0,0.70,0.8000,0.1931,0.0695,0.5249,,35.6609000,137.4285170,Q11568737,熊谷榧つけちギャラリー
3481,和平公園,長崎縣,紀念公園,4.0,0,紀念公園,Nagasaki Station,2.7,0.70,0.8000,0.0000,0.6489,0.5249,http://commons.wikimedia.org/wiki/Special:FilePath/Fountain%20at%20Nagasaki%20Peace%20Park.jpg,32.7755800,129.8631200,Q93490,NOT_FOUND
1125,高松塚古墳壁画館,奈良縣,考古博物館,3.4,44,考古博物館,Nara Station,24.3,0.70,0.6800,0.3193,0.1706,0.5248,http://commons.wikimedia.org/wiki/Special:FilePath/Takamatsuzuka%20Hekigagan.jpg,34.4621400,135.8063300,Q123150030,古墳前駐車場
3455,德川博物館,茨城縣,博物館,4.0,0,博物館,Mito Station,2.7,0.70,0.8000,0.0000,0.6482,0.5248,http://commons.wikimedia.org/wiki/Special:FilePath/Tokugawa%20Museum%2001.JPG,36.3717220,140.4458060,Q11488064,NOT_FOUND
3276,久米正雄記念館,福島縣,人物紀念館,3.7,21,人物紀念館,Fukushima Station,40.7,0.70,0.7400,0.2592,0.1094,0.5247,http://commons.wikimedia.org/wiki/Special:FilePath/%E4%B9%85%E7%B1%B3%E6%AD%A3%E9%9B%84%E8%A8%98%E5%BF%B5%E9%A4%A8%20%E9%83%A1%E5%B1%B1%E5%B8%82.jpg,37.3961341,140.3639633,Q97371151,郡山市久米正雄記念館（旧久米正雄邸）
91,京都希臘羅馬美術館,京都府,美術館,3.4,16,美術館,Kyoto Station,7.1,0.70,0.6800,0.2376,0.4134,0.5246,,35.0487500,135.7715830,Q18336820,京都ギリシャローマ美術館
3182,伊都郷土美術館,福岡縣,美術館,3.6,20,美術館,Hakata Station,20.3,0.70,0.7200,0.2553,0.1977,0.5244,http://commons.wikimedia.org/wiki/Special:FilePath/Ito%20Art%20Museum.jpg,33.5605320,130.2046570,Q132173864,伊都郷土美術館
3333,仁別森林博物館,秋田縣,林業博物館,3.5,22,林業博物館,Akita Station,14.9,0.70,0.7000,0.2630,0.2514,0.5240,http://commons.wikimedia.org/wiki/Special:FilePath/Nibetu%20sinrin%20hakubutukan.jpg,39.8032080,140.2626720,Q11376326,東北森林管理局 仁別森林博物館
2471,新大谷美術館,東京都,美術館,4.0,0,美術館,Tokyo Station,2.8,0.70,0.8000,0.0000,0.6388,0.5239,,35.6791000,139.7359000,Q3815479,NOT_FOUND
1805,津和野町郷土館,島根縣,地方文化館,3.5,54,地方文化館,Matsue Station,161.7,0.70,0.7000,0.3361,0.0300,0.5238,http://commons.wikimedia.org/wiki/Special:FilePath/Tsuwano%20Town%20Local%20History%20Museum%2020170503.jpg,34.4655250,131.7735280,Q104721885,津和野町郷土館
1826,邑南町鄉土館,島根縣,地方文化館,4.0,9,地方文化館,Matsue Station,84.2,0.70,0.8000,0.1931,0.0560,0.5235,,34.8506390,132.5195650,Q132420850,邑南町 郷土館
2941,懐古館（旧飯田家住宅）,石川縣,有形文化財產,3.8,16,有形文化財產,Kanazawa Station,57.6,0.70,0.7600,0.2376,0.0799,0.5233,,37.0243320,136.9763340,Q130727051,懐古館 飯田家
87,京都市立芸術大学ギャラリー,京都府,美術館,4.0,0,美術館,Kyoto Station,2.9,0.70,0.8000,0.0000,0.6300,0.5230,,35.0117005,135.7525167,Q99551687,NOT_FOUND
3876,安芸市立書道美術館,高知縣,書法美術館,3.5,35,書法美術館,Kochi Station,34.7,0.70,0.7000,0.3005,0.1260,0.5228,http://commons.wikimedia.org/wiki/Special:FilePath/Aki%20Castle%2013.JPG,33.5194380,133.9132540,Q123472808,安芸市立書道美術館
1992,大洲市立博物館,愛媛縣,市立博物館,3.6,27,市立博物館,Matsuyama Station,41.0,0.70,0.7200,0.2795,0.1087,0.5227,,33.5137300,132.5462570,Q123505264,大洲市立博物館
3301,白河市歴史民俗資料館,福島縣,博物館,3.4,61,博物館,Fukushima Station,73.3,0.70,0.6800,0.3461,0.0638,0.5222,,37.1205800,140.2285330,Q104696511,白河市歴史民俗資料館
832,ふじみ野市立大井郷土資料館,埼玉縣,地方文化館,3.5,17,地方文化館,Omiya Station,12.0,0.70,0.7000,0.2424,0.2933,0.5220,http://commons.wikimedia.org/wiki/Special:FilePath/Oi%20Library%20and%20Folk%20Museum.JPG,35.8574444,139.5047778,Q11277080,ふじみ野市 大井郷土資料館
3047,有馬のハルニレ,神奈川縣,巨樹,3.5,25,巨樹,Yokohama Station,20.2,0.70,0.7000,0.2732,0.1987,0.5218,http://commons.wikimedia.org/wiki/Special:FilePath/Arima-Harunire1.JPG,35.4185556,139.4079444,Q120703507,有馬のハルニレ
1635,備前市歴史民俗資料館,岡山縣,民俗博物館,3.5,29,民俗博物館,Okayama Station,26.7,0.70,0.7000,0.2852,0.1578,0.5214,http://commons.wikimedia.org/wiki/Special:FilePath/Bizen%20City%20History%20and%20Folklore%20Museum%202021-03%20ac.jpg,34.7469440,134.1937500,Q11387334,備前市歴史民俗資料館
2325,ONE PIECE LIVE ATTRACTION,東京都,主題公園,4.0,0,主題公園,Tokyo Station,3.2,0.70,0.8000,0.0000,0.6114,0.5211,,35.6586111,139.7455556,Q28531358,NOT_FOUND
1206,西の正倉院,宮崎縣,建築物,4.0,7,建築物,Miyazaki Station,53.2,0.70,0.8000,0.1744,0.0859,0.5209,http://commons.wikimedia.org/wiki/Special:FilePath/Nishi-no-Shosoin%2C%20Misato%2C%20Miyazaki.jpg,32.3864444,131.3315278,Q11627046,西の正倉院
2972,金沢大学資料館,石川縣,大學博物館,4.0,1,大學博物館,Kanazawa Station,6.5,0.70,0.8000,0.0581,0.4351,0.5209,,36.5487290,136.7108260,Q104709142,金沢大学 資料館
3749,北浜の大カヤノキ,靜岡縣,巨樹,3.6,28,巨樹,Shizuoka Station,56.5,0.70,0.7200,0.2824,0.0813,0.5209,http://commons.wikimedia.org/wiki/Special:FilePath/Kitahama%20no%20Okyayanoki%20Torreya%20trunk%20and%20hanging%20branches%20A.jpg,34.8128056,137.8004722,Q111705597,北浜の大カヤノキ
1740,軽米町歴史民俗資料館,岩手縣,地方文化館,3.9,11,地方文化館,Morioka Station,74.0,0.70,0.7800,0.2084,0.0633,0.5208,,40.3204500,141.4565400,Q123516953,軽米町 歴史民俗資料館
502,厚岸町郷土館,北海道,地方文化館,4.3,3,地方文化館,Sapporo Station,283.5,0.70,0.8600,0.1163,0.0173,0.5206,,43.0327650,144.8392190,Q105473971,厚岸町郷土館
3244,筑後市郷土資料館,福岡縣,市立博物館,3.8,13,市立博物館,Hakata Station,44.0,0.70,0.7600,0.2213,0.1021,0.5206,http://commons.wikimedia.org/wiki/Special:FilePath/Chikugo%20City%20Museum%2020161102.jpg,33.1987260,130.4862470,Q132173914,筑後市 郷土資料館
2180,碍子博物館,愛知縣,公司博物館,3.2,48,公司博物館,Nagoya Station,14.2,0.70,0.6400,0.3264,0.2601,0.5199,,35.2889111,136.9419306,Q6042227,NGK 株式会社 小牧事業所
2421,國立天文台三鷹園區,東京都,天文博物館,4.0,4,天文博物館,Tokyo Station,20.7,0.70,0.8000,0.1350,0.1943,0.5199,http://commons.wikimedia.org/wiki/Special:FilePath/First%20dome%20and%20solar%208-inch%20refractor%20NAOJ%202010.jpg,35.6754560,139.5376890,Q11421255,国立天文台展示室
1471,ミュージアム中仙道,岐阜縣,美術館,3.4,47,美術館,Gifu Station,43.6,0.70,0.6800,0.3247,0.1029,0.5197,,35.3666670,137.2343060,Q11342621,ミュージアム中仙道
2609,礫川浮世絵美術館,東京都,美術館,4.0,0,美術館,Tokyo Station,3.4,0.70,0.8000,0.0000,0.5974,0.5197,http://commons.wikimedia.org/wiki/Special:FilePath/Koishikawa%20Ukiyo-e%20Art%20Museum.JPG,35.7088889,139.7519444,Q3788661,NOT_FOUND
3953,南薩鉄道記念館,鹿兒島縣,鐵路博物館,3.9,7,鐵路博物館,Kagoshima-Chuo Station,27.7,0.70,0.7800,0.1744,0.1529,0.5196,http://commons.wikimedia.org/wiki/Special:FilePath/Nansatsu%20railway%20museum%20car%20storage.jpg,31.4207220,130.3200560,Q11408402,南薩鉄道記念館
3954,原野農芸博物館,鹿兒島縣,農業博物館,3.6,35,農業博物館,Kagoshima-Chuo Station,386.8,0.70,0.7200,0.3005,0.0128,0.5194,http://commons.wikimedia.org/wiki/Special:FilePath/Amami%20Island%20%28Harano%20Nogei%20Museum%29.jpg,28.2459320,129.4099600,Q123483310,原野農芸博物館
3441,取手市埋蔵文化財センター,茨城縣,埋藏文化財中心,3.4,52,埋藏文化財中心,Mito Station,64.1,0.70,0.6800,0.3330,0.0724,0.5191,,35.8900540,140.0827640,Q104696526,取手市埋蔵文化財センター
1128,にしぴりかの美術館,宮城縣,美術館,3.8,8,美術館,Sendai Station,20.7,0.70,0.7600,0.1843,0.1945,0.5187,http://commons.wikimedia.org/wiki/Special:FilePath/NishipirikanoArt.jpg,38.4463890,140.8836110,Q28692054,にしぴりかの美術館・nisipirica（にしぴりか）（就労継続支援B型）
213,アシックススポーツミュージアム,兵庫縣,公司博物館,4.0,0,公司博物館,Kobe Station,3.6,0.70,0.8000,0.0000,0.5793,0.5179,,34.6687361,135.2155889,Q118635241,NOT_FOUND
3929,米子市福市考古資料館,鳥取縣,考古博物館,3.4,52,考古博物館,Tottori Station,78.4,0.70,0.6800,0.3330,0.0600,0.5179,,35.4046460,133.3673110,Q104721871,福市考古資料館
1267,下関市烏山民俗資料館,山口縣,地方文化館,3.8,12,地方文化館,Yamaguchi Station,49.9,0.70,0.7600,0.2151,0.0911,0.5176,,34.1377250,130.9394780,Q131328929,下関市烏山民俗資料館
3675,おいらせ阿光坊古墳館,青森縣,考古博物館,3.9,9,考古博物館,Aomori Station,59.9,0.70,0.7800,0.1931,0.0771,0.5176,,40.6038600,141.3805380,Q133272957,おいらせ阿光坊古墳館
3928,米子市埋蔵文化財センター,鳥取縣,埋藏文化財中心,3.7,19,埋藏文化財中心,Tottori Station,78.4,0.70,0.7400,0.2512,0.0600,0.5174,,35.4009590,133.3679770,Q132916992,米子市埋蔵文化財センター
1372,掬粋巧芸館,山形縣,陶瓷博物館,3.9,7,陶瓷博物館,Yamagata Station,35.6,0.70,0.7800,0.1744,0.1231,0.5166,,38.0136389,140.0506944,Q11498377,掬粋巧芸館
52,錦タワー,三重縣,津波避難施設,3.8,12,津波避難施設,Tsu Station,57.8,0.70,0.7600,0.2151,0.0797,0.5165,http://commons.wikimedia.org/wiki/Special:FilePath/Nishiki%20tower.JPG,34.2228610,136.3983610,Q11650411,錦タワー
3938,鳥取市こども科学館,鳥取縣,科學博物館,2.9,9,科學博物館,Tottori Station,0.8,0.70,0.5800,0.1931,0.8652,0.5165,,35.4924910,134.2342020,Q138200504,鳥取市こども科学館
444,中標津町郷土館,北海道,博物館,3.6,30,博物館,Sapporo Station,297.8,0.70,0.7200,0.2880,0.0165,0.5161,,43.5535040,144.9707800,Q11366289,中標津町郷土館
2793,沖繩縣立博物館,沖繩縣,都道府县立博物馆,4.0,0,都道府县立博物馆,Naha Bus Terminal,3.9,0.70,0.8000,0.0000,0.5603,0.5160,http://commons.wikimedia.org/wiki/Special:FilePath/Okinawa%20Prefectural%20Museum.JPG,26.2205556,127.7175000,Q17219624,NOT_FOUND
1743,遠野城下町資料館,岩手縣,博物館,3.6,22,博物館,Morioka Station,53.3,0.70,0.7200,0.2630,0.0858,0.5155,http://commons.wikimedia.org/wiki/Special:FilePath/Tono-jokamachi-siryokan01n3872.jpg,39.3305000,141.5289170,Q11642423,遠野城下町資料館（要予約）
1745,遠野蔵の道ギャラリー,岩手縣,博物館,3.6,22,博物館,Morioka Station,53.2,0.70,0.7200,0.2630,0.0860,0.5155,http://commons.wikimedia.org/wiki/Special:FilePath/Kura-no-michi%20gallery02n3200.jpg,39.3310000,141.5279440,Q11642436,遠野城下町資料館（要予約）
27,木曽岬町立文化資料館,三重縣,博物館,3.9,7,博物館,Tsu Station,43.0,0.70,0.7800,0.1744,0.1042,0.5147,http://commons.wikimedia.org/wiki/Special:FilePath/%E6%9C%A8%E6%9B%BD%E5%B2%AC%E7%94%BA%E7%AB%8B%E6%96%87%E5%8C%96%E8%B3%87%E6%96%99%E9%A4%A8.jpg,35.0754750,136.7306390,Q11518541,木曽岬町立文化資料館
1254,高岡市福岡歴史民俗資料館,富山縣,博物館,3.4,31,博物館,Toyama Station,27.4,0.70,0.6800,0.2907,0.1545,0.5147,,36.7147778,136.9065556,Q117043485,高岡市福岡歴史民俗資料館
2300,長岡市青少年文化センター,新潟縣,文化中心,3.5,29,文化中心,Niigata Station,54.7,0.70,0.7000,0.2852,0.0837,0.5139,http://commons.wikimedia.org/wiki/Special:FilePath/Nagaoka%20City%20Seisyonen%20Bunka%20Center.jpg,37.4461111,138.8619444,Q17225142,青少年文化センター
1755,かけや酒蔵資料館,島根縣,日本清酒博物館,3.8,9,日本清酒博物館,Matsue Station,37.4,0.70,0.7600,0.1931,0.1178,0.5137,http://commons.wikimedia.org/wiki/Special:FilePath/Kakeya%20sakagura%20museum.jpg,35.1926690,132.8190770,Q132450989,かけや酒蔵資料館
1648,和気町歴史民俗資料館,岡山縣,民俗博物館,3.5,22,民俗博物館,Okayama Station,29.0,0.70,0.7000,0.2630,0.1472,0.5136,http://commons.wikimedia.org/wiki/Special:FilePath/Waketown-rekishiminzoku.jpg,34.8193610,134.1754290,Q11417731,和気町 歴史民俗資料館
1133,サトル・サトウ・アート・ミュージアム,宮城縣,美術館,3.6,21,美術館,Sendai Station,59.9,0.70,0.7200,0.2592,0.0770,0.5135,http://commons.wikimedia.org/wiki/Special:FilePath/Satoru%20museum-1-.jpg,38.7190833,141.2435000,Q11304896,サトル・サトウ・アート・ミュージアム
1259,魚津歴史民俗博物館,富山縣,民俗博物館,3.4,28,民俗博物館,Toyama Station,25.2,0.70,0.6800,0.2824,0.1657,0.5133,,36.8261111,137.4490278,Q11674043,魚津歴史民俗博物館
217,ダイセル異人館,兵庫縣,历史房屋博物馆,3.5,28,历史房屋博物馆,Kobe Station,54.5,0.70,0.7000,0.2824,0.0841,0.5131,http://commons.wikimedia.org/wiki/Special:FilePath/181208%20Daicel-Ijinkan%20Clubhouse%20Himeji%20Hyogo%20pref%20Japan01bs3.jpg,34.7803890,134.5947780,Q60988333,ダイセル異人館
2576,浅草公園水族館,東京都,水族館,4.0,0,水族館,Tokyo Station,4.4,0.70,0.8000,0.0000,0.5297,0.5130,http://commons.wikimedia.org/wiki/Special:FilePath/Asakusa%20Park%20Aquarium%201935.jpg,35.7143060,139.7945830,Q11557221,NOT_FOUND
1068,高槻市立歴史民俗資料館,大阪府,历史房屋博物馆,3.2,45,历史房屋博物馆,Osaka Station,19.4,0.70,0.6400,0.3211,0.2049,0.5128,http://commons.wikimedia.org/wiki/Special:FilePath/Takatsuki-archives-museum%200.jpg,34.8425340,135.6225730,Q11670799,高槻市立歴史民俗資料館
2366,下町風俗資料館付設展示場,東京都,酒博物館,4.0,0,酒博物館,Tokyo Station,4.5,0.70,0.8000,0.0000,0.5275,0.5128,http://commons.wikimedia.org/wiki/Special:FilePath/Old%20Yoshida%20Sake%20Store%20-%20Taito-ku%2C%20Tokyo%2C%20Japan%20-%20DSC08908.JPG,35.7213530,139.7708760,Q59268117,NOT_FOUND
2396,凌雲閣,東京都,觀光塔,4.0,0,觀光塔,Tokyo Station,4.5,0.70,0.8000,0.0000,0.5260,0.5126,http://commons.wikimedia.org/wiki/Special:FilePath/Jintan%2012kai%20cropped.jpg,35.7157443,139.7931625,Q3071089,NOT_FOUND
3447,境町歴史民俗資料館,茨城縣,民俗博物館,3.4,40,民俗博物館,Mito Station,66.0,0.70,0.6800,0.3114,0.0704,0.5125,http://commons.wikimedia.org/wiki/Special:FilePath/History%20and%20Folklore%20Museum%20in%20Sakai%20Town.JPG,36.1208890,139.8084720,Q11429068,境町歴史民俗資料館
3588,小諸市立小諸義塾記念館,長野縣,教育博物館,3.6,17,教育博物館,Nagano Station,40.8,0.70,0.7200,0.2424,0.1092,0.5116,http://commons.wikimedia.org/wiki/Special:FilePath/Komoro%20Gijuku%20Memorial%20Hall.jpg,36.3267879,138.4202686,Q11463705,小諸義塾記念館
641,稲穂ふれあい研修センター内 奥尻町歴史民俗資料館,北海道,博物館,3.7,17,博物館,Sapporo Station,173.6,0.70,0.7400,0.2424,0.0280,0.5115,,42.2400600,139.5513780,Q104240125,稲穂ふれあい研修センター
975,交通科學博物館,大阪府,鐵路博物館,4.0,0,鐵路博物館,Osaka Station,4.7,0.70,0.8000,0.0000,0.5150,0.5115,http://commons.wikimedia.org/wiki/Special:FilePath/Modern-Transportaion-Museum.jpg,34.6707000,135.4619000,Q6888914,NOT_FOUND
2615,秩父宮記念スポーツ博物館,東京都,體育博物館,4.0,0,體育博物館,Tokyo Station,4.7,0.70,0.8000,0.0000,0.5135,0.5114,http://commons.wikimedia.org/wiki/Special:FilePath/Sports%202006%201009.JPG,35.6791667,139.7147222,Q11596124,NOT_FOUND
2762,伊是名村ふれあい民俗館,沖繩縣,民俗博物館,3.6,21,民俗博物館,Naha Bus Terminal,83.2,0.70,0.7200,0.2592,0.0567,0.5114,http://commons.wikimedia.org/wiki/Special:FilePath/Izenamuse.jpg,26.9227400,127.9409370,Q132156661,伊是名村ふれあい民俗館
3915,山陰伯耆国米子アジア博物館,鳥取縣,アジア美術館,3.2,78,アジア美術館,Tottori Station,86.9,0.70,0.6400,0.3665,0.0544,0.5114,,35.4949320,133.2657190,Q130808021,山陰伯耆国米子アジア博物館
3322,郡山市野鳥の森学習館,福島縣,動物学博物館,3.6,17,動物学博物館,Fukushima Station,42.3,0.70,0.7200,0.2424,0.1057,0.5113,http://commons.wikimedia.org/wiki/Special:FilePath/Koriyama%20Museum%20of%20Birds1.jpg,37.3813060,140.3637780,Q24867517,郡山市 野鳥の森学習館
967,はりきゅうミュージアム,大阪府,私人博物館,4.0,0,私人博物館,Osaka Station,4.8,0.70,0.8000,0.0000,0.5082,0.5108,,34.6786111,135.5401389,Q86744876,NOT_FOUND
1152,化女沼レジャーランド,宮城縣,主題樂園,3.4,32,主題樂園,Sendai Station,42.0,0.70,0.6800,0.2932,0.1063,0.5106,http://commons.wikimedia.org/wiki/Special:FilePath/Kejonumarejaarando.JPG,38.6322778,140.9664444,Q11400686,化女沼
811,田辺市立歴史民俗資料館,和歌山縣,民俗博物館,3.8,9,民俗博物館,Wakayama Station,58.9,0.70,0.7600,0.1931,0.0782,0.5098,http://commons.wikimedia.org/wiki/Special:FilePath/Tanabe%20City%20International%20Exchange%20Center%20TANABERU%20ac.jpg,33.7265944,135.3824333,Q18337271,田辺市立歴史民俗資料館
2040,とこなめ陶の森陶芸研究所,愛知縣,陶艺工作室,3.6,14,陶艺工作室,Nagoya Station,31.7,0.70,0.7200,0.2271,0.1362,0.5098,http://commons.wikimedia.org/wiki/Special:FilePath/Tokoname%20Ceramic%20Research%20Institute%20ac%20%281%29.jpg,34.8868465,136.8505975,Q117220457,とこなめ陶の森陶芸研究所
2575,池袋防災館,東京都,博物館,4.0,0,博物館,Tokyo Station,5.0,0.70,0.8000,0.0000,0.4984,0.5098,http://commons.wikimedia.org/wiki/Special:FilePath/Ikebukuro%20Fire%20Station.JPG,35.7039080,139.8153090,Q85881822,NOT_FOUND
226,丹波市立柏原歴史民俗資料館,兵庫縣,民俗博物館,3.6,17,民俗博物館,Kobe Station,50.7,0.70,0.7200,0.2424,0.0898,0.5097,http://commons.wikimedia.org/wiki/Special:FilePath/Kaibara-cho%20historical%20museum01%201920.jpg,35.1285280,135.0815280,Q11533694,丹波市立柏原歴史民俗資料館
1696,サトウハチロー記念館,岩手縣,人物紀念館,3.4,32,人物紀念館,Morioka Station,47.7,0.70,0.6800,0.2932,0.0949,0.5095,http://commons.wikimedia.org/wiki/Special:FilePath/Sato%20Hachiro%20Memorial%20Hall02s3200.jpg,39.2728890,141.1278060,Q11304875,サトウハチロー記念館
1175,栗原市一迫埋蔵文化財センター,宮城縣,埋藏文化財中心,3.6,17,埋藏文化財中心,Sendai Station,53.9,0.70,0.7200,0.2424,0.0849,0.5092,,38.7420560,140.9471080,Q132911456,栗原市一迫埋蔵文化財センター 山王ろまん館
2657,郵政博物館,東京都,郵政博物館,4.0,0,郵政博物館,Tokyo Station,5.2,0.70,0.8000,0.0000,0.4901,0.5090,http://commons.wikimedia.org/wiki/Special:FilePath/Messenger%20Bike%20of%20Postal%20Museum%20Japan.jpg,35.7100000,139.8125000,Q17225229,NOT_FOUND
453,優佳良織工芸館,北海道,工藝博物館,3.9,7,工藝博物館,Sapporo Station,110.0,0.70,0.7800,0.1744,0.0435,0.5087,http://commons.wikimedia.org/wiki/Special:FilePath/Yukara%20Ori%20Craft%20Museum-20160725.jpg,43.7719444,142.3083333,Q11387679,優佳良織工芸館
1373,文下のケヤキ,山形縣,巨樹,3.6,18,巨樹,Yamagata Station,70.8,0.70,0.7200,0.2469,0.0660,0.5087,http://commons.wikimedia.org/wiki/Special:FilePath/Hodashi%20no%20Keyaki%20B.jpg,38.7653889,139.8515278,Q110777276,文下のケヤキ
1393,舟形町歴史民俗資料館,山形縣,博物館,3.6,16,博物館,Yamagata Station,48.0,0.70,0.7200,0.2376,0.0944,0.5087,,38.6802778,140.3250000,Q28693174,舟形町 歴史民俗資料館
308,朝来市朝来歴史民俗資料館,兵庫縣,日本博物館,3.8,9,日本博物館,Kobe Station,70.2,0.70,0.7600,0.1931,0.0665,0.5086,http://commons.wikimedia.org/wiki/Special:FilePath/Map%20of%20Hyogo%20Prefecture%20Ja.svg,35.2408890,134.8267220,Q134318171,朝来歴史民俗資料館
1067,高槻市立埋蔵文化財調査センター,大阪府,埋藏文化財中心,3.7,7,埋藏文化財中心,Osaka Station,19.7,0.70,0.7400,0.1744,0.2026,0.5086,http://commons.wikimedia.org/wiki/Special:FilePath/150118Archaeological%20Research%20Center%20of%20Takatsuki%20City%20Osaka%20pref%20Japan01n.jpg,34.8623700,135.5882460,Q11670779,高槻市立埋蔵文化財調査センター
3968,川上中学校 校舎,鹿兒島縣,建成遗产,3.8,8,建成遗产,Kagoshima-Chuo Station,51.2,0.70,0.7600,0.1843,0.0890,0.5082,http://commons.wikimedia.org/wiki/Special:FilePath/Kawakami1%20b%20%28Kimotsuki%29.jpg,31.2841500,130.9503000,Q126679296,川上中学校の木造校舎
516,夕張市美術館,北海道,美術館,3.2,58,美術館,Sapporo Station,50.7,0.70,0.6400,0.3420,0.0897,0.5076,http://commons.wikimedia.org/wiki/Special:FilePath/Yubari%20Municipal%20Art%20Museum%20Collapse.JPG,43.0580000,141.9750000,Q135972050,夕張市役所
399,鶴林寺宝物館,兵庫縣,宝物館,3.7,9,宝物館,Kobe Station,32.5,0.70,0.7400,0.1931,0.1333,0.5073,http://commons.wikimedia.org/wiki/Special:FilePath/Kakogawa%20Kakurinji35n4592.jpg,34.7520220,134.8334680,Q104721589,鶴林寺宝物館
1889,海の見える杜美術館,廣島縣,美術館,2.4,471,美術館,Hiroshima Station,19.6,0.70,0.4800,0.5164,0.2036,0.5073,http://commons.wikimedia.org/wiki/Special:FilePath/Uminomierumori-bijutsukan.jpg,34.3267780,132.2802780,Q11558629,海の見える杜美術館
518,大倉山跳台競技場,北海道,skiing stadium,4.0,0,skiing stadium,Sapporo Station,5.6,0.70,0.8000,0.0000,0.4712,0.5071,http://commons.wikimedia.org/wiki/Special:FilePath/Okurayama%20August%202007.jpg,43.0506667,141.2863056,Q385351,NOT_FOUND
2394,八音琴博物馆,東京都,博物館,4.0,0,博物館,Tokyo Station,5.7,0.70,0.8000,0.0000,0.4664,0.5066,http://commons.wikimedia.org/wiki/Special:FilePath/Orugoru%20no%20Chiisana%20Hakubutsukan.JPG,35.7189167,139.7240278,Q3815510,NOT_FOUND
1483,串原郷土館,岐阜縣,历史房屋博物馆,3.8,8,历史房屋博物馆,Gifu Station,65.7,0.70,0.7600,0.1843,0.0708,0.5064,,35.2369444,137.4485556,Q111430910,恵那市 串原郷土館
1947,阿波市立土成歴史館,德島縣,歷史博物館,3.4,18,歷史博物館,Tokushima Station,19.9,0.70,0.6800,0.2469,0.2005,0.5061,,34.1149444,134.3400833,Q48759843,阿波市立土成歴史館
2193,茶臼山 高原の美術館,愛知縣,美術館,3.6,16,美術館,Nagoya Station,70.8,0.70,0.7200,0.2376,0.0660,0.5059,,35.2209640,137.6582110,Q11618013,茶臼山高原美術館
391,頴川美術館,兵庫縣,美術館,3.7,6,美術館,Kobe Station,19.0,0.70,0.7400,0.1632,0.2079,0.5058,http://commons.wikimedia.org/wiki/Special:FilePath/Egawa%20Art%20Museum.jpg,34.7668890,135.3573610,Q11664968,頴川美術館
1801,桑原史成写真美術館,島根縣,攝影博物館,3.8,9,攝影博物館,Matsue Station,161.1,0.70,0.7600,0.1931,0.0301,0.5049,http://commons.wikimedia.org/wiki/Special:FilePath/Kuwabara%20Shisei%20Photographic%20Art%20Museum%2020170503-2.jpg,34.4723240,131.7741550,Q132449680,桑原史成写真美術館
2417,回憶橫丁,東京都,日本の商店街,4.0,0,日本の商店街,Tokyo Station,6.2,0.70,0.8000,0.0000,0.4446,0.5045,http://commons.wikimedia.org/wiki/Special:FilePath/Shinjuku-West%20Omoide-Yokocho.jpg,35.6930700,139.6995000,Q11501868,NOT_FOUND
2439,天文博物館五島プラネタリウム,東京都,天象儀,4.0,0,天象儀,Tokyo Station,6.3,0.70,0.8000,0.0000,0.4436,0.5044,http://commons.wikimedia.org/wiki/Special:FilePath/Tokyu%20Bunka%20Kaikan%202006%20Tokyo.jpg,35.6588890,139.7033330,Q11442649,NOT_FOUND
2557,森ビル デジタルアート ミュージアム：エプソン チームラボボーダレス,東京都,美術館,4.0,0,美術館,Tokyo Station,6.3,0.70,0.8000,0.0000,0.4436,0.5044,,35.6263060,139.7830000,Q104235671,NOT_FOUND
2145,春日井市立郷土館,愛知縣,地方文化館,3.5,8,地方文化館,Nagoya Station,12.3,0.70,0.7000,0.1843,0.2892,0.5042,http://commons.wikimedia.org/wiki/Special:FilePath/Kyoudokan%203.jpg,35.2481111,136.9783056,Q79397568,春日井市立郷土館
2667,電力館,東京都,公司博物館,4.0,0,公司博物館,Tokyo Station,6.3,0.70,0.8000,0.0000,0.4422,0.5042,http://commons.wikimedia.org/wiki/Special:FilePath/TEPCO%20Museum%201.jpg,35.6633330,139.7008330,Q11269420,NOT_FOUND
2201,豊島記念資料館,愛知縣,織物博物館,3.4,14,織物博物館,Nagoya Station,15.9,0.70,0.6800,0.2271,0.2392,0.5041,http://commons.wikimedia.org/wiki/Special:FilePath/Toyoshima%20Memorial%20Museum%20ac%20%283%29.jpg,35.2981944,136.8016111,Q60580229,一宮市 豊島記念資料館
3115,赤星直忠博士文化財資料館,神奈川縣,人物紀念館,4.0,2,人物紀念館,Yokohama Station,26.5,0.70,0.8000,0.0921,0.1589,0.5035,,35.2282778,139.6204722,Q102045964,赤星直忠博士文化財資料館
3275,中山義秀記念文学館,福島縣,博物館,3.6,14,博物館,Fukushima Station,64.1,0.70,0.7200,0.2271,0.0724,0.5034,,37.2029170,140.2475000,Q11364267,中山義秀記念文学館
1453,都留市商家資料館,山梨縣,历史房屋博物馆,3.5,15,历史房屋博物馆,Kofu Station,33.3,0.70,0.7000,0.2325,0.1306,0.5028,http://commons.wikimedia.org/wiki/Special:FilePath/Appearance%20of%20Turu%20City%20merchant%20museum.jpg,35.5510000,138.9078333,Q28688227,都留市商家資料館
1022,大阪音楽大学音楽博物館,大阪府,博物館,4.0,0,博物館,Osaka Station,6.7,0.70,0.8000,0.0000,0.4272,0.5027,,34.7564170,135.4630830,Q11441681,NOT_FOUND
703,千葉県立中央博物館大多喜城分館,千葉縣,歷史博物館,3.6,11,歷史博物館,Chiba Station,38.2,0.70,0.7200,0.2084,0.1158,0.5021,http://commons.wikimedia.org/wiki/Special:FilePath/Otaki%20Castle%2002.jpg,35.2858880,140.2394060,Q30267440,千葉県立中央博物館大多喜城分館 研修館
704,千葉県立中央博物館大多喜城分館 研修館,千葉縣,博物館,3.6,11,博物館,Chiba Station,38.2,0.70,0.7200,0.2084,0.1159,0.5021,http://commons.wikimedia.org/wiki/Special:FilePath/%C5%8Ctaki%20Castle%20Kensh%C5%ABkan%2014.jpg,35.2858840,140.2388210,Q133843447,千葉県立中央博物館大多喜城分館 研修館
2658,郵票博物館,東京都,切手博物館,4.0,0,切手博物館,Tokyo Station,6.9,0.70,0.8000,0.0000,0.4199,0.5020,http://commons.wikimedia.org/wiki/Special:FilePath/Kitte%20no%20Hakubutsukan.JPG,35.7183560,139.7057880,Q11396206,NOT_FOUND
1835,おのみち歴史博物館,廣島縣,歷史博物館,3.1,67,歷史博物館,Hiroshima Station,66.9,0.70,0.6200,0.3539,0.0695,0.5011,http://commons.wikimedia.org/wiki/Special:FilePath/Onomichi%20Historical%20Museum01s3200.jpg,34.4097667,133.2048722,Q11262079,おのみち歴史博物館
2442,季節美術館,東京都,美術館,4.0,0,美術館,Tokyo Station,7.2,0.70,0.8000,0.0000,0.4097,0.5010,http://commons.wikimedia.org/wiki/Special:FilePath/SEIBU%20DEPARTMENT%20STORES%20ILLUMS%20BUILDING.jpg,35.7277778,139.7116667,Q11314324,NOT_FOUND
2132,愛知学院大学歯学部歯科資料展示室,愛知縣,大學博物館,4.0,0,大學博物館,Nagoya Station,7.2,0.70,0.8000,0.0000,0.4088,0.5009,http://commons.wikimedia.org/wiki/Special:FilePath/Aichi%20Gakuin%20University%20Kusumoto%20Campus%2020151012.JPG,35.1679610,136.9609780,Q11494039,NOT_FOUND
1804,水の国,島根縣,博物館,4.0,3,博物館,Matsue Station,80.2,0.70,0.8000,0.1163,0.0587,0.5007,http://commons.wikimedia.org/wiki/Special:FilePath/Mizunokuni%20park%20and%20museum.JPG,34.9643056,132.4268889,Q11548167,水の国
1262,あざかみ美術館,山口縣,美術館,4.0,2,美術館,Yamaguchi Station,33.6,0.70,0.8000,0.0921,0.1296,0.5006,,33.9975710,131.1827630,Q132482997,あざかみ美術館
2027,霧の森茶フェミュージアム,愛媛縣,茶博物館,4.0,3,茶博物館,Matsuyama Station,82.7,0.70,0.8000,0.1163,0.0570,0.5006,,33.9245820,133.6410650,Q123536897,新宮茶ミュージアム（道の駅 霧の森）
706,千葉経済大学地域経済博物館,千葉縣,博物館,3.0,5,博物館,Chiba Station,1.6,0.70,0.6000,0.1503,0.7520,0.5003,,35.6281290,140.1110970,Q104696864,千葉経済大学地域経済博物館
1007,大阪市立環境学習センター,大阪府,博物館,4.0,0,博物館,Osaka Station,7.6,0.70,0.8000,0.0000,0.3958,0.4996,http://commons.wikimedia.org/wiki/Special:FilePath/Ikiiki%20chikyukan1.jpg,34.7121110,135.5785830,Q11440634,NOT_FOUND
3313,種徳美術館,福島縣,美術館,3.3,12,美術館,Fukushima Station,11.2,0.70,0.6600,0.2151,0.3087,0.4994,,37.8434080,140.5184120,Q132201722,種徳美術館
1491,各務原市埋蔵文化財調査センター,岐阜縣,埋藏文化財中心,4.0,0,埋藏文化財中心,Gifu Station,7.9,0.70,0.8000,0.0000,0.3881,0.4988,,35.4001389,136.8425833,Q113872045,NOT_FOUND
3320,郡山市歴史資料館,福島縣,歷史博物館,3.3,27,歷史博物館,Fukushima Station,40.7,0.70,0.6600,0.2795,0.1094,0.4988,http://commons.wikimedia.org/wiki/Special:FilePath/%E9%83%A1%E5%B1%B1%E5%B8%82%E6%AD%B4%E5%8F%B2%E8%B3%87%E6%96%99%E9%A4%A8.jpg,37.3945556,140.3729722,Q28475533,郡山市歴史資料館
1177,気仙沼市大谷鉱山歴史資料館,宮城縣,礦業博物館,3.2,46,礦業博物館,Sendai Station,83.4,0.70,0.6400,0.3229,0.0566,0.4985,http://commons.wikimedia.org/wiki/Special:FilePath/Oya%20Gold%20Mine%20Historical%20Museum.jpg,38.8146670,141.5273610,Q11548030,大谷鉱山歴史資料館
2621,紙的博物館,東京都,紙博物館,4.0,0,紙博物館,Tokyo Station,8.1,0.70,0.8000,0.0000,0.3830,0.4983,http://commons.wikimedia.org/wiki/Special:FilePath/Paper%20Museum.jpg,35.7498611,139.7386944,Q11605492,NOT_FOUND
974,三得利博物館,大阪府,美術館,4.0,0,美術館,Osaka Station,8.1,0.70,0.8000,0.0000,0.3816,0.4982,http://commons.wikimedia.org/wiki/Special:FilePath/DSC%200301%20Suntory%20Museum.jpg,34.6538000,135.4300000,Q11249107,NOT_FOUND
1493,各務原市歴史民俗資料館,岐阜縣,民俗博物館,3.3,8,民俗博物館,Gifu Station,7.9,0.70,0.6600,0.1843,0.3878,0.4981,http://commons.wikimedia.org/wiki/Special:FilePath/Kakamigahara-City-Chuou-Library-1.jpg,35.4000500,136.8426811,Q11412319,各務原市歴史民俗資料館
1498,坂内民俗資料館,岐阜縣,历史房屋博物馆,4.0,2,历史房屋博物馆,Gifu Station,42.6,0.70,0.8000,0.0921,0.1049,0.4981,,35.6148333,136.3587222,Q113482103,坂内歴史民俗資料館
1604,高山市風土記の丘学習センター,岐阜縣,埋藏文化財中心,3.8,6,埋藏文化財中心,Gifu Station,93.6,0.70,0.7600,0.1632,0.0507,0.4980,,36.1606111,137.2226667,Q120636023,高山市風土記の丘学習センター
1301,岩国徴古館,山口縣,歷史博物館,3.6,11,歷史博物館,Yamaguchi Station,64.1,0.70,0.7200,0.2084,0.0723,0.4978,http://commons.wikimedia.org/wiki/Special:FilePath/Iwakuni%20Chokokan%20ac%20%281%29.jpg,34.1709370,132.1771950,Q98456383,酒井酒造美術館・五橋文庫
1280,吉川史料館,山口縣,歷史博物館,3.6,11,歷史博物館,Yamaguchi Station,64.2,0.70,0.7200,0.2084,0.0723,0.4977,http://commons.wikimedia.org/wiki/Special:FilePath/View%20of%20Kikkawa%20Historical%20Museum.jpg,34.1704444,132.1776944,Q98231521,酒井酒造美術館・五橋文庫
1331,酒井酒造美術館・五橋文庫,山口縣,美術館,3.6,11,美術館,Yamaguchi Station,64.2,0.70,0.7200,0.2084,0.0722,0.4977,,34.1693990,132.1778860,Q131329187,酒井酒造美術館・五橋文庫
1519,岐南町歴史民俗資料館,岐阜縣,博物館,3.1,7,博物館,Gifu Station,3.7,0.70,0.6200,0.1744,0.5735,0.4977,http://commons.wikimedia.org/wiki/Special:FilePath/Ginantyou%20rekisiminzoku%20siryoukan.JPG,35.3822500,136.7809250,Q11471273,岐南町歴史民俗資料館
114,古田織部美術館,京都府,美術館,4.0,0,美術館,Kyoto Station,8.3,0.70,0.8000,0.0000,0.3748,0.4975,http://commons.wikimedia.org/wiki/Special:FilePath/%E5%8F%A4%E7%94%B0%E7%B9%94%E9%83%A8%E7%BE%8E%E8%A1%93%E9%A4%A8%E5%A4%96%E8%A6%B3.jpg,35.0576940,135.7327500,Q17230147,NOT_FOUND
3972,日本マンダリンセンター,鹿兒島縣,食物博物館,3.2,43,食物博物館,Kagoshima-Chuo Station,76.2,0.70,0.6400,0.3174,0.0616,0.4974,,32.1986320,130.1856920,Q133054732,日本マンダリンセンター
557,新ひだか町アイヌ民俗資料館,北海道,アイヌ博物館,3.8,6,アイヌ博物館,Sapporo Station,117.3,0.70,0.7600,0.1632,0.0409,0.4970,http://commons.wikimedia.org/wiki/Special:FilePath/01%E6%96%B0%E3%81%B2%E3%81%A0%E3%81%8B%E3%82%A2%E3%82%A4%E3%83%8C%E8%B3%87%E6%96%99%E9%A4%A8IMG%206310.jpg,42.3303060,142.3768060,Q17217927,新ひだか町アイヌ文化交流センター
3248,西鐵香椎花園,福岡縣,主題樂園,4.0,0,主題樂園,Hakata Station,8.6,0.70,0.8000,0.0000,0.3669,0.4967,http://commons.wikimedia.org/wiki/Special:FilePath/Kashii-kaen.jpg,33.6668890,130.4348890,Q11629923,NOT_FOUND
381,豐雲記念館,兵庫縣,人物紀念館,4.0,0,人物紀念館,Kobe Station,8.7,0.70,0.8000,0.0000,0.3663,0.4966,http://commons.wikimedia.org/wiki/Special:FilePath/Houn%20Memorial%20Museum12s3200.jpg,34.7271110,135.2529440,Q11634295,NOT_FOUND
731,成田山書道美術館,千葉縣,書法美術館,3.3,20,書法美術館,Chiba Station,27.0,0.70,0.6600,0.2553,0.1561,0.4962,http://commons.wikimedia.org/wiki/Special:FilePath/NaritasanShodoBijutsukan20131012.jpg,35.7875330,140.3221560,Q132718850,成田山霊光館
732,成田山霊光館,千葉縣,博物館,3.3,20,博物館,Chiba Station,27.0,0.70,0.6600,0.2553,0.1563,0.4962,,35.7882090,140.3205080,Q104696843,成田山霊光館
2046,アイ・ファイン,愛知縣,人物紀念館,4.0,0,人物紀念館,Nagoya Station,8.8,0.70,0.8000,0.0000,0.3621,0.4962,http://commons.wikimedia.org/wiki/Special:FilePath/I-fain%28Ichiro%20Museum%29%2020150412.JPG,35.2428420,136.9220560,Q11282560,NOT_FOUND
2509,東京ごみ戦争歴史みらい館,東京都,歷史博物館,3.5,6,歷史博物館,Tokyo Station,13.5,0.70,0.7000,0.1632,0.2704,0.4960,,35.6838889,139.6177778,Q48750957,東京ごみ戦争歴史みらい館
658,莫埃來沼公園,北海道,総合公園 (日本),4.0,0,総合公園 (日本),Sapporo Station,8.9,0.70,0.8000,0.0000,0.3590,0.4959,http://commons.wikimedia.org/wiki/Special:FilePath/Moere02.jpg,43.1244722,141.4299139,Q1298335,NOT_FOUND
1686,鏡野町奥津歴史資料館,岡山縣,地方文化館,3.7,7,地方文化館,Okayama Station,62.1,0.70,0.7400,0.1744,0.0745,0.4958,,35.2249680,133.9200000,Q123516965,鏡野町 奥津歴史資料館
3204,天空之夢福岡,福岡縣,摩天輪,4.0,0,摩天輪,Hakata Station,9.1,0.70,0.8000,0.0000,0.3543,0.4954,http://commons.wikimedia.org/wiki/Special:FilePath/SkyDreamFukuoka%20%26%20EvergreenMarinoa.jpg,33.5956845,130.3225279,Q907464,NOT_FOUND
309,村岡民俗資料館まほろば,兵庫縣,博物館,3.6,11,博物館,Kobe Station,102.8,0.70,0.7200,0.2084,0.0464,0.4952,http://commons.wikimedia.org/wiki/Special:FilePath/Mahoroba02s2816.jpg,35.4719440,134.5961670,Q11523199,村岡民俗資料館 まほろば
337,矢野勘治紀念館,兵庫縣,人物紀念館,4.0,2,人物紀念館,Kobe Station,61.6,0.70,0.8000,0.0921,0.0751,0.4951,http://commons.wikimedia.org/wiki/Special:FilePath/Kajokan%20Tatsuno02n4592.jpg,34.8677220,134.5436390,Q11660828,矢野勘治記念館
3651,象山紀念館,長野縣,人物紀念館,4.0,0,人物紀念館,Nagano Station,9.4,0.70,0.8000,0.0000,0.3479,0.4948,http://commons.wikimedia.org/wiki/Special:FilePath/Zozan%20Memorial%20Hall.jpg,36.5590280,138.1977500,Q11634350,NOT_FOUND
1021,大阪芸術大学博物館,大阪府,大學博物館,4.0,1,大學博物館,Osaka Station,24.4,0.70,0.8000,0.0581,0.1700,0.4944,,34.5123240,135.6292180,Q123508358,大阪芸術大学博物館
2129,復古電車館,愛知縣,鐵路博物館,4.0,0,鐵路博物館,Nagoya Station,9.6,0.70,0.8000,0.0000,0.3420,0.4942,http://commons.wikimedia.org/wiki/Special:FilePath/Nagoya%20City%20Tram%20%26%20Subway%20Museum%2002.JPG,35.1866528,136.9855944,Q11349820,NOT_FOUND
3623,池田滿壽夫美術館,長野縣,人物紀念館,3.4,5,人物紀念館,Nagano Station,8.8,0.70,0.6800,0.1503,0.3633,0.4934,http://commons.wikimedia.org/wiki/Special:FilePath/Ikeda%20Masuo%20Art%20Museum.jpg,36.5644440,138.1966670,Q11552021,池田満寿夫美術館
904,蓑虫美術館,埼玉縣,美術館,4.0,0,美術館,Omiya Station,10.0,0.70,0.8000,0.0000,0.3333,0.4933,http://commons.wikimedia.org/wiki/Special:FilePath/%E8%93%91%E8%99%AB%E7%BE%8E%E8%A1%93%E9%A4%A8%20MinomushiMuseum%20MNMSM.jpg,35.9888890,139.6683330,Q109364231,NOT_FOUND
2002,愛媛文華館,愛媛縣,美術館,3.6,7,美術館,Matsuyama Station,34.2,0.70,0.7200,0.1744,0.1276,0.4931,http://commons.wikimedia.org/wiki/Special:FilePath/Ehime%20Bunkakan.jpg,34.0642780,133.0051670,Q17219850,愛媛文華館
805,松山常次郎記念館,和歌山縣,历史房屋博物馆,3.5,10,历史房屋博物馆,Wakayama Station,34.5,0.70,0.7000,0.2011,0.1264,0.4930,,34.2920830,135.5598890,Q11529857,松山常次郎記念館
1527,岐阜県文化財保護センター,岐阜縣,博物館,3.3,7,博物館,Gifu Station,8.6,0.70,0.6600,0.1744,0.3665,0.4930,,35.4780833,136.8000000,Q109357902,岐阜県文化財保護センター
1096,富本憲吉紀念館,奈良縣,美術館,4.0,0,美術館,Nara Station,10.2,0.70,0.8000,0.0000,0.3288,0.4929,http://commons.wikimedia.org/wiki/Special:FilePath/Kenkichi%20Tomimoto%20Memorial%20Hall03s3200.jpg,34.6041000,135.7570000,Q3788874,NOT_FOUND
3106,茅ヶ崎市民俗資料館,神奈川縣,民俗博物館,3.4,11,民俗博物館,Yokohama Station,22.3,0.70,0.6800,0.2084,0.1833,0.4929,,35.3624167,139.4124722,Q113547154,茅ヶ崎市民俗資料館（旧和田家）
285,山之小美術館,兵庫縣,美術館,4.0,0,美術館,Kobe Station,10.5,0.70,0.8000,0.0000,0.3217,0.4922,,34.7588889,135.2411111,Q11392465,NOT_FOUND
1946,阿波大正浪漫 バルトの庭,德島縣,电影布景,4.0,0,电影布景,Tokushima Station,10.7,0.70,0.8000,0.0000,0.3189,0.4919,http://commons.wikimedia.org/wiki/Special:FilePath/140712%20Baruto-no-niwa%20in%20Bando%20Naruto%20Tokushima%20pref%20Japan19bs7.jpg,34.1590278,134.4965556,Q11657519,NOT_FOUND
2044,もののけの里,愛知縣,主題公園,2.4,253,主題公園,Nagoya Station,19.3,0.70,0.4800,0.4644,0.2061,0.4919,http://commons.wikimedia.org/wiki/Special:FilePath/Entrance%20of%20Mononoke%20Village%20-%201.jpg,35.1763889,137.0933333,Q134425023,もののけの里
725,川村紀念美術館,千葉縣,美術館,4.0,0,美術館,Chiba Station,10.7,0.70,0.8000,0.0000,0.3178,0.4918,http://commons.wikimedia.org/wiki/Special:FilePath/Kawamura%20kinen%20museam.jpg,35.6532500,140.2213700,Q6379617,NOT_FOUND
2522,東京女子医科大学史料室　吉岡彌生記念室,東京都,博物館,3.3,3,博物館,Tokyo Station,4.6,0.70,0.6600,0.1163,0.5223,0.4911,,35.6975510,139.7206370,Q104698247,東京女子医科大学 吉岡彌生記念室
3507,里田原歴史民俗資料館,長崎縣,考古博物館,3.8,4,考古博物館,Nagasaki Station,72.3,0.70,0.7600,0.1350,0.0647,0.4910,,33.3583890,129.5911670,Q11644616,里田原支石墓
3050,東芝科学館,神奈川縣,公司博物館,4.0,0,公司博物館,Yokohama Station,11.3,0.70,0.8000,0.0000,0.3070,0.4907,http://commons.wikimedia.org/wiki/Special:FilePath/TOSHIBA%20research%20and%20development%20center%20Komukaitoshiba.jpg,35.5500000,139.6930560,Q11528262,NOT_FOUND
3474,上対馬町歴史民俗資料室,長崎縣,民俗博物館,3.7,7,民俗博物館,Nagasaki Station,214.9,0.70,0.7400,0.1744,0.0227,0.4906,http://commons.wikimedia.org/wiki/Special:FilePath/Kamitsushima%20Historical%20Museum.jpg,34.6538610,129.4585000,Q18337565,上対馬町歴史民俗資料室
206,Emba中國近代美術館,兵庫縣,美術館,3.3,10,美術館,Kobe Station,14.3,0.70,0.6600,0.2011,0.2595,0.4903,http://commons.wikimedia.org/wiki/Special:FilePath/Emba12s5.jpg,34.7729167,135.2851389,Q11291442,エンバ中国近代美術館
881,朝霞テック,埼玉縣,主題樂園,4.0,0,主題樂園,Omiya Station,11.5,0.70,0.8000,0.0000,0.3028,0.4903,,35.8088361,139.5813833,Q11517752,NOT_FOUND
2956,石川県立航空プラザ,石川縣,航空博物館,4.0,0,航空博物館,Kanazawa Station,11.8,0.70,0.8000,0.0000,0.2970,0.4897,http://commons.wikimedia.org/wiki/Special:FilePath/Ishikawa%20Aviation%20Plaza%202.jpg,36.6802500,136.6853060,Q11586011,NOT_FOUND
971,ダイダラザウルス,大阪府,スチール・ローラー・コースター,4.0,0,スチール・ローラー・コースター,Osaka Station,11.9,0.70,0.8000,0.0000,0.2958,0.4896,,34.8043840,135.5358610,Q917073,NOT_FOUND
1054,萬博樂園,大阪府,主題樂園,4.0,0,主題樂園,Osaka Station,12.0,0.70,0.8000,0.0000,0.2941,0.4894,http://commons.wikimedia.org/wiki/Special:FilePath/Expoland%20Ferris%20wheel%20wide%20shot.jpg,34.8055556,135.5350000,Q1384663,NOT_FOUND
1001,大阪大學綜合學術博物館,大阪府,大學博物館,4.0,0,大學博物館,Osaka Station,12.2,0.70,0.8000,0.0000,0.2910,0.4891,http://commons.wikimedia.org/wiki/Special:FilePath/Museum%20of%20Osaka%20University.JPG,34.8064440,135.4538330,Q11440161,NOT_FOUND
1846,中川美术馆,廣島縣,美術館,3.4,16,美術館,Hiroshima Station,82.0,0.70,0.6800,0.2376,0.0575,0.4890,http://commons.wikimedia.org/wiki/Special:FilePath/Nakagawa%20mu.JPG,34.3981920,133.3686190,Q11364934,中川美術館
947,樂天地,大分縣,動物園,4.0,0,動物園,Oita Station,12.6,0.70,0.8000,0.0000,0.2848,0.4885,http://commons.wikimedia.org/wiki/Special:FilePath/Beppu%20rakutenchi.jpg,33.2751670,131.4813330,Q11346676,NOT_FOUND
1012,大阪府立国際児童文学館,大阪府,文學館,4.0,0,文學館,Osaka Station,12.6,0.70,0.8000,0.0000,0.2847,0.4885,http://commons.wikimedia.org/wiki/Special:FilePath/International%20Institute%20for%20Childrens%20Literature%20Osaka.jpg,34.8108060,135.5350560,Q1666643,NOT_FOUND
2461,影向之松,東京都,巨樹,4.0,0,巨樹,Tokyo Station,12.5,0.70,0.8000,0.0000,0.2854,0.4885,http://commons.wikimedia.org/wiki/Special:FilePath/Flickr%20-%20Kabacchi%20-%20Pinus%20-%2020.jpg,35.7275000,139.8934720,Q11488086,NOT_FOUND
2448,小野忠重版画館,東京都,美術館,4.0,0,美術館,Tokyo Station,12.7,0.70,0.8000,0.0000,0.2829,0.4883,http://commons.wikimedia.org/wiki/Special:FilePath/Ono%20Tadashige%20Museum20101212-1.JPG,35.7060690,139.6301140,Q11464085,NOT_FOUND
1360,天童オルゴール博物館,山形縣,音楽博物館,4.0,0,音楽博物館,Yamagata Station,12.7,0.70,0.8000,0.0000,0.2818,0.4882,http://commons.wikimedia.org/wiki/Special:FilePath/ARSBEL%20Tendo.jpg,38.3540556,140.3854444,Q17218628,NOT_FOUND
2971,金城学園白山美術館,石川縣,美術館,4.0,0,美術館,Kanazawa Station,13.0,0.70,0.8000,0.0000,0.2773,0.4877,,36.5084510,136.5307170,Q11579606,NOT_FOUND
2118,展望デッキ,愛知縣,觀景台,4.0,0,觀景台,Nagoya Station,13.1,0.70,0.8000,0.0000,0.2764,0.4876,http://commons.wikimedia.org/wiki/Special:FilePath/Observation%20Deck%20in%20Hotoginosato%20Ryokuchi%20%281%29%2C%20Ichigahora%20Nagakute%202021.jpg,35.1602360,137.0248800,Q131597161,NOT_FOUND
2650,豐島園,東京都,主題樂園,4.0,0,主題樂園,Tokyo Station,13.1,0.70,0.8000,0.0000,0.2764,0.4876,http://commons.wikimedia.org/wiki/Special:FilePath/Toshimaen%20entrance.jpg,35.7450000,139.6452778,Q423559,NOT_FOUND
3733,三保文化ランド,靜岡縣,主題樂園,4.0,0,主題樂園,Shizuoka Station,13.1,0.70,0.8000,0.0000,0.2763,0.4876,,35.0161111,138.5219444,Q49526168,NOT_FOUND
929,別府市美術館,大分縣,美術館,4.0,0,美術館,Oita Station,13.2,0.70,0.8000,0.0000,0.2745,0.4875,http://commons.wikimedia.org/wiki/Special:FilePath/Beppu%20City%20Art%20Museum.jpg,33.3128611,131.5013333,Q24874639,NOT_FOUND
2192,美伊娜多美術館,愛知縣,美術館,4.0,0,美術館,Nagoya Station,13.6,0.70,0.8000,0.0000,0.2692,0.4869,http://commons.wikimedia.org/wiki/Special:FilePath/Menardartmuseum000.jpg,35.2888990,136.9197800,Q1920251,NOT_FOUND
1027,富士正晴記念館,大阪府,人物紀念館,3.3,9,人物紀念館,Osaka Station,15.3,0.70,0.6600,0.1931,0.2469,0.4866,http://commons.wikimedia.org/wiki/Special:FilePath/Fuji-masaharu-museum%2001.jpg,34.8270833,135.5657222,Q11456089,茨木市立 富士正晴記念館
1051,自行車博物館,大阪府,自転車博物館,4.0,0,自転車博物館,Osaka Station,13.8,0.70,0.8000,0.0000,0.2663,0.4866,http://commons.wikimedia.org/wiki/Special:FilePath/Shimano%20Bicycle%20Museum%20001.jpg,34.5789722,135.4846111,Q11613133,NOT_FOUND
3125,電車與巴士的博物館,神奈川縣,鐵路博物館,4.0,0,鐵路博物館,Yokohama Station,13.8,0.70,0.8000,0.0000,0.2659,0.4866,http://commons.wikimedia.org/wiki/Special:FilePath/Tokyu%20Train%20and%20Bus%20Museum.jpg,35.5878580,139.5923860,Q11660619,NOT_FOUND
2560,植村冒険館,東京都,人物紀念館,4.0,0,人物紀念館,Tokyo Station,13.9,0.70,0.8000,0.0000,0.2643,0.4864,http://commons.wikimedia.org/wiki/Special:FilePath/UEMURA%20MEMORIAL%20KAGA%20SPORTS%20CENTER%20%28OpenPhoto%29.jpg,35.7826390,139.6768330,Q11540553,NOT_FOUND
392,香寺民俗資料館,兵庫縣,历史房屋博物馆,3.3,17,历史房屋博物馆,Kobe Station,47.3,0.70,0.6600,0.2424,0.0957,0.4863,http://commons.wikimedia.org/wiki/Special:FilePath/Koderaminnzoku001.JPG,34.9084170,134.7418610,Q11667228,香寺民俗資料館
892,浦山歷史民俗資料館,埼玉縣,民俗博物館,3.1,34,民俗博物館,Omiya Station,51.2,0.70,0.6200,0.2982,0.0890,0.4863,http://commons.wikimedia.org/wiki/Special:FilePath/Urayama%20Folk%20Museum.JPG,35.9644139,139.0599889,Q21652549,浦山歴史民俗資料館
2184,磁浮·鐵道館,愛知縣,鐵路博物館,4.0,0,鐵路博物館,Nagoya Station,14.0,0.70,0.8000,0.0000,0.2625,0.4863,http://commons.wikimedia.org/wiki/Special:FilePath/Liniatetsudoukan.JPG,35.0473500,136.8493190,Q5362576,NOT_FOUND
2444,安全推廣中心,東京都,航空博物館,4.0,0,航空博物館,Tokyo Station,14.2,0.70,0.8000,0.0000,0.2600,0.4860,http://commons.wikimedia.org/wiki/Special:FilePath/Japan%20Airlines%20JA8119.jpg,35.5536650,139.7536340,Q3891462,NOT_FOUND
1326,萩史料館,山口縣,博物館,3.7,3,博物館,Yamaguchi Station,28.5,0.70,0.7400,0.1163,0.1493,0.4858,http://commons.wikimedia.org/wiki/Special:FilePath/Hagi%20Historical%20Museum%2020170504.jpg,34.4156190,131.3817460,Q132473396,萩史料館
2446,小島資料館,東京都,歷史博物館,3.1,27,歷史博物館,Tokyo Station,31.1,0.70,0.6200,0.2795,0.1386,0.4857,http://commons.wikimedia.org/wiki/Special:FilePath/Kojima-Museum.jpg,35.5989720,139.4385830,Q24869244,小島資料館
3065,橫濱八景島海洋公園,神奈川縣,主題樂園,4.0,0,主題樂園,Yokohama Station,14.5,0.70,0.8000,0.0000,0.2565,0.4857,http://commons.wikimedia.org/wiki/Special:FilePath/Yokohama%20Hakkeijima%20Sea%20Paradise.jpg,35.3374417,139.6473333,Q863153,NOT_FOUND
1335,防府天満宮歴史館,山口縣,歷史博物館,3.5,4,歷史博物館,Yamaguchi Station,15.0,0.70,0.7000,0.1350,0.2504,0.4855,,34.0627040,131.5737570,Q104783677,歴史館（防府天満宮宝物館）
2331,いぬたま・ねこたま,東京都,主題公園,4.0,0,主題公園,Tokyo Station,14.6,0.70,0.8000,0.0000,0.2548,0.4855,,35.6105556,139.6305556,Q11259876,NOT_FOUND
3863,香川県埋蔵文化財センター,香川縣,埋藏文化財中心,4.0,0,埋藏文化財中心,Takamatsu Station,14.6,0.70,0.8000,0.0000,0.2547,0.4855,,34.3181870,133.8921460,Q30267680,NOT_FOUND
2935,太鼓の里資料館,石川縣,柏林乐器博物馆,4.0,0,柏林乐器博物馆,Kanazawa Station,14.7,0.70,0.8000,0.0000,0.2538,0.4854,,36.4910620,136.5241200,Q123517288,NOT_FOUND
2555,梅澤濱夫記念館,東京都,纪念博物馆,4.0,0,纪念博物馆,Tokyo Station,14.8,0.70,0.8000,0.0000,0.2531,0.4853,,35.6088190,139.6302860,Q138028271,NOT_FOUND
1035,東大阪市立郷土博物館,大阪府,地方文化館,4.0,0,地方文化館,Osaka Station,14.9,0.70,0.8000,0.0000,0.2512,0.4851,http://commons.wikimedia.org/wiki/Special:FilePath/Higashi-osaka%20City%20Hometown%20Museum01.JPG,34.6608611,135.6508611,Q21654285,NOT_FOUND
593,札幌藝術之森,北海道,雕塑公园,4.0,0,雕塑公园,Sapporo Station,15.0,0.70,0.8000,0.0000,0.2496,0.4850,http://commons.wikimedia.org/wiki/Special:FilePath/Sapporo%20art%20museum.jpg,42.9338889,141.3372222,Q11249476,NOT_FOUND
1809,濱田市金城歷史民俗資料館,島根縣,地方文化館,3.6,7,地方文化館,Matsue Station,109.6,0.70,0.7200,0.1744,0.0436,0.4847,,34.7782850,132.1983450,Q132420829,浜田市金城民俗資料館
1810,濱田市金城民俗資料館,島根縣,地方文化館,3.6,7,地方文化館,Matsue Station,109.6,0.70,0.7200,0.1744,0.0436,0.4847,,34.7781270,132.1977380,Q132420821,浜田市金城民俗資料館
2812,びわ湖わんわん王国,滋賀縣,主題樂園,4.0,0,主題樂園,Otsu Station,15.2,0.70,0.8000,0.0000,0.2472,0.4847,http://commons.wikimedia.org/wiki/Special:FilePath/%E3%81%B3%E3%82%8F%E3%81%93%E3%81%86.jpg,35.1233610,135.9458890,Q11276855,NOT_FOUND
839,东武动物园,埼玉縣,動物園,4.0,0,動物園,Omiya Station,15.3,0.70,0.8000,0.0000,0.2464,0.4846,http://commons.wikimedia.org/wiki/Special:FilePath/Ferris%20wheel%20in%20Tobu%20Zoo%20Park%20001.jpg,36.0200830,139.7197220,Q11527526,NOT_FOUND
1632,倉敷蒂沃利公園,岡山縣,主題公園,4.0,0,主題公園,Okayama Station,15.8,0.70,0.8000,0.0000,0.2408,0.4841,http://commons.wikimedia.org/wiki/Special:FilePath/Kurashiki%20Tivori%20Park01n4592.jpg,34.6033889,133.7643611,Q10855498,NOT_FOUND
1665,日本化石資料館,岡山縣,古生物博物馆,2.9,11,古生物博物馆,Okayama Station,5.1,0.70,0.5800,0.2084,0.4953,0.4841,,34.6507870,133.9708740,Q132607911,日本化石資料館
3694,安藤昌益資料館,青森縣,人物紀念館,4.0,1,人物紀念館,Aomori Station,73.0,0.70,0.8000,0.0581,0.0641,0.4839,http://commons.wikimedia.org/wiki/Special:FilePath/Andoshoekimuseum.JPG,40.5107700,141.4919700,Q11451328,安藤昌益資料館
1153,南三陸町民俗資料館,宮城縣,旧学校施設,4.0,1,旧学校施設,Sendai Station,75.6,0.70,0.8000,0.0581,0.0621,0.4836,http://commons.wikimedia.org/wiki/Special:FilePath/Minamisanriku%20minzoku%20Museum.jpg,38.7191667,141.5229167,Q60988262,南三陸町民俗資料館
1221,吉久,富山縣,人類聚居地,4.0,0,人類聚居地,Toyama Station,16.6,0.70,0.8000,0.0000,0.2320,0.4832,http://commons.wikimedia.org/wiki/Special:FilePath/%E5%90%89%E4%B9%85%E3%81%AE%E8%A1%97%E4%B8%A6%E3%81%BF.jpg,36.7819444,137.0566667,Q124481497,NOT_FOUND
3010,向丘遊園地,神奈川縣,主題樂園,4.0,0,主題樂園,Yokohama Station,16.5,0.70,0.8000,0.0000,0.2324,0.4832,http://commons.wikimedia.org/wiki/Special:FilePath/Mukogaokayuen%200208228as.jpg,35.6088890,139.5719440,Q11415860,NOT_FOUND
1938,菘翁美術館,德島縣,書法美術館,3.0,1,書法美術館,Tokushima Station,0.8,0.70,0.6000,0.0581,0.8569,0.4831,http://commons.wikimedia.org/wiki/Special:FilePath/Suou%20Art%20Museum.jpg,34.0705000,134.5588890,Q11619959,菘翁美術館
1583,輪中館・輪中生活館,岐阜縣,博物館,4.0,0,博物館,Gifu Station,16.7,0.70,0.8000,0.0000,0.2301,0.4830,,35.3293889,136.5997222,Q104840485,NOT_FOUND
920,ジュピター,大分縣,木质过山车,4.0,0,木质过山车,Oita Station,16.9,0.70,0.8000,0.0000,0.2283,0.4828,http://commons.wikimedia.org/wiki/Special:FilePath/Jupiter%20roller%20coaster%20at%20Kijima%20Kogen.jpg,33.2616970,131.4280750,Q3190121,NOT_FOUND
3490,峰町歴史民俗資料館,長崎縣,考古博物館,3.6,7,考古博物館,Nagasaki Station,197.7,0.70,0.7200,0.1744,0.0247,0.4828,http://commons.wikimedia.org/wiki/Special:FilePath/Tsushima%20City%20Mine%20Historical%20Museum.jpg,34.4695470,129.3163810,Q18339489,峰町歴史民俗資料館
3918,放流人偶館,鳥取縣,人形博物館,4.0,0,人形博物館,Tottori Station,16.9,0.70,0.8000,0.0000,0.2281,0.4828,http://commons.wikimedia.org/wiki/Special:FilePath/Nagashibinanoyakata-b.jpg,35.3431110,134.2018330,Q16900173,NOT_FOUND
2293,藤橋歴史の広場,新潟縣,博物館,3.2,22,博物館,Niigata Station,59.1,0.70,0.6400,0.2630,0.0780,0.4827,,37.4285100,138.7825380,Q104708797,藤橋歴史の広場
2717,栃木市藤岡歴史民俗資料館,栃木縣,博物館,3.2,19,博物館,Utsunomiya Station,39.3,0.70,0.6400,0.2512,0.1128,0.4827,,36.2667600,139.6516030,Q104696764,栃木市藤岡歴史民俗資料館
2985,Kawakita Memorial Film Institute,神奈川縣,電影博物館,4.0,0,電影博物館,Yokohama Station,17.0,0.70,0.8000,0.0000,0.2271,0.4827,http://commons.wikimedia.org/wiki/Special:FilePath/Kawakita%20Filmmuseum%20in%20Kamakura.jpg,35.3242700,139.5525000,Q135456670,NOT_FOUND
976,今城塚古墳公園,大阪府,考古学公園,4.0,0,考古学公園,Osaka Station,17.5,0.70,0.8000,0.0000,0.2222,0.4822,http://commons.wikimedia.org/wiki/Special:FilePath/Imashirozuka-kofun%20haniwa-1.JPG,34.8445000,135.5786000,Q61941295,NOT_FOUND
508,国際染織美術館,北海道,織物博物館,4.0,1,織物博物館,Sapporo Station,109.9,0.70,0.8000,0.0581,0.0435,0.4818,http://commons.wikimedia.org/wiki/Special:FilePath/International%20Dyeing%20and%20Weaving%20Art%20Museum-20160725.jpg,43.7720278,142.3077222,Q11422465,国際染織美術館
2714,松方別邸,栃木縣,历史建筑,3.7,3,历史建筑,Utsunomiya Station,41.3,0.70,0.7400,0.1163,0.1079,0.4817,http://commons.wikimedia.org/wiki/Special:FilePath/Banzaikaku%2C%20Senbonmatsu%20Farm.jpg,36.9297222,139.9391667,Q131862876,萬歳閣―松方別邸
3962,宇検村生涯学習センター｢元気の出る館｣,鹿兒島縣,博物館,3.6,7,博物館,Kagoshima-Chuo Station,386.9,0.70,0.7200,0.1744,0.0128,0.4816,,28.2752590,129.2963240,Q132154097,元気のでる館
2375,中近東文化センター,東京都,研究機構,4.0,0,研究機構,Tokyo Station,18.4,0.70,0.8000,0.0000,0.2137,0.4814,http://commons.wikimedia.org/wiki/Special:FilePath/The%20Middle%20Eastern%20Culture%20Center%20in%20Japan.JPG,35.6897790,139.5637320,Q30266382,NOT_FOUND
346,神戶市立水果花園,兵庫縣,主題公園,4.0,0,主題公園,Kobe Station,18.5,0.70,0.8000,0.0000,0.2125,0.4813,http://commons.wikimedia.org/wiki/Special:FilePath/Fruit%20Flower%20Park.jpg,34.8457222,135.1917500,Q11589937,NOT_FOUND
2031,JR東海 超伝導リニア館,愛知縣,パビリオン,4.0,0,パビリオン,Nagoya Station,18.6,0.70,0.8000,0.0000,0.2115,0.4811,http://commons.wikimedia.org/wiki/Special:FilePath/JR%20Central%20Pavilion.jpg,35.1762833,137.0864806,Q56702311,NOT_FOUND
506,和寒町郷土資料館,北海道,博物館,4.0,1,博物館,Sapporo Station,136.8,0.70,0.8000,0.0581,0.0353,0.4810,http://commons.wikimedia.org/wiki/Special:FilePath/%E5%92%8C%E5%AF%92%E7%94%BA%E9%83%B7%E5%9C%9F%E8%B3%87%E6%96%99%E9%A4%A8%E6%AD%A3%E9%9D%A2.jpg,44.0298333,142.4105833,Q11417220,和寒町郷土資料館
1450,芦安温泉,山梨縣,温泉镇,4.0,0,温泉镇,Kofu Station,19.7,0.70,0.8000,0.0000,0.2028,0.4803,,35.6245290,138.3572360,Q108661147,NOT_FOUND
652,美深町郷土博物館,北海道,博物館,4.0,1,博物館,Sapporo Station,176.0,0.70,0.8000,0.0581,0.0276,0.4802,,44.4811550,142.3402710,Q104234557,美深町郷土博物館
3646,袋屋美術館,長野縣,人物紀念館,4.0,0,人物紀念館,Nagano Station,19.8,0.70,0.8000,0.0000,0.2014,0.4801,http://commons.wikimedia.org/wiki/Special:FilePath/%E8%A2%8B%E5%B1%8B%E7%BE%8E%E8%A1%93%E9%A4%A8%EF%BC%882020-2-21%EF%BC%89.jpg,36.7454722,138.3708056,Q86743350,NOT_FOUND
745,東京迪士尼海洋,千葉縣,主題公園,4.0,0,主題公園,Chiba Station,20.4,0.70,0.8000,0.0000,0.1968,0.4797,http://commons.wikimedia.org/wiki/Special:FilePath/Tokyo%20Disney%20Sea%20Mountain.jpg,35.6266670,139.8880560,Q1202341,NOT_FOUND
2921,中島祭資料館·祭傳承館,石川縣,博物館,3.4,10,博物館,Kanazawa Station,63.4,0.70,0.6800,0.2011,0.0731,0.4796,,37.1288890,136.8325000,Q11364345,七尾市中島お祭り資料館・伝承館
1478,中山道ミニ博物館,岐阜縣,博物館,4.0,0,博物館,Gifu Station,20.7,0.70,0.8000,0.0000,0.1945,0.4795,,35.3729602,136.5322474,Q124775808,NOT_FOUND
684,シンデレラ城ミステリーツアー,千葉縣,機動遊戲,4.0,0,機動遊戲,Chiba Station,21.1,0.70,0.8000,0.0000,0.1916,0.4792,,35.6320000,139.8810000,Q2972719,NOT_FOUND
3158,芝政世界,福井縣,主題公園,4.0,0,主題公園,Fukui Station,21.4,0.70,0.8000,0.0000,0.1892,0.4789,,36.2507560,136.1761560,Q11614659,NOT_FOUND
3389,富岡製絲廠,群馬縣,工业博物馆,4.0,0,工业博物馆,Maebashi Station,21.8,0.70,0.8000,0.0000,0.1862,0.4786,http://commons.wikimedia.org/wiki/Special:FilePath/Tomioka%20Silk%20Mill%20East%20Cocoon%20Warehouse05.jpg,36.2553330,138.8876670,Q7818931,NOT_FOUND
2881,ウルトラツイスターメガトン,熊本縣,雲霄飛車,3.4,7,雲霄飛車,Kumamoto Station,30.3,0.70,0.6800,0.1744,0.1417,0.4785,,32.9888230,130.4678290,Q1917138,ウルトラツイスター メガトン
918,わたくし美術館,大分縣,美術館,4.0,0,美術館,Oita Station,22.6,0.70,0.8000,0.0000,0.1811,0.4781,,33.2756667,131.3688056,Q28519675,NOT_FOUND
924,九州自然動物公園非洲野生,大分縣,野生动物园,4.0,0,野生动物园,Oita Station,22.6,0.70,0.8000,0.0000,0.1813,0.4781,http://commons.wikimedia.org/wiki/Special:FilePath/%E4%B9%9D%E5%B7%9E%E8%87%AA%E7%84%B6%E5%8B%95%E7%89%A9%E5%85%AC%E5%9C%92%E3%82%A2%E3%83%95%E3%83%AA%E3%82%AB%E3%83%B3%E3%82%B5%E3%83%95%E3%82%A1%E3%83%AA1.jpg,33.3540000,131.4115278,Q11370332,NOT_FOUND
2449,小金井桜,東京都,觀光景點,4.0,0,觀光景點,Tokyo Station,22.7,0.70,0.8000,0.0000,0.1805,0.4781,http://commons.wikimedia.org/wiki/Special:FilePath/%E7%AC%AC59%E5%9B%9E%E5%B0%8F%E9%87%91%E4%BA%95%E6%A1%9C%E3%81%BE%E3%81%A4%E3%82%8A%202013.04.07%2011-01%20-%20panoramio%20%281%29.jpg,35.7126400,139.5187510,Q104398537,NOT_FOUND
2859,甲賀家庭樂園,滋賀縣,主題樂園,4.0,0,主題樂園,Otsu Station,22.9,0.70,0.8000,0.0000,0.1789,0.4779,,34.9530000,136.1085278,Q11577981,NOT_FOUND
1420,富士河口湖溫泉鄉,山梨縣,温泉郷,4.0,0,温泉郷,Kofu Station,23.1,0.70,0.8000,0.0000,0.1776,0.4778,http://commons.wikimedia.org/wiki/Special:FilePath/Yatenburo%20Tensui.jpg,35.5280560,138.7588330,Q17211390,NOT_FOUND
2647,讀賣樂園,東京都,主題樂園,4.0,0,主題樂園,Tokyo Station,23.2,0.70,0.8000,0.0000,0.1770,0.4777,http://commons.wikimedia.org/wiki/Special:FilePath/Yomiuriland-20100411.jpg,35.6258000,139.5190000,Q1046970,NOT_FOUND
742,東京德國村,千葉縣,主題公園,4.0,0,主題公園,Chiba Station,23.6,0.70,0.8000,0.0000,0.1747,0.4775,http://commons.wikimedia.org/wiki/Special:FilePath/%E3%83%89%E3%82%A4%E3%83%84%E6%9D%91%E3%82%A4%E3%83%AB%E3%83%9F.jpg,35.4055560,140.0594440,Q11235188,NOT_FOUND
822,青洲之里,和歌山縣,主題公園,4.0,0,主題公園,Wakayama Station,23.6,0.70,0.8000,0.0000,0.1747,0.4775,http://commons.wikimedia.org/wiki/Special:FilePath/Roadside%20station%20Seishu%20no%20sato.jpg,34.2811944,135.4411389,Q11662592,NOT_FOUND
3822,うちわの港ミュージアム,香川縣,廃止された博物館,4.0,0,廃止された博物館,Takamatsu Station,24.0,0.70,0.8000,0.0000,0.1725,0.4772,http://commons.wikimedia.org/wiki/Special:FilePath/Uchiwa%20Museum01.jpg,34.2970830,133.7934720,Q11367989,NOT_FOUND
1940,道之站大歩危,德島縣,道之驛,3.7,3,道之驛,Tokushima Station,76.0,0.70,0.7400,0.1163,0.0617,0.4771,http://commons.wikimedia.org/wiki/Special:FilePath/Michinoeki%20Oboke%2001.JPG,33.8815833,133.7600556,Q11641228,道の駅大歩危
834,ほくさい美術館,埼玉縣,美術館,4.0,0,美術館,Omiya Station,24.5,0.70,0.8000,0.0000,0.1698,0.4770,,36.1261900,139.6160700,Q123516739,NOT_FOUND
3137,大野城,福井縣,博物館,4.0,0,博物館,Fukui Station,24.8,0.70,0.8000,0.0000,0.1678,0.4768,http://commons.wikimedia.org/wiki/Special:FilePath/EchizenOnoCastle-01.JPG,35.9865880,136.4830420,Q1072530,NOT_FOUND
3891,青山文庫,高知縣,博物館,4.0,0,博物館,Kochi Station,24.8,0.70,0.8000,0.0000,0.1678,0.4768,http://commons.wikimedia.org/wiki/Special:FilePath/Aoyama%20bunko.jpg,33.4978361,133.2887417,Q20044497,NOT_FOUND
2143,日本猴子公園,愛知縣,主題樂園,4.0,0,主題樂園,Nagoya Station,25.4,0.70,0.8000,0.0000,0.1645,0.4765,http://commons.wikimedia.org/wiki/Special:FilePath/Nihonmonkeypark.JPG,35.3914470,136.9539080,Q11506991,NOT_FOUND
1497,地震斷層觀察館·體驗館,岐阜縣,地質学博物館,4.0,0,地質学博物館,Gifu Station,26.1,0.70,0.8000,0.0000,0.1609,0.4761,http://commons.wikimedia.org/wiki/Special:FilePath/Seismic%20Faults%20Observation%20and%20Experience%20House.jpg,35.6159170,136.6208610,Q11424732,NOT_FOUND
2116,小世界,愛知縣,戶外博物館,4.0,0,戶外博物館,Nagoya Station,26.0,0.70,0.8000,0.0000,0.1612,0.4761,http://commons.wikimedia.org/wiki/Special:FilePath/Little%20world%2C%20Aichi%20prefecture%20-%20Entrance.jpg,35.3744444,137.0230556,Q6652601,NOT_FOUND
2424,國立痲瘋病資料館,東京都,醫學博物館,4.0,0,醫學博物館,Tokyo Station,26.1,0.70,0.8000,0.0000,0.1610,0.4761,http://commons.wikimedia.org/wiki/Special:FilePath/National%20Hansen%27s%20Disease%20Museum%20%28Japan%29%202.jpg,35.7661944,139.4981111,Q5307955,NOT_FOUND
289,平和観音寺,兵庫縣,巨像,4.0,0,巨像,Kobe Station,26.9,0.70,0.8000,0.0000,0.1566,0.4757,http://commons.wikimedia.org/wiki/Special:FilePath/Heiwakannonji%2C%E5%B9%B3%E5%92%8C%E8%A6%B3%E9%9F%B3%E5%AF%BA%2C%E4%B8%96%E7%95%8C%E5%B9%B3%E5%92%8C%E5%A4%A7%E8%A6%B3%E9%9F%B3%E5%83%8F%20DSCF3854.JPG,34.5029440,134.9767780,Q11482263,NOT_FOUND
1495,名鐵資料館,岐阜縣,博物館,4.0,0,博物館,Gifu Station,26.9,0.70,0.8000,0.0000,0.1567,0.4757,http://commons.wikimedia.org/wiki/Special:FilePath/Meitetsu%20Shiryokan2008-1.jpg,35.4419670,137.0504810,Q11415800,NOT_FOUND
244,兵庫縣立人與自然博物館,兵庫縣,都道府县立博物馆,4.0,0,都道府县立博物馆,Kobe Station,27.1,0.70,0.8000,0.0000,0.1556,0.4756,http://commons.wikimedia.org/wiki/Special:FilePath/Hitohaku%20vew.JPG,34.9224300,135.2063790,Q11392929,NOT_FOUND
1443,清里フォトアートミュージアム,山梨縣,美術館,4.0,0,美術館,Kofu Station,27.0,0.70,0.8000,0.0000,0.1564,0.4756,,35.8830440,138.4321000,Q5421529,NOT_FOUND
2191,紫峰人形美術館,愛知縣,美術館,4.0,0,美術館,Nagoya Station,27.0,0.70,0.8000,0.0000,0.1564,0.4756,,34.9447530,136.9887750,Q11605716,NOT_FOUND
2214,豐田市近代產業與生活發現館,愛知縣,博物館,4.0,0,博物館,Nagoya Station,27.0,0.70,0.8000,0.0000,0.1560,0.4756,http://commons.wikimedia.org/wiki/Special:FilePath/Toyota%20City%20Hakken-kan%20exterior%20ac%20%281%29.jpg,35.0875278,137.1609167,Q30935963,NOT_FOUND
39,澄懐堂美術館,三重縣,美術館,4.0,0,美術館,Tsu Station,27.5,0.70,0.8000,0.0000,0.1536,0.4754,http://commons.wikimedia.org/wiki/Special:FilePath/Chokaido%20Museum.JPG,34.9653140,136.6180440,Q24868589,NOT_FOUND
1930,恐竜の里,德島縣,主題公園,2.9,28,主題公園,Tokushima Station,21.8,0.70,0.5800,0.2824,0.1863,0.4754,,33.8930000,134.4596940,Q65268183,恐竜の里
1418,富士山 (雲霄飛車),山梨縣,機動遊戲,4.0,0,機動遊戲,Kofu Station,27.6,0.70,0.8000,0.0000,0.1533,0.4753,http://commons.wikimedia.org/wiki/Special:FilePath/Fujiyama%20rollercoaster%202005-05.JPG,35.4858560,138.7770060,Q788077,NOT_FOUND
850,埼玉古墳公園,埼玉縣,考古学公園,4.0,0,考古学公園,Omiya Station,27.9,0.70,0.8000,0.0000,0.1520,0.4752,http://commons.wikimedia.org/wiki/Special:FilePath/Inariyama%20Kofun%20and%20Shogun-yama%20Kofun%20%28Gyoda%29.JPG,36.1283330,139.4794440,Q17224997,NOT_FOUND
1409,ド・ドドンパ,山梨縣,スチール・ローラー・コースター,4.0,0,スチール・ローラー・コースター,Kofu Station,27.8,0.70,0.8000,0.0000,0.1525,0.4752,http://commons.wikimedia.org/wiki/Special:FilePath/%E3%83%89%E3%83%BB%E3%83%89%E3%83%89%E3%83%B3%E3%83%91%E3%81%AE%E5%9E%82%E7%9B%B4%E3%83%AB%E3%83%BC%E3%83%97.jpg,35.4877000,138.7822583,Q30930493,NOT_FOUND
2391,兒童國 (橫濱市),東京都,主題樂園,4.0,0,主題樂園,Tokyo Station,28.2,0.70,0.8000,0.0000,0.1506,0.4751,http://commons.wikimedia.org/wiki/Special:FilePath/Colorful%20boats%20kodomonokuni.jpg,35.5623250,139.4914240,Q3363841,NOT_FOUND
2216,豐田會館,愛知縣,汽車博物館,4.0,0,汽車博物館,Nagoya Station,28.6,0.70,0.8000,0.0000,0.1488,0.4749,http://commons.wikimedia.org/wiki/Special:FilePath/Toyota%20Kaikan1.jpg,35.0517420,137.1601690,Q11321661,NOT_FOUND
3516,長崎荷蘭村,長崎縣,主題公園,4.0,0,主題公園,Nagasaki Station,29.2,0.70,0.8000,0.0000,0.1461,0.4746,http://commons.wikimedia.org/wiki/Special:FilePath/Nagasaki%20Holland%20Village%202011.JPG,32.9970060,129.7574670,Q11652324,NOT_FOUND
2727,茂木賽道,栃木縣,汽车赛道,4.0,0,汽车赛道,Utsunomiya Station,29.5,0.70,0.8000,0.0000,0.1449,0.4745,http://commons.wikimedia.org/wiki/Special:FilePath/Marc%20M%C3%A1rquez%2C%20Dani%20Pedrosa%20and%20Michael%20Laverty%202013%20Motegi.jpeg,36.5336110,140.2275000,Q1420895,NOT_FOUND
2880,アジアパーク,熊本縣,主題公園,4.0,0,主題公園,Kumamoto Station,29.9,0.70,0.8000,0.0000,0.1432,0.4743,,32.9880600,130.4725000,Q11283301,NOT_FOUND
2608,石井亮一・筆子記念館,東京都,历史建筑,4.0,0,历史建筑,Tokyo Station,30.5,0.70,0.8000,0.0000,0.1409,0.4741,http://commons.wikimedia.org/wiki/Special:FilePath/%E6%BB%9D%E4%B9%83%E5%B7%9D%E5%AD%A6%E5%9C%92%20%E7%9F%B3%E4%BA%95%E4%BA%AE%E4%B8%80%E3%83%BB%E7%AD%86%E5%AD%90%E8%A8%98%E5%BF%B5%E9%A4%A8.jpg,35.6812013,139.4296213,Q11584856,NOT_FOUND
1671,港見丘公園,岡山縣,公園,4.0,0,公園,Okayama Station,33.2,0.70,0.8000,0.0000,0.1307,0.4731,http://commons.wikimedia.org/wiki/Special:FilePath/Harbor%20View%20Park%20Hinase%20Bizen%20Okayama%20Pref%20Japan09n.jpg,34.7309720,134.2737500,Q11279140,NOT_FOUND
199,森之遊园地童话村,佐賀縣,主題公園,4.0,0,主題公園,Saga Station,33.5,0.70,0.8000,0.0000,0.1298,0.4730,,33.1311111,129.9737778,Q65243130,NOT_FOUND
1949,阿波木偶人形会館,德島縣,剧院博物馆,4.0,0,剧院博物馆,Tokushima Station,33.9,0.70,0.8000,0.0000,0.1286,0.4729,http://commons.wikimedia.org/wiki/Special:FilePath/Awadeko201811%201.jpg,34.0918330,134.9181940,Q11657545,NOT_FOUND
214,アトア,兵庫縣,水族館,4.0,0,水族館,Kobe Station,35.4,0.70,0.8000,0.0000,0.1237,0.4724,http://commons.wikimedia.org/wiki/Special:FilePath/Kobe%20Port%20Museum.jpg,34.8064170,135.5335830,Q109597317,NOT_FOUND
3572,大町溫泉鄉,長野縣,単純温泉,4.0,0,単純温泉,Nagano Station,36.1,0.70,0.8000,0.0000,0.1216,0.4722,http://commons.wikimedia.org/wiki/Special:FilePath/Omachi%20onsen-kyo02s3.jpg,36.5302222,137.8092500,Q11438001,NOT_FOUND
1751,高村記念館,岩手縣,美術館,4.0,0,美術館,Morioka Station,36.8,0.70,0.8000,0.0000,0.1195,0.4720,http://commons.wikimedia.org/wiki/Special:FilePath/Takamura%20kinenkan01s3200.jpg,39.3870000,141.0021390,Q11670249,NOT_FOUND
1991,大洲市河辺歴史民俗資料館,愛媛縣,博物館,4.0,0,博物館,Matsuyama Station,36.8,0.70,0.8000,0.0000,0.1195,0.4720,,33.5109920,132.7952620,Q104783929,NOT_FOUND
3910,倉吉大店會,鳥取縣,建成遗产,4.0,0,建成遗产,Tottori Station,36.8,0.70,0.8000,0.0000,0.1195,0.4720,http://commons.wikimedia.org/wiki/Special:FilePath/Kurayoshi%20Daitenkai.jpg,35.4316250,133.8264470,Q11386561,NOT_FOUND
1621,井笠鐵道紀念館,岡山縣,博物館,4.0,0,博物館,Okayama Station,37.5,0.70,0.8000,0.0000,0.1175,0.4718,http://commons.wikimedia.org/wiki/Special:FilePath/Ikasa%20Railway%20Memorial%20Museum%2C%20gaikan-1.jpg,34.5690830,133.5258890,Q11373738,NOT_FOUND
1287,基拉拉玻璃未來館,山口縣,生涯学習センター,4.0,0,生涯学習センター,Yamaguchi Station,38.3,0.70,0.8000,0.0000,0.1155,0.4716,http://commons.wikimedia.org/wiki/Special:FilePath/Kirara%20Glass%20Miraikan.jpg,33.9431111,131.1703611,Q56224457,NOT_FOUND
2200,設楽町奥三河郷土館,愛知縣,地方文化館,3.4,7,地方文化館,Nagoya Station,63.4,0.70,0.6800,0.1744,0.0731,0.4716,http://commons.wikimedia.org/wiki/Special:FilePath/Michinoeki%20Shitara.jpg,35.0928222,137.5721528,Q30923099,奥三河郷土館跡
3504,豪斯登堡,長崎縣,主題樂園,4.0,0,主題樂園,Nagasaki Station,38.0,0.70,0.8000,0.0000,0.1163,0.4716,http://commons.wikimedia.org/wiki/Special:FilePath/Huis%20Ten%20Bosch%20-%2001.jpg,33.0865000,129.7868890,Q1191845,NOT_FOUND
53,長島溫泉樂園,三重縣,主題公園,4.0,0,主題公園,Tsu Station,38.5,0.70,0.8000,0.0000,0.1149,0.4715,http://commons.wikimedia.org/wiki/Special:FilePath/Nagashima%20spa%20land%20skyview.jpg,35.0296980,136.7300140,Q2496699,NOT_FOUND
1827,鐵之歷史博物館,島根縣,工业博物馆,4.0,0,工业博物馆,Matsue Station,38.3,0.70,0.8000,0.0000,0.1155,0.4715,,35.1670700,132.8496700,Q132444010,NOT_FOUND
2372,东京艺术大学大学美术馆,東京都,大學博物館,4.0,0,大學博物館,Tokyo Station,38.7,0.70,0.8000,0.0000,0.1145,0.4715,http://commons.wikimedia.org/wiki/Special:FilePath/University%20Art%20Museum%2C%20Tokyo%20University%20of%20the%20Arts%202009.jpg,35.8843528,140.1148806,Q11525123,NOT_FOUND
320,淡路世界公園,兵庫縣,主題公園,4.0,0,主題公園,Kobe Station,38.8,0.70,0.8000,0.0000,0.1142,0.4714,http://commons.wikimedia.org/wiki/Special:FilePath/Onokoro-irand2.jpg,34.4166440,134.8998310,Q11559800,NOT_FOUND
3338,大村美術館,秋田縣,美術館,4.0,0,美術館,Akita Station,39.3,0.70,0.8000,0.0000,0.1128,0.4713,http://commons.wikimedia.org/wiki/Special:FilePath/Ohmura%20Art%20Museum%20in%20Kakunodate%2020190414.jpg,39.5992500,140.5629720,Q11436065,NOT_FOUND
3752,堂島,靜岡縣,觀光景點,4.0,0,觀光景點,Shizuoka Station,40.0,0.70,0.8000,0.0000,0.1111,0.4711,http://commons.wikimedia.org/wiki/Special:FilePath/Dogashima%2020121019.jpg,34.7800000,138.7600000,Q11427843,NOT_FOUND
3342,山の手温泉,秋田縣,温泉镇,4.0,0,温泉镇,Akita Station,40.4,0.70,0.8000,0.0000,0.1101,0.4710,,39.4403120,140.4358390,Q108683253,NOT_FOUND
2148,杉本美術館,愛知縣,廃止された博物館,4.0,0,廃止された博物館,Nagoya Station,41.1,0.70,0.8000,0.0000,0.1086,0.4709,http://commons.wikimedia.org/wiki/Special:FilePath/Sugimmoto%20Museum%20130416.JPG,34.8019360,136.8662720,Q11522124,NOT_FOUND
3832,仁尾陽光島,香川縣,主題樂園,4.0,0,主題樂園,Takamatsu Station,40.8,0.70,0.8000,0.0000,0.1091,0.4709,,34.1941667,133.6444444,Q11376349,NOT_FOUND
1677,现代玩具博物馆,岡山縣,玩具博物館,4.0,0,玩具博物館,Okayama Station,41.5,0.70,0.8000,0.0000,0.1075,0.4708,http://commons.wikimedia.org/wiki/Special:FilePath/Japan%20Museum%20of%20Contemporary%20Toy%20and%20Hall%20of%20Music%20Box.jpg,34.9937220,134.1373060,Q11573422,NOT_FOUND
969,エキスポタワー,大阪府,觀光塔,3.1,7,觀光塔,Osaka Station,11.6,0.70,0.6200,0.1744,0.3007,0.4704,http://commons.wikimedia.org/wiki/Special:FilePath/EXPO%20TOWER.JPG,34.8025420,135.5330500,Q11289722,エキスポタワー モニュメント
272,姬路中央公園,兵庫縣,野生动物园,4.0,0,野生动物园,Kobe Station,44.2,0.70,0.8000,0.0000,0.1017,0.4702,http://commons.wikimedia.org/wiki/Special:FilePath/Himeji-central-park-entrance.JPG,34.8677460,134.7520640,Q2585012,NOT_FOUND
748,母親牧場,千葉縣,牧场,4.0,0,牧场,Chiba Station,43.9,0.70,0.8000,0.0000,0.1022,0.4702,http://commons.wikimedia.org/wiki/Special:FilePath/Motherfarm.jpg,35.2460278,139.9348333,Q575499,NOT_FOUND
3991,霧島溫泉鄉,鹿兒島縣,温泉郷,4.0,0,温泉郷,Kagoshima-Chuo Station,44.2,0.70,0.8000,0.0000,0.1015,0.4702,http://commons.wikimedia.org/wiki/Special:FilePath/Kirishima%20Onsen01n4592.jpg,31.8963417,130.8305056,Q11660895,NOT_FOUND
2507,東京SUMMERLAND,東京都,主題公園,4.0,0,主題公園,Tokyo Station,44.4,0.70,0.8000,0.0000,0.1012,0.4701,http://commons.wikimedia.org/wiki/Special:FilePath/%E6%9D%B1%E4%BA%AC%E3%82%B5%E3%83%9E%E3%83%BC%E3%83%A9%E3%83%B3%E3%83%89.jpg,35.7174170,139.2773890,Q5368597,NOT_FOUND
3446,地質標本館,茨城縣,地質学博物館,4.0,0,地質学博物館,Mito Station,46.1,0.70,0.8000,0.0000,0.0978,0.4698,http://commons.wikimedia.org/wiki/Special:FilePath/GSJ%20Geological%20Museum.JPG,36.0618890,140.1327220,Q11424701,NOT_FOUND
2819,井伊美術館,滋賀縣,美術館,4.0,0,美術館,Otsu Station,46.5,0.70,0.8000,0.0000,0.0972,0.4697,,35.2755560,136.2525000,Q107269377,NOT_FOUND
3167,CCA北九州,福岡縣,現代美術館,4.0,0,現代美術館,Hakata Station,46.3,0.70,0.8000,0.0000,0.0975,0.4697,http://commons.wikimedia.org/wiki/Special:FilePath/CCA%20KItakyushu%202.jpg,33.8650556,130.7968889,Q11193101,NOT_FOUND
294,日本玩具博物館,兵庫縣,玩具博物館,4.0,0,玩具博物館,Kobe Station,46.9,0.70,0.8000,0.0000,0.0963,0.4696,http://commons.wikimedia.org/wiki/Special:FilePath/Japan%20toy%20museum01%201920.jpg,34.9074440,134.7453890,Q11508580,NOT_FOUND
817,紀州博物館,和歌山縣,美術館,3.2,13,美術館,Wakayama Station,64.1,0.70,0.6400,0.2213,0.0724,0.4696,http://commons.wikimedia.org/wiki/Special:FilePath/Kisyu%20museum001.JPG,33.6704720,135.3472500,Q11605043,紀州博物館
2053,ティレク・ティレセク美浜美術館,愛知縣,美術館,4.0,0,美術館,Nagoya Station,47.0,0.70,0.8000,0.0000,0.0962,0.4696,,34.7493170,136.8516640,Q11318993,NOT_FOUND
2820,佐和山遊園,滋賀縣,主題樂園,4.0,0,主題樂園,Otsu Station,47.5,0.70,0.8000,0.0000,0.0952,0.4695,http://commons.wikimedia.org/wiki/Special:FilePath/Sawayamayuen.jpg,35.2745556,136.2690833,Q11383085,NOT_FOUND
3208,太空世界,福岡縣,已廢止組織,4.0,0,已廢止組織,Hakata Station,48.0,0.70,0.8000,0.0000,0.0944,0.4694,http://commons.wikimedia.org/wiki/Special:FilePath/Space%20World%2001.jpg,33.8735200,130.8121500,Q168754,NOT_FOUND
2074,内田家,愛知縣,博物館,4.0,0,博物館,Nagoya Station,48.5,0.70,0.8000,0.0000,0.0934,0.4693,http://commons.wikimedia.org/wiki/Special:FilePath/%E5%B0%BE%E5%B7%9E%E5%BB%BB%E8%88%B9%E5%86%85%E6%B5%B7%E8%88%B9%E8%88%B9%E4%B8%BB%20%E5%86%85%E7%94%B0%E5%AE%B6%20ac.jpg,34.7346110,136.8738330,Q60987803,NOT_FOUND
3404,浅间火山博物馆,群馬縣,火山博物館,4.0,0,火山博物館,Maebashi Station,48.5,0.70,0.8000,0.0000,0.0935,0.4693,http://commons.wikimedia.org/wiki/Special:FilePath/ASAMA%20Volcano%20Museum%202017-04.jpg,36.4400000,138.5352778,Q4803474,NOT_FOUND
1277,乃木神社宝物館,山口縣,宝物館,4.0,0,宝物館,Yamaguchi Station,49.4,0.70,0.8000,0.0000,0.0919,0.4692,http://commons.wikimedia.org/wiki/Special:FilePath/Treasure%20Museum%20of%20Nogi%20Shrine%20in%20Chofu%2C%20Shimonoseki%2C%20Yamaguchi.JPG,33.9993740,130.9860350,Q132496894,NOT_FOUND
623,留壽都度假村,北海道,高爾夫球場,4.0,0,高爾夫球場,Sapporo Station,50.9,0.70,0.8000,0.0000,0.0895,0.4690,http://commons.wikimedia.org/wiki/Special:FilePath/Rusutsu%20WestMt%28200703%29.jpg,42.7496800,140.9032900,Q7382688,NOT_FOUND
702,千葉県立中央博物館 大利根分館,千葉縣,千葉の県立博物館,4.0,0,千葉の県立博物館,Chiba Station,51.2,0.70,0.8000,0.0000,0.0890,0.4689,,35.9311640,140.5231730,Q64143374,NOT_FOUND
17,大內山動物園,三重縣,動物園,4.0,0,動物園,Tsu Station,52.6,0.70,0.8000,0.0000,0.0868,0.4687,http://commons.wikimedia.org/wiki/Special:FilePath/Oouchiyama%20zoo001.JPG,34.2752780,136.3694440,Q11432512,NOT_FOUND
36,橫山展望台,三重縣,觀景台,4.0,0,觀景台,Tsu Station,52.2,0.70,0.8000,0.0000,0.0874,0.4687,http://commons.wikimedia.org/wiki/Special:FilePath/Yokoyama%20Viewpoint%20%282019-12-19%29.jpg,34.3244170,136.7880280,Q11542547,NOT_FOUND
2695,大麻博物館,栃木縣,大麻博物館,4.0,0,大麻博物館,Utsunomiya Station,52.7,0.70,0.8000,0.0000,0.0867,0.4687,,37.0214444,140.0287778,Q27919845,NOT_FOUND
3475,九十九島,長崎縣,溺灣,4.0,0,溺灣,Nagasaki Station,52.6,0.70,0.8000,0.0000,0.0869,0.4687,http://commons.wikimedia.org/wiki/Special:FilePath/Sasebo%20Kujukushima%20Islands%202010-08.JPG,33.1666667,129.6000000,Q1043953,NOT_FOUND
1266,三国志城博物館,山口縣,廃止された博物館,4.0,0,廃止された博物館,Yamaguchi Station,54.1,0.70,0.8000,0.0000,0.0847,0.4685,http://commons.wikimedia.org/wiki/Special:FilePath/%E4%B8%89%E5%9B%BD%E5%BF%97%E5%9F%8E%E5%8D%9A%E7%89%A9%E9%A4%A8.jpg,33.9918610,132.0248890,Q17209837,NOT_FOUND
3746,佐久間鐵路公園,靜岡縣,鉄道公園,4.0,0,鉄道公園,Shizuoka Station,54.9,0.70,0.8000,0.0000,0.0835,0.4684,http://commons.wikimedia.org/wiki/Special:FilePath/SakumaRailPark.jpg,35.0855110,137.8026220,Q7403144,NOT_FOUND
2245,八方台,新潟縣,风景点,4.0,0,风景点,Niigata Station,55.6,0.70,0.8000,0.0000,0.0825,0.4683,,37.4233333,138.9294444,Q110998809,NOT_FOUND
1187,警察資料館,宮城縣,警察博物館,4.0,0,警察博物館,Sendai Station,55.7,0.70,0.8000,0.0000,0.0824,0.4682,http://commons.wikimedia.org/wiki/Special:FilePath/Police%20museum%20toyoma.jpg,38.6513889,141.2812778,Q59159655,NOT_FOUND
2290,美の川酒造酒造館,新潟縣,日本清酒博物館,4.0,0,日本清酒博物館,Niigata Station,56.2,0.70,0.8000,0.0000,0.0816,0.4682,,37.4365770,138.8438600,Q123517037,NOT_FOUND
603,民族共生象徵空間,北海道,民族誌学博物館,4.0,0,民族誌学博物館,Sapporo Station,56.5,0.70,0.8000,0.0000,0.0812,0.4681,http://commons.wikimedia.org/wiki/Special:FilePath/Shiraoi-upopoy%2035.jpg,42.5602778,141.3655278,Q76283211,NOT_FOUND
1716,御所野繩文公園,岩手縣,考古学公園,4.0,0,考古学公園,Morioka Station,57.0,0.70,0.8000,0.0000,0.0806,0.4681,http://commons.wikimedia.org/wiki/Special:FilePath/%E5%BE%A1%E6%89%80%E9%87%8E%E9%81%BA%E8%B7%A1%E7%AB%AA%E7%A9%B4%E5%BC%8F%E4%BD%8F%E5%B1%85.JPG,40.1978330,141.3061390,Q11489083,NOT_FOUND
3764,日本單車運動中心,靜岡縣,主題樂園,4.0,0,主題樂園,Shizuoka Station,56.8,0.70,0.8000,0.0000,0.0809,0.4681,http://commons.wikimedia.org/wiki/Special:FilePath/Japan%20cycle%20sports%20center%2C%20Cycle%20densha%2C%2020110919.jpg,35.0099722,139.0104167,Q11506471,NOT_FOUND
1540,恵那市山岡郷土史料館,岐阜縣,地方文化館,4.0,0,地方文化館,Gifu Station,57.2,0.70,0.8000,0.0000,0.0803,0.4680,,35.3485556,137.3832222,Q111431053,NOT_FOUND
1510,大正ロマン館,岐阜縣,博物館,4.0,0,博物館,Gifu Station,58.8,0.70,0.8000,0.0000,0.0784,0.4678,http://commons.wikimedia.org/wiki/Special:FilePath/Akechi%20Taisyo%20Romankan%202021-01%20ac%20%281%29.jpg,35.3040000,137.3918333,Q111430946,NOT_FOUND
620,滝川市航空科学センター,北海道,場外離着陸場,4.0,0,場外離着陸場,Sapporo Station,61.3,0.70,0.8000,0.0000,0.0754,0.4675,http://commons.wikimedia.org/wiki/Special:FilePath/Takikawa%20Sky%20Museum.jpg,43.5458333,141.7311111,Q26457215,NOT_FOUND
503,厚沢部町郷土資料館,北海道,博物館,3.4,7,博物館,Sapporo Station,157.4,0.70,0.6800,0.1744,0.0308,0.4674,,41.9216700,140.2264190,Q104236749,厚沢部町 郷土資料館
560,新雪谷溫泉鄉,北海道,温泉郷,4.0,0,温泉郷,Sapporo Station,62.2,0.70,0.8000,0.0000,0.0744,0.4674,,42.8000000,140.6800000,Q11324367,NOT_FOUND
724,屏風浦,千葉縣,懸崖,4.0,0,懸崖,Chiba Station,62.2,0.70,0.8000,0.0000,0.0744,0.4674,http://commons.wikimedia.org/wiki/Special:FilePath/Byobugaura%2005.jpg,35.7076668,140.7916403,Q5004737,NOT_FOUND
2832,布施美術館,滋賀縣,美術館,4.0,0,美術館,Otsu Station,62.9,0.70,0.8000,0.0000,0.0736,0.4674,,35.4909240,136.2163680,Q132733751,NOT_FOUND
3110,蘆之湖遊覽船,神奈川縣,游览船,4.0,0,游览船,Yokohama Station,62.3,0.70,0.8000,0.0000,0.0743,0.4674,http://commons.wikimedia.org/wiki/Special:FilePath/AshinokoYuransen8382.jpg,35.2340730,138.9978321,Q11614758,NOT_FOUND
2740,那須溫泉,栃木縣,単純温泉,4.0,0,単純温泉,Utsunomiya Station,63.4,0.70,0.8000,0.0000,0.0731,0.4673,http://commons.wikimedia.org/wiki/Special:FilePath/%E9%82%A3%E9%A0%88%E6%B9%AF%E6%9C%AC%E6%B8%A9%E6%B3%89%20-%20panoramio.jpg,37.1240556,139.9963611,Q11642937,NOT_FOUND
2843,浅井能楽資料館,滋賀縣,博物館,4.0,0,博物館,Otsu Station,63.9,0.70,0.8000,0.0000,0.0725,0.4673,,35.4576220,136.2966800,Q137360848,NOT_FOUND
2911,綱木美術館,熊本縣,美術館,4.0,0,美術館,Kumamoto Station,65.8,0.70,0.8000,0.0000,0.0706,0.4671,http://commons.wikimedia.org/wiki/Special:FilePath/Tsunagi%20Art%20Museum%2001.JPG,32.2316110,130.4577780,Q17216016,NOT_FOUND
3596,市立岡谷蚕糸博物館,長野縣,博物館,4.0,0,博物館,Nagano Station,65.4,0.70,0.8000,0.0000,0.0710,0.4671,http://commons.wikimedia.org/wiki/Special:FilePath/Okaya%20Silk%20Museum%201.jpg,36.0655830,138.0473890,Q11480663,NOT_FOUND
687,世界最小水族館,千葉縣,水族館,4.0,0,水族館,Chiba Station,66.5,0.70,0.8000,0.0000,0.0699,0.4670,,35.7071111,140.8404167,Q85875396,NOT_FOUND
1592,青邨記念館,岐阜縣,美術館,4.0,0,美術館,Gifu Station,66.5,0.70,0.8000,0.0000,0.0699,0.4670,,35.5125720,137.4797440,Q11662781,NOT_FOUND
756,犬吠オーシャンランド,千葉縣,主題樂園,4.0,0,主題樂園,Chiba Station,67.6,0.70,0.8000,0.0000,0.0688,0.4669,,35.7053333,140.8531111,Q11571173,NOT_FOUND
1390,米織会館,山形縣,織物博物館,3.2,10,織物博物館,Yamagata Station,42.4,0.70,0.6400,0.2011,0.1055,0.4669,http://commons.wikimedia.org/wiki/Special:FilePath/Yonezawa%20Textile%20Historical%20Museum.JPG,37.9075833,140.1112222,Q65278083,原始布・古代織参考館
397,鳴門漩渦,兵庫縣,渦流,4.0,0,渦流,Kobe Station,68.8,0.70,0.8000,0.0000,0.0677,0.4668,http://commons.wikimedia.org/wiki/Special:FilePath/Naruto%20Whirlpools%20taken%204-21-2008.jpg,34.2383333,134.6513889,Q1350120,NOT_FOUND
1355,原始布・古代織参考館,山形縣,織物博物館,3.2,10,織物博物館,Yamagata Station,42.5,0.70,0.6400,0.2011,0.1052,0.4668,http://commons.wikimedia.org/wiki/Special:FilePath/Yonezawa%20Folk%20Crafts%20Museum.JPG,37.9064220,140.1108750,Q104696382,原始布・古代織参考館
1385,松岡開墾場,山形縣,博物館,4.0,0,博物館,Yamagata Station,69.2,0.70,0.8000,0.0000,0.0674,0.4667,http://commons.wikimedia.org/wiki/Special:FilePath/Former%20Nishitagawa%20District%20Office%2020240413.jpg,38.7283472,139.8212778,Q11613201,NOT_FOUND
1883,日本鄉土玩具博物館,廣島縣,玩具博物館,4.0,0,玩具博物館,Hiroshima Station,72.2,0.70,0.8000,0.0000,0.0647,0.4665,http://commons.wikimedia.org/wiki/Special:FilePath/Japan%20sweeping%20one%20museum.JPG,34.4506780,133.2602640,Q11509272,NOT_FOUND
407,Q138647692,北海道,博物館,4.0,0,博物館,Sapporo Station,74.9,0.70,0.8000,0.0000,0.0625,0.4663,,42.5453658,140.7718779,Q138647692,NOT_FOUND
3879,杉の大スギ,高知縣,巨樹,4.0,0,巨樹,Kochi Station,74.2,0.70,0.8000,0.0000,0.0631,0.4663,http://commons.wikimedia.org/wiki/Special:FilePath/Sugi%20no%20Osugi%2C%20gaikan-3.jpg,34.0628060,133.0067860,Q11521661,NOT_FOUND
1516,小坂郷土館,岐阜縣,博物館,4.0,0,博物館,Gifu Station,75.4,0.70,0.8000,0.0000,0.0622,0.4662,,35.9163889,137.3103611,Q104783877,NOT_FOUND
3277,事故歷史展示館,福島縣,鐵路博物館,4.0,0,鐵路博物館,Fukushima Station,75.7,0.70,0.8000,0.0000,0.0619,0.4662,,37.1006944,140.2174722,Q11371180,NOT_FOUND
1902,赤坂遊園,廣島縣,主題樂園,4.0,0,主題樂園,Hiroshima Station,76.6,0.70,0.8000,0.0000,0.0613,0.4661,,34.4765000,133.3051111,Q11635438,NOT_FOUND
169,魚知識館,京都府,水族館,4.0,0,水族館,Kyoto Station,78.2,0.70,0.8000,0.0000,0.0601,0.4660,,35.5561539,135.2552281,Q11673927,NOT_FOUND
1752,鯨魚和海之科學館,岩手縣,科學博物館,4.0,0,科學博物館,Morioka Station,77.7,0.70,0.8000,0.0000,0.0604,0.4660,http://commons.wikimedia.org/wiki/Special:FilePath/Museum%20of%20whale%20and%20sea.jpg,39.4365556,141.9756389,Q60986214,NOT_FOUND
212,おじの大和ミュージアム,兵庫縣,海軍博物館,4.0,0,海軍博物館,Kobe Station,83.4,0.70,0.8000,0.0000,0.0566,0.4657,,35.3084722,134.6801667,Q108070220,NOT_FOUND
3679,はごろも自然遊園地,青森縣,主題樂園,4.0,0,主題樂園,Aomori Station,85.9,0.70,0.8000,0.0000,0.0550,0.4655,,40.4765000,141.6415278,Q11275410,NOT_FOUND
792,周參見町立蝦和蟹之水族館,和歌山縣,水族館,4.0,0,水族館,Wakayama Station,88.8,0.70,0.8000,0.0000,0.0533,0.4653,,33.5045560,135.5888060,Q17219170,NOT_FOUND
1777,大元神樂傳承館,島根縣,博物館,4.0,0,博物館,Matsue Station,89.3,0.70,0.8000,0.0000,0.0530,0.4653,,34.9400230,132.3185510,Q132396774,NOT_FOUND
2948,海洋漁業科學館,石川縣,科學博物館,4.0,0,科學博物館,Kanazawa Station,91.5,0.70,0.8000,0.0000,0.0518,0.4652,,37.2968060,137.1485830,Q11559002,NOT_FOUND
3537,上伊那郷土館,長野縣,博物館,4.0,0,博物館,Nagano Station,91.8,0.70,0.8000,0.0000,0.0516,0.4652,,35.8388000,137.9563000,Q105085751,NOT_FOUND
1191,鲨鱼博物馆,宮城縣,博物館,4.0,0,博物館,Sendai Station,93.5,0.70,0.8000,0.0000,0.0508,0.4651,http://commons.wikimedia.org/wiki/Special:FilePath/Kesennuma%20uminoiti.jpg,38.9008362,141.5793556,Q61058058,NOT_FOUND
75,京丹後市立郷土資料館,京都府,地方文化館,4.0,0,地方文化館,Kyoto Station,102.5,0.70,0.8000,0.0000,0.0465,0.4646,http://commons.wikimedia.org/wiki/Special:FilePath/Kyodoshiryokan%20kyotango.jpg,35.6524720,134.9778060,Q11374217,NOT_FOUND
801,土耳其紀念館,和歌山縣,博物館,4.0,0,博物館,Wakayama Station,104.9,0.70,0.8000,0.0000,0.0455,0.4646,http://commons.wikimedia.org/wiki/Special:FilePath/Turkish%20Memorial%20and%20Museum%20Kushimoto%20Wakayama%20pref%20Japan02-b.jpg,33.4691670,135.8586110,Q11322055,NOT_FOUND
3669,駒ケ根高原美術館,長野縣,博物館,4.0,0,博物館,Nagano Station,104.3,0.70,0.8000,0.0000,0.0458,0.4646,http://commons.wikimedia.org/wiki/Special:FilePath/Komagane%20Kogen%20Art%20Museum.jpg,35.7352370,137.8981460,Q87675478,NOT_FOUND
804,日美修交紀念館,和歌山縣,博物館,4.0,0,博物館,Wakayama Station,105.2,0.70,0.8000,0.0000,0.0454,0.4645,http://commons.wikimedia.org/wiki/Special:FilePath/180428%20United%20States%E2%80%93Japan%20Friendship%20Memorial%20Museum02s10.jpg,33.4618060,135.8522780,Q11510122,NOT_FOUND
3242,童話館,福岡縣,美術館,4.0,0,美術館,Hakata Station,106.2,0.70,0.8000,0.0000,0.0450,0.4645,,32.7521940,129.8738330,Q11598468,NOT_FOUND
258,城崎溫泉,兵庫縣,温泉镇,4.0,0,温泉镇,Kobe Station,110.9,0.70,0.8000,0.0000,0.0431,0.4643,http://commons.wikimedia.org/wiki/Special:FilePath/Kinosaki%20onsen02%201920.jpg,35.6277780,134.8000000,Q11426141,NOT_FOUND
2229,NASPAコスモスガーデン,新潟縣,主題公園,4.0,0,主題公園,Niigata Station,111.6,0.70,0.8000,0.0000,0.0429,0.4643,http://commons.wikimedia.org/wiki/Special:FilePath/NASPA%E3%82%B3%E3%82%B9%E3%83%A2%E3%82%B92.jpg,36.9277170,138.8132280,Q11234463,NOT_FOUND
1514,奧飛驒溫泉鄉,岐阜縣,温泉郷,4.0,0,温泉郷,Gifu Station,115.4,0.70,0.8000,0.0000,0.0415,0.4642,,36.2380000,137.5260000,Q5371109,NOT_FOUND
2238,上越清里星のふるさと館,新潟縣,天文博物館,4.0,0,天文博物館,Niigata Station,115.2,0.70,0.8000,0.0000,0.0416,0.4642,http://commons.wikimedia.org/wiki/Special:FilePath/Joetsu%20Kiyosato%20Star%20Town%20Museum%20exterior%20in%202013-09-06.jpg,37.0358330,138.3650000,Q11360174,NOT_FOUND
326,濱坂溫泉鄉,兵庫縣,温泉郷,4.0,0,温泉郷,Kobe Station,123.7,0.70,0.8000,0.0000,0.0389,0.4639,,35.6200000,134.4520000,Q11557619,NOT_FOUND
408,Q138647708,北海道,博物館,4.0,0,博物館,Sapporo Station,128.3,0.70,0.8000,0.0000,0.0375,0.4638,,41.9584669,140.9246605,Q138647708,NOT_FOUND
519,大雪展望台,北海道,觀景台,4.0,0,觀景台,Sapporo Station,143.6,0.70,0.8000,0.0000,0.0336,0.4634,http://commons.wikimedia.org/wiki/Special:FilePath/Bells%20of%20Espoir%2C%20Daisetsu%20Observatory.jpg,43.8568333,142.7606389,Q11441802,NOT_FOUND
465,北島三郎紀念館,北海道,人物紀念館,4.0,0,人物紀念館,Sapporo Station,154.0,0.70,0.8000,0.0000,0.0315,0.4631,http://commons.wikimedia.org/wiki/Special:FilePath/Kitajima%20Saburo%20Museum%2001.jpg,41.7666110,140.7130560,Q17228241,NOT_FOUND
496,十勝川溫泉,北海道,温泉镇,4.0,0,温泉镇,Sapporo Station,158.9,0.70,0.8000,0.0000,0.0305,0.4631,http://commons.wikimedia.org/wiki/Special:FilePath/131012%20Tokachigawa%20Onsen%20Otofuke%20Hokkaido%20Japan01s3.jpg,42.9341667,143.2961111,Q11404905,NOT_FOUND
1802,森鷗外記念館,島根縣,人物紀念館,4.0,0,人物紀念館,Matsue Station,162.7,0.70,0.8000,0.0000,0.0298,0.4630,http://commons.wikimedia.org/wiki/Special:FilePath/View%20of%20Mori%20Ogai%20Memorial%20Museum.jpg,34.4573160,131.7685580,Q120669454,NOT_FOUND
3920,智頭町埋蔵文化財センター,鳥取縣,埋藏文化財中心,3.5,2,埋藏文化財中心,Tottori Station,28.3,0.70,0.7000,0.0921,0.1503,0.4627,http://commons.wikimedia.org/wiki/Special:FilePath/Chizu%20town%20former%20Haji%20elementary%20school.jpg,35.2398470,134.2301356,Q132753249,智頭町歴史資料館
3921,智頭町歴史資料館,鳥取縣,歷史博物館,3.5,2,歷史博物館,Tottori Station,28.2,0.70,0.7000,0.0921,0.1504,0.4627,,35.2400430,134.2299510,Q132753321,智頭町歴史資料館
492,北見瀧之上站,北海道,鐵路車站,4.0,0,鐵路車站,Sapporo Station,186.6,0.70,0.8000,0.0000,0.0261,0.4626,http://commons.wikimedia.org/wiki/Special:FilePath/Kitami-Takinoue%20station%20building.jpg,44.1937500,143.0708333,Q11404041,NOT_FOUND
572,望郷の塔,北海道,觀光塔,4.0,0,觀光塔,Sapporo Station,362.8,0.70,0.8000,0.0000,0.0136,0.4614,http://commons.wikimedia.org/wiki/Special:FilePath/Hokkaido%20pref%20road%20No35%20Nosappu%20Cape.jpg,43.3850830,145.8083890,Q11517161,NOT_FOUND
1348,チンクエチェント博物館,山形縣,博物館,4.0,0,博物館,Yamagata Station,494.4,0.70,0.8000,0.0000,0.0100,0.4610,,34.7152220,136.9703000,Q11318554,NOT_FOUND
1330,逍雲堂美術館,山口縣,美術館,3.5,2,美術館,Yamaguchi Station,32.8,0.70,0.7000,0.0921,0.1323,0.4609,http://commons.wikimedia.org/wiki/Special:FilePath/2004%E5%B9%B4%E9%80%8D%E9%9B%B2%E5%A0%82%E7%BE%8E%E8%A1%93%E9%A4%A8%20-%20panoramio.jpg,33.9489850,131.2481680,Q131327983,逍雲堂美術館 しょううんどう
685,ジャンピン・ジェリーフィッシュ,千葉縣,機動遊戲,4.0,0,機動遊戲,Chiba Station,8828.8,0.70,0.8000,0.0000,0.0006,0.4601,http://commons.wikimedia.org/wiki/Special:FilePath/Jumpin%20Jellyfish.jpg,33.8060400,-117.9226800,Q1929942,NOT_FOUND
2411,吉川英治記念館,東京都,人物紀念館,3.5,2,人物紀念館,Tokyo Station,51.6,0.70,0.7000,0.0921,0.0883,0.4565,http://commons.wikimedia.org/wiki/Special:FilePath/%E5%90%89%E5%B7%9D%E8%8B%B1%E6%B2%BB%E8%A8%98%E5%BF%B5%E9%A4%A8%20-%20panoramio.jpg,35.7963333,139.2130556,Q107355987,吉川英治記念館 書斎
3453,常磐大学博物館学博物館,茨城縣,博物館,3.0,1,博物館,Mito Station,3.5,0.70,0.6000,0.0581,0.5897,0.4564,,36.3823460,140.4399800,Q104696529,諸澤みよ記念館
76,京指物資料館,京都府,家具博物館,2.5,8,家具博物館,Kyoto Station,3.3,0.70,0.5000,0.1843,0.6048,0.4558,,35.0149865,135.7629520,Q132529130,京指物資料館
404,Bihoro Aviation Park,北海道,航空博物館,3.3,6,航空博物館,Sapporo Station,235.4,0.70,0.6600,0.1632,0.0208,0.4550,,43.8157724,144.0786635,Q28154110,美幌航空公園
1707,千田正記念館,岩手縣,人物紀念館,3.1,9,人物紀念館,Morioka Station,54.2,0.70,0.6200,0.1931,0.0844,0.4544,http://commons.wikimedia.org/wiki/Special:FilePath/Chida%20Tadashi%20Memorial%20Itakura%2CKanegasaki.jpg,39.2142500,141.1121389,Q60988648,千田正記念館
526,宮尾登美子文学記念館,北海道,文學館,3.0,14,文學館,Sapporo Station,77.0,0.70,0.6000,0.2271,0.0610,0.4542,http://commons.wikimedia.org/wiki/Special:FilePath/Tomiko%20miyao%20memorials%20literature.jpg,42.4716667,140.8733333,Q11454073,宮尾登美子記念アートホール
116,夜久野町化石・郷土資料館,京都府,博物館,3.1,10,博物館,Kyoto Station,84.9,0.70,0.6200,0.2011,0.0556,0.4539,http://commons.wikimedia.org/wiki/Special:FilePath/%E5%A4%9C%E4%B9%85%E9%87%8E%E7%94%BA%E5%8C%96%E7%9F%B3%E3%83%BB%E9%83%B7%E5%9C%9F%E8%B3%87%E6%96%99%E9%A4%A8.jpg,35.3383333,134.9297500,Q131352233,夜久野町化石・郷土資料館
1279,住吉神社宝物館,山口縣,宝物館,3.3,4,宝物館,Yamaguchi Station,51.9,0.70,0.6600,0.1350,0.0879,0.4533,http://commons.wikimedia.org/wiki/Special:FilePath/Treasure%20museum%20of%20Sumiyoshi%20Shrine.jpg,33.9988720,130.9568300,Q132496714,住吉神社 宝物館
300,春日歷史民俗資料館,兵庫縣,歷史博物館,2.9,17,歷史博物館,Kobe Station,54.8,0.70,0.5800,0.2424,0.0837,0.4531,http://commons.wikimedia.org/wiki/Special:FilePath/Kasuga%20fork%20culture%20museum01s3200.jpg,35.1680280,135.1020000,Q11513640,春日歴史民俗資料館
301,春日鄉土資料館,兵庫縣,地方文化館,2.9,17,地方文化館,Kobe Station,54.8,0.70,0.5800,0.2424,0.0837,0.4531,http://commons.wikimedia.org/wiki/Special:FilePath/Kasuga%20rekisi%20minzoku%20kyodo%20siryokan%20P9019123.jpg,35.1680280,135.1020000,Q11513712,春日歴史民俗資料館
2556,梅澤濱夫記念館 目黒,東京都,纪念博物馆,2.8,5,纪念博物馆,Tokyo Station,7.1,0.70,0.5600,0.1503,0.4147,0.4506,,35.6302710,139.7205180,Q138028244,梅澤濱夫記念館
1816,石見安達美術館,島根縣,美術館,3.2,5,美術館,Matsue Station,100.7,0.70,0.6400,0.1503,0.0473,0.4458,,34.9601120,132.1421810,Q123472463,石見安達美術館
1984,十輪寺庄薬師堂,愛媛縣,博物館,3.0,4,博物館,Matsuyama Station,15.4,0.70,0.6000,0.1350,0.2452,0.4450,,33.9721920,132.8020350,Q123532643,十輪寺庄薬師堂
1595,飛騨位山文化交流館,岐阜縣,圖書館,3.3,3,圖書館,Gifu Station,86.7,0.70,0.6600,0.1163,0.0545,0.4443,http://commons.wikimedia.org/wiki/Special:FilePath/Takayama%20City%20Library%20Ichinomiya%20Branch%20calil.jpg,36.0829610,137.2386100,Q133264896,飛騨位山文化交流館
902,立正大学博物館,埼玉縣,大學博物館,3.0,6,大學博物館,Omiya Station,32.6,0.70,0.6000,0.1632,0.1331,0.4423,,36.1084280,139.3621860,Q104831949,立正大学博物館
1368,山形縣埋藏文化財中心,山形縣,埋藏文化財中心,2.6,14,埋藏文化財中心,Yamagata Station,17.7,0.70,0.5200,0.2271,0.2206,0.4382,,38.1179444,140.2128056,Q11468479,山形県埋蔵文化財センター
1980,住友化学愛媛工場歴史資料館,愛媛縣,公司博物館,3.0,6,公司博物館,Matsuyama Station,49.0,0.70,0.6000,0.1632,0.0927,0.4382,http://commons.wikimedia.org/wiki/Special:FilePath/Sumikasiryou02.jpg,33.9611389,133.2616389,Q27614309,住友化学愛媛工場歴史資料館
3027,川崎・砂子の里資料館,神奈川縣,美術館,3.0,1,美術館,Yokohama Station,10.2,0.70,0.6000,0.0581,0.3280,0.4302,,35.5320280,139.7018330,Q11478345,砂子の里資料館
1452,身延町歴史民俗資料館,山梨縣,博物館,2.6,12,博物館,Kofu Station,26.6,0.70,0.5200,0.2151,0.1582,0.4284,http://commons.wikimedia.org/wiki/Special:FilePath/%E5%A4%A7%E8%81%96%E5%AF%BA%E3%83%BB%E8%BA%AB%E5%BB%B6%E7%94%BA%E7%AB%8B%E6%AD%B4%E5%8F%B2%E6%B0%91%E6%97%8F%E8%B3%87%E6%96%99%E9%A4%A8%20-%20panoramio.jpg,35.4507650,138.4428230,Q104709458,身延町歴史民俗資料館
2150,東栄町立博物館,愛知縣,博物館,3.0,3,博物館,Nagoya Station,75.7,0.70,0.6000,0.1163,0.0619,0.4211,http://commons.wikimedia.org/wiki/Special:FilePath/%E6%9D%B1%E6%A0%84%E7%94%BA%E5%8D%9A%E7%89%A9%E9%A4%A8%202018%E5%B9%B46%E6%9C%88%20ac.jpg,35.0684167,137.7045278,Q55535195,東栄町立博物館
207,JGA高爾夫球博物館,兵庫縣,體育博物館,3.0,1,體育博物館,Kobe Station,17.5,0.70,0.6000,0.0581,0.2223,0.4197,,34.7703889,135.0218611,Q11225764,JGAゴルフミュージアム
3590,小諸市立郷土博物館,長野縣,博物館,3.0,2,博物館,Nagano Station,40.4,0.70,0.6000,0.0921,0.1102,0.4187,,36.3286944,138.4151667,Q21653078,小諸市立郷土博物館（休館・団体専用）
1668,永瀬清子展示室,岡山縣,文學館,3.0,1,文學館,Okayama Station,21.4,0.70,0.6000,0.0581,0.1895,0.4164,,34.7906540,134.0974350,Q132616015,赤磐市 永瀬清子展示室
2380,井草民俗資料館,東京都,民俗博物館,2.7,3,民俗博物館,Tokyo Station,16.0,0.70,0.5400,0.1163,0.2379,0.4147,,35.7164780,139.5951190,Q104698236,井草民俗資料館
412,おたるみなと資料館,北海道,博物館,2.7,3,博物館,Sapporo Station,28.6,0.70,0.5400,0.1163,0.1486,0.4057,,43.1827770,141.0344350,Q133054588,おたるみなと資料館
1195,天岩戸神社徴古館,宮崎縣,宝物館,3.0,1,宝物館,Miyazaki Station,91.3,0.70,0.6000,0.0581,0.0519,0.4026,,32.7342000,131.3496670,Q133297566,徴古館（天の岩戸記念館）
3177,九州能源館,福岡縣,エネルギー博物館,2.0,2,エネルギー博物館,Hakata Station,2.6,0.70,0.4000,0.0921,0.6545,0.3931,http://commons.wikimedia.org/wiki/Special:FilePath/Kyusyu%20enekan.JPG,33.5783330,130.3960280,Q11370126,九州電力（株） 九州エネルギー館
2154,楽只美術館,愛知縣,美術館,2.0,2,美術館,Nagoya Station,2.7,0.70,0.4000,0.0921,0.6498,0.3926,http://commons.wikimedia.org/wiki/Special:FilePath/Rakusi%20Art%20Museum%202013-08.JPG,35.1752530,136.9106610,Q11541558,楽只美術館
1955,鳴門ガレの森美術館,德島縣,美術館,1.8,22,美術館,Tokushima Station,13.2,0.70,0.3600,0.2630,0.2745,0.3903,,34.1782780,134.6203610,Q11675413,鳴門ガレの森美術館空海美術館
3533,メルシャン軽井沢美術館,長野縣,美術館,2.5,2,美術館,Nagano Station,45.7,0.70,0.5000,0.0921,0.0987,0.3775,http://commons.wikimedia.org/wiki/Special:FilePath/Musee%20d%27art%20Mercian%20KARUIZAWA.jpg,36.3223610,138.5077780,Q11344069,メルシャン軽井沢ウイスキー蒸留所跡
3819,韮山郷土史料館,靜岡縣,博物館,2.5,2,博物館,Shizuoka Station,52.7,0.70,0.5000,0.0921,0.0867,0.3763,,35.0549720,138.9584170,Q11664104,伊豆の国市役所 韮山郷土史料館
1566,福来記念・山本資料館,岐阜縣,博物館,2.0,3,博物館,Gifu Station,100.7,0.70,0.4000,0.1163,0.0473,0.3396,http://commons.wikimedia.org/wiki/Special:FilePath/%E9%A3%9B%E9%A8%A8%E7%A6%8F%E6%9D%A5%E5%BF%83%E7%90%86%E5%AD%A6%E7%A0%94%E7%A9%B6%E6%89%80%E3%83%BB%E7%A6%8F%E6%9D%A5%E8%A8%98%E5%BF%B5%E5%B1%B1%E6%9C%AC%E8%B3%87%E6%96%99%E9%A4%A8.jpg,36.2250460,137.2405390,Q131911113,福来記念山本資料館
634,神恵内村郷土資料館,北海道,博物館,2.0,1,博物館,Sapporo Station,76.0,0.70,0.4000,0.0581,0.0617,0.3236,,43.1482520,140.4204850,Q104236395,神恵内郷土資料館
2986,Orbi Yokohama,神奈川縣,主題公園,1.0,1,主題公園,Yokohama Station,1.3,0.70,0.2000,0.0581,0.7917,0.3166,http://commons.wikimedia.org/wiki/Special:FilePath/Orbi%20Yokohama%2002.JPG,35.4572500,139.6321944,Q23905885,オービィ横浜ショップ
1543,日本国際ポスター美術館,岐阜縣,美術館,1.5,2,美術館,Gifu Station,12.5,0.70,0.3000,0.0921,0.2859,0.3162,http://commons.wikimedia.org/wiki/Special:FilePath/%E5%B2%90%E9%98%9C%E5%8D%94%E7%AB%8B%E5%A4%A7%E5%AD%A6%E6%A0%A1%E5%90%8D.jpg,35.3943890,136.6196670,Q111803091,日本国際ポスター美術館
1032,日本工芸館,大阪府,博物館,1.0,2,博物館,Osaka Station,4.6,0.70,0.2000,0.0921,0.5206,0.2997,http://commons.wikimedia.org/wiki/Special:FilePath/Japan%20folk%20art%20museum.jpg,34.6611500,135.4986361,Q11508057,日本民芸協団
2006,新居浜市立郷土美術館,愛媛縣,美術館,1.0,1,美術館,Matsuyama Station,50.8,0.70,0.2000,0.0581,0.0896,0.2464,http://commons.wikimedia.org/wiki/Special:FilePath/Niihama%20City%20Native%20Museum.JPG,33.9602500,133.2828056,Q11501954,新居浜市役所 郷土美術館
450,伊達市噴火湾文化研究所,北海道,博物館,1.0,1,博物館,Sapporo Station,76.8,0.70,0.2000,0.0581,0.0611,0.2435,,42.4811790,140.8551200,Q104236483,伊達市 噴火湾文化研究所
3131,スポーツ・ミュージアム山田コレクション,福井縣,博物館,0.0,0,博物館,Fukui Station,1.3,0.70,0.0000,0.0000,0.7940,0.2194,,36.0536111,136.2337500,Q11313163,山田コレクション
2974,金沢市足軽資料館,石川縣,武家地,0.0,0,武家地,Kanazawa Station,1.3,0.70,0.0000,0.0000,0.7880,0.2188,http://commons.wikimedia.org/wiki/Special:FilePath/Ashigaru%20Shiryokan%20Museum%2001.jpg,36.5661110,136.6500000,Q11647461,〒920-0865 石川県金沢市長町１丁目９−３ 足軽資料館
3811,静岡市文化財資料館,靜岡縣,博物館,0.0,0,博物館,Shizuoka Station,1.7,0.70,0.0000,0.0000,0.7503,0.2150,http://commons.wikimedia.org/wiki/Special:FilePath/Shizuoka%20Cultural%20Properties%20Museum.jpg,34.9825556,138.3762222,Q85884477,〒420-0868 静岡県静岡市葵区宮ヶ崎町１０２ 静岡市文化財資料館
977,伏見ビル,大阪府,建成遗产,0.0,0,建成遗产,Osaka Station,1.8,0.70,0.0000,0.0000,0.7407,0.2141,http://commons.wikimedia.org/wiki/Special:FilePath/Hushimi-bld.jpg,34.6889722,135.5056944,Q11381066,〒541-0044 大阪府大阪市中央区伏見町２丁目２−３ 伏見ビル
1508,大松美術館,岐阜縣,美術館,0.0,0,美術館,Gifu Station,2.5,0.70,0.0000,0.0000,0.6676,0.2068,http://commons.wikimedia.org/wiki/Special:FilePath/Ohmatsu%20Art%20Museum01.JPG,35.3911389,136.7728611,Q11436188,大松美術館
2479,日本足球博物館,東京都,體育博物館,0.0,0,體育博物館,Tokyo Station,2.6,0.70,0.0000,0.0000,0.6600,0.2060,http://commons.wikimedia.org/wiki/Special:FilePath/Japan%20Football%20Museum%20201904a.jpg,35.7042220,139.7638890,Q11506477,Japan Football Museum
3509,長崎市永井隆記念館,長崎縣,人物紀念館,0.0,0,人物紀念館,Nagasaki Station,3.0,0.70,0.0000,0.0000,0.6228,0.2023,http://commons.wikimedia.org/wiki/Special:FilePath/Nagasaki%20City%20Nagai%20Takashi%20Memorial%20Museum.jpg,32.7790070,129.8657140,Q118111277,〒852-8113 長崎県長崎市上野町２２−６ 永井隆記念館
3941,鳥取県埋蔵文化財センター,鳥取縣,埋藏文化財中心,0.0,0,埋藏文化財中心,Tottori Station,3.4,0.70,0.0000,0.0000,0.5954,0.1995,,35.4802750,134.2593330,Q138197860,〒680-0151 鳥取県鳥取市国府町宮下１２６０ 埋蔵文化財センター
2500,月の松,東京都,松樹,0.0,0,松樹,Tokyo Station,3.5,0.70,0.0000,0.0000,0.5858,0.1986,http://commons.wikimedia.org/wiki/Special:FilePath/100%20views%20edo%20089.jpg,35.7125870,139.7733890,Q99541305,歌川広重「名所江戸百景」清水観音堂の月の松
2455,平木浮世絵美術館 UKIYO-e TOKYO,東京都,美術館,0.0,0,美術館,Tokyo Station,3.7,0.70,0.0000,0.0000,0.5739,0.1974,,35.6551390,139.7927780,Q11483041,Ukiyo-e Tokyo
3809,静岡大学キャンパスミュージアム,靜岡縣,大學博物館,0.0,0,大學博物館,Shizuoka Station,3.8,0.70,0.0000,0.0000,0.5654,0.1965,,34.9651820,138.4302140,Q133232018,静岡大学キャンパスミュージアム
1606,鵜飼資料園,岐阜縣,博物館,0.0,0,博物館,Gifu Station,4.0,0.70,0.0000,0.0000,0.5550,0.1955,http://commons.wikimedia.org/wiki/Special:FilePath/%E9%B5%9C%E9%A3%BC%E8%B3%87%E6%96%99%E5%9C%92.jpg,35.4411500,136.7763222,Q5170998,鵜飼資料園
579,札幌宮の森美術館,北海道,美術館,0.0,0,美術館,Sapporo Station,4.1,0.70,0.0000,0.0000,0.5475,0.1948,http://commons.wikimedia.org/wiki/Special:FilePath/Bottazzi%20and%20Miyanomori.jpg,43.0571611,141.3024500,Q2420835,〒064-0952 北海道札幌市中央区宮の森２条１１丁目２−１ 宮の森美術館
2347,テピア,東京都,科技博物館,0.0,0,科技博物館,Tokyo Station,4.6,0.70,0.0000,0.0000,0.5211,0.1921,http://commons.wikimedia.org/wiki/Special:FilePath/Tepia-Kita-Aoyama.jpg,35.6730556,139.7172222,Q11319358,Tepia
761,稻毛民間航空紀念館,千葉縣,航空博物館,0.0,0,航空博物館,Chiba Station,4.9,0.70,0.0000,0.0000,0.5063,0.1906,http://commons.wikimedia.org/wiki/Special:FilePath/InageMinkanKoukuuKinenkan20101223.jpg,35.6208000,140.0600410,Q11596687,〒261-0003 千葉県千葉市美浜区高浜７丁目２−２ 稲毛民間航空記念館
995,大阪人権博物館,大阪府,博物館,0.0,0,博物館,Osaka Station,5.4,0.70,0.0000,0.0000,0.4803,0.1880,http://commons.wikimedia.org/wiki/Special:FilePath/Liberty%20Osaka%20Human%20Rights%20Museum.jpg,34.6544444,135.4866667,Q6541903,〒556-0026 大阪府大阪市浪速区浪速西３丁目６−３６ 大阪人権博物館
2058,マンドリンの音の博物館,愛知縣,柏林乐器博物馆,0.0,0,柏林乐器博物馆,Nagoya Station,6.3,0.70,0.0000,0.0000,0.4414,0.1841,http://commons.wikimedia.org/wiki/Special:FilePath/Mandolin%20Museum%20Nagoya%2020140517.JPG,35.1497220,136.9461190,Q11341608,〒466-0855 愛知県名古屋市昭和区川名本町６丁目 マンドリンの音の博物館
1754,いずもまがたまの里 伝承館,島根縣,博物館,0.0,0,博物館,Matsue Station,6.4,0.70,0.0000,0.0000,0.4398,0.1840,http://commons.wikimedia.org/wiki/Special:FilePath/Izumo%20Magatama-sato1.JPG,35.4318970,133.0053810,Q21583279,いずもまがたまの里伝承館
2406,原美術館,東京都,美術館,0.0,0,美術館,Tokyo Station,7.3,0.70,0.0000,0.0000,0.4080,0.1808,http://commons.wikimedia.org/wiki/Special:FilePath/Hara%20Museum%20of%20Contemporary%20Art%202010.jpg,35.6210278,139.7360556,Q3736155,〒140-0001 東京都品川区北品川４丁目７−２５ 原美術館
2604,目黑歷史資料館,東京都,歷史博物館,0.0,0,歷史博物館,Tokyo Station,7.5,0.70,0.0000,0.0000,0.4013,0.1801,http://commons.wikimedia.org/wiki/Special:FilePath/Meguro%20History%20Museum.JPG,35.6393330,139.7025830,Q11279688,〒153-0061 東京都目黒区中目黒３丁目６ 目黒区めぐろ歴史資料館
3459,水戸市埋蔵文化財センター,茨城縣,埋藏文化財中心,0.0,0,埋藏文化財中心,Mito Station,7.5,0.70,0.0000,0.0000,0.4010,0.1801,,36.3337800,140.5456970,Q123274275,〒311-1114 茨城県水戸市塩崎町埋蔵文化財センター
1424,山梨県埋蔵文化財センター,山梨縣,埋藏文化財中心,0.0,0,埋藏文化財中心,Kofu Station,8.2,0.70,0.0000,0.0000,0.3786,0.1779,,35.5942230,138.5827450,Q125253746,山梨県埋蔵文化財センター
3210,宇美八幡宮宝物殿,福岡縣,宝物館,0.0,0,宝物館,Hakata Station,8.5,0.70,0.0000,0.0000,0.3717,0.1772,http://commons.wikimedia.org/wiki/Special:FilePath/Warehouse%20and%20Treasure%20Hall%20of%20Umi%20Hachiman%20Shrine.JPG,33.5703500,130.5087600,Q133269306,宇美八幡宮 放生会大祭
3211,宇美町立歴史民俗資料館,福岡縣,歷史博物館,0.0,0,歷史博物館,Hakata Station,8.5,0.70,0.0000,0.0000,0.3707,0.1771,http://commons.wikimedia.org/wiki/Special:FilePath/Umi%20Town%20History%20and%20Folklore%20Museum%20ac.jpg,33.5696650,130.5089620,Q130357844,宇美八幡宮 放生会大祭
869,富士見市立水子貝塚資料館,埼玉縣,考古博物館,0.0,0,考古博物館,Omiya Station,8.7,0.70,0.0000,0.0000,0.3639,0.1764,http://commons.wikimedia.org/wiki/Special:FilePath/%E5%AF%8C%E5%A3%AB%E8%A6%8B%E5%B8%82%E7%AB%8B%E6%B0%B4%E5%AD%90%E8%B2%9D%E5%A1%9A%E8%B3%87%E6%96%99%E9%A4%A8%20-%20Mapillary%20%283589427237942297%29.jpg,35.8458000,139.5622930,Q104696830,〒354-0011 埼玉県富士見市水子２００５−１ 富士見市立水子貝塚資料館
3846,庵治温泉,香川縣,温泉镇,0.0,0,温泉镇,Takamatsu Station,9.0,0.70,0.0000,0.0000,0.3582,0.1758,,34.3952130,134.1278040,Q108541303,庵治温泉
833,ふじみ野市立福岡河岸記念館,埼玉縣,历史房屋博物馆,0.0,0,历史房屋博物馆,Omiya Station,9.4,0.70,0.0000,0.0000,0.3469,0.1747,http://commons.wikimedia.org/wiki/Special:FilePath/Fujinino%20Hukuokakasikinenkan%201.jpg,35.8852780,139.5229170,Q28686133,〒356-0011 埼玉県ふじみ野市福岡３丁目４−２ ふじみ野市立福岡河岸記念館
3043,旧ウィトリッヒ邸,神奈川縣,建成遗产,0.0,0,建成遗产,Yokohama Station,10.8,0.70,0.0000,0.0000,0.3173,0.1717,,35.4058333,139.5299167,Q123466798,旧ウィトリッヒ邸
1006,大阪市立海洋博物館,大阪府,海事博物館,0.0,0,海事博物館,Osaka Station,10.9,0.70,0.0000,0.0000,0.3152,0.1715,http://commons.wikimedia.org/wiki/Special:FilePath/Osaka%20maritime%20museum01s3200.jpg,34.6400472,135.4045722,Q867148,なにわの海の時空館
1291,山口市小郡文化資料館,山口縣,博物館,0.0,0,博物館,Yamaguchi Station,11.1,0.70,0.0000,0.0000,0.3098,0.1710,,34.1024860,131.3936500,Q104783864,〒754-0002 山口県山口市小郡下郷山手下６０９−３ 山口市小郡文化資料館
488,北海道開拓記念館,北海道,博物館,0.0,0,博物館,Sapporo Station,12.0,0.70,0.0000,0.0000,0.2945,0.1695,http://commons.wikimedia.org/wiki/Special:FilePath/Historical%20Museum%20of%20Hokkaido.JPG,43.0530556,141.4966667,Q106967662,〒004-0006 北海道札幌市厚別区厚別町小野幌５３−２ 北海道開拓記念館
2246,北方文化博物館,新潟縣,历史房屋博物馆,0.0,0,历史房屋博物馆,Niigata Station,12.1,0.70,0.0000,0.0000,0.2920,0.1692,http://commons.wikimedia.org/wiki/Special:FilePath/Northern%20Culture%20Museum%20002.jpg,37.8296170,139.1521470,Q11246368,〒950-0205 新潟県新潟市江南区沢海２丁目１５−２５ （一財）北方文化博物館
825,NHK檔案館,埼玉縣,檔案館,0.0,0,檔案館,Omiya Station,12.4,0.70,0.0000,0.0000,0.2878,0.1688,http://commons.wikimedia.org/wiki/Special:FilePath/NHK%20Archives%20Building.JPG,35.8276944,139.7211944,Q11234989,〒333-0844 Prefectura de川口市SaitamaKawaguchiKamiaoki３丁目 ＮＨＫアーカイブス
3430,高崎市観音塚考古資料館,群馬縣,考古博物館,0.0,0,考古博物館,Maebashi Station,12.8,0.70,0.0000,0.0000,0.2810,0.1681,http://commons.wikimedia.org/wiki/Special:FilePath/Takasaki%20City%20Kannonduka%20Museum%20of%20Archaeololgy.JPG,36.3401670,138.9401610,Q104696800,〒370-0884 群馬県高崎市八幡町８００−１４４ 高崎市観音塚考古資料館
3810,静岡市埋蔵文化財センター,靜岡縣,埋藏文化財中心,0.0,0,埋藏文化財中心,Shizuoka Station,13.5,0.70,0.0000,0.0000,0.2699,0.1670,http://commons.wikimedia.org/wiki/Special:FilePath/Hatauchigawa%20010%20museum.jpg,35.0473500,138.5050500,Q123272589,〒424-0032 静岡県静岡市清水区横砂東町３３−２ 埋蔵文化財センター
2355,ワタミ夢ストリート,東京都,公司博物館,0.0,0,公司博物館,Tokyo Station,14.6,0.70,0.0000,0.0000,0.2557,0.1656,,35.5520000,139.7410830,Q17217914,ワタミ夢ストリート
2950,白山市立鶴来博物館,石川縣,博物館,0.0,0,博物館,Kanazawa Station,14.6,0.70,0.0000,0.0000,0.2556,0.1656,,36.4477778,136.6322500,Q11579575,白山市立鶴来博物館
2276,新潟県立環境と人間のふれあい館,新潟縣,都道府县立博物馆,0.0,0,都道府县立博物馆,Niigata Station,15.5,0.70,0.0000,0.0000,0.2440,0.1644,http://commons.wikimedia.org/wiki/Special:FilePath/Niigata%20Learning%20Center%20For%20Humans%20%26%20The%20Environment%20April2020.jpg,37.9128889,139.2384167,Q11503113,〒950-3324 新潟県新潟市北区前新田県立環境と人間のふれあい館
2551,板橋区立郷土資料館,東京都,地方文化館,0.0,0,地方文化館,Tokyo Station,16.1,0.70,0.0000,0.0000,0.2369,0.1637,http://commons.wikimedia.org/wiki/Special:FilePath/Itabashi%20historical%20museum%202009.JPG,35.7854710,139.6432570,Q104696866,〒175-0092 東京都板橋区赤塚５丁目３５−２５ 区立郷土資料館
686,スポーツ資料館,千葉縣,博物館,0.0,0,博物館,Chiba Station,17.3,0.70,0.0000,0.0000,0.2242,0.1624,http://commons.wikimedia.org/wiki/Special:FilePath/Sports%20Museum%20%28Sakura%29%2001.jpg,35.7395580,140.2253940,Q131100659,〒285-0004 千葉県佐倉市岩名スポーツ資料館
1037,枚方公園,大阪府,動物園,0.0,0,動物園,Osaka Station,17.3,0.70,0.0000,0.0000,0.2238,0.1624,http://commons.wikimedia.org/wiki/Special:FilePath/Hirakata%20Park.jpg,34.8057778,135.6381306,Q302897,枚方公園町
1838,ひろしまドッグぱーく,廣島縣,主題公園,0.0,0,主題公園,Hiroshima Station,17.9,0.70,0.0000,0.0000,0.2185,0.1619,,34.4136111,132.2813889,Q11276750,ひろしまドッグぱーく
230,仁川百合野町地すべり資料館,兵庫縣,地質学博物館,0.0,0,地質学博物館,Kobe Station,18.3,0.70,0.0000,0.0000,0.2146,0.1615,http://commons.wikimedia.org/wiki/Special:FilePath/Nigawayurino-cho%20Jisuberi%20Shiryokan1.JPG,34.7731940,135.3426940,Q11376363,〒662-0815 兵庫県西宮市仁川百合野町１０−１ 地すべり資料館
1134,マリンピア松島水族館,宮城縣,水族館,0.0,0,水族館,Sendai Station,19.5,0.70,0.0000,0.0000,0.2037,0.1604,http://commons.wikimedia.org/wiki/Special:FilePath/Matsushima%20Suizokukan%202008-07.jpg,38.3675560,141.0598330,Q11341120,マリンピア松島水族館（閉館済み）
3384,太田市立藪塚本町歴史民俗資料館,群馬縣,民俗博物館,0.0,0,民俗博物館,Maebashi Station,22.4,0.70,0.0000,0.0000,0.1824,0.1582,http://commons.wikimedia.org/wiki/Special:FilePath/Yabuzukahonmachi%20Historical%20and%20Folklore%20Museum.JPG,36.3633333,139.3216667,Q106388197,〒379-2301 群馬県太田市藪塚町１４９ 市立藪塚本町歴史民俗資料館
1238,松村外次郎記念庄川美術館,富山縣,美術館,0.0,0,美術館,Toyama Station,24.2,0.70,0.0000,0.0000,0.1713,0.1571,http://commons.wikimedia.org/wiki/Special:FilePath/Shogawa%20Memorial%20Museum%20of%20Sotojiro%20Matsumura.jpg,36.5723889,136.9948056,Q30925818,松村外次郎記念庄川美術館
729,市立市川歴史博物館,千葉縣,歷史博物館,0.0,0,歷史博物館,Chiba Station,24.4,0.70,0.0000,0.0000,0.1700,0.1570,http://commons.wikimedia.org/wiki/Special:FilePath/Ichikawa%20City%20History%20Museum.jpg,35.7597740,139.9116250,Q104696858,〒272-0837 千葉県市川市堀之内２丁目２７−１ 市立市川歴史博物館
3452,山方淡水魚館,茨城縣,水族館,0.0,0,水族館,Mito Station,29.1,0.70,0.0000,0.0000,0.1468,0.1547,http://commons.wikimedia.org/wiki/Special:FilePath/Yamagata%20Tansuigyo-kan.JPG,36.6256661,140.4040464,Q21655033,山方淡水魚館
1346,やませ蔵美術館,山形縣,美術館,0.0,0,美術館,Yamagata Station,30.0,0.70,0.0000,0.0000,0.1427,0.1543,,38.1020278,140.0387500,Q85869646,やませ蔵美術館
1,オーストラリア記念館,三重縣,博物館,0.0,0,博物館,Tsu Station,30.7,0.70,0.0000,0.0000,0.1402,0.1540,http://commons.wikimedia.org/wiki/Special:FilePath/Japan%20World%20Exposition%20Australia%20Memorial.jpg,34.9852220,136.6486110,Q17222158,オーストラリア記念館跡地
688,九十九里沙丁魚博物館,千葉縣,博物館,0.0,0,博物館,Chiba Station,30.9,0.70,0.0000,0.0000,0.1394,0.1539,http://commons.wikimedia.org/wiki/Special:FilePath/Kujukuri%20Town%20Kujukuri%20Sardine%20Museum%20exterior%20in%202013-03-08.jpg,35.5357056,140.4408000,Q11370059,九十九里町立いわし博物館
3114,赤坂弥生学習室,神奈川縣,設施,0.0,0,設施,Yokohama Station,31.1,0.70,0.0000,0.0000,0.1386,0.1539,,35.1866944,139.6295278,Q102045963,赤坂弥生学習室
2433,多摩美術大學美術館,東京都,大学美术馆,0.0,0,大学美术馆,Tokyo Station,31.3,0.70,0.0000,0.0000,0.1378,0.1538,http://commons.wikimedia.org/wiki/Special:FilePath/Tama%20Art%20University%20Museum.JPG,35.6235220,139.4282940,Q11430784,多摩美術大学美術館
2597,町田市立博物館,東京都,博物館,0.0,0,博物館,Tokyo Station,31.2,0.70,0.0000,0.0000,0.1379,0.1538,http://commons.wikimedia.org/wiki/Special:FilePath/Machida-City-Museum.jpg,35.5672222,139.4511111,Q22120359,町田市立博物館
3944,鳥取短期大学絣美術館,鳥取縣,大學博物館,0.0,0,大學博物館,Tottori Station,33.5,0.70,0.0000,0.0000,0.1300,0.1530,,35.4559970,133.8593510,Q138199718,絣美術館
925,九州芸術の杜,大分縣,美術館,0.0,0,美術館,Oita Station,34.6,0.70,0.0000,0.0000,0.1262,0.1526,,33.1463056,131.2492500,Q11370334,九州芸術の杜 杜のキャンプ場
1736,花巻歴史民俗資料館,岩手縣,民俗博物館,0.0,0,民俗博物館,Morioka Station,36.6,0.70,0.0000,0.0000,0.1201,0.1520,http://commons.wikimedia.org/wiki/Special:FilePath/Hanamaki%20CMHF01s3200.jpg,39.3880280,141.0057780,Q11615374,花巻歴史民俗資料館
773,野田市市民会館,千葉縣,博物館,0.0,0,博物館,Chiba Station,43.2,0.70,0.0000,0.0000,0.1038,0.1504,http://commons.wikimedia.org/wiki/Special:FilePath/Noda%20City%20Shiminkaikan%2005.jpg,35.9457330,139.8655830,Q131399088,〒278-0037 千葉県野田市野田市民会館
859,埼玉県立深谷商業高等学校記念館,埼玉縣,教育博物館,0.0,0,教育博物館,Omiya Station,44.0,0.70,0.0000,0.0000,0.1020,0.1502,http://commons.wikimedia.org/wiki/Special:FilePath/Fukaya-Commercial-HighSchool-MemorialHall-2013081501.jpg,36.1970000,139.2912778,Q22118792,埼玉県立深谷商業高等学校
1568,筋骨めぐり,岐阜縣,觀光景點,0.0,0,觀光景點,Gifu Station,45.9,0.70,0.0000,0.0000,0.0982,0.1498,http://commons.wikimedia.org/wiki/Special:FilePath/%E7%AD%8B%E9%AA%A8%E3%82%81%E3%81%90%E3%82%8A%28%E9%A3%9B%E9%A8%A8%E9%87%91%E5%B1%B1%29.jpg,35.6610558,137.1578864,Q117442298,筋骨
1831,飯南町民俗資料館,島根縣,民俗博物館,0.0,0,民俗博物館,Matsue Station,49.8,0.70,0.0000,0.0000,0.0912,0.1491,,35.0793770,132.7821930,Q132420775,飯南町民族資料館
3744,伊豆世界 大家的夏威夷,靜岡縣,植物園,0.0,0,植物園,Shizuoka Station,50.5,0.70,0.0000,0.0000,0.0900,0.1490,http://commons.wikimedia.org/wiki/Special:FilePath/IZU-WORLD%20MINNANO%20Hawaiians%2020120910.jpg,35.0123060,138.9413330,Q11224475,IZU・WORLD みんなのHawaiians
3439,五角堂,茨城縣,建成遗产,0.0,0,建成遗产,Mito Station,52.2,0.70,0.0000,0.0000,0.0874,0.1487,http://commons.wikimedia.org/wiki/Special:FilePath/Gokakud%C5%8D%20in%20Tsukuba-Yatabe01.jpg,36.0318611,140.0733056,Q11372669,五角堂
2916,黑川溫泉,熊本縣,温泉镇,0.0,0,温泉镇,Kumamoto Station,52.9,0.70,0.0000,0.0000,0.0863,0.1486,http://commons.wikimedia.org/wiki/Special:FilePath/Kurokawa%20Onsen%20-%E6%B8%A9%E6%B3%89%E8%A1%97.jpg,33.0783900,131.1413000,Q11678251,黒川温泉
23,志摩海洋世界水族館,三重縣,水族館,0.0,0,水族館,Tsu Station,54.9,0.70,0.0000,0.0000,0.0834,0.1483,http://commons.wikimedia.org/wiki/Special:FilePath/Shima%20Marine%20Land%2C%20Renewed%20in%202016.jpg,34.3108610,136.8194170,Q11490912,志摩マリンランド
1276,中山神社宝物殿,山口縣,宝物館,0.0,0,宝物館,Yamaguchi Station,55.0,0.70,0.0000,0.0000,0.0833,0.1483,http://commons.wikimedia.org/wiki/Special:FilePath/Treasure%20museum%20of%20Nakayama%20Shrine%20in%20Shimonoseki%2C%20Yamaguchi.jpg,34.0063400,130.9176490,Q132496806,〒751-0849 山口県下関市綾羅木本町７丁目１０−１７ 中山神社宝物殿
1311,梅光学院大学博物館,山口縣,大學博物館,0.0,0,大學博物館,Yamaguchi Station,55.3,0.70,0.0000,0.0000,0.0829,0.1483,,33.9677980,130.9323870,Q104783695,梅光学院大学博物館
3739,丸山敏雄記念館,靜岡縣,纪念博物馆,0.0,0,纪念博物馆,Shizuoka Station,57.0,0.70,0.0000,0.0000,0.0807,0.1481,,35.2995060,138.8706180,Q132327514,丸山敏雄記念館
2203,豊川市民俗資料館,愛知縣,博物館,0.0,0,博物館,Nagoya Station,60.5,0.70,0.0000,0.0000,0.0763,0.1476,http://commons.wikimedia.org/wiki/Special:FilePath/Toyokawa%20City%20Museum%20of%20Folklore%20%282011.03.05%29.jpg,34.8569167,137.4241389,Q55521745,豊川市 民俗資料館
3224,海峽戲劇船,福岡縣,レトロテーマパーク,0.0,0,レトロテーマパーク,Hakata Station,63.3,0.70,0.0000,0.0000,0.0732,0.1473,http://commons.wikimedia.org/wiki/Special:FilePath/Dramaship.jpg,33.9440000,130.9566940,Q11558907,〒801-0841 福岡県北九州市門司区西海岸１丁目３−３ 関門海峡ミュージアム
3492,平戸温泉,長崎縣,温泉镇,0.0,0,温泉镇,Nagasaki Station,74.7,0.70,0.0000,0.0000,0.0628,0.1463,,33.3496990,129.5053720,Q108611178,平戸温泉給湯センター
3605,木曽福島郷土館,長野縣,地方文化館,0.0,0,地方文化館,Nagano Station,98.0,0.70,0.0000,0.0000,0.0486,0.1449,,35.8541667,137.7022222,Q55524329,木曽福島郷土館
3961,宇宙科学技術館,鹿兒島縣,宇宙工学博物館,0.0,0,宇宙工学博物館,Kagoshima-Chuo Station,140.2,0.70,0.0000,0.0000,0.0344,0.1434,http://commons.wikimedia.org/wiki/Special:FilePath/%E5%AE%87%E5%AE%99%E7%A7%91%E5%AD%A6%E6%8A%80%E8%A1%93%E9%A4%A8.jpg,30.3748330,130.9575000,Q11449353,〒891-3703 鹿児島県熊毛郡南種子町茎永９９９９−７ 種子島宇宙センター宇宙科学技術館
537,層雲峽溫泉,北海道,単純温泉,0.0,0,単純温泉,Sapporo Station,148.3,0.70,0.0000,0.0000,0.0326,0.1433,http://commons.wikimedia.org/wiki/Special:FilePath/Sounkyo%20Promenade.JPG,43.7269500,142.9479200,Q11465750,層雲峡温泉
