source_id,name,prefecture,category,lat,lng,image_url
Q17221655,波羅蜜多博物館,三重縣,美術館,35.0127820,136.4898250,http://commons.wikimedia.org/wiki/Special:FilePath/Paramita%20museum.jpg
Q104720738,亀山市歴史博物館,三重縣,歷史博物館,34.8589390,136.4474480,http://commons.wikimedia.org/wiki/Special:FilePath/Kameyama%20City%20Historical%20Museum%20ac%20%281%29.jpg
Q11340103,馬孔德美術館,三重縣,美術館,34.4907778,136.8116667,http://commons.wikimedia.org/wiki/Special:FilePath/Makonde%20Art%20Museum%20in%20Futami.jpg
Q104720761,鈴鹿市考古博物館,三重縣,考古博物館,34.9070730,136.5645640,http://commons.wikimedia.org/wiki/Special:FilePath/Suzuka%20Municipal%20Museum%20of%20Archaeology%20gaikan.JPG
Q11357837,三重县立美术馆,三重縣,都道府县立博物馆,34.7348330,136.5018890,http://commons.wikimedia.org/wiki/Special:FilePath/140405%20Mie%20Prefectural%20Art%20Museum%20Tsu%20Japan02s3.jpg
Q11581025,皇學館大學佐川記念神道博物館,三重縣,宗教博物馆,34.4841720,136.7259080,http://commons.wikimedia.org/wiki/Special:FilePath/The%20Museum%20of%20Shinto%20and%20Japanese%20Culture%2C%20Kogakkan%20University%20in%202011.jpg
Q122658429,本居宣長記念館,三重縣,人物紀念館,34.5751420,136.5254960,http://commons.wikimedia.org/wiki/Special:FilePath/Motoori%20Norinaga%20Kinenkan.jpg
Q97178396,庄野宿資料館,三重縣,博物館,34.8845833,136.5256389,
Q28068664,松阪市立歴史民俗資料館,三重縣,地方文化館,34.5766000,136.5258611,http://commons.wikimedia.org/wiki/Special:FilePath/Matsusaka%20City%20Museum%20of%20History%20and%20Folklore%202024-04%20ac%20%281%29.jpg
Q17193123,伊勢現代美術館,三重縣,美術館,34.3404760,136.6930780,http://commons.wikimedia.org/wiki/Special:FilePath/%E4%BC%8A%E5%8B%A2%E7%8F%BE%E4%BB%A3%E7%BE%8E%E8%A1%93%E9%A4%A8%E5%A4%96%E8%A6%B3.jpg
Q11558616,鳥羽市立海之博物館,三重縣,民俗博物館,34.4492080,136.8998720,http://commons.wikimedia.org/wiki/Special:FilePath/Toba%20Sea-Folk%20Museum01.jpg
Q137775892,神宮美術館,三重縣,美術館,34.4866810,136.7235100,http://commons.wikimedia.org/wiki/Special:FilePath/%E5%BC%8F%E5%B9%B4%E9%81%B7%E5%AE%AE%E8%A8%98%E5%BF%B5%E7%A5%9E%E5%AE%AE%E7%BE%8E%E8%A1%93%E9%A4%A8.jpg
Q11500404,齋宮歴史博物館,三重縣,都道府县立博物馆,34.5427780,136.6094440,http://commons.wikimedia.org/wiki/Special:FilePath/Saik%C3%BB%20Historical%20Museum2.jpg
Q11589488,神宮徵古館,三重縣,歷史博物館,34.4855560,136.7244440,http://commons.wikimedia.org/wiki/Special:FilePath/Jingu-Chokokan%2002.JPG
Q11432512,大內山動物園,三重縣,動物園,34.2752780,136.3694440,http://commons.wikimedia.org/wiki/Special:FilePath/Oouchiyama%20zoo001.JPG
Q333875,夫婦岩,三重縣,觀光景點,34.5094444,136.7883333,http://commons.wikimedia.org/wiki/Special:FilePath/Meotoiwa.jpg
Q17222158,オーストラリア記念館,三重縣,博物館,34.9852220,136.6486110,http://commons.wikimedia.org/wiki/Special:FilePath/Japan%20World%20Exposition%20Australia%20Memorial.jpg
Q11650411,錦タワー,三重縣,津波避難施設,34.2228610,136.3983610,http://commons.wikimedia.org/wiki/Special:FilePath/Nishiki%20tower.JPG
Q11634688,貨物鐵道博物館,三重縣,鐵路博物館,35.1235560,136.5188610,
Q11537188,桐垣展望台,三重縣,觀景台,34.2873890,136.8375280,http://commons.wikimedia.org/wiki/Special:FilePath/Ago%20Bay%20Sunset.jpg
Q11349249,羅浮雕刻藝術館,三重縣,彫刻美術館,34.6765310,136.3493000,http://commons.wikimedia.org/wiki/Special:FilePath/Louvre%20Sculpture%20Museum%2C%20Mie.jpg
Q107674884,桑名市石取会館,三重縣,银行建筑物,35.0635833,136.6942778,http://commons.wikimedia.org/wiki/Special:FilePath/Ishidori%20Hall%202022-04%20ac%20%281%29.jpg
Q106211284,石水博物館,三重縣,博物館,34.6979350,136.5047260,http://commons.wikimedia.org/wiki/Special:FilePath/Sekisui%20museum.JPG
Q47015845,三重县立熊野古道纪念中心,三重縣,遊客中心,34.0617500,136.2145833,http://commons.wikimedia.org/wiki/Special:FilePath/Kumano%20Kod%C5%8D%20Center%20and%20Mount%20Tengura.JPG
Q16669013,志摩西班牙村,三重縣,綜合渡假村,34.3618060,136.8442780,http://commons.wikimedia.org/wiki/Special:FilePath/La%20Villa%20Espa%C3%B1ola%20de%20Shima%2C%20Parque%20Espa%C3%B1a%20-%20Plaza%20de%20Mayor.jpg
Q28686836,村山龍平紀念館,三重縣,博物館,34.4912778,136.6308611,http://commons.wikimedia.org/wiki/Special:FilePath/Ryohei%20Murayama%20Memorial%20Museum%202021-11%20ac%20%281%29.jpg
Q137774734,藤原岳自然科学館,三重縣,自然歷史博物館,35.1743280,136.4870230,
Q11371796,二見浦,三重縣,岸,34.5096280,136.7885360,http://commons.wikimedia.org/wiki/Special:FilePath/Meotoiwa.jpg
Q24868589,澄懐堂美術館,三重縣,美術館,34.9653140,136.6180440,http://commons.wikimedia.org/wiki/Special:FilePath/Chokaido%20Museum.JPG
Q18460180,輪中の郷,三重縣,博物館,35.1216670,136.6880280,http://commons.wikimedia.org/wiki/Special:FilePath/Nagashima-cho%20Wajyu-no-sato%2020140322.JPG
Q11542547,橫山展望台,三重縣,觀景台,34.3244170,136.7880280,http://commons.wikimedia.org/wiki/Special:FilePath/Yokoyama%20Viewpoint%20%282019-12-19%29.jpg
Q124303122,江戸川乱歩館,三重縣,文學館,34.4826667,136.8404444,
Q2496699,長島溫泉樂園,三重縣,主題公園,35.0296980,136.7300140,http://commons.wikimedia.org/wiki/Special:FilePath/Nagashima%20spa%20land%20skyview.jpg
Q24874913,桑名市博物館,三重縣,博物館,35.0631861,136.6938139,http://commons.wikimedia.org/wiki/Special:FilePath/Kuwana%20City%20Museum.jpg
Q1073067,鳥羽水族館,三重縣,水族館,34.4817000,136.8460000,http://commons.wikimedia.org/wiki/Special:FilePath/Toba%20Aquarium%20front%20view%202019.jpg
Q11357775,三重県綜合博物館,三重縣,公共檔案館,34.7421530,136.5016730,http://commons.wikimedia.org/wiki/Special:FilePath/Miemu.in.2014.03.09.jpg
Q109339483,刀剣ワールド桑名・多度,三重縣,美術館,35.1272222,136.5936111,http://commons.wikimedia.org/wiki/Special:FilePath/%E5%88%80%E5%89%A3%E3%82%B3%E3%83%AC%E3%82%AF%E3%82%B7%E3%83%A7%E3%83%B3%E6%A1%91%E5%90%8D%E3%83%BB%E5%A4%9A%E5%BA%A6.jpg
Q11568938,熊野石蔵美術館,三重縣,美術館,33.9848060,136.0411940,
Q11641448,道の駅紀宝町ウミガメ公園,三重縣,水族館,33.7697778,136.0285000,http://commons.wikimedia.org/wiki/Special:FilePath/Michinoeki24003%20Kiho%20town.jpg
Q92451961,愛洲の館,三重縣,地方文化館,34.3554167,136.7021111,http://commons.wikimedia.org/wiki/Special:FilePath/Gokasyo%20Aisu-no-Yakata%20ac.jpg
Q11378931,伊勢－安土桃山文化村,三重縣,主題公園,34.4983140,136.7777030,http://commons.wikimedia.org/wiki/Special:FilePath/%E4%BC%8A%E5%8B%A2%E3%81%AE%E5%AE%89%E5%9C%9F%E5%9F%8E%20ADUCHI%20CASTLE%20%2C%20ISE%20-%20panoramio.jpg
Q601002,ピレネー,三重縣,スチール・ローラー・コースター,34.3598320,136.8450000,http://commons.wikimedia.org/wiki/Special:FilePath/La%20Villa%20Espa%C3%B1ola%20de%20Shima%2C%20Parque%20Espa%C3%B1a%20-%20La%20monta%C3%B1a%20rusa%20%22Los%20Pirineos%22.jpg
Q11490924,志摩市歴史民俗資料館,三重縣,民俗博物館,34.3755000,136.7969720,http://commons.wikimedia.org/wiki/Special:FilePath/Shima%20City%20Hall%20Isobe%20Branch.jpg
Q11518541,木曽岬町立文化資料館,三重縣,博物館,35.0754750,136.7306390,http://commons.wikimedia.org/wiki/Special:FilePath/%E6%9C%A8%E6%9B%BD%E5%B2%AC%E7%94%BA%E7%AB%8B%E6%96%87%E5%8C%96%E8%B3%87%E6%96%99%E9%A4%A8.jpg
Q137774894,朝日町歴史博物館,三重縣,歷史博物館,35.0366220,136.6591050,http://commons.wikimedia.org/wiki/Special:FilePath/%E6%9C%9D%E6%97%A5%E7%94%BA%E6%AD%B4%E5%8F%B2%E5%8D%9A%E7%89%A9%E9%A4%A8.jpg
Q11490912,志摩海洋世界水族館,三重縣,水族館,34.3108610,136.8194170,http://commons.wikimedia.org/wiki/Special:FilePath/Shima%20Marine%20Land%2C%20Renewed%20in%202016.jpg
Q97371578,大黒屋光太夫記念館,三重縣,人物紀念館,34.8596235,136.6145457,http://commons.wikimedia.org/wiki/Special:FilePath/Q97371578.jpg
Q4306401,伊賀流忍者博物館,三重縣,軍事博物館,34.7717222,136.1291111,http://commons.wikimedia.org/wiki/Special:FilePath/%E4%BC%8A%E8%B4%BA%E6%B5%81%E5%BF%8D%E8%80%85%E5%8D%9A%E7%89%A9%E9%A6%86%20-%20panoramio.jpg
Q11465552,尾鷲市立天文科学館,三重縣,天文博物館,34.0723890,136.1930280,http://commons.wikimedia.org/wiki/Special:FilePath/NakamurayamaCastle%E4%BA%8C%E3%81%AE%E4%B8%B8.JPG
Q11614941,芭蕉翁紀念館,三重縣,人物紀念館,34.7699170,136.1296670,http://commons.wikimedia.org/wiki/Special:FilePath/%E8%8A%AD%E8%95%89%E7%BF%81%E8%A8%98%E5%BF%B5%E9%A4%A8%201.JPG
Q24865208,四日市市立博物館,三重縣,博物館,34.9680000,136.6155556,http://commons.wikimedia.org/wiki/Special:FilePath/Museum%20Yokkaichi.jpg
Q132682299,松阪市文化財センター,三重縣,博物館,34.5781610,136.5201920,
Q97738204,松浦武四郎記念館,三重縣,人物紀念館,34.6425680,136.5090830,
Q28068255,伊勢河崎商人館,三重縣,历史房屋博物馆,34.4965830,136.7176110,http://commons.wikimedia.org/wiki/Special:FilePath/%E4%BC%8A%E5%8B%A2%E6%B2%B3%E5%B4%8E%E5%95%86%E4%BA%BA%E9%A4%A8.jpg
Q48750932,伊勢志摩峰會紀念館,三重縣,博物館,34.3086389,136.8184722,http://commons.wikimedia.org/wiki/Special:FilePath/SumMiel%20entrance.jpg
Q11371781,伊勢夫婦岩體驗型水族館海洋樂園,三重縣,水族館,34.5072220,136.7919440,http://commons.wikimedia.org/wiki/Special:FilePath/Futami%20Sea%20Paradise%2020100516.jpg
Q135284751,サイトウミュージアム,三重縣,美術館,34.5767000,136.5303400,
Q3478488,泉屋博古馆,京都府,美術館,35.0176000,135.7929000,http://commons.wikimedia.org/wiki/Special:FilePath/SenokuHakkoKan.jpg
Q11622794,藤井有邻馆,京都府,美術館,35.0116940,135.7812780,http://commons.wikimedia.org/wiki/Special:FilePath/Yurinkan%20Museum.jpg
Q132529351,いけばな資料館,京都府,美術館,35.0080130,135.7600800,
Q127602236,大西清右衛門美術館,京都府,美術館,35.0084770,135.7557470,http://commons.wikimedia.org/wiki/Special:FilePath/Onishi%20Seiwemon%20Museum.jpg
Q11375286,京都府立陶板名画の庭,京都府,陶瓷博物館,35.0511111,135.7653056,http://commons.wikimedia.org/wiki/Special:FilePath/LastSupper-GardenOfFineArtKyoto.jpg
Q11402029,北村美術館,京都府,美術館,35.0280000,135.7703610,http://commons.wikimedia.org/wiki/Special:FilePath/Kyoto%20Kitamura%20Art%20Museum%202013-08.JPG
Q1055628,京都國立近代美術館,京都府,美術館,35.0123890,135.7819430,http://commons.wikimedia.org/wiki/Special:FilePath/National%20Museum%20of%20Modern%20Art%20Kyoto%202010.jpg
Q11594325,福知山市佐藤太清記念美術館,京都府,美術館,35.2975000,135.1303330,http://commons.wikimedia.org/wiki/Special:FilePath/Taisei%20Sato%20Memorial%20Art%20Museum01st3200.jpg
Q131431514,福知山市児童科学館,京都府,科學博物館,35.3122140,135.1363340,
Q6452177,立命館大学国際平和ミュージアム,京都府,大學博物館,35.0336944,135.7273056,http://commons.wikimedia.org/wiki/Special:FilePath/Ritsumeikan-Univ-Kinugasa-04.jpg
Q21190901,大谷大学博物館,京都府,大學博物館,35.0418110,135.7588540,http://commons.wikimedia.org/wiki/Special:FilePath/Otani-Univ-03.jpg
Q21019672,高麗美術館,京都府,美術館,35.0542920,135.7508070,http://commons.wikimedia.org/wiki/Special:FilePath/Koryo%20Museum.jpg
Q11532219,松花堂,京都府,日本庭園,34.8795830,135.7017780,
Q11645680,野村美術館,京都府,美術館,35.0129170,135.7933330,http://commons.wikimedia.org/wiki/Special:FilePath/%E7%BE%8E%E8%A1%93%E9%A4%A8%E5%A4%96%E8%A6%B3.jpg
Q18337620,並河靖之七宝記念館,京都府,人物紀念館,35.0098890,135.7813060,http://commons.wikimedia.org/wiki/Special:FilePath/Namikawa%20cloisonne%20museum%20of%20kyoto.jpg
Q11381116,伏見桃山城キャッスルランド,京都府,主題樂園,34.9394722,135.7768056,http://commons.wikimedia.org/wiki/Special:FilePath/%E4%BC%8F%E8%A6%8B%E6%A1%83%E5%B1%B1%E5%9F%8E06.jpg
Q127598408,京都精華大学ギャラリーTerra-S,京都府,美術館,35.0728210,135.7703460,
Q11533890,染・清流館,京都府,美術館,35.0055830,135.7583890,http://commons.wikimedia.org/wiki/Special:FilePath/Dye%20museum%20Seiryu%2002.jpg
Q30933052,龙谷博物馆,京都府,宗教博物馆,34.9911111,135.7533611,http://commons.wikimedia.org/wiki/Special:FilePath/170128%20Ryukoku%20Museum%20Kyoto%20Japan02n.jpg
Q17230147,古田織部美術館,京都府,美術館,35.0576940,135.7327500,http://commons.wikimedia.org/wiki/Special:FilePath/%E5%8F%A4%E7%94%B0%E7%B9%94%E9%83%A8%E7%BE%8E%E8%A1%93%E9%A4%A8%E5%A4%96%E8%A6%B3.jpg
Q118145425,京都清宗根付館,京都府,美術館,35.0014444,135.7446389,http://commons.wikimedia.org/wiki/Special:FilePath/Netsuke%20art%20museum%20%28Kyoto%29%20Minka%20outdoor%20hdsr%20S5%20a2.jpg
Q17211497,きっづ光科学館ふぉとん,京都府,兒童博物館,34.7137780,135.8357780,
Q30266176,京都市青少年科学センター,京都府,科學博物館,34.9545120,135.7645120,http://commons.wikimedia.org/wiki/Special:FilePath/Kyoto%20Municipal%20Science%20Center.jpg
Q132529053,中信美術館,京都府,美術館,35.0200480,135.7536740,
Q3330657,京都市美術館,京都府,美術館,35.0128361,135.7835694,http://commons.wikimedia.org/wiki/Special:FilePath/Kyoto%20Municipal%20Museum%20of%20Art%201933%20%E2%85%B1.jpg
Q11375242,京都府立堂本印象美術館,京都府,美術館,35.0351390,135.7260560,http://commons.wikimedia.org/wiki/Special:FilePath/Insho-Domoto%20Museum%20of%20Fine%20Arts01s5.jpg
Q99551687,京都市立芸術大学ギャラリー,京都府,美術館,35.0117005,135.7525167,
Q138315086,千總ギャラリー,京都府,美術館,35.0083030,135.7589370,
Q61818339,ヒカリ美術館,京都府,美術館,35.6442000,134.9650000,http://commons.wikimedia.org/wiki/Special:FilePath/Hikaribijyutukan.jpg
Q132529516,遠藤剛熈美術館,京都府,美術館,34.9997980,135.7506660,
Q3959661,掌美術館,京都府,美術館,35.0005586,135.7799118,
Q22118562,京都佛立ミュージアム,京都府,宗教博物馆,35.0271360,135.7354143,http://commons.wikimedia.org/wiki/Special:FilePath/2012exhibition1.jpg
Q11283175,朝日啤酒大山崎山莊美術館,京都府,美術館,34.8955560,135.6796390,http://commons.wikimedia.org/wiki/Special:FilePath/250504%20Asahi%20beer%20Oyamazaki%20Villa%20Museum%20%C5%8Cyamazaki%20Kyoto%20pref%20Japan01s3.jpg
Q11374929,京都大學綜合博物館,京都府,大學博物館,35.0272630,135.7792870,http://commons.wikimedia.org/wiki/Special:FilePath/Kyoto%20University%20Museum%2020120805-001.jpg
Q11374199,京セラギャラリー,京都府,美術館,34.9468333,135.7507222,http://commons.wikimedia.org/wiki/Special:FilePath/The%20Kyocera%20Museum%20of%20Art1.JPG
Q127503199,京都工芸繊維大学. 美術工芸資料館,京都府,大學博物館,35.0495490,135.7811890,
Q18336820,京都希臘羅馬美術館,京都府,美術館,35.0487500,135.7715830,
Q17213428,清水三年坂美術館,京都府,美術館,34.9974170,135.7812780,http://commons.wikimedia.org/wiki/Special:FilePath/Kiyomizu%20Sannenzaka%20Museum.jpg
Q11606115,細見美術館,京都府,美術館,35.0138330,135.7796390,http://commons.wikimedia.org/wiki/Special:FilePath/Hosomi%20Museum%20ac.JPG
Q102045484,福田美術館,京都府,美術館,35.0139170,135.6764440,http://commons.wikimedia.org/wiki/Special:FilePath/Fukuda%20art%20museum.jpg
Q136472115,何必館・京都現代美術館,京都府,私人博物館,35.0041865,135.7754297,
Q11497319,承天閣美術館,京都府,美術館,35.0335830,135.7626110,http://commons.wikimedia.org/wiki/Special:FilePath/150815%20Jotenkaku%20Museum%20Kyoto%20Japan01s3.jpg
Q11375124,京都市考古資料館,京都府,考古博物館,35.0319570,135.7493820,http://commons.wikimedia.org/wiki/Special:FilePath/KyotoArchaeologicalMuseum.jpg
Q104721140,京都府立丹後郷土資料館,京都府,建築物,35.5797222,135.1785556,http://commons.wikimedia.org/wiki/Special:FilePath/Kyoto%20Prefectural%20Tango%20Folk%20Museum%EF%BC%93.jpg
Q132529130,京指物資料館,京都府,家具博物館,35.0149865,135.7629520,
Q11103541,東映太秦映畫村,京都府,电影布景,35.0163890,135.7083330,http://commons.wikimedia.org/wiki/Special:FilePath/Toei%20Kyoto%20Studio%20Park%20from%20above.jpg
Q24014029,京都鐵道博物館,京都府,建築物,34.9872222,135.7425000,http://commons.wikimedia.org/wiki/Special:FilePath/Kyoto%20Railway%20Museum%2C%20enkei.jpg
Q11300942,グンゼ博物苑,京都府,織物博物館,35.3052778,135.2579167,http://commons.wikimedia.org/wiki/Special:FilePath/Gunze%20museum01s3200.jpg
Q123516621,宇治・上林記念館,京都府,茶博物館,34.8910300,135.8041800,http://commons.wikimedia.org/wiki/Special:FilePath/%E5%AE%87%E6%B2%BB%20%E4%B8%8A%E6%9E%97%E8%A8%98%E5%BF%B5%E9%A4%A8%20%2814003018022%29.jpg
Q1049901,梅小路蒸汽機關車館,京都府,建築物,34.9872000,135.7430000,http://commons.wikimedia.org/wiki/Special:FilePath/Umekoji%20SL%20museum%20002%20JPN.jpg
Q11375001,京都市学校歴史博物館,京都府,教育博物館,35.0007500,135.7656940,http://commons.wikimedia.org/wiki/Special:FilePath/Kyoto%20Museum%20of%20School%20History%20gate.JPG
Q11375271,京都府立綜合資料館,京都府,都道府县立博物馆,35.0505560,135.7664170,http://commons.wikimedia.org/wiki/Special:FilePath/Verbundarchiv%20Kyoto.jpg
Q132529589,安達くみひも館,京都府,工藝博物館,35.0211460,135.7585790,
Q11300944,グンゼ記念館,京都府,公司博物館,35.3055556,135.2572778,http://commons.wikimedia.org/wiki/Special:FilePath/Gunze%20memorial%20hall01s3200.jpg
Q11476799,島津創業紀念資料館,京都府,公司博物館,35.0128860,135.7702420,http://commons.wikimedia.org/wiki/Special:FilePath/Shimadzu-Foundation-Memorial-Hall-01.jpg
Q76445246,加悦鉄道資料館,京都府,鐵路博物館,35.5040833,135.0947500,http://commons.wikimedia.org/wiki/Special:FilePath/Kaya%20Railway%20Museum%20ac.jpg
Q11374217,京丹後市立郷土資料館,京都府,地方文化館,35.6524720,134.9778060,http://commons.wikimedia.org/wiki/Special:FilePath/Kyodoshiryokan%20kyotango.jpg
Q11516157,月桂冠大倉記念館,京都府,公司博物館,34.9296940,135.7621670,http://commons.wikimedia.org/wiki/Special:FilePath/Gekkeikan%20Okura%20Sake%20Museum01nt3200.jpg
Q7496444,小倉百人一首殿堂時雨殿,京都府,文學館,35.0136960,135.6737660,http://commons.wikimedia.org/wiki/Special:FilePath/%E5%B0%8F%E5%80%89%E7%99%BE%E4%BA%BA%E4%B8%80%E9%A6%96%E3%81%AE%E6%AE%BF%E5%A0%82%E3%83%BB%E6%99%82%E9%9B%A8%E6%AE%BF%20-%20panoramio.jpg
Q11665410,風俗博物館,京都府,時裝博物館,34.9933890,135.7533330,http://commons.wikimedia.org/wiki/Special:FilePath/Izutsu-Samegai%20building.jpg
Q85875943,京都府立京都学・歴彩館,京都府,都道府県立図書館,35.0486111,135.7666667,http://commons.wikimedia.org/wiki/Special:FilePath/Kyoto%20Institute%2C%20Library%20and%20Archives%20ac%20%281%29.jpg
Q60987195,嵯峨嵐山文華館,京都府,文學館,35.0136111,135.6738889,http://commons.wikimedia.org/wiki/Special:FilePath/Saga%20Arashiyama%20Museum%20of%20Arts%20and%20Culture.jpg
Q11673927,魚知識館,京都府,水族館,35.5561539,135.2552281,
Q11309480,立体模型·京都·日本,京都府,立體透視模型,35.0186390,135.6801390,http://commons.wikimedia.org/wiki/Special:FilePath/Diorama%20Kyoto%2001.jpg
Q1201304,京都塔,京都府,觀光塔,34.9875000,135.7591667,http://commons.wikimedia.org/wiki/Special:FilePath/Kyoto%20Tower%202023-12%20ac%20%281%29.jpg
Q11375621,京都水族館,京都府,水族館,34.9875560,135.7476110,http://commons.wikimedia.org/wiki/Special:FilePath/Kyoto%20Aquarium%20in%202013-5-2%20No%2C27.JPG
Q56062380,京都府立山城郷土資料館,京都府,地方文化館,34.7522222,135.8338889,http://commons.wikimedia.org/wiki/Special:FilePath/Kyoto%20Prefectural%20Yamashiro%20Regional%20Museum%20exterior%20view.jpg
Q11442700,天橋立View Land,京都府,主題公園,35.5525000,135.1817500,http://commons.wikimedia.org/wiki/Special:FilePath/%E3%83%AA%E3%83%95%E3%83%88%E5%B1%B1%E9%A0%82%E9%A7%85.jpg
Q53737773,漢検 漢字博物館・図書館,京都府,语言博物馆,35.0033333,135.7766667,http://commons.wikimedia.org/wiki/Special:FilePath/%E6%BC%A2%E5%AD%97%E3%83%9F%E3%83%A5%E3%83%BC%E3%82%B8%E3%82%A2%E3%83%A0%20-%20%E5%85%A5%E5%8F%A3.jpg
Q11594351,福知山鉄道館ポッポランド,京都府,鐵路博物館,35.3016670,135.1256110,http://commons.wikimedia.org/wiki/Special:FilePath/Fukuchiyama%20Poppoland%20frontview.jpg
Q783923,京都國際漫畫博物館,京都府,動漫博物館,35.0116867,135.7591715,http://commons.wikimedia.org/wiki/Special:FilePath/%E4%BA%AC%E9%83%BD%E5%9B%BD%E9%9A%9B%E3%83%9E%E3%83%B3%E3%82%AC%E3%83%9F%E3%83%A5%E3%83%BC%E3%82%B8%E3%82%A2%E3%83%A0.jpg
Q123124346,任天堂博物館,京都府,公司博物館,34.8927780,135.7841670,http://commons.wikimedia.org/wiki/Special:FilePath/Nintendo%20Museum%20Entrance.jpg
Q132529195,京都祇園らんぷ美術館,京都府,工藝博物館,35.0032550,135.7773290,
Q11375592,京都文化博物馆,京都府,歷史博物館,35.0091667,135.7622222,http://commons.wikimedia.org/wiki/Special:FilePath/Museum%20of%20Kyoto%2020101204-002.jpg
Q11559290,海軍紀念館,京都府,海軍博物館,35.4751670,135.3721110,http://commons.wikimedia.org/wiki/Special:FilePath/Naval%20museum%20Japan01s3200.jpg
Q127588655,北野天満宮宝物殿,京都府,宝物館,35.0305859,135.7356157,http://commons.wikimedia.org/wiki/Special:FilePath/Kitano-tenmangu%20Kyoto%20Japan23s3s4500.jpg
Q3329667,霊山歴史館,京都府,歷史博物館,34.9989444,135.7826389,http://commons.wikimedia.org/wiki/Special:FilePath/Ryozen%20Museum%20of%20History.JPG
Q125002905,楽美術館,京都府,陶瓷博物館,35.0255218,135.7534750,http://commons.wikimedia.org/wiki/Special:FilePath/Kyoto%20Raku%20Museum%202013-08A.JPG
Q127601370,松本明慶佛像彫刻美術館,京都府,彫刻美術館,35.0226680,135.7575540,
Q11579925,白沙村荘,京都府,纪念博物馆,35.0268810,135.7936690,http://commons.wikimedia.org/wiki/Special:FilePath/090711%20Hakusasonsou%20Kyoto%20Japan30s3.jpg
Q7380607,るり渓,京都府,觀光景點,35.0358170,135.4046080,http://commons.wikimedia.org/wiki/Special:FilePath/Meibaku%2C%20Rurikei02.JPG
Q3196329,貴船,京都府,門前町,35.1216667,135.7627778,http://commons.wikimedia.org/wiki/Special:FilePath/Kibune%20Kawadoko01s5s4272.jpg
Q11375006,京都市平安京创世馆,京都府,歷史博物館,35.0190000,135.7384440,http://commons.wikimedia.org/wiki/Special:FilePath/Kyoto%20Asny%20and%20City%20Central%20Library%2020090502-001.jpg
Q11635286,赤れんが博物館,京都府,陶瓷博物館,35.4760830,135.3874440,http://commons.wikimedia.org/wiki/Special:FilePath/Red%20brick%20museum01s3200.jpg
Q123091932,ウトロ平和祈念館,京都府,歷史博物館,34.8806115,135.7741665,
Q11398627,加悅SL廣場,京都府,鉄道公園,35.4814170,135.0928060,http://commons.wikimedia.org/wiki/Special:FilePath/%E5%8A%A0%E6%82%A6SL%E5%BA%83%E5%A0%B4%20%E9%A7%85%E8%88%8E%20%E5%B1%95%E7%A4%BA%E5%AE%A42.jpg
Q131911087,芦田均記念館,京都府,纪念博物馆,35.2601390,135.1786670,
Q11613699,舞鶴市政記念館,京都府,歷史博物館,35.4746670,135.3854440,http://commons.wikimedia.org/wiki/Special:FilePath/Maizuru%20Commemoration%20hall.jpg
Q133289013,醍醐寺霊宝館,京都府,宝物館,34.9510180,135.8192850,
Q123688246,鴨川デルタ,京都府,河岸,35.0299000,135.7717000,http://commons.wikimedia.org/wiki/Special:FilePath/%E9%B4%A8%E5%B7%9D%E3%83%87%E3%83%AB%E3%82%BF3.jpg
Q147286,京都國立博物館,京都府,國立博物館,34.9899930,135.7731210,http://commons.wikimedia.org/wiki/Special:FilePath/Kyoto%20National%20Museum%202009.jpg
Q137773108,チームラボ バイオヴォルテックス 京都,京都府,現代美術館,34.9837070,135.7649480,
Q132529270,京都絞り工芸館,京都府,織物博物館,35.0100760,135.7537070,
Q137917525,丹波生活衣館,京都府,民俗博物館,35.2974420,135.1291390,http://commons.wikimedia.org/wiki/Special:FilePath/%E4%B8%B9%E6%B3%A2%E7%94%9F%E6%B4%BB%E8%A1%A3%E9%A4%A8.png
Q11482389,平安博物館,京都府,歷史博物館,35.0087500,135.7622222,http://commons.wikimedia.org/wiki/Special:FilePath/Former%20Bank%20of%20Japan%20building%2C%20Kyoto%20Branch.jpg
Q11581197,益富地学会館,京都府,地質学博物館,35.0213520,135.7586890,http://commons.wikimedia.org/wiki/Special:FilePath/%E7%9B%8A%E5%AF%8C%E5%9C%B0%E5%AD%A6%E4%BC%9A%E9%A4%A8.jpg
Q17210134,ききょうの里,京都府,觀光景點,35.0320833,135.4913889,
Q133269160,広隆寺霊宝殿,京都府,宝物館,35.0155000,135.7074720,http://commons.wikimedia.org/wiki/Special:FilePath/K%C3%B4ry%C3%BB-ji%20Temple%20-%20Reih%C3%B4-den.jpg
Q133288972,仁和寺霊宝館,京都府,宝物館,35.0292870,135.7143700,
Q11506183,日本的鬼之交流博物館,京都府,博物館,35.4590280,135.1444440,
Q104721135,亀岡市文化資料館,京都府,博物館,35.0135240,135.5854870,http://commons.wikimedia.org/wiki/Special:FilePath/Kameoka%20City%20Cultural%20Museum.jpg
Q11483478,平等院鳳翔館,京都府,博物館,34.8887044,135.8073916,http://commons.wikimedia.org/wiki/Special:FilePath/Byodoin%20Uji%20Kyoto19s3s4410.jpg
Q64143380,向日市文化資料館,京都府,文化機構,34.9495400,135.6995600,
Q131352233,夜久野町化石・郷土資料館,京都府,博物館,35.3383333,134.9297500,http://commons.wikimedia.org/wiki/Special:FilePath/%E5%A4%9C%E4%B9%85%E9%87%8E%E7%94%BA%E5%8C%96%E7%9F%B3%E3%83%BB%E9%83%B7%E5%9C%9F%E8%B3%87%E6%96%99%E9%A4%A8.jpg
Q11594329,福知山市治水記念館,京都府,博物館,35.3035560,135.1254170,
Q11630696,角屋,京都府,揚屋,34.9921110,135.7431390,http://commons.wikimedia.org/wiki/Special:FilePath/Sumiya%20Kyoto%2001.JPG
Q48757439,丹後震災記念館,京都府,博物館,35.6258056,135.0561111,http://commons.wikimedia.org/wiki/Special:FilePath/%E4%B8%B9%E5%BE%8C%E9%9C%87%E7%81%BD%E8%A8%98%E5%BF%B5%E9%A4%A8%20ac.jpg
Q11613714,舞鶴歸國紀念館,京都府,博物館,35.5095000,135.3965830,http://commons.wikimedia.org/wiki/Special:FilePath/Hikiage051012.jpg
Q64026339,琴引濱鳴砂文化館,京都府,博物館,35.6975830,135.0571940,http://commons.wikimedia.org/wiki/Special:FilePath/Kotohikihama%20Nakisuna%20Bunkakan%20exterior%20ac.jpg
Q11278126,まいづる智恵蔵,京都府,红砖仓库,35.4747220,135.3851670,
Q18339063,琵琶湖疏水紀念館,京都府,博物館,35.0120170,135.7881560,http://commons.wikimedia.org/wiki/Special:FilePath/Lake%20biwa%20Canal%20Museum.jpg
Q104721110,与謝野町立古墳公園はにわ資料館,京都府,博物館,35.5064470,135.1046580,
Q101244809,京都市市民防災センター,京都府,博物館,34.9738889,135.7463889,
Q48761574,宮津市立前尾記念文庫,京都府,博物館,35.5380830,135.1972780,http://commons.wikimedia.org/wiki/Special:FilePath/Miyazu%20City%20Maeo%20Memorial%20Library%20exterior%20ac.jpg
Q137656274,吉野ヶ里遺跡展示室,佐賀縣,考古博物館,33.3243170,130.3855010,http://commons.wikimedia.org/wiki/Special:FilePath/%E5%90%89%E9%87%8E%E3%83%B6%E9%87%8C%E9%81%BA%E8%B7%A1%E5%B1%95%E7%A4%BA%E5%AE%A4.JPG
Q104784030,佐賀県立佐賀城本丸歴史館,佐賀縣,歷史博物館,33.2454260,130.3026700,http://commons.wikimedia.org/wiki/Special:FilePath/Saga%20Castle%20History%20Museum%2020171112-1.jpg
Q128213480,太良町歴史民俗資料館,佐賀縣,地方文化館,33.0198680,130.1795820,
Q4801489,佐賀縣立名護屋城博物館,佐賀縣,都道府县立博物馆,33.5277778,129.8702778,http://commons.wikimedia.org/wiki/Special:FilePath/NagoyaC%20museum.jpg
Q22118826,佐賀縣立美術館,佐賀縣,美術館,33.2446111,130.2999722,http://commons.wikimedia.org/wiki/Special:FilePath/Saga%20Prefectural%20Art%20Museum%202008.jpg
Q104784028,有田町歴史民俗資料館・有田焼参考館,佐賀縣,歷史博物館,33.1950700,129.9110600,http://commons.wikimedia.org/wiki/Special:FilePath/Karausu%20Arita%20Town%20Museum%20of%20History%20and%20Folklore.JPG
Q128213520,村岡総本舗羊羹資料館,佐賀縣,食物博物館,33.3013400,130.2043100,http://commons.wikimedia.org/wiki/Special:FilePath/%E6%9D%91%E5%B2%A1%E7%B7%8F%E6%9C%AC%E8%88%97%E7%BE%8A%E7%BE%B9%E8%B3%87%E6%96%99%E9%A4%A8.jpg
Q134777085,下合瀬の大カツラ,佐賀縣,巨樹,33.4436200,130.2602500,http://commons.wikimedia.org/wiki/Special:FilePath/Shimo-Ose%20no%20Okatsura%20in%20Fuji%2C%20Saga%20full%20view.jpg
Q112167804,川古のクス,佐賀縣,巨樹,33.2518330,129.9933330,http://commons.wikimedia.org/wiki/Special:FilePath/Kawako%20camphor%20tree.jpg
Q66685041,河村美術館,佐賀縣,美術館,33.4532460,129.9716750,http://commons.wikimedia.org/wiki/Special:FilePath/The%20Sea%20at%20Sunset%20by%20Aoki%20Shigeru%20%28Kawamura%20Art%20Museum%29.jpg
Q11546631,武雄市圖書館,佐賀縣,地方文化館,33.1891190,130.0236530,http://commons.wikimedia.org/wiki/Special:FilePath/Takeo%20cl%2000.JPG
Q65243130,森之遊园地童话村,佐賀縣,主題公園,33.1311111,129.9737778,
Q127463276,旧田代家西洋館,佐賀縣,历史房屋博物馆,33.1904400,129.8977600,http://commons.wikimedia.org/wiki/Special:FilePath/Arita%20Ijinkan.jpg
Q4902941,末卢馆,佐賀縣,考古博物館,33.4484722,129.9580556,http://commons.wikimedia.org/wiki/Special:FilePath/Nabatake%20Site%20Matsuro-kan%20Museum.JPG
Q111605751,有田のイチョウ,佐賀縣,巨樹,33.1931944,129.9051667,http://commons.wikimedia.org/wiki/Special:FilePath/Ginkgo%20Tree%20Arita%2001.jpg
Q3364242,有田ポーセリンパーク,佐賀縣,酒博物館,33.1657920,129.9082660,http://commons.wikimedia.org/wiki/Special:FilePath/Zwinger%20Palace%20%28Arita%20Porcelain%20Park%29.jpg
Q131194323,吉野ヶ里歴史公園センター,佐賀縣,遊客中心,33.3238000,130.3887000,http://commons.wikimedia.org/wiki/Special:FilePath/Yoshinogari%20Historical%20Park%20Center%2020230312%2002.jpg
Q11516626,有田陶瓷美術館,佐賀縣,陶瓷博物館,33.1904690,129.8987560,http://commons.wikimedia.org/wiki/Special:FilePath/Arita%20Ceramic%20Art%20Museum%2020170429.jpg
Q96323719,武雄温泉新館,佐賀縣,博物館,33.1966000,130.0143800,http://commons.wikimedia.org/wiki/Special:FilePath/New%20Hall%20of%20Takeo%20Hot%20Spring.jpg
Q11384745,佐賀県立宇宙科学館,佐賀縣,科學博物館,33.1791667,130.0352778,
Q107322654,祐徳博物館,佐賀縣,博物館,33.0739075,130.1097653,http://commons.wikimedia.org/wiki/Special:FilePath/%E7%A5%90%E5%BE%B3%E7%A8%B2%E8%8D%B7%E7%A5%9E%E7%A4%BE%E5%A4%96%E8%8B%91%20%E7%A5%90%E5%BE%B3%E5%8D%9A%E7%89%A9%E9%A4%A8.JPG
Q11353344,屋形石七釜,佐賀縣,觀光景點,33.5490000,129.9324440,http://commons.wikimedia.org/wiki/Special:FilePath/Yakataishi%20no%20Nanatsugama%20on%20the%20sea%20around.jpg
Q6371422,佐賀縣立博物館,佐賀縣,都道府县立博物馆,33.2450000,130.3005556,http://commons.wikimedia.org/wiki/Special:FilePath/Saga%20Prefectural%20Museum%202008.jpg
Q108604813,川上峡温泉,佐賀縣,温泉镇,33.3272700,130.2696000,
Q11363052,中富記念藥物博物館,佐賀縣,歷史博物館,33.3978000,130.5109528,http://commons.wikimedia.org/wiki/Special:FilePath/Nakatomi%20Memorial%20Medicine%20Museum.jpg
Q64796766,徵古館,佐賀縣,歷史博物館,33.2515860,130.3014070,http://commons.wikimedia.org/wiki/Special:FilePath/Chokokan%20ac%20%281%29.jpg
Q28685850,佐賀バルーンミュージアム,佐賀縣,航空博物館,33.2524167,130.3004167,http://commons.wikimedia.org/wiki/Special:FilePath/Saga%20balloon%20museum%202016-10-15.jpg
Q123516469,多久市郷土資料館,佐賀縣,地方文化館,33.2572800,130.0882900,
Q6452794,佐賀県立九州陶磁文化館,佐賀縣,都道府县立博物馆,33.1789444,129.8806944,http://commons.wikimedia.org/wiki/Special:FilePath/Kyushu%20Ceramic%20Museum%20front.JPG
Q28684603,佐賀大学美術館,佐賀縣,大學博物館,33.2443944,130.2922444,http://commons.wikimedia.org/wiki/Special:FilePath/Saga%20University%20Art%20Museum%202016.JPG
Q11356637,三瀬ルベール牧場 どんぐり村,佐賀縣,主題公園,33.4056333,130.2737972,http://commons.wikimedia.org/wiki/Special:FilePath/Mitsuse%20Donguri%20Village%20front.jpg
Q137569482,東よか干潟ビジターセンター,佐賀縣,遊客中心,33.1750714,130.2701348,http://commons.wikimedia.org/wiki/Special:FilePath/Higasasu.jpg
Q130563661,ニジゲンノモリ,兵庫縣,主題樂園,34.5749029,135.0020789,
Q11664968,頴川美術館,兵庫縣,美術館,34.7668890,135.3573610,http://commons.wikimedia.org/wiki/Special:FilePath/Egawa%20Art%20Museum.jpg
Q11535060,柿衛文庫,兵庫縣,文庫,34.7825560,135.4171940,http://commons.wikimedia.org/wiki/Special:FilePath/Itami%20City%20Museum%20of%20Art%20and%20Kakimori-bunko01s3.jpg
Q11386430,俵美術館,兵庫縣,美術館,34.7349440,135.3005560,
Q11614836,蘆屋市立美術博物館,兵庫縣,市立博物館,34.7218730,135.3105170,http://commons.wikimedia.org/wiki/Special:FilePath/Ashiya%20City%20Museum%20of%20Art%20%26%20History01s3200.jpg
Q11589817,神戶北野美術館,兵庫縣,使領館館舍,34.7012580,135.1915360,http://commons.wikimedia.org/wiki/Special:FilePath/Kobe%20kitano%20museum01s2048.jpg
Q11378773,伊丹市立美術館,兵庫縣,美術館,34.7825560,135.4171940,http://commons.wikimedia.org/wiki/Special:FilePath/Itami%20City%20Museum%20of%20Art%20and%20Kakimori-bunko02s3.jpg
Q11263124,魚鱗之家,兵庫縣,異人館,34.7029610,135.1906670,http://commons.wikimedia.org/wiki/Special:FilePath/Uroko%20house01s3200.jpg
Q11589991,神戶市立小磯記念美術館,兵庫縣,人物紀念館,34.6928060,135.2671940,http://commons.wikimedia.org/wiki/Special:FilePath/Kobe%20city%20koiso%20memorial%20museum%20of%20art02s3200.jpg
Q11559811,淡路大磯藝術山、大石可久也美術館,兵庫縣,人物紀念館,34.5571940,135.0058890,http://commons.wikimedia.org/wiki/Special:FilePath/Ohiso%20art-yama%20museum02s3200.jpg
Q11380269,伊藤清永記念館,兵庫縣,人物紀念館,35.4618330,134.8728610,http://commons.wikimedia.org/wiki/Special:FilePath/Ito%20kiyonaga%20memorial%20museum%20of%20art01st3200.jpg
Q11649561,鐵齋美術館,兵庫縣,美術館,34.8227220,135.3532220,http://commons.wikimedia.org/wiki/Special:FilePath/Tessai%20museum01s2040.jpg
Q11257182,朝來藝術之森美術館,兵庫縣,人物紀念館,35.2385000,134.8299170,http://commons.wikimedia.org/wiki/Special:FilePath/Asago%20Art%20Village%20Museum02n4272.jpg
Q11286729,柏拉圖裝飾藝術博物館,兵庫縣,異人館,34.7024440,135.1921390,http://commons.wikimedia.org/wiki/Special:FilePath/Plato%20museum01p3200.jpg
Q11407282,南淡路市瀧川紀念美術館玉青館,兵庫縣,美術館,34.3162500,134.7341111,http://commons.wikimedia.org/wiki/Special:FilePath/Minamiawaji%20City%20Gyokuseikan%20Museum.JPG
Q11464999,尼崎市綜合文化中心,兵庫縣,美術館,34.7211111,135.4202778,http://commons.wikimedia.org/wiki/Special:FilePath/Amashin-alkaic.jpg
Q11603687,丹波篠山市立歴史美術館,兵庫縣,美術館,35.0771944,135.2198889,http://commons.wikimedia.org/wiki/Special:FilePath/Sasayama%20Municipal%20Museum%20of%20History05st3200.jpg
Q11344287,モザイクガーデン,兵庫縣,主題樂園,34.6785560,135.1849440,http://commons.wikimedia.org/wiki/Special:FilePath/Mozaic-garden007.jpg
Q11589726,神戶藝術博物館,兵庫縣,美術館,34.6883330,135.2706390,http://commons.wikimedia.org/wiki/Special:FilePath/Kobe%20Yukari%20Art%20Museum02s3264.jpg
Q11381621,但陽信用金庫會館,兵庫縣,美術館,35.1688060,134.7934440,http://commons.wikimedia.org/wiki/Special:FilePath/Tanyo%20Shinkin%20bank%20Hall06n3200.jpg
Q11589762,神戶時尚美術館,兵庫縣,美術館,34.6883330,135.2706390,http://commons.wikimedia.org/wiki/Special:FilePath/Kobe%20fashion%20museum03bs3200.jpg
Q612608,白鹤美术馆,兵庫縣,美術館,34.7308333,135.2583333,http://commons.wikimedia.org/wiki/Special:FilePath/Hakutsuru%20museum01%201024.jpg
Q109362761,宝塚市立文化芸術センター,兵庫縣,美術館,34.8075000,135.3488889,http://commons.wikimedia.org/wiki/Special:FilePath/Takarazuka%20Arts%20Center%20ac%20%281%29.jpg
Q11542451,横尾忠則現代美術館,兵庫縣,美術館,34.7084720,135.2133890,http://commons.wikimedia.org/wiki/Special:FilePath/140621%20Yokoo%20Tadanori%20Museum%20of%20Contemporary%20Art%20Kobe%20Japan01s5.jpg
Q11362538,世良美術館,兵庫縣,美術館,34.7231944,135.2523611,http://commons.wikimedia.org/wiki/Special:FilePath/Sera-museum01s2048.jpg
Q11228060,KOBEとんぼ玉ミュージアム,兵庫縣,美術館,34.6886110,135.1937220,http://commons.wikimedia.org/wiki/Special:FilePath/Nihon%20Building%20Kobe02n4272.jpg
Q11291442,Emba中國近代美術館,兵庫縣,美術館,34.7729167,135.2851389,http://commons.wikimedia.org/wiki/Special:FilePath/Emba12s5.jpg
Q11637914,辰馬考古資料館,兵庫縣,美術館,34.7351940,135.3285830,http://commons.wikimedia.org/wiki/Special:FilePath/Tatsuuma%20collection%20of%20fine%20art01.jpg
Q11190936,BB廣場美術館,兵庫縣,美術館,34.7032500,135.2177780,http://commons.wikimedia.org/wiki/Special:FilePath/BB%20Plaza%20Museum01s5s3200.jpg
Q11634295,豐雲記念館,兵庫縣,人物紀念館,34.7271110,135.2529440,http://commons.wikimedia.org/wiki/Special:FilePath/Houn%20Memorial%20Museum12s3200.jpg
Q11393672,兵庫陶藝美術館,兵庫縣,美術館,34.9839830,135.1310530,http://commons.wikimedia.org/wiki/Special:FilePath/140510The%20Museum%20of%20Ceramic%20Art%2C%20Hyogo%20Sasayama%20Hyogo%20pref%20Japan01bs5.jpg
Q11368569,丹波市立植野紀念’美術館,兵庫縣,美術館,35.1731110,135.0391940,http://commons.wikimedia.org/wiki/Special:FilePath/230502%20Tamba%20Municipal%20Ueno%20Memorial%20Art%20Museum%20Tamba%20Hyogo%20pref%20Japan02s5.jpg
Q11393094,兵庫縣立美術館 原田之森藝廊,兵庫縣,美術館,34.7086111,135.2138889,http://commons.wikimedia.org/wiki/Special:FilePath/140621%20Hyogo%20Prefectural%20Museum%20of%20Art%20Annex%20Kobe%20Japan02s5.jpg
Q11447481,姫路市書写の里・美術工芸館,兵庫縣,美術館,34.8806110,134.6664170,http://commons.wikimedia.org/wiki/Special:FilePath/Shosha%20Art%20and%20Craft%20Museum01n4592.jpg
Q3329607,兵庫縣立美術館,兵庫縣,美術館,34.6991917,135.2180111,http://commons.wikimedia.org/wiki/Special:FilePath/Hyogo%20prefectural%20museum%20of%20art15%202000.JPG
Q11426144,城崎美術館,兵庫縣,宗教博物馆,35.6250560,134.8006390,http://commons.wikimedia.org/wiki/Special:FilePath/Kinosaki%20museum01%202816.jpg
Q11664683,須磨浦山上遊園,兵庫縣,主題樂園,34.6418330,135.0928060,http://commons.wikimedia.org/wiki/Special:FilePath/Sumaura%20sanjo%20amusement%20park02%201920.jpg
Q3330666,神戶市立博物館,兵庫縣,市立博物館,34.6872222,135.1930556,http://commons.wikimedia.org/wiki/Special:FilePath/Kobe%20city%20museum02s3200.jpg
Q11627626,西宮市大谷記念美術館,兵庫縣,美術館,34.7321110,135.3245830,http://commons.wikimedia.org/wiki/Special:FilePath/230825%20Otani%20Memorial%20Art%20Museum%20Nishinomiya%20City%20Hyogo%20pref%20Japan07s3.jpg
Q5358677,キッザニア甲子園,兵庫縣,主題公園,34.7168611,135.3638611,
Q11565343,滴翠美術館,兵庫縣,美術館,34.7393330,135.2965280,http://commons.wikimedia.org/wiki/Special:FilePath/Tekisui%20museum01s3200.jpg
Q11678218,黑川古文化研究所,兵庫縣,研究機構,34.7625000,135.3091940,
Q121356866,淡路市立中浜稔猫美術館,兵庫縣,美術館,34.5377780,134.9933330,http://commons.wikimedia.org/wiki/Special:FilePath/Awaji%20City%20Nakahama%20Minoru%20Cat%20Art%20Museum%20ac%20%281%29.jpg
Q11392465,山之小美術館,兵庫縣,美術館,34.7588889,135.2411111,
Q11355634,三木市立堀光美術館,兵庫縣,美術館,34.7985000,134.9871111,http://commons.wikimedia.org/wiki/Special:FilePath/Horimitsu%20museum01n3200.jpg
Q22120437,三木美術館,兵庫縣,美術館,34.8329444,134.6915556,http://commons.wikimedia.org/wiki/Special:FilePath/Miki-art-museum.jpg
Q121536247,淡路市立陶芸館,兵庫縣,美術館,34.5380556,134.9936111,
Q11555555,波止場町TEN×TEN,兵庫縣,美術館,34.6840280,135.1842780,
Q11635883,赤穗市立田淵紀念館,兵庫縣,美術館,34.7307220,134.4068330,http://commons.wikimedia.org/wiki/Special:FilePath/Ako%20City%20Tabuchi%20Museum%20of%20Art03n3200.jpg
Q11447532,姬路市立美術館,兵庫縣,美術館,34.8397220,134.6966670,http://commons.wikimedia.org/wiki/Special:FilePath/Himeji%20City%20Museum%20of%20Art20bs4480.jpg
Q11667775,香雪美术馆,兵庫縣,美術館,34.7241670,135.2561110,http://commons.wikimedia.org/wiki/Special:FilePath/Kosetsu%20Museum%EF%BC%9A%E9%A6%99%E9%9B%AA%E7%BE%8E%E8%A1%93%E9%A4%A8%20-%20panoramio.jpg
Q11590110,神戶市立須磨海浜水族園,兵庫縣,水族館,34.6441670,135.1286110,http://commons.wikimedia.org/wiki/Special:FilePath/Suma%20Aqualife%20Park%20in%202012.JPG
Q11508580,日本玩具博物館,兵庫縣,玩具博物館,34.9074440,134.7453890,http://commons.wikimedia.org/wiki/Special:FilePath/Japan%20toy%20museum01%201920.jpg
Q11392946,兵庫県立六甲山ビジターセンター,兵庫縣,科學博物館,34.7569444,135.2293056,http://commons.wikimedia.org/wiki/Special:FilePath/Mt%20rokko%20visitor%20center01%202816.jpg
Q137294299,史跡 生野銀山,兵庫縣,主題公園,35.1716667,134.8197222,http://commons.wikimedia.org/wiki/Special:FilePath/Ikuno%20Ginzan%20Silver%20Mine%20Asago%20Hyogo49s4272.jpg
Q11633437,豐岡市立出石家老屋敷,兵庫縣,武家地,35.4618330,134.8728610,http://commons.wikimedia.org/wiki/Special:FilePath/Izushi%20Karo%20Yashiki04n4592.jpg
Q11271098,龍野市立室津海駅館,兵庫縣,海事博物館,34.7673330,134.5052220,http://commons.wikimedia.org/wiki/Special:FilePath/Murotsu%20Museum%20of%20Sea%20Port01n3200.jpg
Q11559800,淡路世界公園,兵庫縣,主題公園,34.4166440,134.8998310,http://commons.wikimedia.org/wiki/Special:FilePath/Onokoro-irand2.jpg
Q11447478,姫路市平和資料館,兵庫縣,和平博物館,34.8218889,134.6741389,http://commons.wikimedia.org/wiki/Special:FilePath/Himeji-peace-museum.jpg
Q28692452,太閤之湯,兵庫縣,即日來回溫泉,34.7975970,135.2520420,http://commons.wikimedia.org/wiki/Special:FilePath/161112%20Taikou-no-yu%20spa%20Arima%20Onsen%20Kobe%20Japan01s3.jpg
Q11392929,兵庫縣立人與自然博物館,兵庫縣,都道府县立博物馆,34.9224300,135.2063790,http://commons.wikimedia.org/wiki/Special:FilePath/Hitohaku%20vew.JPG
Q11378328,以命亭,兵庫縣,历史房屋博物馆,35.6249720,134.4535830,http://commons.wikimedia.org/wiki/Special:FilePath/Imeitei02s2816.jpg
Q11590107,神戶市立青少年科學館,兵庫縣,科學博物館,34.6661111,135.2186111,http://commons.wikimedia.org/wiki/Special:FilePath/Kobe%20Ciy%20Science%20Museum.jpg
Q60988333,ダイセル異人館,兵庫縣,历史房屋博物馆,34.7803890,134.5947780,http://commons.wikimedia.org/wiki/Special:FilePath/181208%20Daicel-Ijinkan%20Clubhouse%20Himeji%20Hyogo%20pref%20Japan01bs3.jpg
Q11426141,城崎溫泉,兵庫縣,温泉镇,35.6277780,134.8000000,http://commons.wikimedia.org/wiki/Special:FilePath/Kinosaki%20onsen02%201920.jpg
Q109597317,アトア,兵庫縣,水族館,34.8064170,135.5335830,http://commons.wikimedia.org/wiki/Special:FilePath/Kobe%20Port%20Museum.jpg
Q11343225,ムーセ旧居,兵庫縣,历史房屋博物馆,35.2444720,134.7177220,http://commons.wikimedia.org/wiki/Special:FilePath/Muse6611.JPG
Q11447552,姬路文學館,兵庫縣,博物馆建筑,34.8417670,134.6876640,http://commons.wikimedia.org/wiki/Special:FilePath/Himeji%20City%20Museum%20of%20Literature04s3872.jpg
Q11589929,神户市水科学博物馆,兵庫縣,科學博物館,34.6938889,135.1758333,http://commons.wikimedia.org/wiki/Special:FilePath/Kobe%20water%20science%20museum03s3200.jpg
Q11448952,孫文紀念館,兵庫縣,Sun Yat-sen Memorial Hall,34.6301110,135.0343610,http://commons.wikimedia.org/wiki/Special:FilePath/Ijokaku01s2040.jpg
Q11468702,山手八番馆,兵庫縣,历史房屋博物馆,34.7030560,135.1910000,http://commons.wikimedia.org/wiki/Special:FilePath/Yamate%20hall%20of%20no8%202048.jpg
Q11635882,赤穗市立海洋科學館,兵庫縣,塩博物館,34.7339440,134.3982220,http://commons.wikimedia.org/wiki/Special:FilePath/141115%20Ako%20Marine%20Science%20Museum%20Hyogo%20pref%20Japan02n.jpg
Q11308360,絲綢溫泉,兵庫縣,温泉镇,35.4580280,134.9661670,
Q6406436,掬星台,兵庫縣,觀景台,34.7341670,135.2063890,http://commons.wikimedia.org/wiki/Special:FilePath/Kikuseidai.jpg
Q11512517,明石市立文化博物館,兵庫縣,文化博物館,34.6516667,134.9952778,http://commons.wikimedia.org/wiki/Special:FilePath/Akashi%20City%20Museum%20of%20Culture%20Hyogo%20pref%20Japan01s3.jpg
Q11512732,星の子館,兵庫縣,科學博物館,34.8527220,134.6286390,
Q85883880,赤穂市立有年考古館,兵庫縣,考古博物館,34.8353056,134.3825556,
Q116432719,伊丹市立こども文化科学館,兵庫縣,科學博物館,34.7829722,135.4333611,
Q11381627,但馬國府、國分寺館,兵庫縣,考古博物館,35.4697220,134.7674720,http://commons.wikimedia.org/wiki/Special:FilePath/TajimaKokufu%20and%20Kokubunji-Kan.jpg
Q11625331,虚子記念文學館,兵庫縣,人物紀念館,34.7200000,135.3035830,http://commons.wikimedia.org/wiki/Special:FilePath/Takahama%20Kyoshi%20kinen%20bungakukan.JPG
Q11589733,神戶麵包超人兒童博物館暨購物中心,兵庫縣,兒童博物館,34.6786000,135.1850000,http://commons.wikimedia.org/wiki/Special:FilePath/130720%20Kobe%20Anpanman%20Children%27s%20Museum%20%26%20Mall%20Kobe%20Japan01s3.jpg
Q11457245,富田砕花舊居,兵庫縣,人物紀念館,34.7297500,135.3120560,http://commons.wikimedia.org/wiki/Special:FilePath/Old%20Saika%20Tomita%20House01s5s3200.jpg
Q798766,神戶港塔,兵庫縣,觀光塔,34.6825000,135.1866667,http://commons.wikimedia.org/wiki/Special:FilePath/Kobe%20port%20tower12s3200.jpg
Q5364119,神戶海洋博物館,兵庫縣,海事博物館,34.6827778,135.1883333,http://commons.wikimedia.org/wiki/Special:FilePath/Hayate01s3200.jpg
Q107272178,神戸大学海事博物館,兵庫縣,海事博物館,34.7190900,135.2892860,http://commons.wikimedia.org/wiki/Special:FilePath/Maritime%20Museum%20of%20Kobe%20University.jpg
Q11633436,豐岡市立出石史料館,兵庫縣,历史房屋博物馆,35.4636940,134.8753060,http://commons.wikimedia.org/wiki/Special:FilePath/221028%20Izushi%20Museum%20Toyooka%20Hyogo%20pref%20Japan01s3.jpg
Q11276647,鵯展望公園,兵庫縣,风景点,34.6869440,135.1506940,
Q11667228,香寺民俗資料館,兵庫縣,历史房屋博物馆,34.9084170,134.7418610,http://commons.wikimedia.org/wiki/Special:FilePath/Koderaminnzoku001.JPG
Q3330671,神戶文學館,兵庫縣,文學館,34.7091667,135.2133333,http://commons.wikimedia.org/wiki/Special:FilePath/Kobe%20City%20Museum%20of%20Literature07n.jpg
Q27824205,NESTA RESORT KOBE,兵庫縣,主題公園,34.8165278,135.0596389,
Q11426136,城崎海洋世界,兵庫縣,水族館,35.6558330,134.8248610,http://commons.wikimedia.org/wiki/Special:FilePath/Kinosaki%20Marine%20World001.jpg
Q11426145,城崎稻桿工藝品承館,兵庫縣,工藝博物館,35.6254720,134.8086940,http://commons.wikimedia.org/wiki/Special:FilePath/Kinosaki%20mugiwara2048.jpg
Q11589937,神戶市立水果花園,兵庫縣,主題公園,34.8457222,135.1917500,http://commons.wikimedia.org/wiki/Special:FilePath/Fruit%20Flower%20Park.jpg
Q11513712,春日鄉土資料館,兵庫縣,地方文化館,35.1680280,135.1020000,http://commons.wikimedia.org/wiki/Special:FilePath/Kasuga%20rekisi%20minzoku%20kyodo%20siryokan%20P9019123.jpg
Q2584900,姬路市立水族館,兵庫縣,水族館,34.8227220,134.6760280,http://commons.wikimedia.org/wiki/Special:FilePath/Himeji%20City%20Aquarium%20Himeji%20Hyogo%20pref%20Japan01n.jpg
Q720406,朝來藝術之森,兵庫縣,雕塑公园,35.2386111,134.8300000,http://commons.wikimedia.org/wiki/Special:FilePath/Asago%20Art%20Village15n4272.jpg
Q11516809,有馬玩具博物館,兵庫縣,玩具博物館,34.7970340,135.2478790,http://commons.wikimedia.org/wiki/Special:FilePath/Arima%20toys%20%26%20automata%20museum.jpg
Q11589987,神戶市立太閣之湯殿館,兵庫縣,考古博物館,34.7956667,135.2484722,http://commons.wikimedia.org/wiki/Special:FilePath/Taiko-no-yudonokan01s3872.jpg
Q16664574,生野銀山,兵庫縣,礦業博物館,35.1716780,134.8196500,http://commons.wikimedia.org/wiki/Special:FilePath/Ikuno%20Ginzan%20Silver%20Mine%20Asago%20Hyogo26n4272.jpg
Q11295340,カワサキワールド,兵庫縣,公司博物館,34.6827778,135.1883333,http://commons.wikimedia.org/wiki/Special:FilePath/Kobe%20Maritime%20Museum%20%26%20Kawasaki%20GoodTimes%20World.jpg
Q11446112,奧藤酒造鄉土館,兵庫縣,地方文化館,34.7666940,134.4306110,http://commons.wikimedia.org/wiki/Special:FilePath/Okutoke%20Sakoshi%20Ako%20Hyogo03bs1950.jpg
Q11262500,有趣昆蟲化石館,兵庫縣,科學博物館,35.5303056,134.4406389,http://commons.wikimedia.org/wiki/Special:FilePath/Omoshiro%20Insect%20Fossil%20Museum.jpg
Q11589757,神戶娃娃博物館,兵庫縣,人形博物館,34.6894444,135.1905556,http://commons.wikimedia.org/wiki/Special:FilePath/Kobe%20Doll%20Museum.jpg
Q11426143,城崎文藝館,兵庫縣,文學館,35.6252220,134.8106670,http://commons.wikimedia.org/wiki/Special:FilePath/Kinosaki%20bungei01%202816.jpg
Q11543726,橋之科學館,兵庫縣,科學博物館,34.6316240,135.0326720,http://commons.wikimedia.org/wiki/Special:FilePath/Science%20Museum%20of%20Bridges%2020150920.JPG
Q11447564,姫路科学館,兵庫縣,科學博物館,34.8517500,134.6268330,http://commons.wikimedia.org/wiki/Special:FilePath/%E5%A7%AB%E8%B7%AF%E7%A7%91%E5%AD%A6%E9%A4%A8.jpg
Q11274764,西脇經緯度地球科學館,兵庫縣,科學博物館,35.0000000,134.9988330,http://commons.wikimedia.org/wiki/Special:FilePath/%E3%83%86%E3%83%A9%E3%83%BB%E3%83%89%E3%83%BC%E3%83%A01.jpg
Q125228535,神户须磨海洋世界,兵庫縣,水族館,34.6441667,135.1286111,http://commons.wikimedia.org/wiki/Special:FilePath/%E7%A5%9E%E6%88%B8%E9%A0%88%E7%A3%A8%E3%82%B7%E3%83%BC%E3%83%AF%E3%83%BC%E3%83%AB%E3%83%89%20%E3%82%B7%E3%83%A3%E3%83%81%E3%81%AE%E3%83%A2%E3%83%8B%E3%83%A5%E3%83%A1%E3%83%B3%E3%83%88.jpg
Q11378765,伊丹市立博物館,兵庫縣,市立博物館,34.7850000,135.4015560,http://commons.wikimedia.org/wiki/Special:FilePath/Itami%20City%20Museum.jpg
Q117864006,有馬ます池,兵庫縣,主題公園,34.7909677,135.2445937,
Q2392634,芦屋市谷崎润一郎纪念馆,兵庫縣,人物紀念館,34.7222330,135.3111730,http://commons.wikimedia.org/wiki/Special:FilePath/Ashiya%20Tanizaki%20Junichiro%20Memorial%20Museum01s3200.jpg
Q2585012,姬路中央公園,兵庫縣,野生动物园,34.8677460,134.7520640,http://commons.wikimedia.org/wiki/Special:FilePath/Himeji-central-park-entrance.JPG
Q11590095,神戶市立農業公園,兵庫縣,主題公園,34.7325000,135.0402780,http://commons.wikimedia.org/wiki/Special:FilePath/Kobecity%20Agricultural%20Park%20No%2C8.JPG
Q11271097,龍野市立室津民俗館,兵庫縣,历史房屋博物馆,34.7662220,134.5058330,http://commons.wikimedia.org/wiki/Special:FilePath/Murotsu%20Museum%20of%20Folklore01n3200.jpg
Q11647127,金星台,兵庫縣,觀景台,34.6958333,135.1802778,http://commons.wikimedia.org/wiki/Special:FilePath/Kinseidai%20001.JPG
Q11534562,柳田國男紀念館,兵庫縣,人物紀念館,34.9577500,134.7646940,http://commons.wikimedia.org/wiki/Special:FilePath/Yanagita%20kunio%20mh00s8.jpg
Q11660828,矢野勘治紀念館,兵庫縣,人物紀念館,34.8677220,134.5436390,http://commons.wikimedia.org/wiki/Special:FilePath/Kajokan%20Tatsuno02n4592.jpg
Q18700518,安妮玫瑰的教會,兵庫縣,人物紀念館,34.7630819,135.3279200,http://commons.wikimedia.org/wiki/Special:FilePath/%E3%82%A2%E3%83%B3%E3%83%8D%E3%81%AE%E3%83%90%E3%83%A9%E3%81%AE%E6%95%99%E4%BC%9A%E5%A4%96%E8%A6%B3.jpg
Q11399242,加藤文太郎紀念圖書館,兵庫縣,市区町村立図書館,35.6245830,134.4544170,http://commons.wikimedia.org/wiki/Special:FilePath/Kato%20buntaro02s2816.jpg
Q11452396,寶塚市立手塚治虫紀念館,兵庫縣,動漫博物館,34.8072000,135.3483000,http://commons.wikimedia.org/wiki/Special:FilePath/Osamu%20Tezuka%20Manga%20Museum%20ac%20%282%29.jpg
Q11533694,丹波市立柏原歴史民俗資料館,兵庫縣,民俗博物館,35.1285280,135.0815280,http://commons.wikimedia.org/wiki/Special:FilePath/Kaibara-cho%20historical%20museum01%201920.jpg
Q21653458,高田屋顯彰館・歴史文化資料館,兵庫縣,歷史博物館,34.4151264,134.7911092,http://commons.wikimedia.org/wiki/Special:FilePath/150613%20Wellness%20Park%20Goshiki%20Sumoto%20Hyogo%20pref%20Japan03s3.jpg
Q11393043,兵庫縣立歷史博物館,兵庫縣,都道府县立博物馆,34.8411110,134.6969440,http://commons.wikimedia.org/wiki/Special:FilePath/Hyogo%20Prefectural%20Museum%20of%20History01s3872.jpg
Q11260409,薄口龍野醤油資料館,兵庫縣,食物博物館,34.8664720,134.5457780,http://commons.wikimedia.org/wiki/Special:FilePath/Usukuchi-Tatsuno-Shoyu%20Museum01s2048.jpg
Q11470745,山田風太郎紀念館,兵庫縣,人物紀念館,35.3763060,134.6439170,http://commons.wikimedia.org/wiki/Special:FilePath/Futaro%20Yamada%20Museum-b.jpg
Q11444157,太田垣士郎資料館,兵庫縣,人物紀念館,35.6268890,134.8019170,http://commons.wikimedia.org/wiki/Special:FilePath/Otagaki%20shiro2816.jpg
Q11540592,植村直己冒險館,兵庫縣,人物紀念館,35.4613890,134.7321670,http://commons.wikimedia.org/wiki/Special:FilePath/130914%20Uemura%20Naomi%20Memorial%20Museum%20Toyooka%20Hyogo%20pref%20Japan01s3.jpg
Q17191323,あずきミュージアム,兵庫縣,食物博物館,34.8240280,134.7015830,http://commons.wikimedia.org/wiki/Special:FilePath/140111%20Azuki%20Museum%20Himeji%20Hyogo%20pref%20Japan21s3.jpg
Q11580631,白鷹綠水苑,兵庫縣,酒博物館,34.7305280,135.3387220,http://commons.wikimedia.org/wiki/Special:FilePath/Hakutaka-ryokusuien01s5s3200.jpg
Q11508663,日本盛酒蔵通り煉瓦館,兵庫縣,公司博物館,34.7302220,135.3446940,
Q11251779,UCC咖啡博物館,兵庫縣,公司博物館,34.6652778,135.2169444,http://commons.wikimedia.org/wiki/Special:FilePath/Kobe-ucc88.JPG
Q11464905,尼信博物館,兵庫縣,公司博物館,34.7166390,135.4133890,http://commons.wikimedia.org/wiki/Special:FilePath/%E5%B0%BC%E4%BF%A1%E5%8D%9A%E7%89%A9%E9%A4%A8.JPG
Q11544833,櫻正宗記念館櫻宴,兵庫縣,公司博物館,34.7098610,135.2714170,
Q24882700,竹中大工道具馆,兵庫縣,公司博物館,34.7068000,135.1975000,http://commons.wikimedia.org/wiki/Special:FilePath/160312%20Takenaka%20Carpentry%20Tools%20Museum%20Kobe%20Japan03s3.jpg
Q11580641,白鹿記念酒造博物館,兵庫縣,公司博物館,34.7279170,135.3380280,http://commons.wikimedia.org/wiki/Special:FilePath/Hakushika%20Memorial%20Museum02st3200.jpg
Q116606456,姫路市埋蔵文化財センター,兵庫縣,埋藏文化財中心,34.8166667,134.7202778,http://commons.wikimedia.org/wiki/Special:FilePath/%E5%A7%AB%E8%B7%AF%E5%B8%82%E5%9F%8B%E8%94%B5%E6%96%87%E5%8C%96%E8%B2%A1%E3%82%BB%E3%83%B3%E3%82%BF%E3%83%BC.jpg
Q11553106,澤之鶴資料館,兵庫縣,公司博物館,34.7032780,135.2331390,http://commons.wikimedia.org/wiki/Special:FilePath/SawanoTsuru%20SakeMuseum.jpg
Q11580624,白鶴酒造資料館,兵庫縣,日本清酒博物館,34.7106111,135.2616389,http://commons.wikimedia.org/wiki/Special:FilePath/Hakuturu-sake-museum.jpg
Q11619678,菊正宗酒造記念館,兵庫縣,日本清酒博物館,34.7086110,135.2678890,http://commons.wikimedia.org/wiki/Special:FilePath/Kikumasamune%20Kobe%20Japan01-r.jpg
Q118635241,アシックススポーツミュージアム,兵庫縣,公司博物館,34.6687361,135.2155889,
Q11589921,神戶市埋蔵文化財中心,兵庫縣,埋藏文化財中心,34.7149170,135.0178610,http://commons.wikimedia.org/wiki/Special:FilePath/Kobe-maizo01.JPG
Q11558039,濱福鶴吟醸工房,兵庫縣,公司博物館,34.7098611,135.2728056,
Q11392443,六甲音樂盒博物館,兵庫縣,音楽博物館,34.7616667,135.2383333,http://commons.wikimedia.org/wiki/Special:FilePath/Hall%20of%20halls%20rokko01s2816.jpg
Q11513640,春日歷史民俗資料館,兵庫縣,歷史博物館,35.1680280,135.1020000,http://commons.wikimedia.org/wiki/Special:FilePath/Kasuga%20fork%20culture%20museum01s3200.jpg
Q11516762,有馬郵票文化博物館,兵庫縣,切手博物館,34.7987500,135.2509170,http://commons.wikimedia.org/wiki/Special:FilePath/The%20Philatelic%20Culture%20Museum%20Arima%20Kobe02n3200.jpg
Q11512514,明石市立天文科學館,兵庫縣,天文博物館,34.6493940,135.0014780,http://commons.wikimedia.org/wiki/Special:FilePath/Akashi%20Minicipal%20Planetarium.jpg
Q11584736,石之寶殿,兵庫縣,遺跡,34.7825417,134.7952167,http://commons.wikimedia.org/wiki/Special:FilePath/Ishi-no-hoden%20%2C%20%E7%9F%B3%E3%81%AE%E5%AE%9D%E6%AE%BF%20-%20panoramio%20%283%29.jpg
Q116081671,姫路市自然観察の森,兵庫縣,自然観察の森,34.8554472,134.6201542,
Q116944054,BE KOBE,兵庫縣,雕塑,34.6812780,135.1892500,http://commons.wikimedia.org/wiki/Special:FilePath/BE%20KOBE%2020190216.jpg
Q38278131,播磨町鄉土資料館,兵庫縣,歷史博物館,34.7269440,134.8762500,http://commons.wikimedia.org/wiki/Special:FilePath/Harima%20Museum.jpg
Q11497072,手柄山交流站,兵庫縣,鐵路博物館,34.8220000,134.6761110,http://commons.wikimedia.org/wiki/Special:FilePath/Tegarayama-koryustation.jpg
Q11572292,玄武洞博物館,兵庫縣,地質学博物館,35.5889720,134.8035000,http://commons.wikimedia.org/wiki/Special:FilePath/Genbudo%20Museum%20in%20Genbudo%20Park%20Toyooka%20Hyogo.JPG
Q113995546,淡路モンキーセンター,兵庫縣,觀光景點,34.2451389,134.8833056,http://commons.wikimedia.org/wiki/Special:FilePath/Awaji%20Monkey%20Center%20005.jpg
Q11376363,仁川百合野町地すべり資料館,兵庫縣,地質学博物館,34.7731940,135.3426940,http://commons.wikimedia.org/wiki/Special:FilePath/Nigawayurino-cho%20Jisuberi%20Shiryokan1.JPG
Q11593787,福崎町立神崎郡歷史民俗資料館,兵庫縣,民俗博物館,34.9579440,134.7646940,http://commons.wikimedia.org/wiki/Special:FilePath/Kcmhc01%202816.jpg
Q56605236,糸井の大カツラ,兵庫縣,巨樹,35.4117222,134.9207778,http://commons.wikimedia.org/wiki/Special:FilePath/Itoi-no-Okatsura%20L.jpg
Q11627655,西宮市貝類館,兵庫縣,動物学博物館,34.7122780,135.3278890,http://commons.wikimedia.org/wiki/Special:FilePath/Nishinomiya-Shell-Museum-2015080801.jpg
Q30932672,名塩和紙学習館,兵庫縣,紙博物館,34.8304167,135.2983333,http://commons.wikimedia.org/wiki/Special:FilePath/Najio%20Japanese%20Paper%20Making%20Learning%20Center.jpg
Q114990672,兵庫県立兵庫津ミュージアム,兵庫縣,建築物,34.6638890,135.1747220,http://commons.wikimedia.org/wiki/Special:FilePath/Hyogotsu%20museum.jpg
Q11464987,尼崎市立歴史博物馆,兵庫縣,歷史博物館,34.7148889,135.4209444,http://commons.wikimedia.org/wiki/Special:FilePath/Amagasaki%20City%20Museum%20of%20History%20ac%20%281%29.jpg
Q11635880,赤穗市立歴史博物館,兵庫縣,歷史博物館,34.7473610,134.3904170,http://commons.wikimedia.org/wiki/Special:FilePath/141206%20Ako%20City%20Museum%20of%20History%20Hyogo%20pref%20Japan02n.jpg
Q11427507,堀江オルゴール博物館,兵庫縣,音楽博物館,34.7567500,135.3095000,http://commons.wikimedia.org/wiki/Special:FilePath/Horieorgelmuseum.jpg
Q11507072,日本・蒙古民族博物館,兵庫縣,民族誌学博物館,35.4925560,134.9946390,http://commons.wikimedia.org/wiki/Special:FilePath/Japan%20Mongolia%20Folk%20Museum%20ac%20%285%29.jpg
Q99745066,神子畑交流館,兵庫縣,遊客中心,35.2433333,134.7170833,http://commons.wikimedia.org/wiki/Special:FilePath/%E7%A5%9E%E5%AD%90%E7%95%91%E4%BA%A4%E6%B5%81%E9%A4%A8%20%E9%A7%90%E8%BB%8A%E5%A0%B4%E3%81%8B%E3%82%89.jpg
Q1350120,鳴門漩渦,兵庫縣,渦流,34.2383333,134.6513889,http://commons.wikimedia.org/wiki/Special:FilePath/Naruto%20Whirlpools%20taken%204-21-2008.jpg
Q11471127,山陰海岸ジオパーク館,兵庫縣,地質学博物館,35.6285278,134.4459722,http://commons.wikimedia.org/wiki/Special:FilePath/San-in%20Kaigan%20Geopark%20Kan%20Hyogo%20Japan.JPG
Q11225764,JGA高爾夫球博物館,兵庫縣,體育博物館,34.7703889,135.0218611,
Q136750912,篠山能楽資料館,兵庫縣,剧院博物馆,35.0717430,135.2249320,http://commons.wikimedia.org/wiki/Special:FilePath/%E8%83%BD%E6%A5%BD%E8%B3%87%E6%96%99%E9%A4%A8%20Museum%20of%20Noh%20Artifacts%20-%20panoramio.jpg
Q134318171,朝来市朝来歴史民俗資料館,兵庫縣,日本博物館,35.2408890,134.8267220,http://commons.wikimedia.org/wiki/Special:FilePath/Map%20of%20Hyogo%20Prefecture%20Ja.svg
Q111817882,佐用の大イチョウ,兵庫縣,巨樹,35.0054722,134.3623056,http://commons.wikimedia.org/wiki/Special:FilePath/Ginkgo%20tree%20at%20Sayo%20200103.jpg
Q11464066,小野市立好古館,兵庫縣,歷史博物館,34.8428330,134.9325830,http://commons.wikimedia.org/wiki/Special:FilePath/City%20Museum%20Ono%20Hyogo01s5s3200.jpg
Q11271117,龍野市立龍野歴史文化資料館,兵庫縣,歷史博物館,34.8685280,134.5462220,http://commons.wikimedia.org/wiki/Special:FilePath/Tatsuno%20municipal%20museum%20of%20history%20%26%20culture01s2040.jpg
Q17229092,立杭陶之鄉,兵庫縣,陶瓷博物館,34.9810280,135.1316110,http://commons.wikimedia.org/wiki/Special:FilePath/140510%20Tamba%20Traditional%20Art%20Craft%20Park%20Sue%20no%20Sato%20Sasayama%20Hyogo%20pref%20Japan02s3.jpg
Q104721589,鶴林寺宝物館,兵庫縣,宝物館,34.7520220,134.8334680,http://commons.wikimedia.org/wiki/Special:FilePath/Kakogawa%20Kakurinji35n4592.jpg
Q17219226,神戶華僑歴史博物館,兵庫縣,歷史博物館,34.6859750,135.1871722,http://commons.wikimedia.org/wiki/Special:FilePath/Kobe%20Overseas%20Chinese%20History%20Museum.JPG
Q11417751,和池の大カツラ,兵庫縣,巨樹,35.4203610,134.5704720,http://commons.wikimedia.org/wiki/Special:FilePath/Great%20katsura%20of%20wachi01s3000.jpg
Q10855326,甲子園歷史館,兵庫縣,體育博物館,34.7203944,135.3618056,http://commons.wikimedia.org/wiki/Special:FilePath/The%20Museum%20of%20Hanshin%20Koshien%20Stadium.jpg
Q11557619,濱坂溫泉鄉,兵庫縣,温泉郷,35.6200000,134.4520000,
Q108070220,おじの大和ミュージアム,兵庫縣,海軍博物館,35.3084722,134.6801667,
Q11635881,赤穗市立民俗資料館,兵庫縣,民俗博物館,34.7498890,134.3822500,http://commons.wikimedia.org/wiki/Special:FilePath/Ako%20municipal%20fork%20culture%20museum05s1980.jpg
Q11334871,白雪ブルワリービレッジ長寿蔵ミュージアム,兵庫縣,酒博物館,34.7811110,135.4171670,http://commons.wikimedia.org/wiki/Special:FilePath/Brewery%20museum01%202048.jpg
Q11471937,西脇市岡之山美術館,兵庫縣,現代美術館,35.0020830,134.9979170,http://commons.wikimedia.org/wiki/Special:FilePath/Okanoyama%20museum1.JPG
Q11393028,兵庫縣立木之殿堂,兵庫縣,博物館,35.4280556,134.5797222,http://commons.wikimedia.org/wiki/Special:FilePath/201121%20The%20Museum%20for%20wood%20culture%20Kami%20Hyogo%20pref%20Japan02s3.jpg
Q11589727,神戸らんぷミュージアム,兵庫縣,博物館,34.6883530,135.1939780,http://commons.wikimedia.org/wiki/Special:FilePath/Kobe%20lamp%20museum01s3200.jpg
Q11511014,舊坂越浦會所,兵庫縣,会所,34.7664720,134.4317220,http://commons.wikimedia.org/wiki/Special:FilePath/Kyusakoshiurakaijo01%201024.jpg
Q11598456,童子山公園,兵庫縣,博物館,34.9888611,134.9715000,
Q11556534,洲本市立淡路文化史料館,兵庫縣,博物館,34.3404170,134.9021110,http://commons.wikimedia.org/wiki/Special:FilePath/Sumtomo%20Municipal%20Awajishima%20Museum%20Sumoto%20Hyogo%20pref%20Japan01n.jpg
Q11431582,夢千代館,兵庫縣,博物館,35.5563611,134.4873611,http://commons.wikimedia.org/wiki/Special:FilePath/Yumechiyokan%202026-02%20ac%20%281%29.jpg
Q11425573,坂越市政廳,兵庫縣,博物館,34.7669170,134.4301330,http://commons.wikimedia.org/wiki/Special:FilePath/Sakoshimachinamikan1024.jpg
Q11355653,三木市立金物資料館,兵庫縣,博物館,34.7992500,134.9880280,http://commons.wikimedia.org/wiki/Special:FilePath/Miki%20City%20Hardware%20Museum02s3872.jpg
Q11580839,百耕資料館,兵庫縣,博物館,34.6616389,135.1297778,http://commons.wikimedia.org/wiki/Special:FilePath/Hyakko-museum.jpg
Q11482263,平和観音寺,兵庫縣,巨像,34.5029440,134.9767780,http://commons.wikimedia.org/wiki/Special:FilePath/Heiwakannonji%2C%E5%B9%B3%E5%92%8C%E8%A6%B3%E9%9F%B3%E5%AF%BA%2C%E4%B8%96%E7%95%8C%E5%B9%B3%E5%92%8C%E5%A4%A7%E8%A6%B3%E9%9F%B3%E5%83%8F%20DSCF3854.JPG
Q11375890,人和防災未來中心,兵庫縣,文化機構,34.6980870,135.2146220,http://commons.wikimedia.org/wiki/Special:FilePath/Disaster%20Reduction%20and%20Human%20Renovation%20Institution.jpg
Q11512415,明治館 (豐岡市),兵庫縣,博物館,35.4621667,134.8769444,http://commons.wikimedia.org/wiki/Special:FilePath/Izushi%20Meiji-Kan%202021-02%20ac.jpg
Q11590151,神戸映画資料館,兵庫縣,博物館,34.6543610,135.1462220,
Q17238979,伊丹市昆蟲館,兵庫縣,昆虫館,34.7913060,135.3948330,http://commons.wikimedia.org/wiki/Special:FilePath/Itami%20City%20Museum%20of%20Insects1.jpg
Q11362202,世界扑满博物館,兵庫縣,博物館,34.7166940,135.4134170,http://commons.wikimedia.org/wiki/Special:FilePath/Amashin-Piggy%20bank.jpg
Q11523199,村岡民俗資料館まほろば,兵庫縣,博物館,35.4719440,134.5961670,http://commons.wikimedia.org/wiki/Special:FilePath/Mahoroba02s2816.jpg
Q11667705,香美町立ジオパークと海の文化館,兵庫縣,博物館,35.6483890,134.6390280,http://commons.wikimedia.org/wiki/Special:FilePath/Umino-Bunka%20kan001.JPG
Q104721715,太子町立歴史資料館,兵庫縣,博物館,34.8344670,134.5815780,
Q11402968,北海道立旭川美術館,北海道,都道府县立博物馆,43.7741390,142.3553610,http://commons.wikimedia.org/wiki/Special:FilePath/%E5%8C%97%E6%B5%B7%E9%81%93%E7%AB%8B%E6%97%AD%E5%B7%9D%E7%BE%8E%E8%A1%93%E9%A4%A8.JPG
Q22120303,北海道立函館美術館,北海道,都道府县立博物馆,41.7934167,140.7546389,http://commons.wikimedia.org/wiki/Special:FilePath/Hakodate%20Museum%20of%20Art%20Hokkaido%20Japan04s3.jpg
Q135972050,夕張市美術館,北海道,美術館,43.0580000,141.9750000,http://commons.wikimedia.org/wiki/Special:FilePath/Yubari%20Municipal%20Art%20Museum%20Collapse.JPG
Q17225728,中札内美術村,北海道,庭園,42.6775000,143.1625000,http://commons.wikimedia.org/wiki/Special:FilePath/131013%20Nakasatsunai%20Art%20Village%20Hokkaido%20Japan00s3.jpg
Q11402955,北海道立三岸好太郎美術館,北海道,美術館,43.0615830,141.3328330,http://commons.wikimedia.org/wiki/Special:FilePath/%E4%B8%89%E5%B2%B8%E5%A5%BD%E5%A4%AA%E9%83%8E.JPG
Q11641304,道の駅愛ランド湧別,北海道,主題樂園,44.1307500,143.7192222,http://commons.wikimedia.org/wiki/Special:FilePath/Michinoeki%20Ailand%20Yubetsu.jpg
Q109603910,きたみファミリーランド,北海道,主題樂園,43.7558101,143.9188439,
Q11402997,北海道立釧路藝術館,北海道,都道府县立博物馆,42.9827220,144.3798060,http://commons.wikimedia.org/wiki/Special:FilePath/Kushiro%20Art%20Museum%20Hokkaido%20Japan01s5.jpg
Q11659823,雪の美術館,北海道,廃止された博物館,43.7717222,142.3084722,http://commons.wikimedia.org/wiki/Special:FilePath/Snow%20Crystals%20Museum-20160725-1.jpg
Q30227146,小樽芸術村,北海道,公司博物館,43.1980556,141.0019444,http://commons.wikimedia.org/wiki/Special:FilePath/Nitori%20Otaru%20Art%20Base%2002.jpg
Q1298335,莫埃來沼公園,北海道,総合公園 (日本),43.1244722,141.4299139,http://commons.wikimedia.org/wiki/Special:FilePath/Moere02.jpg
Q11607218,網走市立美術館,北海道,美術館,44.0193330,144.2676390,http://commons.wikimedia.org/wiki/Special:FilePath/Abashiri%20Municipal%20Art%20Museum01s3.jpg
Q123124756,小原道城書道美術館,北海道,美術館,43.0636460,141.3531910,
Q11648286,釧路市立美術館,北海道,美術館,42.9780280,144.3860000,http://commons.wikimedia.org/wiki/Special:FilePath/Manabot%20Nusamai%20Kushiro%20Hokkaido%20Japan02n.jpg
Q11403934,北網圏北見文化センター,北海道,歷史博物館,43.8183333,143.9036111,http://commons.wikimedia.org/wiki/Special:FilePath/HokumoukenKitamiBunkaCenter.JPG
Q7382688,留壽都度假村,北海道,高爾夫球場,42.7496800,140.9032900,http://commons.wikimedia.org/wiki/Special:FilePath/Rusutsu%20WestMt%28200703%29.jpg
Q17222455,苫小牧市美術博物館,北海道,博物館,42.6374960,141.6129520,http://commons.wikimedia.org/wiki/Special:FilePath/Tomakomai%20City%20Museum%201.JPG
Q11402992,北海道立近代美術館,北海道,美術館,43.0602780,141.3303890,http://commons.wikimedia.org/wiki/Special:FilePath/%E5%8C%97%E6%B5%B7%E9%81%93%E7%AB%8B%E8%BF%91%E4%BB%A3%E7%BE%8E%E8%A1%93%E9%A4%A8.JPG
Q11364150,中山峠写真の森美術館,北海道,美術館,42.8551944,141.0967500,
Q133282721,釧路湿原美術館,北海道,纪念博物馆,43.1431190,144.1463100,
Q11475619,岩見沢市絵画ホール・松島正幸記念館,北海道,美術館,43.2010560,141.7680830,http://commons.wikimedia.org/wiki/Special:FilePath/Iwamizawa-city-picture-gallery-and-Matsushima-Masayuki-memorial-hall.JPG
Q11402964,北海道立帶廣美術館,北海道,美術館,42.9045830,143.1855280,http://commons.wikimedia.org/wiki/Special:FilePath/131012%20Hokkaido%20Obihiro%20Museum%20of%20Art01s3.jpg
Q121268815,北一ヴェネツィア美術館,北海道,美術館,43.1941632,141.0068999,http://commons.wikimedia.org/wiki/Special:FilePath/Sakaimachi%20street%20Otaru%20Hokkaido05s3.jpg
Q11402472,北海道Greenland,北海道,主題樂園,43.1658333,141.7800000,http://commons.wikimedia.org/wiki/Special:FilePath/Hokkaido-Greenland-amusement-park.JPG
Q11462169,市立小樽美術館,北海道,美術館,43.1967780,140.9998330,http://commons.wikimedia.org/wiki/Special:FilePath/Otaru%20City%20Museum%20Branch01s5.jpg
Q132541511,木田金次郎美術館,北海道,美術館,42.9839150,140.5151560,
Q2420835,札幌宮の森美術館,北海道,美術館,43.0571611,141.3024500,http://commons.wikimedia.org/wiki/Special:FilePath/Bottazzi%20and%20Miyanomori.jpg
Q11285668,アートホール東洲館,北海道,美術館,43.7211667,142.0425278,
Q11502473,新星館 須田剋太・島岡達三美術館,北海道,历史房屋博物馆,43.5214722,142.4723333,
Q123252986,神田日勝記念美術館,北海道,美術館,43.0967170,142.9900940,http://commons.wikimedia.org/wiki/Special:FilePath/Kandanissho%20memorial%20museum%20of%20art.jpg
Q30922602,置戶波波美術館,北海道,美術館,43.6769444,143.5895833,http://commons.wikimedia.org/wiki/Special:FilePath/%E7%BD%AE%E6%88%B8%E3%81%BD%E3%81%A3%E3%81%BD%E7%B5%B5%E7%94%BB%E9%A4%A8.jpg
Q123464807,西村計雄記念美術館,北海道,美術館,42.9749950,140.6091230,
Q11249478,札幌藝術之森美術館,北海道,美術館,42.9392222,141.3401389,http://commons.wikimedia.org/wiki/Special:FilePath/Sapporo%20art%20museum.jpg
Q28691367,HOKUBU記念絵画館,北海道,美術館,43.0498500,141.3651600,
Q132544758,荒井記念美術館,北海道,纪念博物馆,42.9500840,140.5146220,
Q132545224,小川原脩記念美術館,北海道,纪念博物馆,42.9066210,140.7677580,
Q11462160,小樽市綜合博物館,北海道,博物館,43.2112540,141.0012980,http://commons.wikimedia.org/wiki/Special:FilePath/Otaru%20city%20museum%20main%20entrance.jpg
Q11403710,北海道開拓村,北海道,戶外博物館,43.0482780,141.4970560,http://commons.wikimedia.org/wiki/Special:FilePath/%E5%8C%97%E6%B5%B7%E9%81%93%E9%96%8B%E6%8B%93%E3%81%AE%E6%9D%91%28Historical%20Village%20of%20Hokkaido%29%20-%20panoramio%20%281%29.jpg
Q11521485,札幌農学校第2農場,北海道,戶外博物館,43.0817500,141.3404167,http://commons.wikimedia.org/wiki/Special:FilePath/151010%20Sapporo%20Agricultural%20College%20Hokkaido%20Japan01s3.jpg
Q123124887,札幌市下水道科学館,北海道,科學博物館,43.1169760,141.3426090,http://commons.wikimedia.org/wiki/Special:FilePath/Sapporo%20Sewerage%20Science%20Museum.JPG
Q11542208,標津鮭魚科學館,北海道,水族館,43.6600830,145.1161390,http://commons.wikimedia.org/wiki/Special:FilePath/Shibetsu%20Salmon%20Museum.JPG
Q131431537,はこだてみらい館,北海道,科學博物館,41.7728710,140.7284920,
Q11305053,サホロリゾート ベア・マウンテン,北海道,クマ牧場,43.1780556,142.8077778,http://commons.wikimedia.org/wiki/Special:FilePath/Sahoro%20Resort%20Bear%20Mountain%20%E3%82%B5%E3%83%9B%E3%83%AD%E3%83%AA%E3%82%BE%E3%83%BC%E3%83%88%20%E3%83%99%E3%82%A2%E3%83%9E%E3%82%A6%E3%83%B3%E3%83%86%E3%83%B306.jpg
Q76283211,民族共生象徵空間,北海道,民族誌学博物館,42.5602778,141.3655278,http://commons.wikimedia.org/wiki/Special:FilePath/Shiraoi-upopoy%2035.jpg
Q11521430,札幌市青少年科学館,北海道,科學博物館,43.0362290,141.4721270,http://commons.wikimedia.org/wiki/Special:FilePath/Seishounen%20Kagakukan%28Sapporo%29.jpg
Q21652708,帶廣市兒童會館,北海道,公開天文台,42.9052778,143.1861111,http://commons.wikimedia.org/wiki/Special:FilePath/131012%20Obihiro%20Municipal%20Children%20Hall01s3.jpg
Q11511737,旭川市科学館サイパル,北海道,公開天文台,43.7563056,142.3705000,http://commons.wikimedia.org/wiki/Special:FilePath/%E3%82%B5%E3%82%A4%E3%83%91%E3%83%AB.JPG
Q123127795,北見市ところ遺跡の森,北海道,戶外博物館,44.1249390,143.9759850,http://commons.wikimedia.org/wiki/Special:FilePath/Tokoro%20Site%20%28Tokoro%20Forest%20Park%20of%20Archaeological%20Sites%29.jpg
Q117312350,洞爺湖町立火山科学館,北海道,火山博物館,42.5639444,140.8151111,http://commons.wikimedia.org/wiki/Special:FilePath/Toyako%20volcano%20science%20museum.JPG
Q2842754,北海道大學植物園,北海道,植物園,43.0638920,141.3426479,http://commons.wikimedia.org/wiki/Special:FilePath/131103%20Hokkaido%20University%20Botanical%20Gardens%20Sapporo%20Hokkaido%20Japan18o.jpg
Q132555459,稚内市青少年科学館,北海道,天象儀,45.4489850,141.6452060,http://commons.wikimedia.org/wiki/Special:FilePath/Wakkanai%20municipal%20youth%20science%20museum%20and%20NOSHAPPU%20Kan-ryu%20aquarium.JPG
Q132550120,滝川市こども科学館,北海道,兒童博物館,43.5525180,141.9148890,
Q123125643,札幌国際大学博物館,北海道,大學博物館,43.0013230,141.4251930,
Q123126971,DENZAI環境科学館,北海道,科學博物館,42.3133900,140.9739160,
Q11475628,岩見沢郷土科学館,北海道,科學博物館,43.1615560,141.7836940,http://commons.wikimedia.org/wiki/Special:FilePath/Iwamizawa-park%20local-history-and-science-museum.JPG
Q11325868,ノースサファリサッポロ,北海道,違法建築物,42.9470280,141.2230280,http://commons.wikimedia.org/wiki/Special:FilePath/Enter%20front.JPG
Q11521425,札幌市豊平川さけ科学館,北海道,科學博物館,43.0011111,141.3433333,http://commons.wikimedia.org/wiki/Special:FilePath/ToyohiragawaSakeKakagukan2004-5.jpg
Q132551264,北海道立オホーツク流氷科学センター,北海道,科學博物館,44.3283260,143.3750150,http://commons.wikimedia.org/wiki/Special:FilePath/Michinoeki%20Okhotsk%20monbetsu.jpg
Q18339280,北海道大學綜合博物館,北海道,大學博物館,43.0722222,141.3416667,http://commons.wikimedia.org/wiki/Special:FilePath/The%20Hokkaido%20University%20Museum.png
Q11292382,鄂霍次克流冰館,北海道,科學博物館,44.0010560,144.2397780,http://commons.wikimedia.org/wiki/Special:FilePath/Tentozan02.JPG
Q11648277,釧路市こども遊学館,北海道,科學博物館,42.9866667,144.3788889,http://commons.wikimedia.org/wiki/Special:FilePath/%E3%81%93%E3%81%A9%E3%82%82%E9%81%8A%E5%AD%A6%E9%A4%A8.jpg
Q11453087,室蘭市青少年科学館,北海道,科學博物館,42.3141670,140.9736390,http://commons.wikimedia.org/wiki/Special:FilePath/%E5%AE%A4%E8%98%AD%E5%B8%82%E9%9D%92%E5%B0%91%E5%B9%B4%E7%A7%91%E5%AD%A6%E9%A4%A8.jpg
Q11616823,苫小牧市科学センター,北海道,科學博物館,42.6319444,141.6050000,http://commons.wikimedia.org/wiki/Special:FilePath/Tomakomai%20Science%20Center.jpg
Q132553185,余市宇宙記念館,北海道,科學博物館,43.1892290,140.7886240,http://commons.wikimedia.org/wiki/Special:FilePath/Yoichi%20Space%20Dome%2C%20Hokkaido%20-%20Jun%2018%2C%202024.jpg
Q11430194,夕張市石炭博物館,北海道,礦業博物館,43.0683890,141.9891670,http://commons.wikimedia.org/wiki/Special:FilePath/Yubari-coalmine-museum.JPG
Q11521250,札幌市交通資料館,北海道,交通博物館,43.0046920,141.3644360,http://commons.wikimedia.org/wiki/Special:FilePath/Sapporo%20Transportation%20Museum.JPG
Q85880992,有島記念館,北海道,人物紀念館,42.8105000,140.7039444,http://commons.wikimedia.org/wiki/Special:FilePath/Arishima%20Takeo%20Memorial%20Museum%20-%20Aug%2025%2C%202016%20%284%29.jpg
Q132199866,モヨロ貝塚館,北海道,考古博物館,44.0246600,144.2692440,http://commons.wikimedia.org/wiki/Special:FilePath/2013%E5%B9%B44%E6%9C%88%E3%83%A2%E3%83%A8%E3%83%AD%E8%B2%9D%E5%A1%9A%E9%A4%A8.jpg
Q11465797,山之水族館,北海道,水族館,43.7542780,143.5002780,http://commons.wikimedia.org/wiki/Special:FilePath/Yama-no-aquarium.jpg
Q11368387,丸瀬布森林公園いこいの森,北海道,森林公園,43.9314167,143.3361389,http://commons.wikimedia.org/wiki/Special:FilePath/Amemiya%2021gou%20Steam%20Locomotive%20Hokkaido%20Japan.jpg
Q11517161,望郷の塔,北海道,觀光塔,43.3850830,145.8083890,http://commons.wikimedia.org/wiki/Special:FilePath/Hokkaido%20pref%20road%20No35%20Nosappu%20Cape.jpg
Q385351,大倉山跳台競技場,北海道,skiing stadium,43.0506667,141.2863056,http://commons.wikimedia.org/wiki/Special:FilePath/Okurayama%20August%202007.jpg
Q56963453,白い恋人パーク,北海道,主題公園,43.0886111,141.2716667,
Q107437271,塩狩峠記念館,北海道,历史房屋博物馆,43.9686111,142.4545556,http://commons.wikimedia.org/wiki/Special:FilePath/Shiokari%20Mountain%20Pass%20Memorial%20Hall.jpg
Q109364441,知里幸恵 銀のしずく記念館,北海道,人物紀念館,42.4513611,141.1671389,http://commons.wikimedia.org/wiki/Special:FilePath/Chiri%20Yukie%20Memorial%20Museum.jpg
Q11403709,北海道博物館,北海道,都道府县立博物馆,43.0530000,141.4966110,http://commons.wikimedia.org/wiki/Special:FilePath/Hokkaido%20Museum.JPG
Q926475,函館市文學館,北海道,文學館,41.7663350,140.7132370,http://commons.wikimedia.org/wiki/Special:FilePath/Hakodate%20City%20Museum%20of%20Literature02n.jpg
Q20043116,北海道大学遺跡保存庭园,北海道,考古学公園,43.0798889,141.3349167,http://commons.wikimedia.org/wiki/Special:FilePath/Garden%20for%20Preserving%20Ruins%20in%20Hokkaido%20University.JPG
Q11550930,江差町鄉土資料館,北海道,地方文化館,41.8681940,140.1287500,http://commons.wikimedia.org/wiki/Special:FilePath/Hiyamanishi%20gun-office.JPG
Q11305917,サンピアザ水族館,北海道,水族館,43.0369444,141.4716667,http://commons.wikimedia.org/wiki/Special:FilePath/Sanpiaza%20Suizokukan.jpg
Q22341618,羅臼國後展望塔,北海道,觀景台,44.0156111,145.1863333,http://commons.wikimedia.org/wiki/Special:FilePath/Rausu%20Kunashiri%20Observatory%20Deck%202.jpg
Q11404903,十勝岳望岳台,北海道,觀景台,43.4485833,142.6491944,
Q11596338,稚內市開基百年記念塔及北方紀念館,北海道,觀光塔,45.4169170,141.6633330,http://commons.wikimedia.org/wiki/Special:FilePath/Exploitation%20100years%20commemoration%20tower.JPG
Q11331252,ピアソン記念館,北海道,历史房屋博物馆,43.8064722,143.8868889,http://commons.wikimedia.org/wiki/Special:FilePath/Pierson%20museum.jpg
Q11405627,サケのふるさと 千歳水族館,北海道,水族館,42.8327220,141.6591670,http://commons.wikimedia.org/wiki/Special:FilePath/Chitose%20Salmon%20Aquarium.jpg
Q11593178,福島町青函トンネル記念館,北海道,科技博物館,41.4852500,140.2546390,http://commons.wikimedia.org/wiki/Special:FilePath/Seikan%20Tunnel%20Museum%20of%20Fukushima%20Town.jpg
Q11596319,稚内市立ノシャップ寒流水族館,北海道,水族館,45.4493333,141.6449167,http://commons.wikimedia.org/wiki/Special:FilePath/Wakkanai%20municipal%20youth%20science%20museum%20and%20NOSHAPPU%20Kan-ryu%20aquarium.JPG
Q11279539,むかわ町穂別地球体験館,北海道,自然歷史博物館,42.7668139,142.1348833,http://commons.wikimedia.org/wiki/Special:FilePath/Hobetsu%20Earth%20Experience%20Museum.jpg
Q17192195,安田侃彫刻美術館 アルテピアッツァ美唄,北海道,雕塑公园,43.3325278,141.9109167,http://commons.wikimedia.org/wiki/Special:FilePath/Ja-hokkaido-artepiazzabibai-3.jpg
Q11462161,市立小樽文學館,北海道,文學館,43.1967780,140.9998330,http://commons.wikimedia.org/wiki/Special:FilePath/Otaru%20City%20Museum%20Branch02s3.jpg
Q11249476,札幌藝術之森,北海道,雕塑公园,42.9338889,141.3372222,http://commons.wikimedia.org/wiki/Special:FilePath/Sapporo%20art%20museum.jpg
Q11387679,優佳良織工芸館,北海道,工藝博物館,43.7719444,142.3083333,http://commons.wikimedia.org/wiki/Special:FilePath/Yukara%20Ori%20Craft%20Museum-20160725.jpg
Q11441802,大雪展望台,北海道,觀景台,43.8568333,142.7606389,http://commons.wikimedia.org/wiki/Special:FilePath/Bells%20of%20Espoir%2C%20Daisetsu%20Observatory.jpg
Q28685000,函館市縄文文化交流センター,北海道,考古博物館,41.9279214,140.9447497,http://commons.wikimedia.org/wiki/Special:FilePath/Michinoeki%20jyoumonRoman.JPG
Q11402965,北海道立文学館,北海道,文學館,43.0442500,141.3561670,http://commons.wikimedia.org/wiki/Special:FilePath/%E6%9C%AD%E5%B9%8C%E3%81%AE%E6%96%87%E5%AD%A6%E9%A4%A8.JPG
Q104238072,星の降る里百年記念館,北海道,地方文化館,43.5259180,142.1889360,http://commons.wikimedia.org/wiki/Special:FilePath/Hoshi%20no%20furu%20Hyakunen%20Museum.jpg
Q11396003,函館市青函連絡船紀念館摩周丸,北海道,博物館船,41.7729440,140.7218890,http://commons.wikimedia.org/wiki/Special:FilePath/Mashu-maru%20zenkei.JPG
Q85138042,江別市郷土資料館,北海道,地方文化館,43.1136111,141.5480556,http://commons.wikimedia.org/wiki/Special:FilePath/Ebetsu%20City%20Local%20Museum.JPG
Q11454073,宮尾登美子文学記念館,北海道,文學館,42.4716667,140.8733333,http://commons.wikimedia.org/wiki/Special:FilePath/Tomiko%20miyao%20memorials%20literature.jpg
Q11373285,井上靖纪念馆,北海道,人物紀念館,43.8052220,142.3636110,http://commons.wikimedia.org/wiki/Special:FilePath/Yasushi-Inoue-Gedankstaette.jpg
Q11402956,北海道立北方民族博物館,北海道,都道府县立博物馆,43.9967500,144.2396670,http://commons.wikimedia.org/wiki/Special:FilePath/130713%20Hokkaido%20Museum%20of%20Northern%20Peoples%20Abashiri%20Hokkaido%20Japan02s3.jpg
Q85774341,木古内町郷土資料館,北海道,旧学校施設,41.6713420,140.4128420,http://commons.wikimedia.org/wiki/Special:FilePath/Kikonai%20Town%20Museum.JPG
Q85770107,はまます郷土資料館,北海道,鰊御殿,43.6126110,141.3740130,http://commons.wikimedia.org/wiki/Special:FilePath/Hamamasu%20Folk%20Museum.jpg
Q11356532,三浦綾子記念文学館,北海道,人物紀念館,43.7535830,142.3478330,http://commons.wikimedia.org/wiki/Special:FilePath/AyakoMiuraMemorial.jpg
Q11521442,札幌村郷土記念館,北海道,地方文化館,43.0805556,141.3769444,http://commons.wikimedia.org/wiki/Special:FilePath/%E6%9C%AD%E5%B9%8C%E6%9D%91%E9%83%B7%E5%9C%9F%E8%A8%98%E5%BF%B5%E9%A4%A8.JPG
Q11480658,市立室蘭水族館,北海道,水族館,42.3397500,140.9437500,http://commons.wikimedia.org/wiki/Special:FilePath/Muroran%20Aquarium%2840848993613%29.jpg
Q11579106,登別マリンパークニクス,北海道,水族館,42.4549720,141.1821940,http://commons.wikimedia.org/wiki/Special:FilePath/20181106%20Nixe%205427%20%2848435586636%29.jpg
Q11322179,トロッコ王国美深,北海道,主題公園,44.5475000,142.5698330,http://commons.wikimedia.org/wiki/Special:FilePath/Bifuka%20Torokko%20Oukoku%20draisines.jpg
Q11261729,小樽水族館,北海道,水族館,43.2368060,141.0112500,http://commons.wikimedia.org/wiki/Special:FilePath/Otaruaquarium%2001.jpg
Q106967657,市立旭川郷土博物館,北海道,地方文化館,43.8052111,142.3647000,
Q85796118,羅臼町郷土資料館,北海道,地方文化館,43.8806836,145.0936291,http://commons.wikimedia.org/wiki/Special:FilePath/Luminous%20moss%20in%20Makkausu%20Cave%2C%20Rausu%2C%20Hokkaido.JPG
Q132184263,利尻町立博物館,北海道,地方文化館,45.1128740,141.2160700,
Q11294440,カナディアンワールド公園,北海道,公園,43.5661111,142.2391667,http://commons.wikimedia.org/wiki/Special:FilePath/CanadianWorldPark.jpg
Q11579107,登別伊達時代村,北海道,主題公園,42.4638890,141.1606670,http://commons.wikimedia.org/wiki/Special:FilePath/Noboribetsu%20Date%20Jidaimura.jpg
Q105473971,厚岸町郷土館,北海道,地方文化館,43.0327650,144.8392190,
Q11579120,登別市郷土資料館,北海道,地方文化館,42.4205667,141.0820278,http://commons.wikimedia.org/wiki/Special:FilePath/Noboribetsu%20Local%20History%20Museum.jpg
Q64143355,いしかり砂丘の風資料館,北海道,地方文化館,43.2463610,141.3502500,http://commons.wikimedia.org/wiki/Special:FilePath/Ishikari%20Sakyu-no-Kaze%20Museum.jpg
Q11404346,北鎮記念館,北海道,軍事博物館,43.7884000,142.3649000,http://commons.wikimedia.org/wiki/Special:FilePath/Hokuchin%20Museum.jpg
Q17219401,恵庭市郷土資料館,北海道,地方文化館,42.9091670,141.5997500,http://commons.wikimedia.org/wiki/Special:FilePath/EniwaMuseumCropped.jpg
Q133264692,鷹栖町郷土資料館,北海道,地方文化館,43.8465950,142.3589260,
Q132533520,浦河町立郷土博物館,北海道,地方文化館,42.1437560,142.8400130,
Q11260956,えこりん村,北海道,主題公園,42.8722222,141.5472222,http://commons.wikimedia.org/wiki/Special:FilePath/Ecorin-mura2.jpg
Q17222936,五稜郭塔,北海道,觀光塔,41.7946890,140.7540030,http://commons.wikimedia.org/wiki/Special:FilePath/Goryokaku%20Tower%20Hakodate%20Hokkaido%20Japan01n.jpg
Q11605826,細岡展望台,北海道,觀景台,43.0981111,144.4493333,http://commons.wikimedia.org/wiki/Special:FilePath/Kushirositsugen%20Hosooka%20Tenboudai.jpg
Q132197172,北方館・望郷の家,北海道,博物館,43.3861730,145.8117197,http://commons.wikimedia.org/wiki/Special:FilePath/Hoppo-kan%20and%20Bokyo-no-ie%2001.jpg
Q3348373,札幌羊丘瞭望台,北海道,觀光景點,42.9991667,141.3947222,http://commons.wikimedia.org/wiki/Special:FilePath/Hitsujigaoka-sheep.jpg
Q11521269,札幌市手稲記念館,北海道,地方文化館,43.0857220,141.2735830,http://commons.wikimedia.org/wiki/Special:FilePath/Sapporo-City-Teine-Memorial-Museum.JPG
Q5774785,石炭の歴史村,北海道,主題公園,43.0672640,141.9879860,http://commons.wikimedia.org/wiki/Special:FilePath/Yubari-coalmine-museum.JPG
Q66363170,松前町郷土資料館,北海道,地方文化館,41.4357570,140.1121420,http://commons.wikimedia.org/wiki/Special:FilePath/Byobu%20of%20Matsumae%20by%20Kodama%20Teiryo.jpg
Q132197013,別海北方展望塔,北海道,觀光塔,43.5333400,145.2368700,
Q132223826,ピリカ旧石器文化館,北海道,考古博物館,42.4772100,140.2018315,
Q48748643,江別市ガラス工芸館,北海道,历史房屋博物馆,43.0962694,141.5225000,http://commons.wikimedia.org/wiki/Special:FilePath/Ebetsu%20City%20Glass%20Crafts%20Museum.JPG
Q11655331,開陽台,北海道,觀景台,43.6130560,144.8705560,http://commons.wikimedia.org/wiki/Special:FilePath/Kaiyodai%202.jpg
Q123124840,渡辺淳一文学館,北海道,文學館,43.0444570,141.3513340,http://commons.wikimedia.org/wiki/Special:FilePath/Junichi%20Watanabe%20Bungakukan01bs5s3200.jpg
Q123127809,ところ遺跡の館,北海道,考古博物館,44.1251820,143.9732170,
Q30576578,十勝ヒルズ,北海道,主題公園,42.8633333,143.2433333,http://commons.wikimedia.org/wiki/Special:FilePath/Tokachi%20Hills%2C%20Makubetsu%2C%20Hokkaido%20-%20Aug%2013%2C%202025%20%281%29.jpg
Q11292366,オホーツクとっかりセンター,北海道,水族館,44.3335830,143.3735280,
Q11607220,網走市立郷土博物館,北海道,地方文化館,44.0177222,144.2691111,http://commons.wikimedia.org/wiki/Special:FilePath/Abashiri%20City%20Folk%20Museum01s5.jpg
Q11356913,三笠市立博物館,北海道,古生物博物馆,43.2612780,141.9627220,http://commons.wikimedia.org/wiki/Special:FilePath/Mikasa%2001.JPG
Q11511727,旭川市博物館,北海道,市立博物館,43.7594444,142.3505556,http://commons.wikimedia.org/wiki/Special:FilePath/%E6%97%AD%E5%B7%9D%E5%B8%82%E5%8D%9A%E7%89%A9%E9%A4%A8.jpg
Q11465750,層雲峽溫泉,北海道,単純温泉,43.7269500,142.9479200,http://commons.wikimedia.org/wiki/Special:FilePath/Sounkyo%20Promenade.JPG
Q26457215,滝川市航空科学センター,北海道,場外離着陸場,43.5458333,141.7311111,http://commons.wikimedia.org/wiki/Special:FilePath/Takikawa%20Sky%20Museum.jpg
Q104236770,馬の資料館,北海道,農業博物館,42.9214566,143.1842459,http://commons.wikimedia.org/wiki/Special:FilePath/Obihiro%20Racecourse%20Museum%20of%20Horses.jpg
Q21652713,帶廣百年紀念館,北海道,市立博物館,42.9069444,143.1863889,http://commons.wikimedia.org/wiki/Special:FilePath/131012%20Obihiro%20Centennial%20City%20Museum01s3.jpg
Q27644574,函館市北方民族資料館,北海道,银行建筑物,41.7671320,140.7119650,http://commons.wikimedia.org/wiki/Special:FilePath/Hakodate%20City%20Museum%20of%20Northern%20Peoples01n.jpg
Q28154110,Bihoro Aviation Park,北海道,航空博物館,43.8157724,144.0786635,
Q11404905,十勝川溫泉,北海道,温泉镇,42.9341667,143.2961111,http://commons.wikimedia.org/wiki/Special:FilePath/131012%20Tokachigawa%20Onsen%20Otofuke%20Hokkaido%20Japan01s3.jpg
Q133264926,土の館,北海道,農業博物館,43.4629160,142.4518010,http://commons.wikimedia.org/wiki/Special:FilePath/Museum%20of%20Soils%20and%20Plows%20of%20the%20World%20Kamifurano%20Hokkaido%20Japan01s3.jpg
Q11648285,釧路市立博物館,北海道,市立博物館,42.9746290,144.4035820,http://commons.wikimedia.org/wiki/Special:FilePath/Kushiro%20Museum.jpg
Q104239410,厚岸町海事記念館,北海道,海事博物館,43.0511960,144.8491270,http://commons.wikimedia.org/wiki/Special:FilePath/Akkeshi%20Maritime%20Museum.jpg
Q11480647,市立函館博物館,北海道,市立博物館,41.7559440,140.7146390,http://commons.wikimedia.org/wiki/Special:FilePath/Hakodate%20City%20Museum%20in%20May%202024.jpg
Q123126930,室蘭市民俗資料館,北海道,市立博物館,42.3689290,140.9509800,
Q11324367,新雪谷溫泉鄉,北海道,温泉郷,42.8000000,140.6800000,
Q11563081,港文館,北海道,海事博物館,42.9801667,144.3822222,http://commons.wikimedia.org/wiki/Special:FilePath/Kobunkan%20Kushiro%20Hokkaido%20Japan01bs.jpg
Q11521277,札幌市水道紀念館,北海道,水廠博物館,43.0329970,141.3287780,http://commons.wikimedia.org/wiki/Special:FilePath/Sapporo%20Waterworks%20Museum.JPG
Q11422465,国際染織美術館,北海道,織物博物館,43.7720278,142.3077222,http://commons.wikimedia.org/wiki/Special:FilePath/International%20Dyeing%20and%20Weaving%20Art%20Museum-20160725.jpg
Q30066271,拓真館,北海道,藝廊,43.5300000,142.4894444,http://commons.wikimedia.org/wiki/Special:FilePath/Takushin-kan%20%E7%BE%8E%E7%91%9B%EF%BC%8D%E6%8B%93%E7%9C%9F%E9%A4%A8%20P6300055.jpg
Q11402962,北海道立埋蔵文化財センター,北海道,埋藏文化財中心,43.0601810,141.4943970,http://commons.wikimedia.org/wiki/Special:FilePath/Hokkaido%20Archaeological%20Operations%20Center.JPG
Q48765500,小樽オルゴール堂,北海道,音楽博物館,43.1906020,141.0077700,http://commons.wikimedia.org/wiki/Special:FilePath/Otaru-orgel-do%2CMusical%20box%20museum%2C%E5%B0%8F%E6%A8%BD%E3%82%AA%E3%83%AB%E3%82%B4%E3%83%BC%E3%83%AB%E5%A0%826180194.JPG
Q22337430,東藻琴乳酪館,北海道,チーズ工場,43.8383611,144.2849167,http://commons.wikimedia.org/wiki/Special:FilePath/Higashimokoto%20Nyurakukan%202.jpg
Q104236424,箱館高田屋嘉兵衛資料館,北海道,人物紀念館,41.7658740,140.7176050,
Q11584569,知床世界遺產中心,北海道,遊客中心,44.0695000,144.9911940,http://commons.wikimedia.org/wiki/Special:FilePath/Shiretoko%20World%20Heritage%20Conservation%20Center01n.jpg
Q132160481,ウトナイ湖野生鳥獣保護センター,北海道,自然中心,42.7007290,141.6961830,
Q132160473,厚岸水鳥観察館,北海道,自然中心,43.0967360,144.8627630,
Q17212946,蘭越町貝の館,北海道,動物学博物館,42.8806667,140.3700278,http://commons.wikimedia.org/wiki/Special:FilePath/Shell%20fish%20museum%20of%20Rankoshi.JPG
Q132160492,浜頓別クッチャロ湖水鳥観察館,北海道,自然中心,45.1245810,142.3460520,
Q11087091,旭川拉麵村,北海道,商號,43.7819444,142.4144444,
Q11404041,北見瀧之上站,北海道,鐵路車站,44.1937500,143.0708333,http://commons.wikimedia.org/wiki/Special:FilePath/Kitami-Takinoue%20station%20building.jpg
Q116872384,国立爱奴民族博物馆,北海道,アイヌ博物館,42.5613470,141.3668850,http://commons.wikimedia.org/wiki/Special:FilePath/Shiraoi-upopoy%2038.jpg
Q85881092,札幌オリンピックミュージアム,北海道,體育博物館,43.0518040,141.2910210,http://commons.wikimedia.org/wiki/Special:FilePath/Sapporo%20Olympic%20Museum.jpg
Q11487390,大鵬相撲紀念館,北海道,體育博物館,43.6353030,144.4375970,
Q123125257,地図と鉱石の山の手博物館,北海道,地図博物館,43.0710690,141.2847440,
Q132160326,濤沸湖水鳥・湿地センター,北海道,自然中心,43.9524730,144.3586230,
Q133249040,遠軽町埋蔵文化財センター,北海道,埋藏文化財中心,43.8866240,143.1927290,
Q133283586,阿寒湖畔ビジターセンター,北海道,自然中心,43.4351980,144.1010273,
Q11521088,札幌拉麵共和國,北海道,餐館,43.0675000,141.3527778,http://commons.wikimedia.org/wiki/Special:FilePath/Sapporo%20ramen%20Kyowakoku1.jpg
Q11553075,沙流川歴史館,北海道,歷史博物館,42.6373610,142.1558890,http://commons.wikimedia.org/wiki/Special:FilePath/Sarugawa%20museum.jpg
Q132197139,北海道立北方四島交流センター,北海道,遊客中心,43.3120380,145.5493610,
Q132160153,宮島沼水鳥・湿地センター,北海道,自然中心,43.3290430,141.7157950,http://commons.wikimedia.org/wiki/Special:FilePath/Bibai%20Miyajimanuma%20Waterbird%20%26%20Wetlands%20Center%20001.jpg
Q11585314,石原裕次郎記念館,北海道,人物紀念館,43.1852778,141.0227778,http://commons.wikimedia.org/wiki/Special:FilePath/Yujiro%20kinenkan.jpg
Q123272575,千歳市埋蔵文化財センター,北海道,埋藏文化財中心,42.8872540,141.6412750,http://commons.wikimedia.org/wiki/Special:FilePath/Chitose%20City%20Archaeological%20Center.jpg
Q11290335,エドウィン・ダン記念館,北海道,人物紀念館,42.9888889,141.3522222,http://commons.wikimedia.org/wiki/Special:FilePath/%E3%82%A8%E3%83%89%E3%82%A6%E3%82%A3%E3%83%B3%E3%83%BB%E3%83%80%E3%83%B3%E8%A8%98%E5%BF%B5%E9%A4%A8.jpg
Q4803387,中原悌二郎記念旭川市彫刻美術館,北海道,人物紀念館,43.8052120,142.3647000,http://commons.wikimedia.org/wiki/Special:FilePath/Asahikawa%20Museum%20of%20Sculpture.JPG
Q11543443,横綱千代の山・千代の富士記念館,北海道,人物紀念館,41.4791110,140.2555830,http://commons.wikimedia.org/wiki/Special:FilePath/Yokozuna%20Ciyonoyama-Chiyonofuji%20kinenkan.jpg
Q11402650,北海道坂本龍馬記念館,北海道,人物紀念館,41.7638420,140.7186390,http://commons.wikimedia.org/wiki/Special:FilePath/Hokkaido%20Sakamoto%20Ryoma%20Museum.jpg
Q11409007,博物館網走監獄,北海道,監獄博物館,43.9956940,144.2292780,http://commons.wikimedia.org/wiki/Special:FilePath/130713%20Abashiri%20Prison%20Museum%20Abashiri%20Hokkaido%20Japan04n.jpg
Q68620047,本郷新記念札幌彫刻美術館,北海道,人物紀念館,43.0551810,141.2964800,http://commons.wikimedia.org/wiki/Special:FilePath/Hongo%20Shin%20Memorial%20Museum%20of%20Sculpture%2C%20Sapporo%20-%20Main%20Hall.jpg
Q11510809,日高山脈博物館,北海道,地質学博物館,42.8771120,142.4422770,http://commons.wikimedia.org/wiki/Special:FilePath/Hidaka%20Mountains%20Museum%20in%20Hidaka%2C%20Hokkaido%2C%20Japan.jpg
Q11521426,札幌市資料館,北海道,歷史博物館,43.0585560,141.3374170,http://commons.wikimedia.org/wiki/Special:FilePath/SapporoShiShiryokan201109.JPG
Q11516088,月形樺戸博物館,北海道,監獄博物館,43.3391110,141.6689720,http://commons.wikimedia.org/wiki/Special:FilePath/Tsukigata%20Kabato%20museum.jpg
Q132794285,屯田郷土資料館,北海道,歷史博物館,43.1334070,141.3302610,http://commons.wikimedia.org/wiki/Special:FilePath/Tonden%20Local%20Museum.JPG
Q133283612,マリモ展示観察センター,北海道,自然中心,43.4695590,144.1081050,
Q133283713,川湯ビジターセンター,北海道,自然中心,43.6366460,144.4337620,http://commons.wikimedia.org/wiki/Special:FilePath/Kawayu%20Eco-Museum%20Center.jpg
Q68888166,稚内市樺太記念館,北海道,歷史博物館,45.4082160,141.6766420,http://commons.wikimedia.org/wiki/Special:FilePath/Wakkanai%20Fukukoichiba%2018-06-02%202.jpg
Q48751350,宮部金吾記念館,北海道,人物紀念館,43.0639444,141.3442778,http://commons.wikimedia.org/wiki/Special:FilePath/131103%20Hokkaido%20University%20Botanical%20Gardens%20Sapporo%20Hokkaido%20Japan05s3.jpg
Q11356924,三笠铁道纪念馆,北海道,鐵路博物館,43.2273060,141.9040830,http://commons.wikimedia.org/wiki/Special:FilePath/Mikasa%20railroad%20memorial%20hall.JPG
Q17228241,北島三郎紀念館,北海道,人物紀念館,41.7666110,140.7130560,http://commons.wikimedia.org/wiki/Special:FilePath/Kitajima%20Saburo%20Museum%2001.jpg
Q104142410,花の拠点「はなふる」,北海道,庭園,42.8980556,141.5863889,
Q10333378,阿伊努民族博物館,北海道,廃止された博物館,42.5613889,141.3669444,http://commons.wikimedia.org/wiki/Special:FilePath/Ainu%20Museum%20building.JPG
Q130437898,小林家 (栗山町),北海道,建築物,43.0613056,141.7697778,http://commons.wikimedia.org/wiki/Special:FilePath/Kobayashi%20House%20main%20house%20ac%20%284%29.jpg
Q11509315,日本銀行舊小樽支店金融資料館,北海道,銀行博物館,43.1961940,141.0003330,http://commons.wikimedia.org/wiki/Special:FilePath/130823%20Bank%20of%20Japan%20Otaru%20Museum02s4.jpg
Q22120589,穗别博物馆,北海道,古生物博物馆,42.7661167,142.1357139,http://commons.wikimedia.org/wiki/Special:FilePath/Hobetsu%20Museum.jpg
Q11272925,とうや水の駅,北海道,觀光景點,42.6467500,140.8327778,http://commons.wikimedia.org/wiki/Special:FilePath/Mizunoeki.JPG
Q11677337,麓郷の森,北海道,觀光景點,43.3124278,142.5405278,http://commons.wikimedia.org/wiki/Special:FilePath/%E9%BA%93%E9%83%B7%E3%81%AE%E6%A3%AE%20%E9%BB%92%E6%9D%BF%E4%BA%94%E9%83%8E%E3%81%AE%E4%B8%B8%E5%A4%AA%E5%B0%8F%E5%B1%8B%20Akiyoshi%27s%20RoomP6220389.jpg
Q135972011,金田心象書道美術館,北海道,書法美術館,45.0206423,141.8458333,http://commons.wikimedia.org/wiki/Special:FilePath/Kaneda%20Shinsho%20Calligraphy%20Museum%20190526.jpg
Q16919166,坂本九思い出記念館,北海道,纪念博物馆,43.0175400,141.8476050,
Q108662694,沼田町化石体験館,北海道,古生物博物馆,43.8882210,141.9245810,
Q11636869,足寄動物化石博物館,北海道,古生物博物馆,43.2311194,143.5433722,
Q1055944,札幌啤酒博物館,北海道,啤酒博物館,43.0716667,141.3688889,http://commons.wikimedia.org/wiki/Special:FilePath/Sapporo%20Beer%20Museum.JPG
Q85752435,忠類ナウマン象記念館,北海道,古生物博物馆,42.5579760,143.3001060,http://commons.wikimedia.org/wiki/Special:FilePath/Churui%20naumanzou%20museum.jpg
Q11478739,川村カ子トアイヌ記念館,北海道,アイヌ博物館,43.7872750,142.3435390,
Q11487391,弟子屈町屈斜路コタンアイヌ民族資料館,北海道,アイヌ博物館,43.5637222,144.3422500,http://commons.wikimedia.org/wiki/Special:FilePath/Teshikaga%20Town%20Kussharo%20Kotan%20Ainu%20Museum.jpg
Q17217927,新ひだか町アイヌ民俗資料館,北海道,アイヌ博物館,42.3303060,142.3768060,http://commons.wikimedia.org/wiki/Special:FilePath/01%E6%96%B0%E3%81%B2%E3%81%A0%E3%81%8B%E3%82%A2%E3%82%A4%E3%83%8C%E8%B3%87%E6%96%99%E9%A4%A8IMG%206310.jpg
Q11395994,函馆市北洋资料馆,北海道,漁業博物館,41.7936667,140.7560000,http://commons.wikimedia.org/wiki/Special:FilePath/Hakodate%20Citizens%20Arts%20Hall%20Hokkaido%20Japan01bs.jpg
Q11371926,二風谷アイヌ文化博物館,北海道,アイヌ博物館,42.6369320,142.1567210,http://commons.wikimedia.org/wiki/Special:FilePath/Nibutani%20Ainu%20Culture%20Museum.JPG
Q11620529,萱野茂二風谷アイヌ資料館,北海道,アイヌ博物館,42.6353060,142.1615560,http://commons.wikimedia.org/wiki/Special:FilePath/P1040186-2.jpg
Q11521197,札幌市アイヌ文化交流センター,北海道,アイヌ博物館,42.9689769,141.2198269,http://commons.wikimedia.org/wiki/Special:FilePath/Sapporo%20Ainu%20Culture%20Promotion%20Center%20201705.jpg
Q104236395,神恵内村郷土資料館,北海道,博物館,43.1482520,140.4204850,
Q130736368,小平町郷土資料館,北海道,博物館,44.1369623,141.6551387,http://commons.wikimedia.org/wiki/Special:FilePath/Straw%20boots.JPG
Q11366289,中標津町郷土館,北海道,博物館,43.5535040,144.9707800,
Q48748731,江差追分会館・江差山車会館,北海道,山車会館,41.8687222,140.1266667,http://commons.wikimedia.org/wiki/Special:FilePath/02-%E6%B1%9F%E5%B7%AE%E8%BF%BD%E5%88%86%E4%BC%9A%E9%A4%A8%E3%83%BB%E4%BC%9D%E7%BF%92%E6%BC%94%E7%A4%BA%E5%AE%A4%E6%A3%9F.jpg
Q138647692,Q138647692,北海道,博物館,42.5453658,140.7718779,
Q109524390,士別市立博物館,北海道,博物館,44.1666667,142.3751111,
Q104234425,伝承遊学館,北海道,博物館,44.5423350,142.3230410,
Q28154411,滝川市郷土館,北海道,博物館,43.5520180,141.9174110,
Q130638467,江別市セラミックアートセンター,北海道,博物館,43.0708333,141.5402778,
Q104236749,厚沢部町郷土資料館,北海道,博物館,41.9216700,140.2264190,
Q132197073,北方領土館,北海道,博物館,43.6627650,145.1320290,http://commons.wikimedia.org/wiki/Special:FilePath/Shibetsu%20Town%20Northern%20Territories%20Museum.JPG
Q22118516,北見ハッカ記念館,北海道,博物館,43.7997222,143.8938889,http://commons.wikimedia.org/wiki/Special:FilePath/Kitami%20mint%20memorial%20museum001.jpg
Q11402954,北海道立アイヌ総合センター,北海道,博物館,43.0630500,141.3454330,http://commons.wikimedia.org/wiki/Special:FilePath/Kaederu%202.%207%20%28Hokkaido%20Ritsumin%20Activities%20Center%29.JPG
Q104237892,えりも町郷土資料館,北海道,博物館,42.0093930,143.1535540,
Q104236483,伊達市噴火湾文化研究所,北海道,博物館,42.4811790,140.8551200,
Q85875502,中川町エコミュージアムセンター,北海道,博物館,44.7448056,142.0351667,
Q104237185,幕別町ふるさと館,北海道,博物館,42.8995150,143.2562990,
Q11400781,北の国から資料館,北海道,博物館,43.3488610,142.3895280,http://commons.wikimedia.org/wiki/Special:FilePath/Kitanokunikara%20Museum%2001.JPG
Q11511731,旭川市大雪水晶館,北海道,博物館,43.7597222,142.3508333,http://commons.wikimedia.org/wiki/Special:FilePath/%E6%97%AD%E5%B7%9D%E5%B8%82%E5%8D%9A%E7%89%A9%E9%A4%A8.jpg
Q11578560,留萌市海之故里館,北海道,博物館,43.9460960,141.6297260,http://commons.wikimedia.org/wiki/Special:FilePath/Uminofurusatokan.JPG
Q11263579,かかし古里館,北海道,博物館,42.9801639,140.6055167,
Q104240265,奥尻島津波館,北海道,博物館,42.0541450,139.4496530,
Q104239002,湧別町ふるさと館JRY,北海道,博物館,44.1597670,143.5805800,http://commons.wikimedia.org/wiki/Special:FilePath/Yubetsu-Furusato-JRY.JPG
Q11391845,八雲町郷土資料館,北海道,博物館,42.2545440,140.2682560,http://commons.wikimedia.org/wiki/Special:FilePath/Yamuko%20Town%20Museum.jpg
Q11526802,東川町郷土館,北海道,博物館,43.6995950,142.5110120,
Q104236413,仙台藩白老元陣屋資料館,北海道,博物館,42.5655280,141.3439450,
Q104239175,浦幌町立博物館,北海道,博物館,42.8098270,143.6579070,
Q65560391,だて歴史文化ミュージアム,北海道,博物館,42.4713889,140.8736111,
Q138647708,Q138647708,北海道,博物館,41.9584669,140.9246605,
Q1140619,札幌市鐘樓,北海道,多功能大厅,43.0626020,141.3536810,http://commons.wikimedia.org/wiki/Special:FilePath/20200119%20Sapporo%20Clock%20Tower.jpg
Q28154406,旭川兵村記念館,北海道,博物館,43.7695650,142.4422670,
Q85766966,北斗市郷土資料館,北海道,博物館,41.8835230,140.6439180,http://commons.wikimedia.org/wiki/Special:FilePath/Amount%20Hokuto%20Town%20Hall.jpg
Q104205678,上富良野町郷土館,北海道,博物館,43.4582300,142.4663000,http://commons.wikimedia.org/wiki/Special:FilePath/Kamifuranocho%20Folk%20Museum%20Kamifurano%20Hokkaido%20Japan01s.jpg
Q104239738,美幌博物館,北海道,博物館,43.8359880,144.0884510,
Q11430209,夕張鹿鳴館,北海道,博物館,43.0371110,141.9601670,
Q26257945,オホーツクミュージアムえさし,北海道,博物館,44.9439940,142.5718960,http://commons.wikimedia.org/wiki/Special:FilePath/OME%20-%20outside.jpg
Q55541826,厚岸町太田屯田開拓記念館,北海道,博物館,43.0935000,144.7879722,
Q104240125,稲穂ふれあい研修センター内 奥尻町歴史民俗資料館,北海道,博物館,42.2400600,139.5513780,
Q132552414,妹背牛町郷土館,北海道,博物館,43.6963850,141.9656160,
Q132197023,根室市北方領土資料館,北海道,博物館,43.3849810,145.8114590,
Q11417220,和寒町郷土資料館,北海道,博物館,44.0298333,142.4105833,http://commons.wikimedia.org/wiki/Special:FilePath/%E5%92%8C%E5%AF%92%E7%94%BA%E9%83%B7%E5%9C%9F%E8%B3%87%E6%96%99%E9%A4%A8%E6%AD%A3%E9%9D%A2.jpg
Q28154206,滝川市美術自然史館,北海道,博物館,43.5520120,141.9146470,http://commons.wikimedia.org/wiki/Special:FilePath/Takikawa%20Museum%20of%20Art%20and%20Natural%20History%2002.jpg
Q104847273,根室市歴史と自然の資料館,北海道,博物館,43.2887000,145.5903000,
Q26257944,斜里町立知床博物館,北海道,博物館,43.9131670,144.6729840,http://commons.wikimedia.org/wiki/Special:FilePath/Shiretoko%20Museum%20-%20entrance.jpg
Q133054588,おたるみなと資料館,北海道,博物館,43.1827770,141.0344350,
Q104234965,砂川市郷土資料室,北海道,博物館,43.4950530,141.9022410,
Q104236175,増毛町総合交流促進施設元陣屋,北海道,博物館,43.8553110,141.5228430,
Q104240374,旧青山別邸,北海道,博物館,43.2317270,141.0079570,
Q105728168,紋別市立博物館,北海道,博物館,44.3554722,143.3530278,http://commons.wikimedia.org/wiki/Special:FilePath/Mombetsu%20city%20museum.jpg
Q104236548,史跡 北黄金貝塚情報センター,北海道,博物館,42.4024730,140.9100650,http://commons.wikimedia.org/wiki/Special:FilePath/%E5%8C%97%E9%BB%84%E9%87%91%E8%B2%9D%E5%A1%9A%E6%83%85%E5%A0%B1%E3%82%BB%E3%83%B3%E3%82%BF%E3%83%BC.jpg
Q123128203,札幌市博物館活動センター,北海道,博物館,43.0189140,141.3723630,http://commons.wikimedia.org/wiki/Special:FilePath/Sapporo%20Museum%20Activity%20Center.jpg
Q106967662,北海道開拓記念館,北海道,博物館,43.0530556,141.4966667,http://commons.wikimedia.org/wiki/Special:FilePath/Historical%20Museum%20of%20Hokkaido.JPG
Q104237785,勇武津資料館,北海道,博物館,42.6310490,141.7340310,
Q123127197,阿寒国際ツルセンター,北海道,博物館,43.1429000,144.1492050,http://commons.wikimedia.org/wiki/Special:FilePath/Japanse%20kraanvogels%20in%20Akan%20International%20Crane%20Centre%2C%20-24%20februari%202012%20a.jpg
Q104239862,苫前町郷土資料館,北海道,博物館,44.3077740,141.6585760,
Q70203108,名寄市北國博物館,北海道,博物館,44.3415470,142.4673500,http://commons.wikimedia.org/wiki/Special:FilePath/Nayoro%20City%20Kitaguni%20Museum.jpg
Q104240646,新ひだか町博物館,北海道,博物館,42.3438760,142.3583330,
Q104234557,美深町郷土博物館,北海道,博物館,44.4811550,142.3402710,
Q11633027,谷津玫瑰園,千葉縣,已廢止組織,35.6808610,140.0055560,http://commons.wikimedia.org/wiki/Special:FilePath/Yatsuyuuen%2C1954.jpg
Q17193257,市原湖畔美術館,千葉縣,美術館,35.3493060,140.1606390,http://commons.wikimedia.org/wiki/Special:FilePath/Ichihara%20Lakeside%20Museum.JPG
Q104696854,袖ケ浦市郷土博物館,千葉縣,地方文化館,35.4209480,139.9946970,
Q605492,東京迪士尼度假區,千葉縣,主題樂園,35.6297222,139.8827778,http://commons.wikimedia.org/wiki/Special:FilePath/A8%20Tokyo%20Disneyland.jpg
Q553044,鴨川海洋世界,千葉縣,水族館,35.1161417,140.1205833,http://commons.wikimedia.org/wiki/Special:FilePath/%E5%8D%97%E7%B7%8F%202013122110350000.jpg
Q11235188,東京德國村,千葉縣,主題公園,35.4055560,140.0594440,http://commons.wikimedia.org/wiki/Special:FilePath/%E3%83%89%E3%82%A4%E3%83%84%E6%9D%91%E3%82%A4%E3%83%AB%E3%83%9F.jpg
Q11406050,千叶市美术馆,千葉縣,美術館,35.6089860,140.1246500,http://commons.wikimedia.org/wiki/Special:FilePath/Chuo%20Ward%20Office%2C%20Chiba.jpg
Q3567503,西部沿河鐵路,千葉縣,观光铁路,35.6337170,139.8824250,http://commons.wikimedia.org/wiki/Special:FilePath/Western%20River%20Railroad%20Missouri%20a.jpg
Q11406332,千葉縣立美術館,千葉縣,都道府县立博物馆,35.6089040,140.1247480,http://commons.wikimedia.org/wiki/Special:FilePath/Chiba%20Prefectural%20Museum%20of%20Art%202010.jpg
Q9008805,千葉縣立中央博物館,千葉縣,千葉の県立博物館,35.5998320,140.1384300,http://commons.wikimedia.org/wiki/Special:FilePath/ChibaKenritsuChuoHakubutsukan.jpg
Q2972719,シンデレラ城ミステリーツアー,千葉縣,機動遊戲,35.6320000,139.8810000,
Q5004737,屏風浦,千葉縣,懸崖,35.7076668,140.7916403,http://commons.wikimedia.org/wiki/Special:FilePath/Byobugaura%2005.jpg
Q11614233,船橋市郷土資料館,千葉縣,地方文化館,35.7115280,140.0495830,http://commons.wikimedia.org/wiki/Special:FilePath/Kyoudosiryoukan.jpg
Q17995979,大慶園,千葉縣,主題樂園,35.7630000,139.9690000,http://commons.wikimedia.org/wiki/Special:FilePath/Daikeien%202018-05-10.jpg
Q110985523,八街市郷土資料館,千葉縣,地方文化館,35.6569444,140.3068056,
Q5878014,保木美術館,千葉縣,美術館,35.5220833,140.2798611,http://commons.wikimedia.org/wiki/Special:FilePath/Hoki%20museum%20outside%20front%20001.jpg
Q56192282,土屋家長屋門,千葉縣,古蹟,35.7997700,139.9312600,http://commons.wikimedia.org/wiki/Special:FilePath/Tsuchiya-ke%20nagayamon%20%28Sendabori%2C%20Matsudo%29%2007.jpg
Q11277206,船橋安徒生公園,千葉縣,公園,35.7599920,140.0629390,http://commons.wikimedia.org/wiki/Special:FilePath/Hunabashi%20Andersen%20Park%20Fusha.JPG
Q516326,空挺館,千葉縣,軍事博物館,35.7107600,140.0538100,http://commons.wikimedia.org/wiki/Special:FilePath/Kuteikan%20in%20Ground%20Self-Defense%20Force%20Narashino%20Camp%2020230218%20093413.jpg
Q136299892,流山市白みりんミュージアム,千葉縣,食物博物館,35.8528140,139.8984100,http://commons.wikimedia.org/wiki/Special:FilePath/Nagareyama%20City%20Shiro%20Mirin%20Museum%20ac%20%281%29.jpg
Q575504,きみさらずタワー,千葉縣,觀光塔,35.3796390,139.9376670,http://commons.wikimedia.org/wiki/Special:FilePath/Kimisarazu%20Tower%20at%20Odayama%20Park.jpg
Q11620185,菱川師宣紀念館,千葉縣,美術館,35.1281944,139.8363889,http://commons.wikimedia.org/wiki/Special:FilePath/Hishikawa%20Moronobu%20Memorial%20Museum%2008.jpg
Q1929942,ジャンピン・ジェリーフィッシュ,千葉縣,機動遊戲,33.8060400,-117.9226800,http://commons.wikimedia.org/wiki/Special:FilePath/Jumpin%20Jellyfish.jpg
Q3186999,地心探險之旅,千葉縣,機動遊戲,35.6261111,139.8844444,http://commons.wikimedia.org/wiki/Special:FilePath/Journey%20to%20the%20Center%20of%20the%20Earth%20vehicule%20TDS.JPG
Q132664704,船橋市飛ノ台史跡公園博物館,千葉縣,考古博物館,35.7108889,139.9748056,http://commons.wikimedia.org/wiki/Special:FilePath/Tobinodai%20Historic%20Site%20Park%20Museum%2020250209.jpg
Q131150089,塚本美術館,千葉縣,美術館,35.7187890,140.2283040,http://commons.wikimedia.org/wiki/Special:FilePath/Tsukamoto%20museum%2001.jpg
Q5095310,千葉港塔,千葉縣,觀光塔,35.6001670,140.0980560,http://commons.wikimedia.org/wiki/Special:FilePath/Chiba%20Port%20Tower%2020111211.jpg
Q56184170,元禄まつど村,千葉縣,博物館,35.8008263,139.9332193,http://commons.wikimedia.org/wiki/Special:FilePath/Genroku%20matsudomura01.jpg
Q11614636,芝山古墳·埴輪博物館,千葉縣,考古博物館,35.6941670,140.4283330,http://commons.wikimedia.org/wiki/Special:FilePath/Shibayama%20Ancient-tomb%20and%20Clay-image%20Museum.JPG
Q11674070,魚見塚展望台,千葉縣,觀景台,35.0936940,140.1000830,
Q5095308,千葉縣立現代產業科學館,千葉縣,科技博物館,35.7150000,139.9327778,http://commons.wikimedia.org/wiki/Special:FilePath/Chiba%20Museum%20of%20Science%20and%20Industry.jpg
Q1202341,東京迪士尼海洋,千葉縣,主題公園,35.6266670,139.8880560,http://commons.wikimedia.org/wiki/Special:FilePath/Tokyo%20Disney%20Sea%20Mountain.jpg
Q11645980,野田市鄉土博物館,千葉縣,地方文化館,35.9453611,139.8654167,http://commons.wikimedia.org/wiki/Special:FilePath/Noda-kyodo-museum.jpg
Q85875396,世界最小水族館,千葉縣,水族館,35.7071111,140.8404167,
Q843997,東京迪士尼樂園,千葉縣,觀光景點,35.6327778,139.8805556,http://commons.wikimedia.org/wiki/Special:FilePath/Tokyo%20Disneyland%20Cinderella%20Castle%202023-07-02.jpg
Q553038,阿仙落崖,千葉縣,懸崖,35.1161111,140.2241667,http://commons.wikimedia.org/wiki/Special:FilePath/%E3%81%8A%E3%81%9B%E3%82%93%E3%81%93%E3%82%8D%E3%81%8C%E3%81%97%E3%81%8B%E3%82%89%E5%A4%AA%E5%B9%B3%E6%B4%8B%E3%82%92%E6%9C%9B%E3%82%80%20-%20panoramio%20%281%29.jpg
Q28690311,銚子ポートタワー,千葉縣,觀光塔,35.7409444,140.8628333,http://commons.wikimedia.org/wiki/Special:FilePath/Choshi%20Port%20Tower%20%289007277727%29.jpg
Q22120627,茂木本家美術館,千葉縣,美術館,35.9428056,139.8649167,http://commons.wikimedia.org/wiki/Special:FilePath/Mogi-Honke%20Museum%20of%20Art.JPG
Q65270530,鵜原理想鄉,千葉縣,岸,35.1310000,140.2750000,http://commons.wikimedia.org/wiki/Special:FilePath/250906%20Ubara%20Utopia%20Katsuura%20Chiba%20pref%20Japan08s3.jpg
Q11256102,“渚の駅”たてやま,千葉縣,水族館,34.9897500,139.8546940,http://commons.wikimedia.org/wiki/Special:FilePath/Nagisanoeki%20Tateyama.JPG
Q65270961,木更津坎蘭沙公園KISARAPIA,千葉縣,主題樂園,35.4389722,139.9328611,http://commons.wikimedia.org/wiki/Special:FilePath/Kisarapia%20kannrannsya.jpg
Q27842968,千葉市立郷土博物館,千葉縣,地方文化館,35.6046000,140.1271600,http://commons.wikimedia.org/wiki/Special:FilePath/Folk%20museum%20in%20Chiba.JPG
Q104696865,八千代市立郷土博物館,千葉縣,地方文化館,35.7298850,140.1178390,
Q104696859,髙梨本家上花輪歴史館,千葉縣,历史房屋博物馆,35.9394450,139.8578940,http://commons.wikimedia.org/wiki/Special:FilePath/Takanashi-03.jpg
Q575499,母親牧場,千葉縣,牧场,35.2460278,139.9348333,http://commons.wikimedia.org/wiki/Special:FilePath/Motherfarm.jpg
Q104696842,和洋女子大学文化資料館,千葉縣,大學博物館,35.7425600,139.9044970,
Q11596687,稻毛民間航空紀念館,千葉縣,航空博物館,35.6208000,140.0600410,http://commons.wikimedia.org/wiki/Special:FilePath/InageMinkanKoukuuKinenkan20101223.jpg
Q11649284,鈴木貫太郎紀念館,千葉縣,人物紀念館,36.0911670,139.7857780,http://commons.wikimedia.org/wiki/Special:FilePath/Suzuki%20Kantaro%20001.jpg
Q28684004,SGT美術館,千葉縣,美術館,35.1576111,140.2668056,http://commons.wikimedia.org/wiki/Special:FilePath/SGK%20Museum%20Japan%20aerial%20photo%202016.jpg
Q11406052,千葉市花之美術館,千葉縣,美術館,35.6182220,140.0647780,http://commons.wikimedia.org/wiki/Special:FilePath/Floral%20Museum%20of%20Chiba2.jpg
Q105188779,伊能忠敬記念館,千葉縣,人物紀念館,35.8883333,140.4972222,http://commons.wikimedia.org/wiki/Special:FilePath/The%20Inoh%20Tadataka%20Museum%2004.jpg
Q111588444,安蒜家長屋門,千葉縣,古蹟,35.8001600,139.9366300,http://commons.wikimedia.org/wiki/Special:FilePath/Anbiru-ke%20nagayamon%20%28Sendabori%2C%20Matsudo%29%2001.jpg
Q138312237,森の美術館,千葉縣,美術館,35.8746080,139.9122320,
Q104696857,市立市川考古博物館,千葉縣,考古博物館,35.7590930,139.9119850,http://commons.wikimedia.org/wiki/Special:FilePath/Municipal%20Museum%20of%20Archaeology%20in%20Ichikawa.jpg
Q91380712,木更津市郷土博物館金のすず,千葉縣,地方文化館,35.3795000,139.9381667,http://commons.wikimedia.org/wiki/Special:FilePath/Kisarazu%20city%20folk%20museum%20Kin%20no%20Suzu.jpg
Q11558212,浦安市鄉土博物館,千葉縣,地方文化館,35.6552222,139.9010833,http://commons.wikimedia.org/wiki/Special:FilePath/Urayasu-kyodo-museum.JPG
Q85880033,市川自然博物館,千葉縣,自然歷史博物館,35.7642500,139.9660000,
Q18701116,カンドゥー幕張新都心,千葉縣,主題公園,35.6558889,140.0289439,
Q11556656,流山市立博物館,千葉縣,市立博物館,35.8586590,139.9024160,http://commons.wikimedia.org/wiki/Special:FilePath/Nagareyama%20City%20Museum%20ac.jpg
Q11406280,千葉縣立房總之村,千葉縣,都道府县立博物馆,35.8228610,140.2731670,http://commons.wikimedia.org/wiki/Special:FilePath/Winkels%20en%20woningen%20in%20Boso%20no%20mura%2C%20-21%20maart%202014%20a.jpg
Q11382975,佐倉市立美術館,千葉縣,美術館,35.7191944,140.2295833,http://commons.wikimedia.org/wiki/Special:FilePath/Sakura%20City%20Museum%20of%20Art%202010.jpg
Q118144532,白樺文学館,千葉縣,文學館,35.8670111,140.0180234,http://commons.wikimedia.org/wiki/Special:FilePath/%E7%99%BD%E6%A8%BA%E6%96%87%E5%AD%A6%E9%A4%A8%20-%20panoramio.jpg
Q138750333,旧齋藤邸,千葉縣,建成遗产,35.7736300,139.9376600,http://commons.wikimedia.org/wiki/Special:FilePath/%E6%97%A7%E9%BD%8B%E8%97%A4%E9%82%B8%EF%BC%88%E6%9D%BE%E6%88%B8%E5%B8%82%EF%BC%89%E4%B8%BB%E5%B1%8B.jpg
Q6379617,川村紀念美術館,千葉縣,美術館,35.6532500,140.2213700,http://commons.wikimedia.org/wiki/Special:FilePath/Kawamura%20kinen%20museam.jpg
Q100740653,The Happy Ride with Baymax,千葉縣,機動遊戲,35.6318118,139.8784077,
Q104696860,千葉市立加曽利貝塚博物館,千葉縣,考古博物館,35.6237250,140.1651920,http://commons.wikimedia.org/wiki/Special:FilePath/KasoriShellMoundsMuseum20110918.jpg
Q11571173,犬吠オーシャンランド,千葉縣,主題樂園,35.7053333,140.8531111,
Q11613905,航空科學博物館,千葉縣,科學博物館,35.7402250,140.3979667,http://commons.wikimedia.org/wiki/Special:FilePath/Museum%20of%20Aeronautical%20Sciences.JPG
Q54087317,海底2万マイル,千葉縣,機動遊戲,35.6263889,139.8847222,http://commons.wikimedia.org/wiki/Special:FilePath/Maihama%2C%20Urayasu%2C%20Chiba%20Prefecture%20279-0031%2C%20Japan%20-%20panoramio%20-%20jetsun%20%2811%29.jpg
Q123516841,千葉市科学館,千葉縣,科學博物館,35.6073950,140.1227000,
Q11406368,千葉縣立關宿城博物館,千葉縣,博物館,36.1005560,139.7824440,http://commons.wikimedia.org/wiki/Special:FilePath/%E9%96%A2%E5%AE%BF%E5%9F%8E%20-%20panoramio%20%28cropped%29.jpg
Q124285355,神崎の大クス,千葉縣,巨樹,35.9057222,140.4003889,http://commons.wikimedia.org/wiki/Special:FilePath/K%C5%8Dzaki-jinja%20%28K%C5%8Dzaki%2C%20Chiba%29%2012.jpg
Q30267440,千葉県立中央博物館大多喜城分館,千葉縣,歷史博物館,35.2858880,140.2394060,http://commons.wikimedia.org/wiki/Special:FilePath/Otaki%20Castle%2002.jpg
Q64143374,千葉県立中央博物館 大利根分館,千葉縣,千葉の県立博物館,35.9311640,140.5231730,
Q133297666,千葉県立房総のむら風土記の丘資料館,千葉縣,歷史博物館,35.8231290,140.2698650,http://commons.wikimedia.org/wiki/Special:FilePath/Fudoki-no-Oka%20Museum%2001.JPG
Q104696841,睦沢町立歴史民俗資料館,千葉縣,博物館,35.3562830,140.3150880,
Q133824472,天然ガス記念館,千葉縣,纪念博物馆,35.2866720,140.2443460,http://commons.wikimedia.org/wiki/Special:FilePath/Natural%20Gas%20Memorial%20Hall%20%28Otaki%2C%20Chiba%29%2001.jpg
Q133843447,千葉県立中央博物館大多喜城分館 研修館,千葉縣,博物館,35.2858840,140.2388210,http://commons.wikimedia.org/wiki/Special:FilePath/%C5%8Ctaki%20Castle%20Kensh%C5%ABkan%2014.jpg
Q3330690,國立歷史民俗博物館,千葉縣,國立博物館,35.7244970,140.2190810,http://commons.wikimedia.org/wiki/Special:FilePath/National%20Museum%20of%20Japanese%20History%202008.jpg
Q104696855,印西市立印旛歴史民俗資料館,千葉縣,民俗博物館,35.7625410,140.1669760,
Q11530691,松戶市立博物館,千葉縣,博物館,35.8009440,139.9395000,http://commons.wikimedia.org/wiki/Special:FilePath/MatsudoMuseum01.jpg
Q11549309,水鄉佐原山車會館,千葉縣,山車会館,35.8897230,140.5011930,http://commons.wikimedia.org/wiki/Special:FilePath/Froat-sawara-festival-hall%2Ckatori-city%2Cjapan.JPG
Q24686952,昭和の社,千葉縣,博物館,35.7717100,139.9297900,http://commons.wikimedia.org/wiki/Special:FilePath/Showa-no-Mori%20Museum%20entrance%2020160610.jpg
Q104696843,成田山霊光館,千葉縣,博物館,35.7882090,140.3205080,
Q131100659,スポーツ資料館,千葉縣,博物館,35.7395580,140.2253940,http://commons.wikimedia.org/wiki/Special:FilePath/Sports%20Museum%20%28Sakura%29%2001.jpg
Q11495876,我孫子市鳥博物館,千葉縣,動物学博物館,35.8613333,140.0307500,http://commons.wikimedia.org/wiki/Special:FilePath/Abiko%20City%20Museum%20of%20Birds.JPG
Q71906226,館山市立博物館,千葉縣,博物館,34.9824900,139.8545100,http://commons.wikimedia.org/wiki/Special:FilePath/%E9%A4%A8%E5%B1%B1%E5%B8%82%E7%AB%8B%E5%8D%9A%E7%89%A9%E9%A4%A8%20-%20panoramio.jpg
Q10855733,清澄の大スギ,千葉縣,巨樹,35.1595220,140.1520360,http://commons.wikimedia.org/wiki/Special:FilePath/Kamogawa%20Seicho-ji%2006.jpg
Q30926629,成田機場天空與大地歴史館,千葉縣,歷史博物館,35.7391667,140.3986111,http://commons.wikimedia.org/wiki/Special:FilePath/SoratodaichinorekishikanZenkei.jpg
Q48744243,波波丘,千葉縣,鐵路博物館,35.2983611,140.2764722,http://commons.wikimedia.org/wiki/Special:FilePath/Poppo-no-Oka1.jpg
Q11370059,九十九里沙丁魚博物館,千葉縣,博物館,35.5357056,140.4408000,http://commons.wikimedia.org/wiki/Special:FilePath/Kujukuri%20Town%20Kujukuri%20Sardine%20Museum%20exterior%20in%202013-03-08.jpg
Q133842798,房総中央鉄道館,千葉縣,鐵路博物館,35.2872220,140.2454810,http://commons.wikimedia.org/wiki/Special:FilePath/Boso%20chuo%20tetsudokan%20%28Otaki%2C%20Chiba%29%2002.jpg
Q132718850,成田山書道美術館,千葉縣,書法美術館,35.7875330,140.3221560,http://commons.wikimedia.org/wiki/Special:FilePath/NaritasanShodoBijutsukan20131012.jpg
Q133823800,大多喜町商家保存資料館,千葉縣,博物館,35.2863350,140.2468860,http://commons.wikimedia.org/wiki/Special:FilePath/Kamaya%20%28Otaki%2C%20Chiba%29%2003.jpg
Q131399088,野田市市民会館,千葉縣,博物館,35.9457330,139.8655830,http://commons.wikimedia.org/wiki/Special:FilePath/Noda%20City%20Shiminkaikan%2005.jpg
Q104696858,市立市川歴史博物館,千葉縣,歷史博物館,35.7597740,139.9116250,http://commons.wikimedia.org/wiki/Special:FilePath/Ichikawa%20City%20History%20Museum.jpg
Q106651498,稲毛記念館,千葉縣,博物館,35.6198611,140.0608333,
Q115253922,市原歴史博物館,千葉縣,歷史博物館,35.5017778,140.1370556,http://commons.wikimedia.org/wiki/Special:FilePath/Ichihara%20Rekishi%20Hakubutsukan.jpg
Q123115852,杉村楚人冠記念館,千葉縣,纪念博物馆,35.8689600,140.0170700,http://commons.wikimedia.org/wiki/Special:FilePath/Study%20of%20Sojinkan%20Sugimura%20Memorial%20Hall%202019-10-24.jpg
Q108910063,利根運河交流館,千葉縣,博物館,35.9158333,139.9019444,http://commons.wikimedia.org/wiki/Special:FilePath/Toneungakouryukan%2020211014%203.jpg
Q130342022,大内かっぱハウス,千葉縣,博物館,35.7351240,140.8317630,http://commons.wikimedia.org/wiki/Special:FilePath/%C5%8Cuchi%20Kappa%20House%2002.jpg
Q133823779,商い資料館,千葉縣,博物館,35.2860520,140.2471330,http://commons.wikimedia.org/wiki/Special:FilePath/Akinai%20Shiry%C5%8Dkan%20%28Otaki%2C%20Chiba%29%2001.jpg
Q60059496,戸定歴史館,千葉縣,歷史博物館,35.7779100,139.8994400,http://commons.wikimedia.org/wiki/Special:FilePath/TojoRekishikan.jpg
Q104696864,千葉経済大学地域経済博物館,千葉縣,博物館,35.6281290,140.1110970,
Q11260764,うめ振興館,和歌山縣,道之驛,33.7906944,135.3270833,http://commons.wikimedia.org/wiki/Special:FilePath/Minabe%20Ume-shinkokan01n4272.jpg
Q11662592,青洲之里,和歌山縣,主題公園,34.2811944,135.4411389,http://commons.wikimedia.org/wiki/Special:FilePath/Roadside%20station%20Seishu%20no%20sato.jpg
Q11417477,和歌山縣立近代美術館,和歌山縣,都道府县立博物馆,34.2250000,135.1714170,http://commons.wikimedia.org/wiki/Special:FilePath/121013%20The%20museum%20of%20modern%20art%2C%20wakayama01s3.jpg
Q11510122,日美修交紀念館,和歌山縣,博物館,33.4618060,135.8522780,http://commons.wikimedia.org/wiki/Special:FilePath/180428%20United%20States%E2%80%93Japan%20Friendship%20Memorial%20Museum02s10.jpg
Q11278847,みさと天文台,和歌山縣,天文博物館,34.1445280,135.4061390,http://commons.wikimedia.org/wiki/Special:FilePath/%E3%81%BF%E3%81%95%E3%81%A8%E5%A4%A9%E6%96%87%E5%8F%B0.jpg
Q11641408,道の駅田辺市龍神ごまさんスカイタワー,和歌山縣,道之驛,34.0612222,135.5643333,http://commons.wikimedia.org/wiki/Special:FilePath/Michinoeki%20RyujinGomasan.JPG
Q11417336,和歌山市立兒童科學館,和歌山縣,兒童博物館,34.2328890,135.1690560,http://commons.wikimedia.org/wiki/Special:FilePath/Wakayama%20City%20Childrens%20Museum02bs3200.jpg
Q11580019,白濱海中展望塔,和歌山縣,觀光塔,33.6761222,135.3357667,http://commons.wikimedia.org/wiki/Special:FilePath/131221%20Shirahama%20Onsen%20Shirahama%20Wakayama%20pref%20Japan20s3t.jpg
Q11322055,土耳其紀念館,和歌山縣,博物館,33.4691670,135.8586110,http://commons.wikimedia.org/wiki/Special:FilePath/Turkish%20Memorial%20and%20Museum%20Kushimoto%20Wakayama%20pref%20Japan02-b.jpg
Q2587322,冒險大世界,和歌山縣,水族館,33.6677500,135.3757970,http://commons.wikimedia.org/wiki/Special:FilePath/Panda%20Adventure%20World%20Shirahama.JPG
Q11333600,花山博物館,和歌山縣,人物紀念館,34.2807220,135.4417500,http://commons.wikimedia.org/wiki/Special:FilePath/FHM05s3200.jpg
Q11568880,熊野古道なかへち美術館,和歌山縣,美術館,33.8134440,135.6061670,http://commons.wikimedia.org/wiki/Special:FilePath/Nakahechi%20artsalon%20exterior.jpg
Q11577335,田辺市立美術館,和歌山縣,美術館,33.6973890,135.4007500,http://commons.wikimedia.org/wiki/Special:FilePath/131222%20Tanabe%20City%20Museum%20of%20Art%20Wakayama%20pref%20Japan01bs3.jpg
Q121019069,海南市歴史民俗資料館,和歌山縣,地方文化館,34.1556062,135.2762570,
Q11529857,松山常次郎記念館,和歌山縣,历史房屋博物馆,34.2920830,135.5598890,
Q11384093,佐藤春夫纪念馆,和歌山縣,历史房屋博物馆,33.7318610,135.9846330,http://commons.wikimedia.org/wiki/Special:FilePath/Sato%20Haruo%20Memorial%20Museum03s1800.jpg
Q11620580,落合博滿野球紀念館,和歌山縣,人物紀念館,33.5861390,135.9578330,http://commons.wikimedia.org/wiki/Special:FilePath/Hiromitsu%20Ochiai%20Baseball%20Hall%202019-11-30.jpg
Q11417475,和歌山縣立自然博物館,和歌山縣,水族館,34.1586390,135.1920830,http://commons.wikimedia.org/wiki/Special:FilePath/Wakayama%20Prefectural%20Museum%20of%20Natural%20History.jpg
Q22119215,太地町立石垣紀念館,和歌山縣,美術館,33.6016944,135.9428889,
Q11417414,和歌山县书道资料馆,和歌山縣,書法美術館,34.2291110,135.1671940,http://commons.wikimedia.org/wiki/Special:FilePath/Wakayama%20Pref%20Syodou%20Museum.JPG
Q11265357,鯨魚博物館,和歌山縣,博物館,33.6019170,135.9458060,http://commons.wikimedia.org/wiki/Special:FilePath/Taiji%20Whale%20Museum%20201908-2.jpg
Q11605041,紀州備長炭振興館,和歌山縣,博物館,33.8512778,135.3951667,
Q11417339,和歌山市立博物館,和歌山縣,市立博物館,34.2331940,135.1631110,http://commons.wikimedia.org/wiki/Special:FilePath/Wakayama%20City%20Museum1.jpg
Q7397301,熊野速玉神社のナギ,和歌山縣,神木,33.7316670,135.9839720,http://commons.wikimedia.org/wiki/Special:FilePath/Sacred%20Nagi%20Tree%20of%20Kumano%20Hayatama%20Taisha%20%281%29.jpg
Q23017542,稻垛之火館,和歌山縣,海嘯博物館,34.0258333,135.1730556,http://commons.wikimedia.org/wiki/Special:FilePath/Inamura%20no%20hi%20no%20yakata.jpg
Q11673069,高野山靈寶館,和歌山縣,博物館,34.2112780,135.5814720,http://commons.wikimedia.org/wiki/Special:FilePath/Autumn%20Koyasan%20Reihokan02n3200.jpg
Q11628672,西村伊作記念館,和歌山縣,历史房屋博物馆,33.7278610,135.9926390,http://commons.wikimedia.org/wiki/Special:FilePath/Former%20Nishimura%20House%202021-10%20ac%20%281%29.jpg
Q17219170,周參見町立蝦和蟹之水族館,和歌山縣,水族館,33.5045560,135.5888060,
Q11474211,岩出市民俗資料館,和歌山縣,民俗博物館,34.2858060,135.3177220,http://commons.wikimedia.org/wiki/Special:FilePath/Iwade%20Municipal%20Museum%20of%20Folk%20Materials01s3.jpg
Q11580007,白濱能量樂園,和歌山縣,主題公園,33.6804444,135.3463611,http://commons.wikimedia.org/wiki/Special:FilePath/%E7%99%BD%E6%B5%9C%E3%82%A8%E3%83%8D%E3%83%AB%E3%82%AE%E3%83%BC%E3%83%A9%E3%83%B3%E3%83%89.JPG
Q11417386,和歌山県世界遺産センター,和歌山縣,遊客中心,33.8383890,135.7755560,http://commons.wikimedia.org/wiki/Special:FilePath/Kumano%20Hongu%20Heritage%20Center.jpg
Q11605043,紀州博物館,和歌山縣,美術館,33.6704720,135.3472500,http://commons.wikimedia.org/wiki/Special:FilePath/Kisyu%20museum001.JPG
Q11417470,和歌山縣立紀伊風土記之丘,和歌山縣,考古博物館,34.2278610,135.2295830,http://commons.wikimedia.org/wiki/Special:FilePath/Kiifudoki-no-oka%20museum%20of%20history.jpg
Q17224027,ひき岩群ふるさと自然公園センター,和歌山縣,遊客中心,33.7601390,135.3864720,
Q4707960,和歌山縣立博物館,和歌山縣,都道府县立博物馆,34.2244000,135.1720000,http://commons.wikimedia.org/wiki/Special:FilePath/121013%20Wakayama%20Prefectural%20Museum01s5.jpg
Q11407875,南方熊楠紀念館,和歌山縣,人物紀念館,33.6937220,135.3362780,http://commons.wikimedia.org/wiki/Special:FilePath/%E5%8D%97%E6%96%B9%E7%86%8A%E6%A5%A0%E8%A8%98%E5%BF%B5%E9%A4%A8.JPG
Q132299658,片男波公園万葉館,和歌山縣,博物館,34.1817240,135.1734280,
Q11339346,ポルトヨーロッパ,和歌山縣,主題公園,34.1541670,135.1769170,http://commons.wikimedia.org/wiki/Special:FilePath/%E3%83%9D%E3%83%AB%E3%83%88%E3%83%A8%E3%83%BC%E3%83%AD%E3%83%83%E3%83%91.jpg
Q18337271,田辺市立歴史民俗資料館,和歌山縣,民俗博物館,33.7265944,135.3824333,http://commons.wikimedia.org/wiki/Special:FilePath/Tanabe%20City%20International%20Exchange%20Center%20TANABERU%20ac.jpg
Q133288792,熊野那智大社宝物殿,和歌山縣,宝物館,33.6684490,135.8902210,http://commons.wikimedia.org/wiki/Special:FilePath/Kumano-Nachi-shrine003.JPG
Q11367892,串本應拳蘆雪館,和歌山縣,美術館,33.4704440,135.7782780,http://commons.wikimedia.org/wiki/Special:FilePath/Kushimoto%20oukyo%20rosetsu.JPG
Q11407877,南方熊楠顯彰館,和歌山縣,人物紀念館,33.7310830,135.3777500,http://commons.wikimedia.org/wiki/Special:FilePath/251011%20Minakata%20Kumagusu%20Archives%20Tanabe%20Wakayama%20prefecture%20Japan04s3.jpg
Q5017775,埼玉縣立SAKITAMA史跡博物館,埼玉縣,考古博物館,36.1249280,139.4755900,http://commons.wikimedia.org/wiki/Special:FilePath/Saitamaprefecturalmusuemofsakitamaancientburialmound-outside-may2011.jpg
Q11527480,東武スーパープール,埼玉縣,水上遊樂園,36.0255522,139.7041779,http://commons.wikimedia.org/wiki/Special:FilePath/Tobu%20Super%20Pool%20Entrance.jpg
Q11596172,秩父鐵道車両公園,埼玉縣,鉄道公園,35.9603890,138.9792220,http://commons.wikimedia.org/wiki/Special:FilePath/Tetudoshiyariyo%20park2.jpg
Q11248596,埼玉市立博物館,埼玉縣,市立博物館,35.9113330,139.6316110,http://commons.wikimedia.org/wiki/Special:FilePath/Saitama%20Municipal%20Museum.JPG
Q104696834,吉見町埋蔵文化財センター,埼玉縣,埋藏文化財中心,36.0389580,139.4213730,
Q108335102,桶川飛行学校平和祈念館,埼玉縣,和平博物館,35.9893889,139.5161944,http://commons.wikimedia.org/wiki/Special:FilePath/Okegawa%20Saitama%20Okegawa%20Flight%20School%20Peace%20Memorial%20Hall%20Entrance%201.jpg
Q104696835,春日部市郷土資料館,埼玉縣,地方文化館,35.9794390,139.7589620,http://commons.wikimedia.org/wiki/Special:FilePath/Kasukabe%20city%20Education%20Center.jpg
Q11344966,Yaoko川越美術館,埼玉縣,人物紀念館,35.9285560,139.4890560,http://commons.wikimedia.org/wiki/Special:FilePath/Yaoko%20Kawagoe%20Museum%20aka%20Yuji%20Misu%20Memorial%20Hall.jpg
Q1041232,所泽航空发祥纪念馆,埼玉縣,航空博物館,35.7989000,139.4720000,http://commons.wikimedia.org/wiki/Special:FilePath/Tokorozawa%20Aviation%20Museum%20in%20Koku-koen%20park%20060910.jpg
Q11496511,戸田市立郷土博物館,埼玉縣,地方文化館,35.8191460,139.6630960,http://commons.wikimedia.org/wiki/Special:FilePath/Toda%20Toda%20City%20Library%201.JPG
Q28686133,ふじみ野市立福岡河岸記念館,埼玉縣,历史房屋博物馆,35.8852780,139.5229170,http://commons.wikimedia.org/wiki/Special:FilePath/Fujinino%20Hukuokakasikinenkan%201.jpg
Q11426656,埼玉県立嵐山史跡の博物館,埼玉縣,歷史博物館,36.0368610,139.3234170,http://commons.wikimedia.org/wiki/Special:FilePath/Historical%20Museum%20of%20Ranzan%2001.JPG
Q11554289,河鍋曉齋紀念美術館,埼玉縣,人物紀念館,35.8158222,139.6934250,http://commons.wikimedia.org/wiki/Special:FilePath/Kyosai%2020070210.jpg
Q11517752,朝霞テック,埼玉縣,主題樂園,35.8088361,139.5813833,
Q104831949,立正大学博物館,埼玉縣,大學博物館,36.1084280,139.3621860,
Q11436948,大澤家住宅,埼玉縣,町屋,35.9244720,139.4832030,http://commons.wikimedia.org/wiki/Special:FilePath/%E5%B7%9D%E8%B6%8A%E5%B8%82%E5%A4%A7%E6%B2%A2%E5%AE%B6%E4%BD%8F%E5%AE%852013-09.JPG
Q109364231,蓑虫美術館,埼玉縣,美術館,35.9888890,139.6683330,http://commons.wikimedia.org/wiki/Special:FilePath/%E8%93%91%E8%99%AB%E7%BE%8E%E8%A1%93%E9%A4%A8%20MinomushiMuseum%20MNMSM.jpg
Q846106,鐵道博物館,埼玉縣,公司博物館,35.9205556,139.6183333,http://commons.wikimedia.org/wiki/Special:FilePath/The%20Railway%20Museum%20Park%20Zone%2020071014%20%281%29.jpg
Q11655568,關八州見晴台,埼玉縣,风景点,35.9468056,139.2219444,http://commons.wikimedia.org/wiki/Special:FilePath/%E9%96%A2%E5%85%AB%E5%B7%9E%E8%A6%8B%E6%99%B4%E5%8F%B0.jpg
Q116212967,狭山市立博物館,埼玉縣,市立博物館,35.8453000,139.3954000,http://commons.wikimedia.org/wiki/Special:FilePath/Sayama-City-Museum.JPG
Q11479227,川越市立博物館,埼玉縣,市立博物館,35.9259710,139.4914310,http://commons.wikimedia.org/wiki/Special:FilePath/Kawagoe%20City%20Museum.JPG
Q11426751,埼玉縣立自然之博物館,埼玉縣,都道府县立博物馆,36.0874200,139.1159050,http://commons.wikimedia.org/wiki/Special:FilePath/Ngatoro%20Saitamakenritu%20sizennohakubutukan%201.jpg
Q7739750,原爆圖丸木美術館,埼玉縣,美術館,36.0282500,139.3521389,http://commons.wikimedia.org/wiki/Special:FilePath/Maruki%20museum.jpg
Q21653719,遠山記念館,埼玉縣,美術館,35.9877070,139.4933150,http://commons.wikimedia.org/wiki/Special:FilePath/The%20Toyama%20Memorial%20Museum%202015-2.jpg
Q21654898,三芳今昔村,埼玉縣,主題公園,35.8374200,139.4788600,
Q11658528,陸上自衛隊広報センター,埼玉縣,軍事博物館,35.7849170,139.5996940,http://commons.wikimedia.org/wiki/Special:FilePath/JGSDF%20Public%20Information%20Center20080405-02.JPG
Q114873993,丸沼芸術の森,埼玉縣,美術館,35.8292812,139.6053024,
Q11248611,埼玉縣立歷史與民俗博物館,埼玉縣,地方文化館,35.9211111,139.6300000,http://commons.wikimedia.org/wiki/Special:FilePath/Saitama-rekimin2006%200715.jpg
Q11479242,川越市立美術館,埼玉縣,美術館,35.9258330,139.4908060,http://commons.wikimedia.org/wiki/Special:FilePath/Kawagoe%20City%20Art%20Museum.JPG
Q11479246,川越市藏造資料館,埼玉縣,历史房屋博物馆,35.9237222,139.4827778,http://commons.wikimedia.org/wiki/Special:FilePath/Kawagoe%20Kuratsukuri%20Museum.JPG
Q11527526,东武动物园,埼玉縣,動物園,36.0200830,139.7197220,http://commons.wikimedia.org/wiki/Special:FilePath/Ferris%20wheel%20in%20Tobu%20Zoo%20Park%20001.jpg
Q11267493,埼玉市立浦和生活博物館民家園,埼玉縣,民家園,35.8783610,139.7106110,http://commons.wikimedia.org/wiki/Special:FilePath/Saitama%20Saitama%20Livelihood%20Museum%20House%20Garden%201.JPG
Q108677196,柴原温泉,埼玉縣,温泉镇,35.9715680,139.0073380,
Q97754517,城西大学水田美術館,埼玉縣,美術館,35.9328083,139.3409889,
Q28684346,岩槻人形博物館,埼玉縣,人形博物館,35.9508333,139.7000000,http://commons.wikimedia.org/wiki/Special:FilePath/Saitama%20Iwatsuki%20Ningyo%20Museum%20201902.jpg
Q11267531,埼玉綠之森博物館,埼玉縣,戶外博物館,35.7862780,139.3840560,
Q21654210,塙保己一記念館,埼玉縣,人物紀念館,36.1909306,139.1283833,http://commons.wikimedia.org/wiki/Special:FilePath/Aspia%20Kodama2.jpg
Q11277080,ふじみ野市立大井郷土資料館,埼玉縣,地方文化館,35.8574444,139.5047778,http://commons.wikimedia.org/wiki/Special:FilePath/Oi%20Library%20and%20Folk%20Museum.JPG
Q11426657,埼玉県立川の博物館,埼玉縣,都道府县立博物馆,36.1157220,139.2197500,http://commons.wikimedia.org/wiki/Special:FilePath/Saitama%20Museum%20of%20Rivers.jpg
Q108551984,両神温泉,埼玉縣,温泉镇,36.0077778,138.9750000,
Q17224997,埼玉古墳公園,埼玉縣,考古学公園,36.1283330,139.4794440,http://commons.wikimedia.org/wiki/Special:FilePath/Inariyama%20Kofun%20and%20Shogun-yama%20Kofun%20%28Gyoda%29.JPG
Q11570113,牛島之藤,埼玉縣,巨樹,35.9850000,139.7731944,http://commons.wikimedia.org/wiki/Special:FilePath/Kasukabe%20Wisteria%20Of%20Ushijima%201.jpg
Q21653251,澀澤榮一紀念館,埼玉縣,人物紀念館,36.2342500,139.2639440,http://commons.wikimedia.org/wiki/Special:FilePath/Eiichi%20Shibusawa%20Memorial%20Museum.JPG
Q11267517,さいたま文学館,埼玉縣,文學館,35.9961940,139.5606390,http://commons.wikimedia.org/wiki/Special:FilePath/Hibikinomori.JPG
Q11389080,入間市博物館,埼玉縣,市立博物館,35.8015000,139.3668060,http://commons.wikimedia.org/wiki/Special:FilePath/Iruma%20Irumasi-hakubutukan%201.jpg
Q11269194,白子鳩水上公園,埼玉縣,城市公園,35.9138890,139.7484720,http://commons.wikimedia.org/wiki/Special:FilePath/Shirakobato%20Aquatic%20Park.JPG
Q11369233,久喜市鄉土資料館,埼玉縣,地方文化館,36.0991670,139.6654720,
Q11271756,秩父銘仙館,埼玉縣,工业博物馆,35.9905560,139.0872780,http://commons.wikimedia.org/wiki/Special:FilePath/Chichibu%20Chichibumeisenkan%202.JPG
Q11277076,ふじみ野市立上福岡歴史民俗資料館,埼玉縣,民俗博物館,35.8756670,139.5282500,http://commons.wikimedia.org/wiki/Special:FilePath/Kamifukuoka%20History%20and%20Folk%20Museum.JPG
Q22118555,行田市鄉土博物館,埼玉縣,地方文化館,36.1380560,139.4533330,http://commons.wikimedia.org/wiki/Special:FilePath/Gyoda%20City%20Museum.JPG
Q101456044,八潮市立資料館,埼玉縣,市立博物館,35.8268056,139.8209167,
Q11426567,埼玉縣和平資料館,埼玉縣,和平博物館,35.9986110,139.3656340,http://commons.wikimedia.org/wiki/Special:FilePath/Higashimatsuyama%20Peace%20Museum%20Of%20Saitama%201.JPG
Q104696837,朝霞市博物館,埼玉縣,市立博物館,35.8126920,139.5974680,
Q22118792,埼玉県立深谷商業高等学校記念館,埼玉縣,教育博物館,36.1970000,139.2912778,http://commons.wikimedia.org/wiki/Special:FilePath/Fukaya-Commercial-HighSchool-MemorialHall-2013081501.jpg
Q11644497,醤遊王国,埼玉縣,食品店,35.9206670,139.3422500,http://commons.wikimedia.org/wiki/Special:FilePath/Hidaka%20Saitama%20Shoyu%20kingdom%201.JPG
Q11628910,西武園遊園地,埼玉縣,主題樂園,35.7683060,139.4421940,http://commons.wikimedia.org/wiki/Special:FilePath/5D3K0201%20%2811152952796%29.jpg
Q108452484,和銅鉱泉,埼玉縣,温泉镇,36.0398560,139.1064480,
Q21653901,長瀞町郷土資料館,埼玉縣,地方文化館,36.0924170,139.1076110,http://commons.wikimedia.org/wiki/Special:FilePath/Nagatoro%20Town%20Museum.JPG
Q11477989,川口市立科學館,埼玉縣,公開天文台,35.8273330,139.7199170,http://commons.wikimedia.org/wiki/Special:FilePath/Kawaguchi%20Science%20Museum.JPG
Q30934286,旧坂東家住宅見沼くらしっく館,埼玉縣,古民家,35.9061944,139.6907778,http://commons.wikimedia.org/wiki/Special:FilePath/Minuma%20Classic%20museum.jpg
Q11304884,SATOE紀念21世紀美術館,埼玉縣,美術館,36.0999694,139.6407028,
Q11279549,武藏野村,埼玉縣,主題樂園,36.1374170,139.5504440,http://commons.wikimedia.org/wiki/Special:FilePath/Musashino-mura.JPG
Q21654949,メッツァ,埼玉縣,主題公園,35.8725000,139.3293333,http://commons.wikimedia.org/wiki/Special:FilePath/Moominvalley%20Park%202019e.jpg
Q11426772,埼玉縣立近代美術館,埼玉縣,美術館,35.8696110,139.6429170,http://commons.wikimedia.org/wiki/Special:FilePath/Museum%20of%20Modern%20Art%20Saitama%202010.jpg
Q11267473,埼玉市立岩槻鄉土資料館,埼玉縣,地方文化館,35.9454440,139.6935280,http://commons.wikimedia.org/wiki/Special:FilePath/Iwatsuki%20Local%20History%20Museum%2001.jpg
Q104696830,富士見市立水子貝塚資料館,埼玉縣,考古博物館,35.8458000,139.5622930,http://commons.wikimedia.org/wiki/Special:FilePath/%E5%AF%8C%E5%A3%AB%E8%A6%8B%E5%B8%82%E7%AB%8B%E6%B0%B4%E5%AD%90%E8%B2%9D%E5%A1%9A%E8%B3%87%E6%96%99%E9%A4%A8%20-%20Mapillary%20%283589427237942297%29.jpg
Q11436141,碧雅翠絲·波特資料館,埼玉縣,人物紀念館,35.9989720,139.3745560,http://commons.wikimedia.org/wiki/Special:FilePath/Beatrix%20Potter%20Reference%20Library%2C%20Daito%20Bunka%20University%20-%20Apr%2029%2C%202023.jpg
Q123516739,ほくさい美術館,埼玉縣,美術館,36.1261900,139.6160700,
Q11675671,鴻沼資料館,埼玉縣,地方文化館,35.8511670,139.6282500,http://commons.wikimedia.org/wiki/Special:FilePath/Saitama%20Konuma%20Museum%201.JPG
Q11267523,埼玉水族館,埼玉縣,水族館,36.1731390,139.5978610,
Q11260799,浦和美術館,埼玉縣,美術館,35.8606670,139.6524440,http://commons.wikimedia.org/wiki/Special:FilePath/UrawaCenturyCity201303.jpg
Q56345064,さいたま市立漫画会館,埼玉縣,動漫博物館,35.9256111,139.6318056,http://commons.wikimedia.org/wiki/Special:FilePath/Saitama%20Saitama%20Municipal%20Manga%20Hall%201.JPG
Q17991646,大宫盆栽美术馆,埼玉縣,美術館,35.9287780,139.6333330,http://commons.wikimedia.org/wiki/Special:FilePath/OmiyaBonsaiVillage%20%C5%8Cmiya-Bonsai-Art-Museum%20001.jpg
Q123517248,桶川市歴史民俗資料館,埼玉縣,市立博物館,35.9938430,139.5266900,
Q22120897,ワク井ミュージアム,埼玉縣,汽車博物館,36.1237611,139.6363194,
Q11234989,NHK檔案館,埼玉縣,檔案館,35.8276944,139.7211944,http://commons.wikimedia.org/wiki/Special:FilePath/NHK%20Archives%20Building.JPG
Q104661157,角川武蔵野ミュージアム,埼玉縣,圖書館,35.7976700,139.5077500,http://commons.wikimedia.org/wiki/Special:FilePath/Kadokawa%20Culture%20Museum%20at%20Tokorozawa%20Sakura%20Town%20%2850608208297%29.jpg
Q1058730,約翰·藍儂博物館,埼玉縣,博物館,35.8948889,139.6308333,http://commons.wikimedia.org/wiki/Special:FilePath/John%20Lennon%20Museum.jpg
Q136162980,朝霞市博物館,埼玉縣,博物館,35.8126389,139.5972222,http://commons.wikimedia.org/wiki/Special:FilePath/Asaka%20City%20Museum.jpg
Q21653084,彩湖自然学習センター,埼玉縣,教育組織,35.8178889,139.6342778,http://commons.wikimedia.org/wiki/Special:FilePath/Saiko%20Nature%20Study%20Center.JPG
Q104696832,熊谷市立熊谷図書館　美術・郷土資料展示室,埼玉縣,博物館,36.1372370,139.3867400,
Q11596101,秩父故鄉館,埼玉縣,博物館,35.9970000,139.0824170,http://commons.wikimedia.org/wiki/Special:FilePath/Chichibu%20Furusato%20Kan.JPG
Q107056127,浦和市立郷土博物館,埼玉縣,博物館,35.8905280,139.6776110,http://commons.wikimedia.org/wiki/Special:FilePath/Saitama%20Municipal%20Urawa%20Museum%202011.jpg
Q11642535,遷喬館,埼玉縣,博物館,35.9488889,139.6981111,http://commons.wikimedia.org/wiki/Special:FilePath/Senkyokan%2002.jpg
Q123516594,長島記念館,埼玉縣,纪念博物馆,36.0794900,139.4368700,
Q11267509,埼玉市青少年宇宙科學館,埼玉縣,社会教育施設,35.8722780,139.6646110,http://commons.wikimedia.org/wiki/Special:FilePath/Saitama%20Municupal%20Youth%20Astronomical%20Museum%201.JPG
Q11479196,川越祭會館,埼玉縣,山車会館,35.9243060,139.4823610,http://commons.wikimedia.org/wiki/Special:FilePath/Kawagoe%20Festival%20Museum.JPG
Q132574952,ハイパーミュージアム飯能,埼玉縣,現代美術館,35.8711070,139.3238560,
Q21652549,浦山歷史民俗資料館,埼玉縣,民俗博物館,35.9644139,139.0599889,http://commons.wikimedia.org/wiki/Special:FilePath/Urayama%20Folk%20Museum.JPG
Q104696836,飯能市立博物館,埼玉縣,博物館,35.8572860,139.3107330,http://commons.wikimedia.org/wiki/Special:FilePath/Hanno%20Museum%2020191102a.jpg
Q11248600,埼玉市立浦和博物館,埼玉縣,博物館,35.8905280,139.6776110,http://commons.wikimedia.org/wiki/Special:FilePath/Saitama%20Municipal%20Urawa%20Museum%202011.jpg
Q21652654,おがの化石館,埼玉縣,古生物博物馆,36.0191222,139.0440333,http://commons.wikimedia.org/wiki/Special:FilePath/Fossil%20Museum%20of%20Ogano%201.jpg
Q104696838,坂戸市立歴史民俗資料館,埼玉縣,博物館,35.9766190,139.4194060,
Q97495956,大分香りの博物館,大分縣,博物館,33.3120000,131.4888056,http://commons.wikimedia.org/wiki/Special:FilePath/Oita%20Fragrance%20Museum.jpg
Q11370332,九州自然動物公園非洲野生,大分縣,野生动物园,33.3540000,131.4115278,http://commons.wikimedia.org/wiki/Special:FilePath/%E4%B9%9D%E5%B7%9E%E8%87%AA%E7%84%B6%E5%8B%95%E7%89%A9%E5%85%AC%E5%9C%92%E3%82%A2%E3%83%95%E3%83%AA%E3%82%AB%E3%83%B3%E3%82%B5%E3%83%95%E3%82%A1%E3%83%AA1.jpg
Q123378080,血の池地獄,大分縣,池塘,33.3272000,131.4781600,http://commons.wikimedia.org/wiki/Special:FilePath/View%20of%20Blood%20Pond%20Hell%20Hot%20Spring%201.jpg
Q11507150,日本丸館,大分縣,製薬博物館,33.3274580,130.9374310,http://commons.wikimedia.org/wiki/Special:FilePath/Nihongan%20Museum%20in%20Mamedamachi%20Area.jpg
Q11346676,樂天地,大分縣,動物園,33.2751670,131.4813330,http://commons.wikimedia.org/wiki/Special:FilePath/Beppu%20rakutenchi.jpg
Q3329680,大分縣立歷史博物館,大分縣,博物館,33.5425000,131.3650000,http://commons.wikimedia.org/wiki/Special:FilePath/Oita%20Prefectural%20Museum%20of%20History%20in%20Usa%20city%2C%20Oita%20prefecture.JPG
Q11432755,大分市美術館,大分縣,美術館,33.2234167,131.6020278,http://commons.wikimedia.org/wiki/Special:FilePath/Oita%20Municipal%20Museum.jpg
Q84580248,野上弥生子文学記念館,大分縣,文學館,33.1204167,131.7971389,http://commons.wikimedia.org/wiki/Special:FilePath/Nogami%20Yaeko%20Literary%20Memorial%20Museum%20ac.jpg
Q11571767,狹霧台,大分縣,风景点,33.2600000,131.3825000,http://commons.wikimedia.org/wiki/Special:FilePath/%E7%8B%AD%E9%9C%A7%E5%8F%B0%E9%A7%90%E8%BB%8A%E5%A0%B4.jpg
Q48747201,九州自動車歴史館,大分縣,汽車博物館,33.2669444,131.3654667,
Q11370334,九州芸術の杜,大分縣,美術館,33.1463056,131.2492500,
Q124459383,血の池地獄,大分縣,溫泉,33.3272000,131.4781500,http://commons.wikimedia.org/wiki/Special:FilePath/Chinoike%20Jigoku.jpg
Q11432695,大分市歴史資料館,大分縣,歷史博物館,33.1952680,131.5529140,http://commons.wikimedia.org/wiki/Special:FilePath/Oita%20city%20historical%20museum.jpg
Q17219176,天領日田資料館,大分縣,歷史博物館,33.3155000,130.9313889,http://commons.wikimedia.org/wiki/Special:FilePath/Hita%20Tenryo%20Museum%2020161231.jpg
Q3190121,ジュピター,大分縣,木质过山车,33.2616970,131.4280750,http://commons.wikimedia.org/wiki/Special:FilePath/Jupiter%20roller%20coaster%20at%20Kijima%20Kogen.jpg
Q123366317,二階堂美術館,大分縣,美術館,33.3677670,131.5424800,
Q11641576,道の駅鯛生金山,大分縣,道之驛,33.1291667,130.8826944,http://commons.wikimedia.org/wiki/Special:FilePath/Taio%20mine%20shoppingCenter.jpg
Q3196520,城岛高原公园,大分縣,主題樂園,33.2647220,131.4266940,http://commons.wikimedia.org/wiki/Special:FilePath/Jupiter%20roller%20coaster%20at%20Kijima%20Kogen.jpg
Q11486411,廣瀨資料館,大分縣,人物紀念館,33.3267389,130.9365778,http://commons.wikimedia.org/wiki/Special:FilePath/Japanese%20old%20street%20of%20Oita%20hita%20mameda%20uo%20street%28%E5%A4%A7%E5%88%86%E7%9C%8C%E6%97%A5%E7%94%B0%E5%B8%82%E8%B1%86%E7%94%B0%E9%AD%9A%E7%94%BA%29.png
Q11509923,日田祇園山鉾會館,大分縣,山車会館,33.3155556,130.9314278,http://commons.wikimedia.org/wiki/Special:FilePath/Hita%20Gion%20Museum.jpg
Q28688543,日田市立博物館,大分縣,市立博物館,33.3260556,130.9418611,
Q127691503,湯布院フローラルビレッジ,大分縣,主題公園,33.2674250,131.3655139,http://commons.wikimedia.org/wiki/Special:FilePath/Yufuin%20Floral%20Village.jpg
Q11432896,大分縣立藝術會館,大分縣,多功能大厅,33.2383333,131.6344444,http://commons.wikimedia.org/wiki/Special:FilePath/Oita%20geikan1.jpg
Q28519675,わたくし美術館,大分縣,美術館,33.2756667,131.3688056,
Q30930299,久留島武彦記念館,大分縣,人物紀念館,33.3033056,131.1585556,http://commons.wikimedia.org/wiki/Special:FilePath/%E8%A8%98%E5%BF%B5%E9%A4%A8%EF%BC%91.jpg
Q818646,別府塔,大分縣,觀光塔,33.2821089,131.5058111,http://commons.wikimedia.org/wiki/Special:FilePath/Beppu%20Tower%2020230212.jpg
Q11432816,大分縣立埋藏文化財中心,大分縣,埋藏文化財中心,33.2384167,131.6347500,http://commons.wikimedia.org/wiki/Special:FilePath/Oita%20geikan1.jpg
Q137995481,臼杵市歴史資料館,大分縣,歷史博物館,33.1194730,131.7933040,http://commons.wikimedia.org/wiki/Special:FilePath/Usuki%20City%20History%20Museum%20ac.jpg
Q11432891,大分縣立美術館,大分縣,美術館,33.2394722,131.6013889,http://commons.wikimedia.org/wiki/Special:FilePath/Oita%20OPAM%201.jpg
Q137772957,宇佐市平和資料館,大分縣,和平博物館,33.5285220,131.3344610,
Q104784114,大分市海部古墳資料館,大分縣,考古博物館,33.2335580,131.7397690,http://commons.wikimedia.org/wiki/Special:FilePath/Amabe%20kohun%20siryokan%2001.jpg
Q55525428,別府アートミュージアム,大分縣,美術館,33.2762500,131.5017778,
Q125272543,天領日田洋酒博物館,大分縣,博物館,33.3188330,130.9326390,http://commons.wikimedia.org/wiki/Special:FilePath/Tenryo%20Hita%20Whisky%20Museum%20ac%20%281%29.jpg
Q11327370,三麗鷗和諧樂園,大分縣,主題公園,33.4016190,131.5465690,http://commons.wikimedia.org/wiki/Special:FilePath/Harmony%20Land%2001.jpg
Q11432633,大分海洋宮殿水族館,大分縣,水族館,33.2587778,131.5355556,http://commons.wikimedia.org/wiki/Special:FilePath/Umitamago1.JPG
Q24874639,別府市美術館,大分縣,美術館,33.3128611,131.5013333,http://commons.wikimedia.org/wiki/Special:FilePath/Beppu%20City%20Art%20Museum.jpg
Q11285663,アートプラザ,大分縣,美術館,33.2405556,131.6095000,
Q11617881,茨木市立川端康成文学馆,大阪府,文學館,34.8231940,135.5708330,http://commons.wikimedia.org/wiki/Special:FilePath/Kawabata%20yasunari%20museum01s1760.jpg
Q11440688,大阪市立自然史博物館,大阪府,自然歷史博物館,34.6103610,135.5226110,http://commons.wikimedia.org/wiki/Special:FilePath/Osaka%20Museum%20of%20Natural%20History1.jpg
Q138666211,HEP FIVE,大阪府,購物中心,34.7040826,135.5004685,http://commons.wikimedia.org/wiki/Special:FilePath/HEP-FIVE%20in%20201409%20001.JPG
Q1148463,通天閣,大阪府,觀光塔,34.6522222,135.5061111,http://commons.wikimedia.org/wiki/Special:FilePath/New%20Tsutenkaku%20in%20201409%20003.JPG
Q11563573,汤木美术馆,大阪府,美術館,34.6875000,135.5022500,http://commons.wikimedia.org/wiki/Special:FilePath/Yuki-museum.JPG
Q118213997,ハルカス300,大阪府,觀景台,34.6459798,135.5135227,http://commons.wikimedia.org/wiki/Special:FilePath/Abeno%20Harukas%20SKY%20GARDEN%20300.jpg
Q11440106,大阪商業大學商業史博物館,大阪府,大學博物館,34.6668330,135.5841390,http://commons.wikimedia.org/wiki/Special:FilePath/Osaka-Univ-of-Commerce-Tanioka-Memorial-Hall01.jpg
Q123670541,えびすタワー,大阪府,摩天輪,34.6688889,135.5025000,http://commons.wikimedia.org/wiki/Special:FilePath/Ebisu%20Tower%20%282023%2C%20Osaka%29.jpg
Q11549303,水道紀念館,大阪府,水族館,34.7243611,135.5053611,http://commons.wikimedia.org/wiki/Special:FilePath/Suido%20Kinenkan%20%28Osaka%293.jpg
Q11412294,司馬遼太郎紀念館,大阪府,文學館,34.6605000,135.5856670,http://commons.wikimedia.org/wiki/Special:FilePath/ShibaRyotaroMemorialMuseum.jpg
Q138666212,HEP NAVIO,大阪府,複合商業設施,34.7032214,135.4999319,http://commons.wikimedia.org/wiki/Special:FilePath/Osaka%2C%20hep%20navio%2001.jpg
Q11440200,大阪市下水道科學館,大阪府,水廠博物館,34.6934720,135.4624720,http://commons.wikimedia.org/wiki/Special:FilePath/Osakashi%20gesuido%20kagakukan.jpg
Q3329563,藤田美术馆,大阪府,美術館,34.6949780,135.5251240,http://commons.wikimedia.org/wiki/Special:FilePath/Fujita%20museum01s3072.jpg
Q11545519,正木美術館,大阪府,美術館,34.4946390,135.3921110,http://commons.wikimedia.org/wiki/Special:FilePath/Landscape%20by%20Sesso%20%28Masaki%20Art%20Museum%29.jpeg
Q11640228,逸翁美术馆,大阪府,美術館,34.8255560,135.4287780,http://commons.wikimedia.org/wiki/Special:FilePath/150214%20Itsuo%20Art%20Museum%20Ikeda%20Osaka%20pref%20Japan16n.jpg
Q21654084,NIFREL,大阪府,博物館,34.8064167,135.5335833,http://commons.wikimedia.org/wiki/Special:FilePath/NIFREL.jpg
Q123508358,大阪芸術大学博物館,大阪府,大學博物館,34.5123240,135.6292180,
Q11408411,南蛮文化館,大阪府,美術館,34.7094170,135.4917500,
Q55532678,大阪日本民艺馆,大阪府,工藝博物館,34.8122778,135.5334389,http://commons.wikimedia.org/wiki/Special:FilePath/The%20Japan%20folk%20crafts%20museum%2C%20Osaka.jpg
Q11296794,Kids Plaza大阪,大阪府,兒童博物館,34.7046970,135.5102670,http://commons.wikimedia.org/wiki/Special:FilePath/Headquarter%20of%20Kansai%20Telecasting%20Corporation.jpg
Q11282212,アイセルシュラホール,大阪府,社區中心,34.5661194,135.5972306,http://commons.wikimedia.org/wiki/Special:FilePath/Aicelshurahall01%201024.jpg
Q11656297,関西大学博物館,大阪府,大學博物館,34.7753060,135.5105830,http://commons.wikimedia.org/wiki/Special:FilePath/KANSAI%20UNIVERSITY%20MUSEUM.jpg
Q7105564,大阪国際平和センター,大阪府,和平博物館,34.6816667,135.5300000,http://commons.wikimedia.org/wiki/Special:FilePath/Peace-osaka.jpg
Q11428215,堺市立泉北すえむら資料館,大阪府,廃止された博物館,34.4920830,135.5109440,http://commons.wikimedia.org/wiki/Special:FilePath/%E5%A4%A7%E9%98%AA%E5%BA%9C%E7%AB%8B%E6%B3%89%E5%8C%97%E8%80%83%E5%8F%A4%E8%B3%87%E6%96%99%E9%A4%A8.jpg
Q11440161,大阪大學綜合學術博物館,大阪府,大學博物館,34.8064440,135.4538330,http://commons.wikimedia.org/wiki/Special:FilePath/Museum%20of%20Osaka%20University.JPG
Q899319,速食麵發明紀念館,大阪府,食物博物館,34.8180380,135.4266750,http://commons.wikimedia.org/wiki/Special:FilePath/240810%20Cupnoodles%20Museum%20Osaka%20Ikeda%20Ikeda%20Osaka%20pref%20Japan01s3.jpg
Q11249107,三得利博物館,大阪府,美術館,34.6538000,135.4300000,http://commons.wikimedia.org/wiki/Special:FilePath/DSC%200301%20Suntory%20Museum.jpg
Q30934192,レゴランド・ディスカバリー・センター大阪,大阪府,乐高探索中心,34.6558056,135.4301667,
Q11259901,いのちの塔,大阪府,觀光塔,34.7101944,135.5749167,http://commons.wikimedia.org/wiki/Special:FilePath/Statue%20of%20Life.JPG
Q751156,HEP,大阪府,複合商業設施,34.7040028,135.5004466,http://commons.wikimedia.org/wiki/Special:FilePath/TOHO%20CINEMAS%20Umeda%20in%20201409.JPG
Q11381066,伏見ビル,大阪府,建成遗产,34.6889722,135.5056944,http://commons.wikimedia.org/wiki/Special:FilePath/Hushimi-bld.jpg
Q548263,天保山大摩天輪,大阪府,摩天輪,34.6562000,135.4310000,http://commons.wikimedia.org/wiki/Special:FilePath/Tempozan%20giant%20wheel02s2048.jpg
Q11440386,大阪市立博物館,大阪府,市立博物館,34.6858610,135.5265280,http://commons.wikimedia.org/wiki/Special:FilePath/HeadQuarter4thDiv-Osaka.jpg
Q875709,大阪市立科學館,大阪府,天象儀,34.6912400,135.4915200,http://commons.wikimedia.org/wiki/Special:FilePath/Osaka%20science%20museum01s3200.jpg
Q11441568,大阪科学技術館,大阪府,科學博物館,34.6864720,135.4963060,http://commons.wikimedia.org/wiki/Special:FilePath/OSTEC%20Exhibition%20Hall%20Osaka%20Japan01-r.jpg
Q21654285,東大阪市立郷土博物館,大阪府,地方文化館,34.6608611,135.6508611,http://commons.wikimedia.org/wiki/Special:FilePath/Higashi-osaka%20City%20Hometown%20Museum01.JPG
Q133272800,八尾市立しおんじやま古墳学習館,大阪府,考古博物館,34.6397020,135.6396440,
Q3275446,太陽之塔,大阪府,塔式建築,34.8096000,135.5320000,
Q117794301,江崎記念館,大阪府,公司博物館,34.7182778,135.4612500,http://commons.wikimedia.org/wiki/Special:FilePath/Ezaki%20memorial%20hall.jpg
Q11257046,あくあぴあ芥川,大阪府,水族館,34.8641110,135.5921110,http://commons.wikimedia.org/wiki/Special:FilePath/Aquapia%20Akutagawa01s3s4500.jpg
Q1384663,萬博樂園,大阪府,主題樂園,34.8055556,135.5350000,http://commons.wikimedia.org/wiki/Special:FilePath/Expoland%20Ferris%20wheel%20wide%20shot.jpg
Q9004920,大阪市立美术馆,大阪府,美術館,34.6501110,135.5105280,http://commons.wikimedia.org/wiki/Special:FilePath/Osaka%20municipal%20museum%20of%20art01s3200.jpg
Q127503070,大阪大学中之島芸術センター,大阪府,大學博物館,34.6927340,135.4904340,
Q917073,ダイダラザウルス,大阪府,スチール・ローラー・コースター,34.8043840,135.5358610,
Q11405552,千早赤阪村立郷土資料館,大阪府,地方文化館,34.4635480,135.6253890,http://commons.wikimedia.org/wiki/Special:FilePath/Chihaya-akasaka-v%20material%20pavilion.jpg
Q59536065,あべのハルカス美術館,大阪府,美術館,34.6457980,135.5140700,http://commons.wikimedia.org/wiki/Special:FilePath/Abeno%20Harukas%20Osaka%20Japan01-r.jpg
Q6875079,岬公園,大阪府,主題樂園,34.3280417,135.1611611,
Q1448918,堺市博物馆,大阪府,市立博物館,34.5588611,135.4842500,http://commons.wikimedia.org/wiki/Special:FilePath/%E5%A0%BA%E5%B8%82%E5%8D%9A%E7%89%A9%E9%A4%A8%20%2848814571636%29.jpg
Q11416534,吹田市立博物館,大阪府,市立博物館,34.7833610,135.5283890,http://commons.wikimedia.org/wiki/Special:FilePath/SuitaCityMuseum.JPG
Q302897,枚方公園,大阪府,動物園,34.8057778,135.6381306,http://commons.wikimedia.org/wiki/Special:FilePath/Hirakata%20Park.jpg
Q108585581,石切温泉,大阪府,温泉镇,34.6803800,135.6537490,
Q11441052,堺市立ビッグバン,大阪府,科學博物館,34.4948610,135.5137220,http://commons.wikimedia.org/wiki/Special:FilePath/Big-Bang-of-Osaka-Pref002.JPG
Q1666643,大阪府立国際児童文学館,大阪府,文學館,34.8108060,135.5350560,http://commons.wikimedia.org/wiki/Special:FilePath/International%20Institute%20for%20Childrens%20Literature%20Osaka.jpg
Q11656208,関西サイクルスポーツセンター,大阪府,主題樂園,34.4131670,135.5298060,http://commons.wikimedia.org/wiki/Special:FilePath/Kansai%20cycle%20sports%20center.JPG
Q11574916,生駒山上遊樂場,大阪府,主題樂園,34.6795560,135.6788610,http://commons.wikimedia.org/wiki/Special:FilePath/Ikoma%20Hikoutou01.jpg
Q11441080,大阪府立彌生文化博物館,大阪府,都道府县立博物馆,34.4992220,135.4271670,http://commons.wikimedia.org/wiki/Special:FilePath/Osaka%20Prefectural%20Museum%20of%20Yayoi%20Culture01s3200.jpg
Q86744876,はりきゅうミュージアム,大阪府,私人博物館,34.6786111,135.5401389,
Q61941295,今城塚古墳公園,大阪府,考古学公園,34.8445000,135.5786000,http://commons.wikimedia.org/wiki/Special:FilePath/Imashirozuka-kofun%20haniwa-1.JPG
Q1191885,海遊館,大阪府,水族館,34.6544722,135.4288889,http://commons.wikimedia.org/wiki/Special:FilePath/Osaka%20Kaiyukan01s3872.jpg
Q1055037,國立國際美術館,大阪府,美術館,34.6917860,135.4920240,http://commons.wikimedia.org/wiki/Special:FilePath/NMAO01s3200.jpg
Q50375431,大阪中之島美術館,大阪府,美術館,34.6923889,135.4914722,http://commons.wikimedia.org/wiki/Special:FilePath/Nakanoshima%20Museum%20of%20Art%20Osaka.jpg
Q11670799,高槻市立歴史民俗資料館,大阪府,历史房屋博物馆,34.8425340,135.6225730,http://commons.wikimedia.org/wiki/Special:FilePath/Takatsuki-archives-museum%200.jpg
Q4557237,大阪府立近飛鳥博物館,大阪府,都道府县立博物馆,34.5030556,135.6436111,http://commons.wikimedia.org/wiki/Special:FilePath/Chikatsu%20asuka%20museum01s3592.jpg
Q137773156,商船三井ミュージアム「ふねしる」,大阪府,海事博物館,34.6378510,135.4117080,
Q11289722,エキスポタワー,大阪府,觀光塔,34.8025420,135.5330500,http://commons.wikimedia.org/wiki/Special:FilePath/EXPO%20TOWER.JPG
Q867148,大阪市立海洋博物館,大阪府,海事博物館,34.6400472,135.4045722,http://commons.wikimedia.org/wiki/Special:FilePath/Osaka%20maritime%20museum01s3200.jpg
Q104125924,马力欧赛车：酷霸王的挑战,大阪府,機動遊戲,34.6679417,135.4305455,http://commons.wikimedia.org/wiki/Special:FilePath/Mario%20Kart%20Koopa%27s%20Challenge%20%28Universal%20Studios%20Japan%29%201.jpg
Q11417787,和泉市久保惣紀念美術館,大阪府,美術館,34.4450560,135.4533890,http://commons.wikimedia.org/wiki/Special:FilePath/Izumi-Kubosou001NEW.JPG
Q28683749,REDHORSE OSAKA WHEEL,大阪府,摩天輪,34.8062500,135.5347500,http://commons.wikimedia.org/wiki/Special:FilePath/OSAKA%20WHEEL%201.jpg
Q25110043,ザ・フライング・ダイナソー,大阪府,スチール・ローラー・コースター,34.6634000,135.4305000,http://commons.wikimedia.org/wiki/Special:FilePath/Flyingdinosaur.png
Q11463585,小西家住宅,大阪府,历史房屋博物馆,34.6886940,135.5068890,http://commons.wikimedia.org/wiki/Special:FilePath/Konishi%20Gisuke%20Shoten.jpg
Q1375103,日本環球影城,大阪府,主題公園,34.6647000,135.4330000,http://commons.wikimedia.org/wiki/Special:FilePath/Harry%20Potter%20and%20the%20Forbidden%20Journey%20USJ.JPG
Q11617860,茨木市立吉利支丹遺物史料館,大阪府,歷史博物館,34.8888610,135.5343890,http://commons.wikimedia.org/wiki/Special:FilePath/KIRISHITAN-SHIRYOKAN.JPG
Q133288994,観心寺霊宝館,大阪府,宝物館,34.4376220,135.5979490,http://commons.wikimedia.org/wiki/Special:FilePath/Kanshinji%20Reihokan.jpg
Q147157,國立民族學博物館 (日本）,大阪府,國立博物館,34.8128611,135.5296833,http://commons.wikimedia.org/wiki/Special:FilePath/National%20museum%20of%20ethnology%20Japan.jpg
Q112113546,妙国寺のソテツ,大阪府,巨樹,34.5810280,135.4813890,
Q11603178,箕面公園昆虫館,大阪府,昆虫館,34.8410280,135.4715280,http://commons.wikimedia.org/wiki/Special:FilePath/Minoh-kontyukan.jpg
Q133261062,堺市立みはら歴史博物館,大阪府,歷史博物館,34.5479320,135.5599310,
Q96338884,大阪城天守閣,大阪府,天守,34.6872869,135.5258696,http://commons.wikimedia.org/wiki/Special:FilePath/Osaka%20Castle%20Nishinomaru%20Garden%20April%202005.JPG
Q11553490,河内長野市立滝畑ふるさと文化財の森センター,大阪府,民俗博物館,34.3875833,135.5263889,http://commons.wikimedia.org/wiki/Special:FilePath/Takihata%20furusato%20bunkazainomori%20center.jpg
Q11508426,日本民家集落博物館,大阪府,民家園,34.7791670,135.4881940,http://commons.wikimedia.org/wiki/Special:FilePath/Old%20Japanese%20Farm%20House%20Museum%20Miyazaki.JPG
Q11670762,高槻市立しろあと歴史館,大阪府,歷史博物館,34.8447090,135.6228870,http://commons.wikimedia.org/wiki/Special:FilePath/Takatsuki-siroato-museum.jpg
Q11440034,大阪企業家ミュージアム,大阪府,人物紀念館,34.6838889,135.5092500,http://commons.wikimedia.org/wiki/Special:FilePath/The%20Entrepreneurial%20museum%20of%20Challenge%20and%20Innovation.JPG
Q11613133,自行車博物館,大阪府,自転車博物館,34.5789722,135.4846111,http://commons.wikimedia.org/wiki/Special:FilePath/Shimano%20Bicycle%20Museum%20001.jpg
Q11456089,富士正晴記念館,大阪府,人物紀念館,34.8270833,135.5657222,http://commons.wikimedia.org/wiki/Special:FilePath/Fuji-masaharu-museum%2001.jpg
Q11376793,高槻市立今城塚古代歴史館,大阪府,博物館,34.8524350,135.5960140,http://commons.wikimedia.org/wiki/Special:FilePath/Imasirotuka-museum%2001.jpg
Q11440555,大阪市立東洋陶瓷美術館,大阪府,陶瓷博物館,34.6934444,135.5054722,http://commons.wikimedia.org/wiki/Special:FilePath/The%20Museum%20of%20Oriental%20Ceramics%2C%20Osaka%2020250831.jpg
Q11329151,松下博物馆：松下幸之助历史館,大阪府,歷史博物館,34.7381111,135.5727222,http://commons.wikimedia.org/wiki/Special:FilePath/PanasonicKonosukeMatsushitaMuseum.png
Q114174315,太子町立竹内街道歴史資料館,大阪府,歷史博物館,34.5170556,135.6568333,http://commons.wikimedia.org/wiki/Special:FilePath/%E7%AB%B9%E5%86%85%E8%A1%97%E9%81%93%E6%AD%B4%E5%8F%B2%E8%B3%87%E6%96%99%E9%A4%A8.jpg
Q11670779,高槻市立埋蔵文化財調査センター,大阪府,埋藏文化財中心,34.8623700,135.5882460,http://commons.wikimedia.org/wiki/Special:FilePath/150118Archaeological%20Research%20Center%20of%20Takatsuki%20City%20Osaka%20pref%20Japan01n.jpg
Q6888914,交通科學博物館,大阪府,鐵路博物館,34.6707000,135.4619000,http://commons.wikimedia.org/wiki/Special:FilePath/Modern-Transportaion-Museum.jpg
Q104721234,四天王寺宝物館,大阪府,宝物館,34.6541810,135.5173450,http://commons.wikimedia.org/wiki/Special:FilePath/Shitennoji12.jpg
Q17214457,くすりの道修町資料館,大阪府,歷史博物館,34.6886361,135.5059972,http://commons.wikimedia.org/wiki/Special:FilePath/Sukunahikona-jinja2.jpg
Q11261312,大阪歷史博物館,大阪府,歷史博物館,34.6827220,135.5208060,http://commons.wikimedia.org/wiki/Special:FilePath/140923%20Osaka%20Museum%20of%20History%20Osaka%20Japan02s3.jpg
Q117686603,柏原市立歴史資料館,大阪府,歷史博物館,34.5733650,135.6389680,http://commons.wikimedia.org/wiki/Special:FilePath/Kshiwara%20shiritsu%20rekishi%20siryokan.jpg
Q17239440,大阪府立近つ飛鳥風土記の丘,大阪府,風土記之丘,34.5031110,135.6437780,http://commons.wikimedia.org/wiki/Special:FilePath/%E8%BF%91%E3%81%A4%E9%A3%9B%E9%B3%A5%E9%A2%A8%E5%9C%9F%E8%A8%98%E3%81%AE%E4%B8%98%20%E7%B7%91%E3%81%AE%E5%BA%83%E5%A0%B4%202013.3.30%20-%20panoramio.jpg
Q17230753,歴史館いずみさの,大阪府,歷史博物館,34.4046890,135.3278390,http://commons.wikimedia.org/wiki/Special:FilePath/Izumisano%20History%20Museum.JPG
Q11508057,日本工芸館,大阪府,博物館,34.6611500,135.4986361,http://commons.wikimedia.org/wiki/Special:FilePath/Japan%20folk%20art%20museum.jpg
Q1451498,生命誌研究館,大阪府,研究機構,34.8534660,135.6110860,http://commons.wikimedia.org/wiki/Special:FilePath/Biohistory-Museums.jpg
Q11439926,大阪生活今昔館,大阪府,博物館,34.7103060,135.5116940,http://commons.wikimedia.org/wiki/Special:FilePath/Osaka%20Museum%20of%20Housing%20and%20Living%20in%202013.jpg
Q11271546,造幣博物館,大阪府,貨幣博物館,34.6959170,135.5216670,http://commons.wikimedia.org/wiki/Special:FilePath/Mint%20Museum%20Osaka%20Japan01s5.jpg
Q11502154,新幹線公園,大阪府,公園,34.7752778,135.5670278,http://commons.wikimedia.org/wiki/Special:FilePath/%E6%96%B0%E5%B9%B9%E7%B7%9A%E5%85%AC%E5%9C%92.JPG
Q24866421,EXPO'70展館,大阪府,博物館,34.8092780,135.5357500,http://commons.wikimedia.org/wiki/Special:FilePath/131116%20Expo%20Commemoration%20Park%20Suita%20Osaka%20pref%20Japan46s3.jpg
Q6541903,大阪人権博物館,大阪府,博物館,34.6544444,135.4866667,http://commons.wikimedia.org/wiki/Special:FilePath/Liberty%20Osaka%20Human%20Rights%20Museum.jpg
Q11576543,田尻歴史館,大阪府,博物館,34.3943610,135.2880280,http://commons.wikimedia.org/wiki/Special:FilePath/Tajiri%20historic%20house01s3200.jpg
Q11463731,小谷城郷土館,大阪府,博物館,34.4932220,135.4983890,http://commons.wikimedia.org/wiki/Special:FilePath/Kotanijyo%20kyodokan.jpg
Q21653416,大東市立歴史民俗資料館,大阪府,博物館,34.7167800,135.6419000,
Q11441131,大阪府立狹山池博物館,大阪府,博物館,34.5074170,135.5518610,http://commons.wikimedia.org/wiki/Special:FilePath/Sayamaike-Museum01.JPG
Q11440995,大阪府立上方演藝資料館,大阪府,博物館,34.6646110,135.5030560,http://commons.wikimedia.org/wiki/Special:FilePath/Wahha.jpg
Q11441681,大阪音楽大学音楽博物館,大阪府,博物館,34.7564170,135.4630830,
Q11428089,堺HAMONOミュージアム,大阪府,博物館,34.5828330,135.4773890,http://commons.wikimedia.org/wiki/Special:FilePath/Sakai%20HAMONO%20Museum.jpg
Q82736373,落語みゅーじあむ,大阪府,博物館,34.8258611,135.4251111,http://commons.wikimedia.org/wiki/Special:FilePath/Rakugo%20museum%20%28Ikeda%2C%20Osaka%29.jpg
Q11440634,大阪市立環境学習センター,大阪府,博物館,34.7121110,135.5785830,http://commons.wikimedia.org/wiki/Special:FilePath/Ikiiki%20chikyukan1.jpg
Q11440165,大阪大谷大学博物館,大阪府,博物館,34.4812500,135.5804440,
Q25051731,奈良市埋蔵文化財調査センター,奈良縣,埋藏文化財中心,34.6702620,135.8035390,
Q11534403,柳沢文庫,奈良縣,專門圖書館,34.6509440,135.7803610,http://commons.wikimedia.org/wiki/Special:FilePath/Yanagisawa%20bunko01s2048.jpg
Q123144581,春日大社国宝殿,奈良縣,宝物館,34.6814700,135.8465600,http://commons.wikimedia.org/wiki/Special:FilePath/Kasuga-taisha%20Kokuh%C5%8D-den.jpg
Q123145206,なら工藝館,奈良縣,工藝博物館,34.6787100,135.8282800,http://commons.wikimedia.org/wiki/Special:FilePath/%E5%B7%A5%E8%97%9D%E9%A4%A8%E3%81%AE%E5%A4%96%E8%A6%B3IMG%201641.jpg
Q123148254,法隆寺大宝蔵院,奈良縣,宝物館,34.6150848,135.7354395,http://commons.wikimedia.org/wiki/Special:FilePath/Horyu-ji28s3200.jpg
Q132298022,国営飛鳥歴史公園館,奈良縣,遊客中心,34.4654190,135.8036070,
Q123553180,平城宮跡資料館,奈良縣,博物館,34.6922910,135.7897190,http://commons.wikimedia.org/wiki/Special:FilePath/Nara%20Palace%20Site%20Museum.jpg
Q11544564,橿原市昆蟲館,奈良縣,昆虫館,34.4913890,135.8269440,http://commons.wikimedia.org/wiki/Special:FilePath/Kashihara-City%20Insectarium.JPG
Q104721839,西大寺聚宝館,奈良縣,宝物館,34.6937970,135.7799090,
Q11388956,入江泰吉記念奈良市寫真美術館,奈良縣,攝影博物館,34.6755830,135.8454170,http://commons.wikimedia.org/wiki/Special:FilePath/Irie%20Taikichi%20Memorial%20Museum.jpg
Q4811853,飛鳥資料館,奈良縣,附属機関,34.4845040,135.8249620,http://commons.wikimedia.org/wiki/Special:FilePath/Nabunken-asuka.jpg
Q104721805,水平社博物館,奈良縣,博物館,34.4603840,135.7612200,http://commons.wikimedia.org/wiki/Special:FilePath/%E6%B0%B4%E5%B9%B3%E7%A4%BE%E5%8D%9A%E7%89%A9%E9%A4%A8%202012.6.14%20-%20panoramio.jpg
Q3788874,富本憲吉紀念館,奈良縣,美術館,34.6041000,135.7570000,http://commons.wikimedia.org/wiki/Special:FilePath/Kenkichi%20Tomimoto%20Memorial%20Hall03s3200.jpg
Q123147199,歴史に憩う橿原市博物館,奈良縣,市立博物館,34.4795400,135.7716120,http://commons.wikimedia.org/wiki/Special:FilePath/Kashihara%20city%20museum.jpg
Q104721810,十津川村歴史民俗資料館,奈良縣,地方文化館,33.9886930,135.7931180,
Q104721843,奈良大学博物館,奈良縣,大學博物館,34.7151020,135.7811270,
Q123150030,高松塚古墳壁画館,奈良縣,考古博物館,34.4621400,135.8063300,http://commons.wikimedia.org/wiki/Special:FilePath/Takamatsuzuka%20Hekigagan.jpg
Q22952132,唐古・鍵考古学ミュージアム,奈良縣,考古博物館,34.5573637,135.8023821,
Q110392976,古都奈良かんざし美術館,奈良縣,博物館,34.6841620,135.8243120,
Q104721841,香芝市二上山博物館,奈良縣,博物館,34.5425630,135.6991780,
Q132234293,犬養万葉記念館,奈良縣,纪念博物馆,34.4704840,135.8225710,http://commons.wikimedia.org/wiki/Special:FilePath/%E7%8A%AC%E9%A4%8A%E4%B8%87%E8%91%89%E8%A8%98%E5%BF%B5%E9%A4%A8%2001.jpg
Q11445231,奈良縣立美術館,奈良縣,美術館,34.6858610,135.8325830,http://commons.wikimedia.org/wiki/Special:FilePath/Nara%20Prefectural%20Museum%20of%20Art%20201409.jpg
Q11445177,奈良縣立萬葉文化館,奈良縣,美術館,34.4772222,135.8222222,http://commons.wikimedia.org/wiki/Special:FilePath/Man%27y%C5%8D-%20Museum%20Entrance.jpg
Q70718713,橿原市立こども科学館,奈良縣,兒童博物館,34.5004860,135.7963860,http://commons.wikimedia.org/wiki/Special:FilePath/Kashihara%20childHallofScience.jpg
Q147312,奈良国立博物馆,奈良縣,國立博物館,34.6837000,135.8364000,http://commons.wikimedia.org/wiki/Special:FilePath/140927%20Nara%20National%20Museum%20Nara%20Japan03bs5.jpg
Q11445098,奈良市美術館,奈良縣,美術館,34.6851667,135.8021667,http://commons.wikimedia.org/wiki/Special:FilePath/Nara%20City%20Museum%202020%2C9.jpg
Q11529256,松伯美術館,奈良縣,美術館,34.7100170,135.7471780,http://commons.wikimedia.org/wiki/Special:FilePath/Yang%20Guifei%20by%20Uemura%20Shoen%20%28Shohaku%20Art%20Museum%29.jpg
Q97613662,市立五條文化博物館,奈良縣,文化博物館,34.3796944,135.6850556,
Q11511073,旧柳生藩家老屋敷,奈良縣,武家地,34.7324440,135.9502220,http://commons.wikimedia.org/wiki/Special:FilePath/Kyu-Yagyuhan%20karoyashiki06n3200.jpg
Q11617979,茶房長谷路,奈良縣,餐館,34.5312778,135.9063056,http://commons.wikimedia.org/wiki/Special:FilePath/Haseji%20Sakurai%20Nara%20pref%20Japan01s3.jpg
Q17228378,天理市立黑塚古墳展示館,奈良縣,考古博物館,34.5600830,135.8440280,http://commons.wikimedia.org/wiki/Special:FilePath/Kuroduka%20kofun%20museum01s3200.jpg
Q24807771,奈良市史料保存館,奈良縣,歷史博物館,34.6777640,135.8292240,http://commons.wikimedia.org/wiki/Special:FilePath/Nara%20City%20Museum%20for%20Historical%20Resources.JPG
Q123146797,箱本館 ｢紺屋｣,奈良縣,博物館,34.6477300,135.7852000,http://commons.wikimedia.org/wiki/Special:FilePath/Hakomotokan%20konya01s1600.jpg
Q122658838,奈良町からくりおもちゃ館,奈良縣,地方文化館,34.6772850,135.8281170,http://commons.wikimedia.org/wiki/Special:FilePath/Naramachi%20Karakuri%20Omocha-kan%2001.jpg
Q3329639,大和文華館,奈良縣,美術館,34.6952778,135.7566667,http://commons.wikimedia.org/wiki/Special:FilePath/Yamato%20Bunkakan01s4592.jpg
Q133268573,當麻寺奥院宝物館,奈良縣,宝物館,34.5162960,135.6938900,http://commons.wikimedia.org/wiki/Special:FilePath/Taimadera%20Okunoin%20homotuden.jpg
Q11620899,葛城市相撲館,奈良縣,博物館,34.5155560,135.7033330,http://commons.wikimedia.org/wiki/Special:FilePath/Katsuragishi%20sumokan.jpg
Q132233932,明日香村埋蔵文化財展示室,奈良縣,埋藏文化財中心,34.4812620,135.8180030,http://commons.wikimedia.org/wiki/Special:FilePath/ASUKA%20Village%20Cultural%20Assete%20Depository%20201611.jpg
Q132299258,藤原宮跡資料室,奈良縣,博物館,34.4979320,135.8148890,
Q104721812,東洋民俗博物館,奈良縣,民俗博物館,34.6996890,135.7573120,
Q123554850,平城宮いざない館,奈良縣,遊客中心,34.6859290,135.7950990,
Q136745798,奈良トヨタ・まほろばミュージアム,奈良縣,公司博物館,34.6681610,135.7996470,http://commons.wikimedia.org/wiki/Special:FilePath/NARA%20TOYOTA%20MAHOROBA%20MUSEUM.jpg
Q112961122,奈良県立橿原考古学研究所附属博物館,奈良縣,考古博物館,34.4922257,135.7913271,http://commons.wikimedia.org/wiki/Special:FilePath/The%20Museum%2CArchaeological%20Institute%20of%20Kashihara%2CNara%20Prefecture.jpg
Q11445220,奈良縣立民俗博物館,奈良縣,都道府县立博物馆,34.6528890,135.7542220,http://commons.wikimedia.org/wiki/Special:FilePath/150912%20Nara%20Prefectural%20Folk%20Museum%20Yamatokoriyama%20Nara%20pref%20Japan01s3.jpg
Q123147258,喜多美術館,奈良縣,现代美术馆,34.5246100,135.8537720,
Q123246926,唐招提寺新宝蔵,奈良縣,宝物館,34.6758360,135.7863010,http://commons.wikimedia.org/wiki/Special:FilePath/Toshodaiji%20Nara%20Nara%20pref34n4592.jpg
Q11457608,寧樂美術館,奈良縣,美術館,34.6860000,135.8371390,http://commons.wikimedia.org/wiki/Special:FilePath/Isuien%20Nara18nt3200.jpg
Q17229261,天理參考館,奈良縣,大學博物館,34.5975280,135.8427780,http://commons.wikimedia.org/wiki/Special:FilePath/Tenri%20sanko-kan01s3200.jpg
Q11445139,奈良町資料館,奈良縣,历史房屋博物馆,34.6768890,135.8300280,http://commons.wikimedia.org/wiki/Special:FilePath/Naramachi-shiryokan%20Nara02n3200.jpg
Q123145033,興福寺国宝館,奈良縣,宝物館,34.6835330,135.8325500,http://commons.wikimedia.org/wiki/Special:FilePath/Kofukuji%20kokuhokan.jpg
Q123148109,大亀和尚民芸館,奈良縣,民俗博物館,34.4804580,135.9233320,
Q132643686,奈良おもちゃ美術館,奈良縣,玩具博物館,34.5954490,135.6804570,
Q109538610,生駒ふるさとミュージアム,奈良縣,博物館,34.6905556,135.7043889,http://commons.wikimedia.org/wiki/Special:FilePath/Ikoma%20Furusato%20Museum%202021-11%20ac%20%281%29.jpg
Q11481054,帝塚山大学附属博物館,奈良縣,大學博物館,34.6861000,135.7239080,
Q11620897,葛城市历史博物馆,奈良縣,博物館,34.4772220,135.7309720,http://commons.wikimedia.org/wiki/Special:FilePath/Katsuragishi%20rekishi%20hakubutsukan.jpg
Q11367709,中野美術館,奈良縣,美術館,34.6942780,135.7559440,http://commons.wikimedia.org/wiki/Special:FilePath/Nakano%20museum01bs3200.jpg
Q11450499,安堵町歴史民俗資料館,奈良縣,博物館,34.6048660,135.7583020,
Q11526186,東北大学総合学術博物館,宮城縣,大學博物館,38.2579167,140.8373333,http://commons.wikimedia.org/wiki/Special:FilePath/The%20Tohoku%20University%20Museum.jpg
Q133043187,石巻市博物館,宮城縣,市立博物館,38.4589030,141.3058030,
Q61058067,伝統芸能伝承館森舞台,宮城縣,剧院博物馆,38.6594444,141.2802778,http://commons.wikimedia.org/wiki/Special:FilePath/Moributai%2CTome.jpg
Q21652440,石巻市立門脇小学校,宮城縣,海嘯博物館,38.4215280,141.3051940,http://commons.wikimedia.org/wiki/Special:FilePath/Kadonowaki%20Elementary%20School.jpg
Q11304896,サトル・サトウ・アート・ミュージアム,宮城縣,美術館,38.7190833,141.2435000,http://commons.wikimedia.org/wiki/Special:FilePath/Satoru%20museum-1-.jpg
Q105944997,気仙沼市東日本大震災遺構・伝承館,宮城縣,旧学校施設,38.8312500,141.5909722,http://commons.wikimedia.org/wiki/Special:FilePath/Ruins%20of%20the%20Great%20East%20Japan%20Earthquake%20Kesennuma%20City%20Memorial%20Museum.jpg
Q11624739,藤田喬平ガラス美術館,宮城縣,美術館,38.3759444,141.0717500,
Q59760131,武山米店炊飯博物館,宮城縣,公司博物館,38.9069444,141.5727778,http://commons.wikimedia.org/wiki/Special:FilePath/Takeyama%20Rice%20Museum.jpg
Q132911456,栗原市一迫埋蔵文化財センター,宮城縣,埋藏文化財中心,38.7420560,140.9471080,
Q22119783,中本誠司現代美術館,宮城縣,历史房屋博物馆,38.2947220,140.8630560,http://commons.wikimedia.org/wiki/Special:FilePath/Seishinakamotomuseum.jpg
Q87746275,仙台市歴史民俗資料館,宮城縣,历史建筑,38.2609167,140.8983056,http://commons.wikimedia.org/wiki/Special:FilePath/%D0%A1%D0%B5%D0%BD%D0%B4%D0%B0%D0%B9%D1%81%D0%BA%D0%B8%D0%B9%20%D0%B3%D0%BE%D1%80%D0%BE%D0%B4%D1%81%D0%BA%D0%BE%D0%B9%20%D0%BC%D1%83%D0%B7%D0%B5%D0%B9%20%D0%B8%D1%81%D1%82%D0%BE%D1%80%D0%B8%D0%B8%20%D0%B8%20%D0%B1%D1%8B%D1%82%D0%B0%201.jpg
Q59159655,警察資料館,宮城縣,警察博物館,38.6513889,141.2812778,http://commons.wikimedia.org/wiki/Special:FilePath/Police%20museum%20toyoma.jpg
Q11505556,日本こけし館,宮城縣,人形博物館,38.7361111,140.6975000,http://commons.wikimedia.org/wiki/Special:FilePath/Japan%20Kokeshi%20Museum.jpg
Q124655131,仙臺緑彩館,宮城縣,遊客中心,38.2571010,140.8587930,http://commons.wikimedia.org/wiki/Special:FilePath/Sendai%20Ryokusaikan%2020230806a.jpg
Q11621865,蔵の郷土館齋理屋敷,宮城縣,地方文化館,37.9133330,140.7619440,http://commons.wikimedia.org/wiki/Special:FilePath/Sairi%20Residence.jpg
Q60988262,南三陸町民俗資料館,宮城縣,旧学校施設,38.7191667,141.5229167,http://commons.wikimedia.org/wiki/Special:FilePath/Minamisanriku%20minzoku%20Museum.jpg
Q4416112,仙台天文台,宮城縣,社会教育施設,38.2582389,140.7549667,http://commons.wikimedia.org/wiki/Special:FilePath/Sendaishi%20Tenmondai%202008-07-01a.jpg
Q108603935,追分溫泉,宮城縣,温泉镇,38.5814770,141.3681890,
Q21652335,アクアテラス錦ケ丘,宮城縣,水族館,38.2571111,140.7650556,
Q20043654,風の沢ミュージアム,宮城縣,古民家,38.7810556,140.9570556,
Q11548030,気仙沼市大谷鉱山歴史資料館,宮城縣,礦業博物館,38.8146670,141.5273610,http://commons.wikimedia.org/wiki/Special:FilePath/Oya%20Gold%20Mine%20Historical%20Museum.jpg
Q22118917,塩竈市杉村惇美術館,宮城縣,人物紀念館,38.3158333,141.0166667,http://commons.wikimedia.org/wiki/Special:FilePath/211030%20Shiogama%20Sugimura%20Jun%20Museum%20of%20Art%20Shiogama%20Miyagi%20pref%20Japan01s3.jpg
Q4391562,石之森萬畫館,宮城縣,人物紀念館,38.4296310,141.3106900,http://commons.wikimedia.org/wiki/Special:FilePath/MangattanMuseum002.jpg
Q24899769,晩翠草堂,宮城縣,历史房屋博物馆,38.2594170,140.8693330,http://commons.wikimedia.org/wiki/Special:FilePath/BansuiSoudou.jpg
Q11294808,カメイ美術館,宮城縣,美術館,38.2547170,140.8813060,http://commons.wikimedia.org/wiki/Special:FilePath/Museum%20of%20Kamei%20Collection.jpg
Q85881218,東北学院大学博物館,宮城縣,大學博物館,38.2488056,140.8799167,
Q84590471,原阿佐緒記念館,宮城縣,人物紀念館,38.4053056,140.8468611,http://commons.wikimedia.org/wiki/Special:FilePath/Hara%20Asao%20Memorial%20Hall.jpg
Q11400686,化女沼レジャーランド,宮城縣,主題樂園,38.6322778,140.9664444,http://commons.wikimedia.org/wiki/Special:FilePath/Kejonumarejaarando.JPG
Q22118153,大衡村ふるさと美術館,宮城縣,美術館,38.4691667,140.8819444,http://commons.wikimedia.org/wiki/Special:FilePath/Ohira%20Furusato1.JPG
Q7741262,冰水族馆,宮城縣,水族館,38.9001000,141.5800000,http://commons.wikimedia.org/wiki/Special:FilePath/Kesennuma%20uminoiti.jpg
Q28691703,登米市歴史博物館,宮城縣,歷史博物館,38.6939167,141.1949444,
Q7830685,旧登米高等尋常小学校校舎,宮城縣,旧学校施設,38.6553000,141.2800000,http://commons.wikimedia.org/wiki/Special:FilePath/Toyoma%20school%20museum050807.jpg
Q81950736,みちのく伊達政宗歴史館,宮城縣,歷史博物館,38.3716389,141.0655556,http://commons.wikimedia.org/wiki/Special:FilePath/%E3%81%BF%E3%81%A1%E3%81%AE%E3%81%8F%E4%BC%8A%E9%81%94%E6%94%BF%E5%AE%97%E6%AD%B4%E5%8F%B2%E9%A4%A8.jpg
Q11391333,八木山ベニーランド,宮城縣,主題樂園,38.2466667,140.8486111,http://commons.wikimedia.org/wiki/Special:FilePath/Yagiyama%20BenyLand%202022.jpg
Q3330092,仙台市博物館,宮城縣,市立博物館,38.2560650,140.8566850,http://commons.wikimedia.org/wiki/Special:FilePath/Sendai%20City%20Museum%2020251221a.jpg
Q48744156,石ノ森章太郎ふるさと記念館,宮城縣,動漫博物館,38.7198740,141.2135390,
Q64143388,奥松島縄文村歴史資料館,宮城縣,歷史博物館,38.3380250,141.1474880,http://commons.wikimedia.org/wiki/Special:FilePath/Mt.%20Ootakamori%2002.JPG
Q78121486,東北福祉大学芹沢銈介美術工芸館,宮城縣,大学美术馆,38.2795556,140.8472778,
Q38267005,仙台万華鏡美術館,宮城縣,美術館,38.2213889,140.7400833,http://commons.wikimedia.org/wiki/Special:FilePath/Sendai%20Kaleidoscope%20Art%20Museum.jpg
Q109265542,名取市震災復興伝承館,宮城縣,海嘯博物館,38.1768724,140.9538187,http://commons.wikimedia.org/wiki/Special:FilePath/Natori%20City%20Earthquake%20Reconstruction%20Tradition%20Center%201.jpg
Q61398113,リアス・アーク美術館,宮城縣,美術館,38.8810278,141.5501111,http://commons.wikimedia.org/wiki/Special:FilePath/Riasu%20ark%20museum.jpg
Q11619469,菅野美術館,宮城縣,彫刻美術館,38.3113889,141.0055556,
Q3246933,東北歷史博物館,宮城縣,歷史博物館,38.3000000,140.9940000,http://commons.wikimedia.org/wiki/Special:FilePath/Tohoku%20Rekishi%20Hakubutsukan%202008-11.jpg
Q17995372,仙台麵包超人兒童博物館暨購物中心,宮城縣,主題公園,38.2642780,140.8874440,http://commons.wikimedia.org/wiki/Special:FilePath/Sendai%20Anpanman%20Children%27s%20Museum%20%26%20Mall.JPG
Q11378011,仙台文学館,宮城縣,文學館,38.2966220,140.8760860,http://commons.wikimedia.org/wiki/Special:FilePath/Sendai%20Bungaku%20kan1%20crop.jpg
Q11454001,宮城藏王狐狸村,宮城縣,動物園,38.0409940,140.5303080,http://commons.wikimedia.org/wiki/Special:FilePath/Kitsune%20mura%20H26Dec13.JPG
Q11494971,感覚ミュージアム,宮城縣,美術館,38.6565830,140.8706670,http://commons.wikimedia.org/wiki/Special:FilePath/Kankaku-Museum%20101218.jpg
Q11424312,地底の森ミュージアム,宮城縣,考古博物館,38.2227778,140.8725000,http://commons.wikimedia.org/wiki/Special:FilePath/Sendai%20City%20Tomizawa%20Site%20Museum1.jpg
Q11435024,大崎市三本木亜炭記念館,宮城縣,礦業博物館,38.5216000,140.9383810,http://commons.wikimedia.org/wiki/Special:FilePath/Sanbongi%20Brown%20Coal%20Memorial%20Hall%20exterior%2C%20in%202010-03-06.jpg
Q109255730,みやぎ東日本大震災津波伝承館,宮城縣,海嘯博物館,38.4180833,141.3048056,
Q11453791,宮城县美术馆,宮城縣,美術館,38.2640560,140.8549170,http://commons.wikimedia.org/wiki/Special:FilePath/The%20miyagi%20museum%20of%20art01s3872.jpg
Q135973129,川島美術館,宮城縣,美術館,38.2646066,140.8739707,
Q11341120,マリンピア松島水族館,宮城縣,水族館,38.3675560,141.0598330,http://commons.wikimedia.org/wiki/Special:FilePath/Matsushima%20Suizokukan%202008-07.jpg
Q109276969,MEET門脇,宮城縣,海嘯博物館,38.4205556,141.3042778,
Q11377856,仙台市科学館,宮城縣,科學博物館,38.2989940,140.8831040,http://commons.wikimedia.org/wiki/Special:FilePath/Sendai%20City%20Science%20Museum.jpg
Q28692054,にしぴりかの美術館,宮城縣,美術館,38.4463890,140.8836110,http://commons.wikimedia.org/wiki/Special:FilePath/NishipirikanoArt.jpg
Q11435026,大崎市松山ふるさと歴史館,宮城縣,地方文化館,38.5119220,141.0516280,http://commons.wikimedia.org/wiki/Special:FilePath/Osaki%20City%20Matsuyama%20Furusato%20History%20Museum%20exterior%2C%20in%20Osaki%2C%20Miyagi.jpg
Q105859324,Whale Town牡鹿,宮城縣,遊客中心,38.2948056,141.5097500,http://commons.wikimedia.org/wiki/Special:FilePath/Whale%20Town%20Oshika.jpg
Q17222417,仙台海之杜水族館,宮城縣,水族館,38.2710833,140.9806667,http://commons.wikimedia.org/wiki/Special:FilePath/Sendai%20Umino-Mori%20Aquarium.JPG
Q123483175,多賀城市埋蔵文化財調査センター,宮城縣,埋藏文化財中心,38.2957350,141.0055040,
Q11435027,大崎市松山酒ミュージアム,宮城縣,日本清酒博物館,38.5116440,141.0519970,http://commons.wikimedia.org/wiki/Special:FilePath/Osaki%20City%20Matsuyama%20Sake%20Museum%20exterior%2C%20in%20Osaki%2C%20Miyagi.jpg
Q11353371,七濱國際村,宮城縣,音樂廳,38.2983060,141.0675830,http://commons.wikimedia.org/wiki/Special:FilePath/Amphitheatre%20of%20Shichigahama%20Kokusai-mura%201.JPG
Q11377845,仙台市戦災復興記念館,宮城縣,音樂廳,38.2608330,140.8671110,http://commons.wikimedia.org/wiki/Special:FilePath/Sendai%20City%20War%20Reconstruction%20Memorial%20Hall%20cropped.jpg
Q21653531,七夕ミュージアム,宮城縣,博物館,38.2574720,140.9559360,http://commons.wikimedia.org/wiki/Special:FilePath/Tanabata%20Museum%2C%20Miyagi%2001.jpg
Q85883931,輪王寺,宮城縣,觀光景點,38.2832730,140.8587320,http://commons.wikimedia.org/wiki/Special:FilePath/Rinnoji%20%287399308806%29.jpg
Q61058058,鲨鱼博物馆,宮城縣,博物館,38.9008362,141.5793556,http://commons.wikimedia.org/wiki/Special:FilePath/Kesennuma%20uminoiti.jpg
Q97212652,宮崎科学技術館,宮崎縣,科學博物館,31.9144722,131.4338333,http://commons.wikimedia.org/wiki/Special:FilePath/Miyazaki%20Science%20Center%2020170318-2.jpg
Q124111909,大いちょう展望台,宮崎縣,觀景台,32.4933333,131.2352778,
Q127451377,宮崎大学農学部附属農業博物館,宮崎縣,農業博物館,31.8291680,131.4127970,
Q11643548,都城歴史資料館,宮崎縣,歷史博物館,31.7161861,131.0502639,http://commons.wikimedia.org/wiki/Special:FilePath/MIYAKONOJOU%20022.JPG
Q60987618,舊吉松家住宅,宮崎縣,历史房屋博物馆,31.4640280,131.2288890,http://commons.wikimedia.org/wiki/Special:FilePath/Kyu%20Yoshimatsuke%20Juutaku.jpg
Q68478310,宮崎縣立西都原考古博物館,宮崎縣,都道府县立博物馆,32.1253611,131.3823889,http://commons.wikimedia.org/wiki/Special:FilePath/Saitobaru%20Archaeology%20Museum.jpg
Q84417156,若山牧水記念文学館,宮崎縣,文學館,32.3611667,131.4632500,
Q11394557,內藤紀念館,宮崎縣,博物館,32.5818060,131.6587500,http://commons.wikimedia.org/wiki/Special:FilePath/Nobeoka%20Castle%20Naito%20Memorial%20Museum%202023.jpg
Q11673179,高鍋町歷史綜合資料館,宮崎縣,博物館,32.1223056,131.5024444,
Q85879543,宮崎神宮徴古館,宮崎縣,博物館,31.9374444,131.4241944,http://commons.wikimedia.org/wiki/Special:FilePath/Facility%20of%20Miyazaki%20jingu%20Shrine.jpg
Q3298536,宮崎縣立美術館,宮崎縣,美術館,31.9341667,131.4194444,http://commons.wikimedia.org/wiki/Special:FilePath/Miyazaki%20Prefectural%20Art%20Museum.jpg
Q11299478,願望成真十字之海,宮崎縣,觀光景點,32.4176111,131.6776389,http://commons.wikimedia.org/wiki/Special:FilePath/O%20mar%20da%20cruz%20Hyuga%20Miyazaki.jpg
Q11673182,高鍋町美術館,宮崎縣,美術館,32.1208333,131.5038889,http://commons.wikimedia.org/wiki/Special:FilePath/Takanabe%20museum%20of%20art.jpg
Q97212589,大淀川学習館,宮崎縣,科學博物館,31.9488611,131.4065000,
Q11643539,都城市立美術館,宮崎縣,美術館,31.7192778,131.0630556,http://commons.wikimedia.org/wiki/Special:FilePath/Miyakonojo%20City%20Museum%20of%20Art%202010.JPG
Q4677133,宮崎縣綜合博物館,宮崎縣,都道府县立博物馆,31.9400000,131.4236111,http://commons.wikimedia.org/wiki/Special:FilePath/Miyazaki%20Miyazaki%20Prefectural%20Museum%201.jpg
Q11627046,西の正倉院,宮崎縣,建築物,32.3864444,131.3315278,http://commons.wikimedia.org/wiki/Special:FilePath/Nishi-no-Shosoin%2C%20Misato%2C%20Miyazaki.jpg
Q104784238,椎葉民俗芸能博物館,宮崎縣,民俗博物館,32.4638889,131.1552778,http://commons.wikimedia.org/wiki/Special:FilePath/%E6%A4%8E%E8%91%89%E6%B0%91%E6%97%8F%E8%8A%B8%E8%83%BD%E5%8D%9A%E7%89%A9%E9%A4%A8%20-%20panoramio.jpg
Q133297566,天岩戸神社徴古館,宮崎縣,宝物館,32.7342000,131.3496670,
Q123517075,宮崎市佐土原歴史資料館,宮崎縣,歷史博物館,32.0478300,131.4258300,http://commons.wikimedia.org/wiki/Special:FilePath/Sadowara%20Castle%202010.JPG
Q28684385,礪波散居村博物館,富山縣,博物館,36.6258889,136.9638333,http://commons.wikimedia.org/wiki/Special:FilePath/Tonami%20Sankyoson%20Museum%20johokan.jpg
Q11674014,魚津埋没林博物館,富山縣,博物館,36.8225000,137.3950000,http://commons.wikimedia.org/wiki/Special:FilePath/Uozu%20Buried%20Forest%20Museum%20ac%20%281%29.jpg
Q28687459,富山市民俗民芸村,富山縣,美術館,36.7102780,137.1894440,http://commons.wikimedia.org/wiki/Special:FilePath/Thatched%20Roof%20Folk%20Art%20Museum.jpg
Q30931030,高岡市伏木気象資料館,富山縣,氣象站,36.7923608,137.0558113,http://commons.wikimedia.org/wiki/Special:FilePath/%E9%AB%98%E5%B2%A1%E5%B8%82%E4%BC%8F%E6%9C%A8%E6%B0%97%E8%B1%A1%E8%B3%87%E6%96%99%E9%A4%A8%EF%BC%88%E6%97%A7%E4%BC%8F%E6%9C%A8%E6%B8%AC%E5%80%99%E6%89%80%EF%BC%8920240211-P1039017.jpg
Q11669507,高岡市立博物館,富山縣,市立博物館,36.7464720,137.0210280,http://commons.wikimedia.org/wiki/Special:FilePath/%E9%AB%98%E5%B2%A1%E5%B8%82%E7%AB%8B%E5%8D%9A%E7%89%A9%E9%A4%A8.jpg
Q11342840,蜃景樂園,富山縣,主題樂園,36.8000000,137.3858333,http://commons.wikimedia.org/wiki/Special:FilePath/Mirage%20Land.jpg
Q30925155,氷見市立博物館,富山縣,市立博物館,36.8528889,136.9868056,http://commons.wikimedia.org/wiki/Special:FilePath/Himi%20City%20Museum.jpg
Q48763471,冰見市潮風畫廊,富山縣,美術館,36.8591390,136.9873330,
Q11456516,富山縣立山博物館,富山縣,博物館,36.5827110,137.3934890,http://commons.wikimedia.org/wiki/Special:FilePath/Tateyama-museum%20toyama-pref.jpg
Q104708926,高岡市万葉歴史館,富山縣,文學館,36.7955940,137.0461030,
Q21653817,富山市玻璃美術館,富山縣,美術館,36.6885830,137.2147500,http://commons.wikimedia.org/wiki/Special:FilePath/TOYAMA%E3%82%AD%E3%83%A9%E3%83%AA.jpg
Q6940951,富山縣立近代美術館,富山縣,美術館,36.6801389,137.2127778,http://commons.wikimedia.org/wiki/Special:FilePath/Toyama%20Museum%20of%20Modern%20Art.jpg
Q11458551,射水市大島絵本館,富山縣,繪本博物館,36.7341670,137.0739720,http://commons.wikimedia.org/wiki/Special:FilePath/%E5%A4%A7%E5%B3%B6%E7%B5%B5%E6%9C%AC%E9%A4%A8.jpg
Q24862337,福野文化創造センターヘリオス,富山縣,文化中心,36.5913333,136.9181667,http://commons.wikimedia.org/wiki/Special:FilePath/Fukuno%20HELiOS.jpg
Q79462052,早月川河川敷の水溜り,富山縣,河跡湖,36.7993028,137.3811250,
Q11678850,黒部市吉田科学館,富山縣,科學博物館,36.9013330,137.4256390,http://commons.wikimedia.org/wiki/Special:FilePath/KUROBE%20YOSHIDA%20SCIENCE%20MUSEUM%202022-09.jpg
Q28684363,滑川市立博物館,富山縣,美術館,36.7419167,137.3916111,
Q104708822,南砺市埋蔵文化財センター,富山縣,埋藏文化財中心,36.5652780,136.9486080,
Q55526676,樂翠亭美術館,富山縣,历史房屋博物馆,36.7061944,137.2171667,
Q11674043,魚津歴史民俗博物館,富山縣,民俗博物館,36.8261111,137.4490278,
Q132196956,富山県北方領土史料室,富山縣,遊客中心,36.8918550,137.4189730,
Q11456417,富山市鄉土博物館,富山縣,天守,36.6927780,137.2113890,http://commons.wikimedia.org/wiki/Special:FilePath/Toyama%20Municipal%20Folk%20Museum%20%28mock%20keep%20tower%20of%20the%20Toyama%20Castle%29%2020180503.jpg
Q11674044,魚津水族館,富山縣,水族館,36.7983890,137.3881500,http://commons.wikimedia.org/wiki/Special:FilePath/UOZU%20AQUARIUM.jpg
Q30112754,立川破火山口水土流失预防博物馆,富山縣,博物館,36.5822780,137.4458610,http://commons.wikimedia.org/wiki/Special:FilePath/080503%20Tateyama%20Caldera%20Sabo%20Museum%20Tatetana%20Japan10s.jpg
Q133237578,民族薬物資料館,富山縣,大學博物館,36.6787630,137.1416690,
Q116972269,ミュゼふくおかカメラ館,富山縣,攝影博物館,36.7114722,136.9298056,http://commons.wikimedia.org/wiki/Special:FilePath/Fukuoka%20Camera%20Museum.jpg
Q117043485,高岡市福岡歴史民俗資料館,富山縣,博物館,36.7147778,136.9065556,
Q126116503,砺波市埋蔵文化財センター,富山縣,埋藏文化財中心,36.6359722,137.0111944,
Q122878638,朝日町立ふるさと美術館,富山縣,美術館,36.9202500,137.5523330,http://commons.wikimedia.org/wiki/Special:FilePath/Japanese%20Map%20symbol%20%28Museum%29%20w.svg
Q11669915,高志之國文學館,富山縣,文學館,36.6955000,137.2062780,http://commons.wikimedia.org/wiki/Special:FilePath/T-48301%2001.jpg
Q22119820,南砺市立福光美術館,富山縣,人物紀念館,36.5731389,136.8522778,http://commons.wikimedia.org/wiki/Special:FilePath/%E7%A6%8F%E5%85%89%E7%BE%8E%E8%A1%93%E9%A4%A82.jpg
Q30927870,世界一かわいい美術館,富山縣,美術館,36.7438320,137.2971243,http://commons.wikimedia.org/wiki/Special:FilePath/Art%20Museum%20in%20Mizuhashi%2CToyama.jpg
Q11669515,高岡市美術館,富山縣,美術館,36.7512640,137.0265330,http://commons.wikimedia.org/wiki/Special:FilePath/Takaoka%20Art%20Museum%201-1.jpg
Q28690458,Gallery·MILLET,富山縣,美術館,36.6897778,137.2189722,http://commons.wikimedia.org/wiki/Special:FilePath/HOKUGIN%20GALERIE%20MILLET.jpg
Q11456392,富山市科學博物館,富山縣,科學博物館,36.6814610,137.2117710,http://commons.wikimedia.org/wiki/Special:FilePath/Toyama%20Science%20Museum.JPG
Q135090699,朝日町埋蔵文化財保存活用施設 まいぶんKAN,富山縣,歷史博物館,36.9221667,137.5572222,
Q30927608,富山県埋蔵文化財センター,富山縣,考古博物館,36.7103889,137.1807778,
Q28684384,礪波鄉土資料館,富山縣,博物館,36.6387222,136.9613056,http://commons.wikimedia.org/wiki/Special:FilePath/Tonami%20provincial%20museum%2001.jpg
Q112107169,下山藝術之森發電所美術館,富山縣,美術館,36.9071944,137.5308889,http://commons.wikimedia.org/wiki/Special:FilePath/Kokuto%20III%20power%20station%20and%20Nizayama%20Forest%20Art%20Museum%201.jpg
Q11456481,富山縣水墨美術館,富山縣,美術館,36.6990560,137.1965000,http://commons.wikimedia.org/wiki/Special:FilePath/%E5%AF%8C%E5%B1%B1%E6%B0%B4%E5%A2%A8%E7%BE%8E%E8%A1%93%E9%A4%A8.jpg
Q28689689,富山県美術館,富山縣,美術館,36.7105556,137.2100000,http://commons.wikimedia.org/wiki/Special:FilePath/Toyama%20Prefectural%20Museum%20of%20Art%20and%20Design%20seen%20from%20Fugan%20Unga%20Kansui%20Park%2020180504.jpg
Q30921640,射水市新湊博物館,富山縣,博物館,36.7524722,137.0846667,http://commons.wikimedia.org/wiki/Special:FilePath/%E5%B0%84%E6%B0%B4%E5%B8%82%E6%96%B0%E6%B9%8A%E5%8D%9A%E7%89%A9%E9%A4%A8.jpg
Q11277755,螢火魷博物館,富山縣,博物館,36.7744440,137.3444440,http://commons.wikimedia.org/wiki/Special:FilePath/Hotaruika%20Museum%2C%20Toyama%2C%20Japan.jpg
Q99677105,八尾おわら資料館,富山縣,博物館,36.5770278,137.1358333,
Q11384443,佐藤紀念美術館,富山縣,美術館,36.6938890,137.2118330,http://commons.wikimedia.org/wiki/Special:FilePath/Sato%20Memorial%20Art%20Museum%20Toyama02st3200.jpg
Q55537764,西田美術館,富山縣,美術館,36.7186944,137.3635556,http://commons.wikimedia.org/wiki/Special:FilePath/%E8%A5%BF%E7%94%B0%E7%BE%8E%E8%A1%93%E9%A4%A8%E5%A4%96%E8%A6%B3.jpg
Q11465160,尾崎かまぼこ館,富山縣,食物博物館,36.8121389,137.4081667,
Q26424152,秋水美术馆,富山縣,美術館,36.6873610,137.2116670,http://commons.wikimedia.org/wiki/Special:FilePath/Mori%20Shuhei%20Museum%20of%20Art.jpg
Q30925818,松村外次郎記念庄川美術館,富山縣,美術館,36.5723889,136.9948056,http://commons.wikimedia.org/wiki/Special:FilePath/Shogawa%20Memorial%20Museum%20of%20Sotojiro%20Matsumura.jpg
Q124481497,吉久,富山縣,人類聚居地,36.7819444,137.0566667,http://commons.wikimedia.org/wiki/Special:FilePath/%E5%90%89%E4%B9%85%E3%81%AE%E8%A1%97%E4%B8%A6%E3%81%BF.jpg
Q11607744,緑と花と彫刻の博物館,山口縣,植物園,33.9485556,131.2817500,http://commons.wikimedia.org/wiki/Special:FilePath/UBE%20tokiwa%20Museum.JPG
Q131324777,防府市青少年科学館,山口縣,科學博物館,34.0492720,131.5617200,
Q104783687,商家博物館　むろやの園,山口縣,博物館,33.9689520,132.1096270,http://commons.wikimedia.org/wiki/Special:FilePath/Muroya-no-sono%202021-08%20ac.jpg
Q11466848,山口情報芸術センター,山口縣,美術館,34.1696111,131.4672778,http://commons.wikimedia.org/wiki/Special:FilePath/YCAM.jpg
Q104783688,下関市立歴史博物館,山口縣,歷史博物館,33.9959320,130.9840320,http://commons.wikimedia.org/wiki/Special:FilePath/Shimonoseki%20Municipal%20Shimonoseki%20History%20Museum.jpg
Q28003784,熊谷美術館,山口縣,美術館,34.4168420,131.3959900,http://commons.wikimedia.org/wiki/Special:FilePath/Im%20Kumaya%20Museum.jpg
Q11594892,秋吉台サファリランド,山口縣,野生动物园,34.2843056,131.3328889,http://commons.wikimedia.org/wiki/Special:FilePath/Baison%20%E3%82%A2%E3%83%A1%E3%83%AA%E3%82%AB%E3%83%90%E3%82%A4%E3%82%BD%E3%83%B3%E3%81%A8%E3%83%96%E3%83%A9%E3%83%83%E3%82%AF%E3%83%90%E3%83%83%E3%82%AF%E3%81%AE%E7%BE%A4%E3%82%8C.jpg
Q132476267,龍福寺資料館,山口縣,博物館,34.1842060,131.4796990,http://commons.wikimedia.org/wiki/Special:FilePath/Yoshioki%20Ouchi%27s%20statue.JPG
Q132496806,中山神社宝物殿,山口縣,宝物館,34.0063400,130.9176490,http://commons.wikimedia.org/wiki/Special:FilePath/Treasure%20museum%20of%20Nakayama%20Shrine%20in%20Shimonoseki%2C%20Yamaguchi.jpg
Q17216562,はい!からっと横丁,山口縣,主題樂園,33.9530833,130.9412222,http://commons.wikimedia.org/wiki/Special:FilePath/Haikarat%20yokocho.jpg
Q11633980,豊田ホタルの里ミュージアム,山口縣,自然歷史博物館,34.1982500,131.0781110,http://commons.wikimedia.org/wiki/Special:FilePath/Toyota%20Hotaru%20no%20sato%20museum.JPG
Q11361420,關門廣場,山口縣,交通博物館,33.9658135,130.9563117,http://commons.wikimedia.org/wiki/Special:FilePath/%E9%96%A2%E9%96%80%E3%83%97%E3%83%A9%E3%82%B6%E5%85%A8%E6%99%AF202309.jpg
Q132496894,乃木神社宝物館,山口縣,宝物館,33.9993740,130.9860350,http://commons.wikimedia.org/wiki/Special:FilePath/Treasure%20Museum%20of%20Nogi%20Shrine%20in%20Chofu%2C%20Shimonoseki%2C%20Yamaguchi.JPG
Q11523480,村田清風記念館,山口縣,纪念博物馆,34.3696940,131.2149720,
Q132473187,吉田松陰歴史館,山口縣,歷史博物館,34.4123210,131.4167590,http://commons.wikimedia.org/wiki/Special:FilePath/Yoshida%20Shoin%20History%20Museum%20in%20Shoin%20Shrine%202.jpg
Q123478231,岩国学校教育資料館,山口縣,教育博物館,34.1641110,132.1840280,http://commons.wikimedia.org/wiki/Special:FilePath/Iwakuni%20School%20Education%20Museum%2020180501-2.jpg
Q123478322,伊藤公資料館,山口縣,人物紀念館,34.0085960,131.9955210,
Q11620299,萩博物館,山口縣,博物館,34.4132500,131.3904720,http://commons.wikimedia.org/wiki/Special:FilePath/Hagi%20museum%20main%20building.JPG
Q11658604,陸奥記念館,山口縣,海軍博物館,33.9506389,132.4375000,http://commons.wikimedia.org/wiki/Special:FilePath/MUTSU%20SHUBYOU.JPG
Q11420194,回天記念館,山口縣,纪念博物馆,33.9933330,131.7173890,http://commons.wikimedia.org/wiki/Special:FilePath/Kaitenkinenkan01.jpg
Q7881987,山口縣立美術館,山口縣,美術館,34.1795000,131.4740000,http://commons.wikimedia.org/wiki/Special:FilePath/140720%20Yamaguchi%20Prefectural%20Art%20Museum%20Yamaguchi%20Japan03s3.jpg
Q11528306,東行記念館,山口縣,人物紀念館,34.0858760,131.0711240,
Q132473396,萩史料館,山口縣,博物館,34.4156190,131.3817460,http://commons.wikimedia.org/wiki/Special:FilePath/Hagi%20Historical%20Museum%2020170504.jpg
Q109666473,下関市立近代先人顕彰館,山口縣,人物紀念館,33.9590556,130.9411944,http://commons.wikimedia.org/wiki/Special:FilePath/141122%20Tanaka%20Kinuyo%20Cultural%20Museum%20Shimonoseki%20Yamaguchi%20pref%20Japan01s3.jpg
Q11467091,山口県立萩美術館・浦上記念館,山口縣,美術館,34.4094440,131.3943610,http://commons.wikimedia.org/wiki/Special:FilePath/Hagi%20Uragami%20Mus.JPG
Q132477039,のむら美術館,山口縣,美術館,34.1879980,131.4716100,
Q61732106,日清議和紀念館,山口縣,博物館,33.9590000,130.9483333,http://commons.wikimedia.org/wiki/Special:FilePath/Museum%20of%20Treaty%20of%20Shimonoseki%20in%20Shumpanro%20Hotel.JPG
Q11416870,周南市美術博物館,山口縣,美術館,34.0601940,131.8120830,http://commons.wikimedia.org/wiki/Special:FilePath/Shunan%20City%20Museum%20of%20Art%20and%20History.JPG
Q132473321,須佐歴史民俗資料館,山口縣,地方文化館,34.6194800,131.5990750,
Q132496860,赤間神宮宝物殿,山口縣,博物館,33.9595460,130.9484810,
Q104783695,梅光学院大学博物館,山口縣,大學博物館,33.9677980,130.9323870,
Q104783674,山口市歴史民俗資料館,山口縣,歷史博物館,34.1827230,131.4703340,
Q104783675,山口大学埋蔵文化財資料館,山口縣,考古博物館,34.1479280,131.4693770,
Q132482997,あざかみ美術館,山口縣,美術館,33.9975710,131.1827630,
Q11513103,星野哲郎記念館,山口縣,人物紀念館,33.9080830,132.3550280,http://commons.wikimedia.org/wiki/Special:FilePath/%E6%98%9F%E9%87%8E%E5%93%B2%E9%83%8E%E8%A8%98%E5%BF%B5%E9%A4%A8%20%E5%85%A5%E5%8F%A3.JPG
Q11467018,山口縣廳舍,山口縣,历史建筑,34.1850830,131.4720280,http://commons.wikimedia.org/wiki/Special:FilePath/%E5%B1%B1%E5%8F%A3%E7%9C%8C%E6%94%BF%E8%B3%87%E6%96%99%E9%A4%A8.jpg
Q131327176,田布施町郷土館,山口縣,地方文化館,33.9558550,132.0438590,
Q132472371,長門市総合文化財センター ヒストリアながと,山口縣,博物館,34.3656230,131.1817840,
Q11422937,土井濱遺蹟,山口縣,遺跡,34.2935280,130.8862220,
Q132473256,阿武川歴史民族資料館,山口縣,博物館,34.3558430,131.4880700,
Q11547697,舊毛利家本邸,山口縣,历史房屋博物馆,34.0633742,131.5874626,http://commons.wikimedia.org/wiki/Special:FilePath/Hofu%20Mouri%20Residence%20and%20Museum.JPG
Q17209837,三国志城博物館,山口縣,廃止された博物館,33.9918610,132.0248890,http://commons.wikimedia.org/wiki/Special:FilePath/%E4%B8%89%E5%9B%BD%E5%BF%97%E5%9F%8E%E5%8D%9A%E7%89%A9%E9%A4%A8.jpg
Q131327983,逍雲堂美術館,山口縣,美術館,33.9489850,131.2481680,http://commons.wikimedia.org/wiki/Special:FilePath/2004%E5%B9%B4%E9%80%8D%E9%9B%B2%E5%A0%82%E7%BE%8E%E8%A1%93%E9%A4%A8%20-%20panoramio.jpg
Q104783677,防府天満宮歴史館,山口縣,歷史博物館,34.0627040,131.5737570,
Q132493371,美祢市歴史民俗資料館,山口縣,博物館,34.1659730,131.2074600,
Q132479089,防府市文化財郷土資料館,山口縣,博物館,34.0490220,131.5627020,http://commons.wikimedia.org/wiki/Special:FilePath/Hofu%20City%20Cultural%20Property%20Folk%20Museum%202021-08%20ac%20%281%29.jpg
Q132472853,金子みすゞ記念館,山口縣,人物紀念館,34.3914850,131.1986660,http://commons.wikimedia.org/wiki/Special:FilePath/Misuzu-museum.jpg
Q98231521,吉川史料館,山口縣,歷史博物館,34.1704444,132.1776944,http://commons.wikimedia.org/wiki/Special:FilePath/View%20of%20Kikkawa%20Historical%20Museum.jpg
Q100965041,海峽夢之塔,山口縣,觀光塔,33.9501090,130.9294680,http://commons.wikimedia.org/wiki/Special:FilePath/Yamaguchi%20international%20synthesis%20center%2020130721.jpg
Q4982385,下関市立考古博物館,山口縣,考古博物館,34.0113889,130.9261111,http://commons.wikimedia.org/wiki/Special:FilePath/%E4%B8%8B%E9%96%A2%E5%B8%82%E7%AB%8B%E8%80%83%E5%8F%A4%E5%8D%9A%E7%89%A9%E9%A4%A8.JPG
Q104783799,松陰神社宝物殿至誠館,山口縣,人物紀念館,34.4118490,131.4174110,http://commons.wikimedia.org/wiki/Special:FilePath/Shiseikan%20Hall%20in%20Shoin%20Shrine%203.jpg
Q98456383,岩国徴古館,山口縣,歷史博物館,34.1709370,132.1771950,http://commons.wikimedia.org/wiki/Special:FilePath/Iwakuni%20Chokokan%20ac%20%281%29.jpg
Q131329187,酒井酒造美術館・五橋文庫,山口縣,美術館,34.1693990,132.1778860,
Q11363110,中原中也紀念館,山口縣,文學館,34.1647500,131.4578610,http://commons.wikimedia.org/wiki/Special:FilePath/%E4%B8%AD%E5%8E%9F%E4%B8%AD%E4%B9%9F%E8%A8%98%E5%BF%B5%E9%A4%A8%20%2826489554980%29.jpg
Q104783860,山陽小野田市歴史民俗資料館,山口縣,博物館,33.9909940,131.1761940,
Q104783681,菊屋家住宅,山口縣,历史房屋博物馆,34.4127820,131.3937840,http://commons.wikimedia.org/wiki/Special:FilePath/Residence%20of%20Kikuya%20Family%2020170504.jpg
Q4707661,山口县立山口博物馆,山口縣,都道府县立博物馆,34.1825000,131.4730000,http://commons.wikimedia.org/wiki/Special:FilePath/140720%20Yamaguchi%20Museum%20Yamaguchi%20Japan01s39.jpg
Q28690114,柏原美術館,山口縣,美術館,34.1713889,132.1748611,http://commons.wikimedia.org/wiki/Special:FilePath/Iwakuni%20Art%20Museum%2020180501-1.jpg
Q132480639,山頭火ふるさと館,山口縣,博物館,34.0611690,131.5726010,
Q104783682,月性展示館,山口縣,博物館,33.9573920,132.1462590,
Q48752477,なぎさ水族館,山口縣,水族館,33.9512500,132.4379167,http://commons.wikimedia.org/wiki/Special:FilePath/NagisaAquarium.jpg
Q17217516,宇部市学びの森くすのき,山口縣,公共圖書館,34.0451670,131.2237220,
Q97342261,下関市立美術館,山口縣,美術館,33.9897380,130.9908120,http://commons.wikimedia.org/wiki/Special:FilePath/Shimonoseki%20Municipal%20Art%20Museum.jpg
Q131328929,下関市烏山民俗資料館,山口縣,地方文化館,34.1377250,130.9394780,
Q132496714,住吉神社宝物館,山口縣,宝物館,33.9988720,130.9568300,http://commons.wikimedia.org/wiki/Special:FilePath/Treasure%20museum%20of%20Sumiyoshi%20Shrine.jpg
Q132493850,美祢市化石館,山口縣,古生物博物馆,34.1673360,131.2075570,
Q11361458,下関市立長府博物館,山口縣,博物館,33.9954720,130.9822310,http://commons.wikimedia.org/wiki/Special:FilePath/Shimonoseki%20Chofu%20Museum.JPG
Q132473356,石井茶碗美術館,山口縣,陶瓷博物館,34.4106050,131.3932060,
Q56224457,基拉拉玻璃未來館,山口縣,生涯学習センター,33.9431111,131.1703611,http://commons.wikimedia.org/wiki/Special:FilePath/Kirara%20Glass%20Miraikan.jpg
Q132472767,萩陶芸美術館「吉賀大眉記念館」,山口縣,陶瓷博物館,34.4248770,131.4157000,
Q132496054,土井ヶ浜遺跡・人類学ミュージアム,山口縣,考古博物館,34.2943510,130.8857030,
Q131329109,美祢市長登銅山文化交流館,山口縣,礦業博物館,34.2437890,131.3411240,http://commons.wikimedia.org/wiki/Special:FilePath/Naganoboridouzan-bunkakouryukan.JPG
Q123269260,山口県埋蔵文化財センター,山口縣,埋藏文化財中心,34.1820220,131.4713800,http://commons.wikimedia.org/wiki/Special:FilePath/Yamaguchi%20Prefecture%20Buried%20Cultural%20Properties%20Center.jpg
Q131327364,香月泰男美術館,山口縣,美術館,34.3587060,131.2627660,
Q104783685,下関市立豊北歴史民俗資料館,山口縣,博物館,34.2899970,130.9475590,
Q11506736,日本ハワイ移民資料館,山口縣,博物館,33.9212400,132.2000800,http://commons.wikimedia.org/wiki/Special:FilePath/%E6%97%A5%E6%9C%AC%E3%83%8F%E3%83%AF%E3%82%A4%E7%A7%BB%E6%B0%91%E8%B3%87%E6%96%99%E9%A4%A8.JPG
Q104783864,山口市小郡文化資料館,山口縣,博物館,34.1024860,131.3936500,
Q132496666,忌宮神社宝物館,山口縣,宝物館,33.9989770,130.9871310,http://commons.wikimedia.org/wiki/Special:FilePath/Treasure%20Museum%20of%20Iminomiya%20Shrine%20in%20Chofu%2C%20Shimonoseki%2C%20Yamaguchi.JPG
Q11361443,下關水族館,山口縣,水族館,33.9544720,130.9424170,http://commons.wikimedia.org/wiki/Special:FilePath/Shimonoseki%20Aquarium%2020170811-1.jpg
Q132478312,瑠璃光寺資料館,山口縣,宝物館,34.1895070,131.4721140,
Q132479539,阿弥陀寺宝物館,山口縣,宝物館,34.0768920,131.6150830,
Q131329041,美祢市立秋吉台科学博物館,山口縣,自然歷史博物館,34.2349970,131.3073450,http://commons.wikimedia.org/wiki/Special:FilePath/Mine%20City%20Akiyoshidai%20Science%20Museum%20from%20Akiyoshidai%20Karst%20Observation%20Deck.jpg
Q11500081,文翔館,山形縣,地方文化館,38.2568889,140.3412222,http://commons.wikimedia.org/wiki/Special:FilePath/220430%20Bunshokan%20Yamagata%20Yamagata%20pref%20Japan01s3.jpg
Q18336739,蟹仙洞,山形縣,美術館,38.1491944,140.2788889,http://commons.wikimedia.org/wiki/Special:FilePath/%E8%9F%B9%E4%BB%99%E6%B4%9E%20%E5%A4%96%E8%A6%B3.jpg
Q11605256,紅花資料館,山形縣,博物館,38.4383333,140.2997222,
Q11500667,齋藤茂吉紀念館,山形縣,文學館,38.1720700,140.2992710,http://commons.wikimedia.org/wiki/Special:FilePath/Sait%C5%8D%20Mokichi%20photographed%20by%20Shigeru%20Tamura.jpg
Q28690500,大江町歷史民俗資料館,山形縣,博物館,38.3794917,140.1966667,
Q48756817,内藤秀因水彩画記念館,山形縣,美術館,38.8487222,139.9044722,http://commons.wikimedia.org/wiki/Special:FilePath/ShonaiTown%20Naitoshuin%20Watercolor%20painting%20Memorial%201.jpg
Q24860254,天童市立旧東村山郡役所資料館,山形縣,历史建筑,38.3531389,140.3724444,http://commons.wikimedia.org/wiki/Special:FilePath/Yamagata%20Higashi-Murayama%20County%20Former%20Office.jpg
Q55522595,月山志津温泉,山形縣,温泉郷,38.4911111,139.9997222,
Q65257150,夕鶴之里資料館,山形縣,博物館,38.0708889,140.1209167,http://commons.wikimedia.org/wiki/Special:FilePath/Yuudzuru%20no%20sato%2C%20Nanyo.jpg
Q17218628,天童オルゴール博物館,山形縣,音楽博物館,38.3540556,140.3854444,http://commons.wikimedia.org/wiki/Special:FilePath/ARSBEL%20Tendo.jpg
Q11468661,山形美術館,山形縣,美術館,38.2558910,140.3324020,http://commons.wikimedia.org/wiki/Special:FilePath/Yamagata%20Museum%20of%20Art%202007.jpg
Q3539675,土門拳記念館,山形縣,人物紀念館,38.8912990,139.8237160,http://commons.wikimedia.org/wiki/Special:FilePath/Ken%20Domon%20Museum%20of%20Photography%2C%2022%20September%202009%2C%20002.jpg
Q6890444,最上義光歴史館,山形縣,人物紀念館,38.2550833,140.3334167,http://commons.wikimedia.org/wiki/Special:FilePath/Mogami%20Yoshiaki%20Historical%20Museum.jpg
Q11468479,山形縣埋藏文化財中心,山形縣,埋藏文化財中心,38.1179444,140.2128056,
Q11521018,本間美術館,山形縣,美術館,38.9234020,139.8421070,http://commons.wikimedia.org/wiki/Special:FilePath/Homma%20Museum%20of%20Art.jpg
Q11278479,まほろば・童話の里 浜田広介記念館,山形縣,人物紀念館,38.0056940,140.1625000,http://commons.wikimedia.org/wiki/Special:FilePath/Hamada%20Hirosuke%20Kinenkan.jpg
Q28475660,最上徳内記念館,山形縣,博物館,38.4829194,140.3821389,
Q65233819,いでは文化記念館,山形縣,文化博物館,38.7043333,139.9646389,http://commons.wikimedia.org/wiki/Special:FilePath/Ideha%20Bunka%20Museum.jpg
Q110777276,文下のケヤキ,山形縣,巨樹,38.7653889,139.8515278,http://commons.wikimedia.org/wiki/Special:FilePath/Hodashi%20no%20Keyaki%20B.jpg
Q66560964,出羽桜美術館,山形縣,美術館,38.3496770,140.3708020,http://commons.wikimedia.org/wiki/Special:FilePath/Dewazakura%20shuzo.JPG
Q38266959,丸山薫記念館,山形縣,人物紀念館,38.4544722,140.1026944,
Q48755105,相馬樓,山形縣,料亭,38.9194167,139.8332778,http://commons.wikimedia.org/wiki/Special:FilePath/Soma-Ro%20180421.jpg
Q28475496,松山文化伝承館,山形縣,文化博物館,38.8601667,139.9588333,http://commons.wikimedia.org/wiki/Special:FilePath/Matsuyama%20Culture%20%26%20Tradition%20Hall%201.jpg
Q48746428,芭蕉・清風歴史資料館,山形縣,历史房屋博物馆,38.6063056,140.4043056,http://commons.wikimedia.org/wiki/Special:FilePath/Basho%20Seifu%20History%20Museum%201.jpg
Q85869646,やませ蔵美術館,山形縣,美術館,38.1020278,140.0387500,
Q24862125,旧西村山郡役所,山形縣,博物館,38.3844444,140.2681667,http://commons.wikimedia.org/wiki/Special:FilePath/Kyoudokan%20SAGAE1.JPG
Q65249244,出羽三山歴史博物館,山形縣,歷史博物館,38.7016667,139.9830833,http://commons.wikimedia.org/wiki/Special:FilePath/Dewa-Sanzan%20History%20Museum%20201804.jpg
Q22118833,酒田市美術館,山形縣,美術館,38.8930556,139.8158333,http://commons.wikimedia.org/wiki/Special:FilePath/Sakata-city%20Art.JPG
Q64143408,東田川文化記念館,山形縣,博物館,38.7674020,139.9024830,http://commons.wikimedia.org/wiki/Special:FilePath/%E6%9D%B1%E7%94%B0%E5%B7%9D%E6%96%87%E5%8C%96%E8%A8%98%E5%BF%B5%E9%A4%A8%2847948371213%29.jpg
Q55525926,鶴岡アートフォーラム,山形縣,美術館,38.7263611,139.8248889,http://commons.wikimedia.org/wiki/Special:FilePath/Tsuruoka%20Art%20Forum%2C%20Tsuruoka%2C%20Yamagata%2C%20Japan%2C%20July%202022.jpg
Q104696383,大寶館,山形縣,洋樓,38.7275890,139.8250030,http://commons.wikimedia.org/wiki/Special:FilePath/Taih%C5%8D-kan%20%28Tsuruoka%29.jpg
Q11604262,米泽市上杉博物馆,山形縣,博物館,37.9075278,140.1066611,http://commons.wikimedia.org/wiki/Special:FilePath/Denkoku-no%20Mori%20%28Yonezawa%20City%20Uesugi%20Museum%29.jpg
Q30926729,新庄ふるさと歴史センター,山形縣,地方文化館,38.7670556,140.2964722,http://commons.wikimedia.org/wiki/Special:FilePath/Shinjo%20Furusato%20History%20Center%201.jpg
Q28693174,舟形町歴史民俗資料館,山形縣,博物館,38.6802778,140.3250000,
Q28468819,文教之杜長井,山形縣,博物館,38.1120556,140.0361111,
Q28693175,酒田市立資料館,山形縣,市立博物館,38.9152444,139.8417028,http://commons.wikimedia.org/wiki/Special:FilePath/Sakata%20City%20Museum%201.jpg
Q28465480,最上川美術館,山形縣,美術館,38.5178389,140.3535417,
Q112080442,羽黒山の爺スギ,山形縣,巨樹,38.7051390,139.9670000,http://commons.wikimedia.org/wiki/Special:FilePath/Jiji-sugi%2C%20the%20Grandpa%20Cedar%20in%20Mt.Haguro%2020180421.jpg
Q30924461,真室川町立歴史民俗資料館,山形縣,博物館,38.8576667,140.2501667,http://commons.wikimedia.org/wiki/Special:FilePath/Mamurogawa%20Town%20Museum%20of%20History%20and%20Folklore%201.jpg
Q11498377,掬粋巧芸館,山形縣,陶瓷博物館,38.0136389,140.0506944,
Q11675958,鶴岡市立藤澤周平紀念館,山形縣,人物紀念館,38.7277780,139.8250000,http://commons.wikimedia.org/wiki/Special:FilePath/Fujisawa%20Shuhei%20Museum%20in%20Tsuruoka%20Park.JPG
Q11453565,宮坂考古館,山形縣,歷史博物館,37.9056111,140.1270556,http://commons.wikimedia.org/wiki/Special:FilePath/Miyasaka%20Museum.JPG
Q11613201,松岡開墾場,山形縣,博物館,38.7283472,139.8212778,http://commons.wikimedia.org/wiki/Special:FilePath/Former%20Nishitagawa%20District%20Office%2020240413.jpg
Q65264511,山形大学附属博物館,山形縣,大學博物館,38.2470833,140.3484722,
Q11468406,山形市産業歴史資料館,山形縣,工业博物馆,38.2305556,140.2894722,http://commons.wikimedia.org/wiki/Special:FilePath/Yamagata-City%20Sangyo-Rekishi%20Hakubutsukan.JPG
Q30923955,南陽市立結城豊太郎記念館,山形縣,人物紀念館,38.0484167,140.1650278,
Q30933069,アトク先生の館,山形縣,历史房屋博物馆,38.7933333,139.8507500,http://commons.wikimedia.org/wiki/Special:FilePath/Mikawa%20Town%20Cultural%20Exchange%20Hall%201.jpg
Q11467765,山寺 後藤美術館,山形縣,美術館,38.3086667,140.4395000,http://commons.wikimedia.org/wiki/Special:FilePath/Yamadera%20Goto%20Museum%20of%20Art%20220718.jpg
Q28693210,中山町立歴史民俗資料館,山形縣,博物館,38.3370583,140.2758500,
Q11318554,チンクエチェント博物館,山形縣,博物館,34.7152220,136.9703000,
Q104696504,庄内町亀ノ尾の里資料館,山形縣,博物館,38.8103390,139.9401700,
Q104696382,原始布・古代織参考館,山形縣,織物博物館,37.9064220,140.1108750,http://commons.wikimedia.org/wiki/Special:FilePath/Yonezawa%20Folk%20Crafts%20Museum.JPG
Q84418160,長井市古代の丘資料館,山形縣,考古博物館,38.1373611,139.9995833,http://commons.wikimedia.org/wiki/Special:FilePath/Nagai%20City%20Ancient%20Hill%20Museum%201.jpg
Q11467772,山寺芭蕉纪念馆,山形縣,人物紀念館,38.3095278,140.4389722,http://commons.wikimedia.org/wiki/Special:FilePath/Yamadera%20Basho%20Museum%20220718.jpg
Q48756832,清河八郎紀念館,山形縣,人物紀念館,38.7847778,140.0250833,http://commons.wikimedia.org/wiki/Special:FilePath/Hachiro%20Kiyokawa%20Memorial%201.jpg
Q28682522,山形県立うきたむ風土記の丘考古資料館,山形縣,考古博物館,38.0078333,140.2145278,http://commons.wikimedia.org/wiki/Special:FilePath/Ukitamu%20Fudoki.jpg
Q65278083,米織会館,山形縣,織物博物館,37.9075833,140.1112222,http://commons.wikimedia.org/wiki/Special:FilePath/Yonezawa%20Textile%20Historical%20Museum.JPG
Q4707630,山形縣立博物館,山形縣,都道府县立博物馆,38.2544000,140.3290000,http://commons.wikimedia.org/wiki/Special:FilePath/220430%20Yamagata%20Prefectural%20Museum%20Yamagata%20Yamagata%20pref%20Japan01s3.jpg
Q11675955,鶴岡市立加茂水族館,山形縣,水族館,38.7622220,139.7249720,http://commons.wikimedia.org/wiki/Special:FilePath/Kamo%20Aquarium%2020160505.jpg
Q65292338,雪の里情報館,山形縣,博物館,38.7709722,140.2972222,http://commons.wikimedia.org/wiki/Special:FilePath/YukinoSato%20Information%20Center%201.jpg
Q788077,富士山 (雲霄飛車),山梨縣,機動遊戲,35.4858560,138.7770060,http://commons.wikimedia.org/wiki/Special:FilePath/Fujiyama%20rollercoaster%202005-05.JPG
Q49492343,富士すばるランド,山梨縣,主題公園,35.4572222,138.7588889,
Q109361733,アフリカンアートミュージアム,山梨縣,美術館,35.8240000,138.3601667,
Q28688227,都留市商家資料館,山梨縣,历史房屋博物馆,35.5510000,138.9078333,http://commons.wikimedia.org/wiki/Special:FilePath/Appearance%20of%20Turu%20City%20merchant%20museum.jpg
Q11543302,横溝正史館,山梨縣,人物紀念館,35.7044167,138.6615278,http://commons.wikimedia.org/wiki/Special:FilePath/Yokomizoseishi-kan.jpg
Q21654770,三岛由纪夫文学馆,山梨縣,人物紀念館,35.4043611,138.8701389,http://commons.wikimedia.org/wiki/Special:FilePath/Mishima%20Yukio%20Literature%20Museum.JPG
Q27628135,河口湖自動車博物館・飛行舘,山梨縣,航空博物館,35.4532000,138.7414000,http://commons.wikimedia.org/wiki/Special:FilePath/Lockheed%20F-104DJ%20Starfighter%20%2826-5007%29%20at%20Kawaguchiko%20Motor%20Museum%2C%20Yamanashi%20Prefecture%2C%20Japan.jpg
Q11469703,山梨県立富士ビジターセンター,山梨縣,遊客中心,35.4858333,138.7705556,http://commons.wikimedia.org/wiki/Special:FilePath/Fuji%20Visitor%20Center.JPG
Q11469696,山梨县立博物馆,山梨縣,都道府县立博物馆,35.6403667,138.6485556,http://commons.wikimedia.org/wiki/Special:FilePath/Yamanashi%20Prefectural%20Museum.jpg
Q11469712,山梨県立文学館,山梨縣,都道府县立博物馆,35.6601389,138.5394444,http://commons.wikimedia.org/wiki/Special:FilePath/Yamanashi-Pref-LP.jpg
Q1192174,富士急高原樂園,山梨縣,主題樂園,35.4874900,138.7801900,http://commons.wikimedia.org/wiki/Special:FilePath/170505%20Views%20of%20Fujikyu%20Highland%20from%20Tenjoyama%20Park%20Fujikawaguchiko%20Yamanashi%20pref%20Japan01s3.jpg
Q17211390,富士河口湖溫泉鄉,山梨縣,温泉郷,35.5280560,138.7588330,http://commons.wikimedia.org/wiki/Special:FilePath/Yatenburo%20Tensui.jpg
Q11536453,根津記念館,山梨縣,历史房屋博物馆,35.6788056,138.6683056,http://commons.wikimedia.org/wiki/Special:FilePath/Nezu%20Memorial%20Museum%20in%20Yamanashi%20City%20Yamanashi%20Pref.jpg
Q22119906,韮崎大村美術館,山梨縣,美術館,35.7008333,138.4294444,http://commons.wikimedia.org/wiki/Special:FilePath/Nirasaki-Omura-Artmuseum%20A.JPG
Q11469688,山梨県立フラワーセンター ハイジの村,山梨縣,植物園,35.7808056,138.4649444,http://commons.wikimedia.org/wiki/Special:FilePath/Yamanashi%20Prefectural%20Flower%20Center%20%22Heidi%27s%20Village%22%2003.jpg
Q74403368,Giant Coaster (Fuji-Q Highland),山梨縣,スチール・ローラー・コースター,35.4870000,138.7800000,
Q130601177,久保田一竹美術館,山梨縣,織物博物館,35.5273256,138.7597662,http://commons.wikimedia.org/wiki/Special:FilePath/Itchiku%20Kubota%20Art%20Museum%202018c.jpg
Q11629111,西湖的療癒之里根場,山梨縣,民家園,35.5050000,138.6615000,http://commons.wikimedia.org/wiki/Special:FilePath/Iyashinosato%20village%2004.jpg
Q1295262,ええじゃないか,山梨縣,スチール・ローラー・コースター,35.4884200,138.7808420,http://commons.wikimedia.org/wiki/Special:FilePath/Eejanaika%20coaster%20FujiQ%201024.jpg
Q11511095,旧田中銀行博物館,山梨縣,銀行博物館,35.6620000,138.7295280,http://commons.wikimedia.org/wiki/Special:FilePath/Museum%20Bank%20of%20Yamanashi%20Tanaka.JPG
Q17192099,アルカディア南部文化館,山梨縣,圖書館,35.2796833,138.4554528,
Q28687167,ミュージアム都留,山梨縣,博物館,35.5497778,138.9049444,http://commons.wikimedia.org/wiki/Special:FilePath/Museum%20Tsuru.December%202016.jpg
Q125253746,山梨県埋蔵文化財センター,山梨縣,埋藏文化財中心,35.5942230,138.5827450,
Q11665452,風土伝承館杉浦醫院,山梨縣,醫學博物館,35.6403611,138.5325556,http://commons.wikimedia.org/wiki/Special:FilePath/Dr.%20Sugiura-kenzo.JPG
Q11560662,清春白樺美術館,山梨縣,美術館,35.8225833,138.3532778,http://commons.wikimedia.org/wiki/Special:FilePath/Mus%C3%A9e%20Kiyoharu%20Shirakaba%20December%20%C2%B421%20%EF%BC%8D04.jpg
Q65278116,精進の大スギ,山梨縣,神木,35.4963333,138.6090556,http://commons.wikimedia.org/wiki/Special:FilePath/Shoji%27s%20Big%20Cedar%20A.jpg
Q11599754,笛吹市立青楓美術館,山梨縣,美術館,35.6605833,138.7058333,http://commons.wikimedia.org/wiki/Special:FilePath/Seifu%20Art%20Museum.JPG
Q11553670,河口湖音樂盒之森,山梨縣,美術館,35.5222222,138.7686111,http://commons.wikimedia.org/wiki/Special:FilePath/Fountain%20show%20on%20the%20hour%20every%20hour%2C%20Kawaguchi-ko%20Music%20Forest%20Museum%20%28%E6%B2%B3%E5%8F%A3%E6%B9%96%E3%82%AA%E3%83%AB%E3%82%B4%E3%83%BC%E3%83%AB%E3%81%AE%E6%A3%AE%E3%81%A7%E6%AF%8E%E6%AD%A3%E6%99%82%E3%81%AB%E8%A1%8C%E3%82%8F%E3%82%8C%E3%82%8B%E5%99%B4%E6%B0%B4%E3%82%B7%E3%83%A7%E3%83%BC%29.jpg
Q4683550,山梨県立科学館,山梨縣,科學博物館,35.6694440,138.5802780,http://commons.wikimedia.org/wiki/Special:FilePath/Yamanashi%20Prefectural%20Science%20Center.jpg
Q11455940,富士吉田市立富士山レーダードーム館,山梨縣,気象博物館,35.4577780,138.8036110,http://commons.wikimedia.org/wiki/Special:FilePath/Mount%20Fuji%20Radar%20Dome%20Museum%20s2.JPG
Q104709458,身延町歴史民俗資料館,山梨縣,博物館,35.4507650,138.4428230,http://commons.wikimedia.org/wiki/Special:FilePath/%E5%A4%A7%E8%81%96%E5%AF%BA%E3%83%BB%E8%BA%AB%E5%BB%B6%E7%94%BA%E7%AB%8B%E6%AD%B4%E5%8F%B2%E6%B0%91%E6%97%8F%E8%B3%87%E6%96%99%E9%A4%A8%20-%20panoramio.jpg
Q117218555,山梨県立考古博物館,山梨縣,都道府县立博物馆,35.5942340,138.5827690,
Q108661147,芦安温泉,山梨縣,温泉镇,35.6245290,138.3572360,
Q137770045,山梨いちごの王さまミュージアム,山梨縣,公司博物館,35.6768280,138.5116370,
Q30930493,ド・ドドンパ,山梨縣,スチール・ローラー・コースター,35.4877000,138.7822583,http://commons.wikimedia.org/wiki/Special:FilePath/%E3%83%89%E3%83%BB%E3%83%89%E3%83%89%E3%83%B3%E3%83%91%E3%81%AE%E5%9E%82%E7%9B%B4%E3%83%AB%E3%83%BC%E3%83%97.jpg
Q63457212,甲府市武田氏館跡歴史館,山梨縣,歷史博物館,35.6852194,138.5771056,http://commons.wikimedia.org/wiki/Special:FilePath/Shingen%20Museum%202019a.jpg
Q21655058,山梨県立リニア見学センター,山梨縣,鐵路博物館,35.5828611,138.9273333,http://commons.wikimedia.org/wiki/Special:FilePath/Yamanashi-Linear-visitor-center.JPG
Q60988980,甲斐黃金村·湯之奧金山博物館,山梨縣,博物館,35.4238700,138.4718900,http://commons.wikimedia.org/wiki/Special:FilePath/The%20Yu-no-oku%20Museum%20of%20Gold%20Mining%20History.jpg
Q3329567,河口湖美術館,山梨縣,美術館,35.5191667,138.7705556,http://commons.wikimedia.org/wiki/Special:FilePath/170504%20Kawaguchiko%20Museum%20of%20Art%20Fujikawaguchiko%20Yamanashi%20pref%20Japan02s3.jpg
Q11561407,清里ポーセリンミュージアム,山梨縣,陶瓷博物館,35.9171944,138.4345833,http://commons.wikimedia.org/wiki/Special:FilePath/100612%20Kiyosato%20Porcelain%20Museum%20Hokuto%20Yamanashi%20pref%20Japan03s3.jpg
Q11515320,曾根丘陵公園,山梨縣,風土記之丘,35.5922222,138.5825000,http://commons.wikimedia.org/wiki/Special:FilePath/%E7%94%B2%E6%96%90%E9%A2%A8%E5%9C%9F%E8%A8%98%E3%81%AE%E4%B8%98%E3%81%AE%E9%81%8A%E5%85%B7%20-%20panoramio.jpg
Q11469706,山梨県立富士湧水の里水族館,山梨縣,水族館,35.4555444,138.8239278,http://commons.wikimedia.org/wiki/Special:FilePath/Fuji%20Spring%20Water%20Aquarium.JPG
Q11469731,山梨县立美术馆,山梨縣,美術館,35.6603889,138.5373333,http://commons.wikimedia.org/wiki/Special:FilePath/Art%20museums%20in%20Yamanashi%20prefecture%2020231028a2.jpg
Q24873848,山梨縣立富士山世界遺產中心,山梨縣,遊客中心,35.4858333,138.7705556,http://commons.wikimedia.org/wiki/Special:FilePath/Fujisan%20World%20heritage%20Center%2C%20Yamanashi%201.jpg
Q112090672,平山郁夫シルクロード美術館,山梨縣,美術館,35.8793710,138.3594230,http://commons.wikimedia.org/wiki/Special:FilePath/%E5%B9%B3%E5%B1%B1%E9%83%81%E5%A4%AB%E3%82%B7%E3%83%AB%E3%82%AF%E3%83%AD%E3%83%BC%E3%83%89%E7%BE%8E%E8%A1%93%E9%A4%A820220618-P1380431.jpg
Q85877328,北杜市考古資料館,山梨縣,考古博物館,35.8581111,138.3854444,http://commons.wikimedia.org/wiki/Special:FilePath/%E5%8C%97%E6%9D%9C%E5%B8%82%E8%80%83%E5%8F%A4%E8%B3%87%E6%96%99%E9%A4%A8.jpg
Q508159,高飛車,山梨縣,launched roller coaster,35.4857880,138.7796160,http://commons.wikimedia.org/wiki/Special:FilePath/Takabisha%20under%20construction%203.jpg
Q59154259,忍野 しのびの里,山梨縣,主題公園,35.4571944,138.8181944,
Q5421529,清里フォトアートミュージアム,山梨縣,美術館,35.8830440,138.4321000,
Q11644532,釈迦堂遺跡博物館,山梨縣,考古博物館,35.6445778,138.7154917,http://commons.wikimedia.org/wiki/Special:FilePath/Shakado%20relics%20museum.JPG
Q39231,富士山,山梨縣,活火山,35.3605556,138.7275000,http://commons.wikimedia.org/wiki/Special:FilePath/Kodaki%20fuji%20frm%20shojinko%20refurb.jpg
Q135801024,ローソン 河口湖駅前,山梨縣,觀光景點,35.4986100,138.7671600,
Q11277442,ぶどうの丘,山梨縣,觀光景點,35.6747500,138.7367500,http://commons.wikimedia.org/wiki/Special:FilePath/%E5%8B%9D%E6%B2%BC%E3%81%B6%E3%81%A9%E3%81%86%E9%83%B7%E9%A7%85%E3%81%8B%E3%82%89%E3%81%B6%E3%81%A9%E3%81%86%E3%81%AE%E4%B8%98%E3%82%92%E8%A6%8B%E3%82%8B%20-%20panoramio.jpg
Q20044182,甲州夢小路,山梨縣,觀光景點,35.6668889,138.5713889,http://commons.wikimedia.org/wiki/Special:FilePath/Kofu%20yume%20kouji%201.JPG
Q11655772,関市立篠田桃紅美術空間,岐阜縣,美術館,35.4958030,136.9178940,
Q11622863,藤井美術民芸館,岐阜縣,民俗博物館,36.1428190,137.2592060,http://commons.wikimedia.org/wiki/Special:FilePath/Fujii%20Bijutsu%20Mingei-kan02ds3200.jpg
Q11471438,岐阜県先端科学技術体験センター,岐阜縣,博物馆建筑,35.3761110,137.2369440,http://commons.wikimedia.org/wiki/Special:FilePath/Gifu%20Research%20Information%20Center%20Science%20World2008-1.jpg
Q11428424,塚原遺跡公園展示館,岐阜縣,考古博物館,35.4964250,136.8650250,http://commons.wikimedia.org/wiki/Special:FilePath/Tsukahara%20Ruins%20Museum%2001.JPG
Q48749054,美濃加茂市民ミュージアム,岐阜縣,博物館,35.4570556,137.0217778,http://commons.wikimedia.org/wiki/Special:FilePath/Minokamo%20culture%20forest.jpg
Q115112030,大垣市墨俣歴史資料館,岐阜縣,歷史博物館,35.3670833,136.6877500,http://commons.wikimedia.org/wiki/Special:FilePath/Sunomata%20Castle%20%E5%A2%A8%E4%BF%A3%E4%B8%80%E5%A4%9C%E5%9F%8E4%20-%20panoramio.jpg
Q114905513,瑞浪市市之瀬廣太記念美術館,岐阜縣,美術館,35.3749444,137.2371111,http://commons.wikimedia.org/wiki/Special:FilePath/Mizunami%20city%20ichinose%20hirota%20museum.jpg
Q11423385,土岐市美濃陶磁歴史館,岐阜縣,陶瓷博物館,35.3650970,137.1791750,http://commons.wikimedia.org/wiki/Special:FilePath/Toki%20city%20mino%20touji%20museum.jpg
Q11548181,水の資料館,岐阜縣,水廠博物館,35.4375556,136.7790556,http://commons.wikimedia.org/wiki/Special:FilePath/Water%20Museum%201.JPG
Q5926945,内藤記念くすり博物館,岐阜縣,公司博物館,35.3630000,136.8291944,http://commons.wikimedia.org/wiki/Special:FilePath/Naito%20Museum%20of%20Pharmaceutical%20Science%20and%20Industry01.jpg
Q11634232,荒川豊蔵資料館,岐阜縣,人物紀念館,35.3997110,137.1367890,http://commons.wikimedia.org/wiki/Special:FilePath/Arakawa%20Toyoz%C5%8D%20Museum.jpg
Q11568737,熊谷榧つけちギャラリー,岐阜縣,美術館,35.6609000,137.4285170,
Q113872242,大野町埋蔵文化財センター,岐阜縣,埋藏文化財中心,35.4840556,136.6431111,http://commons.wikimedia.org/wiki/Special:FilePath/Ono%20akebono%20museum.jpg
Q48747109,大垣市守屋多々志美術館,岐阜縣,美術館,35.3602667,136.6173639,http://commons.wikimedia.org/wiki/Special:FilePath/Moriya%20tadashi%20museum.jpg
Q113482103,坂内民俗資料館,岐阜縣,历史房屋博物馆,35.6148333,136.3587222,
Q111218301,日下部民藝館,岐阜縣,历史房屋博物馆,36.1464350,137.2584590,http://commons.wikimedia.org/wiki/Special:FilePath/Maison%20Kusakabe-02.jpg
Q11609219,美濃和紙あかりアート館,岐阜縣,美術館,35.5471667,136.9125000,http://commons.wikimedia.org/wiki/Special:FilePath/Mino%20Washi%20Akari%20Art%20Hall%20ac%20%281%29.jpg
Q11609221,美濃和紙の里会館,岐阜縣,紙博物館,35.5834390,136.8764280,http://commons.wikimedia.org/wiki/Special:FilePath/MINO-WASHI%20Museum.jpg
Q111836641,心の森ミュージアム 遊童館,岐阜縣,美術館,35.7484167,136.9573056,
Q11489616,徳山民俗資料収蔵庫,岐阜縣,民俗博物館,35.5772778,136.4633583,http://commons.wikimedia.org/wiki/Special:FilePath/Tokuyamaminzokusiryouko.JPG
Q113872045,各務原市埋蔵文化財調査センター,岐阜縣,埋藏文化財中心,35.4001389,136.8425833,
Q48746198,笠松町歴史未来館,岐阜縣,歷史博物館,35.3660556,136.7617778,http://commons.wikimedia.org/wiki/Special:FilePath/%E7%AC%A0%E6%9D%BE%E7%94%BA%E6%AD%B4%E5%8F%B2%E6%9C%AA%E6%9D%A5%E9%A4%A8.jpg
Q11586523,石徹白大杉,岐阜縣,巨樹,36.0337500,136.7609720,http://commons.wikimedia.org/wiki/Special:FilePath/Itoshiro%20oosugi%20from%20south%202008%206%2010.jpg
Q5350087,加藤栄三・東一記念美術館,岐阜縣,美術館,35.4350010,136.7750920,http://commons.wikimedia.org/wiki/Special:FilePath/Katoeizotoichi.JPG
Q11356786,三甲美術館,岐阜縣,美術館,35.4448030,136.7903280,http://commons.wikimedia.org/wiki/Special:FilePath/Sanko%20Museum%201.JPG
Q48746221,大垣市歴史民俗資料館,岐阜縣,民俗博物館,35.3859722,136.5520139,http://commons.wikimedia.org/wiki/Special:FilePath/%E5%A4%A7%E5%9E%A3%E5%B8%82%E6%AD%B4%E5%8F%B2%E6%B0%91%E4%BF%97%E8%B3%87%E6%96%99%E9%A4%A8.jpg
Q11508260,ぎふ清流里山公園,岐阜縣,主題公園,35.4764444,137.0334722,http://commons.wikimedia.org/wiki/Special:FilePath/Seiryu%20satoyama%20park%20ginza.jpg
Q48747310,中津川市子ども科学館,岐阜縣,科學博物館,35.4998611,137.4976667,http://commons.wikimedia.org/wiki/Special:FilePath/Nakatsugawa%20science%20museum.jpg
Q115266620,藤橋歴史民俗資料館,岐阜縣,历史房屋博物馆,35.6382778,136.4861389,http://commons.wikimedia.org/wiki/Special:FilePath/Fujihashi%20Historical%20Museum%20s2.jpg
Q11327239,ハートピア安八,岐阜縣,科學博物館,35.3356110,136.6638890,http://commons.wikimedia.org/wiki/Special:FilePath/%E3%83%8F%E3%83%BC%E3%83%88%E3%83%94%E3%82%A2%E5%AE%89%E5%85%AB.jpg
Q57312937,茶の湯美術館,岐阜縣,美術館,36.1208889,137.2496944,http://commons.wikimedia.org/wiki/Special:FilePath/Takayama%20chanoyu%20museum.jpg
Q105266062,岐阜關原古戰場紀念館,岐阜縣,歷史博物館,35.3656760,136.4662530,http://commons.wikimedia.org/wiki/Special:FilePath/Sekigahara%20Battlefield%20Memorial%20Hall.jpg
Q11655529,関ヶ原ウォーランド,岐阜縣,軍事博物館,35.3689080,136.4526000,http://commons.wikimedia.org/wiki/Special:FilePath/Sekigahara%20war%20land1.jpg
Q5371109,奧飛驒溫泉鄉,岐阜縣,温泉郷,36.2380000,137.5260000,
Q24863867,熊谷守一つけち記念館,岐阜縣,人物紀念館,35.6400806,137.4399167,http://commons.wikimedia.org/wiki/Special:FilePath/Kumagai%20Morikazu%20Tsukechi%20Museum%20of%20Art%20%28exterior%29.jpg
Q11410886,古今傳授之里博物館,岐阜縣,文學館,35.8118000,136.9241110,http://commons.wikimedia.org/wiki/Special:FilePath/Kokin%20Denju%20no%20Sato%20Field%20Museum%20main001.JPG
Q120636023,高山市風土記の丘学習センター,岐阜縣,埋藏文化財中心,36.1606111,137.2226667,
Q11342621,ミュージアム中仙道,岐阜縣,美術館,35.3666670,137.2343060,
Q48747247,中山道ひし屋資料館,岐阜縣,町屋,35.4551944,137.4145278,http://commons.wikimedia.org/wiki/Special:FilePath/Nakasendo%20hishiya%20museum.jpg
Q48747322,岩村歴史資料館,岐阜縣,歷史博物館,35.3638056,137.4465278,
Q97310632,山崎馬扎克工作機械博物館,岐阜縣,公司博物館,35.4560278,137.0011944,http://commons.wikimedia.org/wiki/Special:FilePath/The%20Yamazaki%20Mazak%20Museum%20of%20Machine%20Tools%2020210325%2002.jpg
Q11471462,岐阜県歴史資料館,岐阜縣,檔案館,35.4306890,136.7741030,http://commons.wikimedia.org/wiki/Special:FilePath/Gifu%20Prefectural%20Archives%201.JPG
Q17209461,横井照子ひなげし美術館,岐阜縣,美術館,35.4706389,137.4133611,http://commons.wikimedia.org/wiki/Special:FilePath/Teruko%20Yokoi%20Hinageshi%20art%20Museum.jpg
Q11412319,各務原市歴史民俗資料館,岐阜縣,民俗博物館,35.4000500,136.8426811,http://commons.wikimedia.org/wiki/Special:FilePath/Kakamigahara-City-Chuou-Library-1.jpg
Q11364291,中山道広重美術館,岐阜縣,美術館,35.4529420,137.4100470,http://commons.wikimedia.org/wiki/Special:FilePath/Hiroshige%20Museum%20of%20Art%2CEna.jpg
Q110866962,各務原市木曽川文化史料館,岐阜縣,歷史博物館,35.3680278,136.8255000,http://commons.wikimedia.org/wiki/Special:FilePath/Kiso%20River%20Cultural%20History%20Museum%2020210321%2001.jpg
Q17224631,飛驒國分寺大銀杏樹,岐阜縣,巨樹,36.1433060,137.2538330,http://commons.wikimedia.org/wiki/Special:FilePath/%E9%A3%9B%E9%A8%A8%E5%9B%BD%E5%88%86%E5%AF%BA%20%E5%A4%A7%E9%8A%80%E6%9D%8F.01.JPG
Q11266599,こども陶器博物館,岐阜縣,陶瓷博物館,35.3610280,137.1114440,http://commons.wikimedia.org/wiki/Special:FilePath/KodomoTokiMuseum-KidsLand.JPG
Q104710298,飛騨の匠文化館,岐阜縣,工藝博物館,36.2360800,137.1856500,
Q11308090,シューニャ美術館,岐阜縣,美術館,35.3515330,136.6249310,http://commons.wikimedia.org/wiki/Special:FilePath/Shunya%20Museum2008-1.jpg
Q11436188,大松美術館,岐阜縣,美術館,35.3911389,136.7728611,http://commons.wikimedia.org/wiki/Special:FilePath/Ohmatsu%20Art%20Museum01.JPG
Q570166,ソーラーアーク,岐阜縣,科學博物館,35.3309410,136.6711860,http://commons.wikimedia.org/wiki/Special:FilePath/Solar%20Ark.jpg
Q11507877,日本大正村,岐阜縣,戶外博物館,35.3048889,137.3903611,http://commons.wikimedia.org/wiki/Special:FilePath/Old%20Akechi%20Town%20Hall%202021-01%20ac.jpg
Q78909892,多治見市モザイクタイルミュージアム,岐阜縣,モザイク美術館,35.2991111,137.1595278,http://commons.wikimedia.org/wiki/Special:FilePath/Mosaic%20Tile%20Museum%20Tajimi%20exterior%20ac.jpg
Q120735757,とうしん美濃陶芸美術館,岐阜縣,陶瓷博物館,35.3512990,137.1301760,http://commons.wikimedia.org/wiki/Special:FilePath/%E3%81%A8%E3%81%86%E3%81%97%E3%82%93%E7%BE%8E%E6%BF%83%E9%99%B6%E8%8A%B8%E7%BE%8E%E8%A1%93%E9%A4%A8.jpg
Q5751493,飛驒民俗村,岐阜縣,民俗博物館,36.1322472,137.2344389,http://commons.wikimedia.org/wiki/Special:FilePath/JP-Takayama-hida-no-sato-2.jpg
Q11471861,多治見市美濃焼ミュージアム,岐阜縣,陶瓷博物館,35.3408030,137.1489280,
Q47417030,杉原千畝記念館,岐阜縣,博物館,35.4666667,137.1666667,http://commons.wikimedia.org/wiki/Special:FilePath/The%20Chiune%20Sugihara%20Memorial%20Hall%2020210723%2002.jpg
Q108403882,飛騨みやがわ考古民俗館,岐阜縣,民俗博物館,36.3907778,137.1842500,
Q11526757,東山魁夷 心の旅路館,岐阜縣,美術館,35.5858861,137.5511500,
Q11479985,市之倉さかづき美術館,岐阜縣,陶瓷博物館,35.3001390,137.1271360,http://commons.wikimedia.org/wiki/Special:FilePath/Ichinokura%20sakazuki%20art%20museum.jpg
Q5359197,岐阜県美術館,岐阜縣,美術館,35.4013090,136.7302210,http://commons.wikimedia.org/wiki/Special:FilePath/THE%20MUSEUM%20OF%20FINE%20ARTS%2CGIFU%201.JPG
Q117231494,飛驒市美術館,岐阜縣,美術館,36.2380556,137.1901389,http://commons.wikimedia.org/wiki/Special:FilePath/Hida%20City%20Art%20Museum%20ac%20%282%29.jpg
Q11478114,川合考古資料館,岐阜縣,考古博物館,35.4415610,137.0537750,http://commons.wikimedia.org/wiki/Special:FilePath/Kawai%20Archaeology%20Museum-2.JPG
Q5359247,岐阜市歴史博物館,岐阜縣,歷史博物館,35.4333200,136.7728030,http://commons.wikimedia.org/wiki/Special:FilePath/Gifushirekishi.JPG
Q11492439,恵那峡ワンダーランド,岐阜縣,主題樂園,35.4881190,137.4059720,http://commons.wikimedia.org/wiki/Special:FilePath/Enakyo%20wonderland.JPG
Q11548165,水の体験学習館,岐阜縣,水廠博物館,35.4376944,136.7792500,http://commons.wikimedia.org/wiki/Special:FilePath/Water%20Experience%20learning%20Museum%201.JPG
Q48747312,中津川市苗木遠山史料館,岐阜縣,歷史博物館,35.5148417,137.4815528,http://commons.wikimedia.org/wiki/Special:FilePath/Naegi%20Toyama%20Historical%20Museum.jpg
Q11483232,平湯民俗館,岐阜縣,历史房屋博物馆,36.1919028,137.5543139,http://commons.wikimedia.org/wiki/Special:FilePath/Hirayu-minzokukan02ds3872.jpg
Q11662781,青邨記念館,岐阜縣,美術館,35.5125720,137.4797440,
Q11282869,アクア・トトぎふ,岐阜縣,水族館,35.3717220,136.8104720,http://commons.wikimedia.org/wiki/Special:FilePath/%E3%82%A2%E3%82%AF%E3%82%A2%E3%83%BB%E3%83%88%E3%83%88%E3%81%8E%E3%81%B5%20%E5%A4%96%E8%A6%B3.jpg
Q111430910,串原郷土館,岐阜縣,历史房屋博物馆,35.2369444,137.4485556,
Q11573909,瑞浪市地球回廊,岐阜縣,自然歷史博物館,35.3741060,137.2372560,http://commons.wikimedia.org/wiki/Special:FilePath/Mizunami%20city%20chikyu%20kairo.jpg
Q11294725,フェザーミュージアム,岐阜縣,公司博物館,35.4835360,136.9151360,http://commons.wikimedia.org/wiki/Special:FilePath/Feather%20Museum%201.JPG
Q11471469,岐阜県現代陶芸美術館,岐阜縣,陶瓷博物館,35.3309530,137.1548860,http://commons.wikimedia.org/wiki/Special:FilePath/Museum%20of%20modern%20ceramic%20art%20gifu.jpg
Q111803091,日本国際ポスター美術館,岐阜縣,美術館,35.3943890,136.6196670,http://commons.wikimedia.org/wiki/Special:FilePath/%E5%B2%90%E9%98%9C%E5%8D%94%E7%AB%8B%E5%A4%A7%E5%AD%A6%E6%A0%A1%E5%90%8D.jpg
Q104710294,瑞浪市陶磁資料館,岐阜縣,陶瓷博物館,35.3741667,137.2356944,http://commons.wikimedia.org/wiki/Special:FilePath/Mizunami%20city%20ceramics%20museum.jpg
Q11665929,飛騨高山美術館,岐阜縣,美術館,36.1369610,137.2407530,http://commons.wikimedia.org/wiki/Special:FilePath/Hida%20Takayama%20Museum%20of%20Art.JPG
Q5359267,岐阜市科学館,岐阜縣,科學博物館,35.4039050,136.7308610,http://commons.wikimedia.org/wiki/Special:FilePath/Gifu%20City%20Science%20Museum%201.JPG
Q11655767,関市洞戸円空記念館,岐阜縣,彫刻美術館,35.6499670,136.8540360,http://commons.wikimedia.org/wiki/Special:FilePath/Enku%20Kinenkan.JPG
Q11471417,岐阜現代美術館,岐阜縣,人物紀念館,35.4531640,136.9012920,http://commons.wikimedia.org/wiki/Special:FilePath/Gifu%20Collection%20of%20Modern%20Arts%2020220507%2001.jpg
Q11665924,飛騨高山まちの博物館,岐阜縣,地方文化館,36.1422080,137.2613750,http://commons.wikimedia.org/wiki/Special:FilePath/260124%20Takayama%20Museum%20of%20History%20and%20Art%20Takayama%20Gifu%20pref%20Japan01s3.jpg
Q5017823,関市円空館,岐阜縣,彫刻美術館,35.5058333,136.8902778,http://commons.wikimedia.org/wiki/Special:FilePath/Enku%20Museum%204.JPG
Q1067359,大垣城,岐阜縣,軍事博物館,35.3619444,136.6161111,http://commons.wikimedia.org/wiki/Special:FilePath/Ogaki%20Tenshu.JPG
Q48746685,大垣市郷土館,岐阜縣,地方文化館,35.3615889,136.6144222,http://commons.wikimedia.org/wiki/Special:FilePath/%E5%A4%A7%E5%9E%A3%E5%B8%82%E9%83%B7%E5%9C%9F%E9%A4%A8.jpg
Q104710272,戦国山城ミュージアム,岐阜縣,軍事博物館,35.4574880,137.0930580,http://commons.wikimedia.org/wiki/Special:FilePath/Sengoku%20yamajiro%20museum.jpg
Q107158498,馬籠脇本陣史料館,岐阜縣,地方文化館,35.5270020,137.5676920,http://commons.wikimedia.org/wiki/Special:FilePath/%E9%A6%AC%E7%B1%A0%E8%84%87%E6%9C%AC%E9%99%A3%E5%8F%B2%E6%96%99%E9%A4%A8%20%28%E5%B2%90%E9%98%9C%E7%9C%8C%E4%B8%AD%E6%B4%A5%E5%B7%9D%E5%B8%82%E9%A6%AC%E7%B1%A0%29%20-%20Panoramio%2051956333.jpg
Q11263583,岐阜各務原航空宇宙博物館,岐阜縣,宇宙工学博物館,35.3878060,136.8614720,http://commons.wikimedia.org/wiki/Special:FilePath/180501%20Kakamigahara%20Aerospace%20Science%20Museum.jpg
Q11267851,さくら資料館,岐阜縣,植物博物館,35.6330080,136.6089420,http://commons.wikimedia.org/wiki/Special:FilePath/Usuzumizakura%20sakura%20museum.JPG
Q11424732,地震斷層觀察館·體驗館,岐阜縣,地質学博物館,35.6159170,136.6208610,http://commons.wikimedia.org/wiki/Special:FilePath/Seismic%20Faults%20Observation%20and%20Experience%20House.jpg
Q11409010,博石館,岐阜縣,鉱物博物館,35.4967420,137.3993750,http://commons.wikimedia.org/wiki/Special:FilePath/Hakusekikan%20mineral%20museum.JPG
Q111431053,恵那市山岡郷土史料館,岐阜縣,地方文化館,35.3485556,137.3832222,
Q48748510,白山文化博物館,岐阜縣,文化博物館,35.9238056,136.8317778,http://commons.wikimedia.org/wiki/Special:FilePath/%E9%81%93%E3%81%AE%E9%A7%85%E7%99%BD%E9%B3%A5%20-%20%E7%99%BD%E5%B1%B1%E6%96%87%E5%8C%96%E5%8D%9A%E7%89%A9%E9%A4%A8.jpg
Q104710269,下呂市下呂ふるさと歴史記念館,岐阜縣,地方文化館,35.8024167,137.2534444,
Q11624320,藤村紀念館,岐阜縣,人物紀念館,35.5267944,137.5673444,http://commons.wikimedia.org/wiki/Special:FilePath/Magome-Juku%20Touson%20Memorial%20Hall.jpg
Q11411823,可児郷土歴史館,岐阜縣,地方文化館,35.4036310,137.1113970,http://commons.wikimedia.org/wiki/Special:FilePath/Kani%20Local%20Museum.jpg
Q11471444,岐阜県博物館,岐阜縣,都道府县立博物馆,35.4782060,136.8686640,http://commons.wikimedia.org/wiki/Special:FilePath/Gifu%20Prefectural%20Museum%201.JPG
Q111362772,春日森の文化博物館,岐阜縣,文化博物館,35.5171944,136.4529444,http://commons.wikimedia.org/wiki/Special:FilePath/Morinobunkahakubutukan.JPG
Q10974975,円空美術館,岐阜縣,人物紀念館,35.4332080,136.7721610,http://commons.wikimedia.org/wiki/Special:FilePath/Enku%20bijutukan001.JPG
Q11508277,日本最古之石博物館,岐阜縣,鉱物博物館,35.5331110,137.1147470,http://commons.wikimedia.org/wiki/Special:FilePath/Hichiso%20Precambrian%20Museum01.jpg
Q113080943,大垣市上石津郷土資料館,岐阜縣,地方文化館,35.2872222,136.4663056,http://commons.wikimedia.org/wiki/Special:FilePath/%E5%A4%A7%E5%9E%A3%E5%B8%82%E4%B8%8A%E7%9F%B3%E6%B4%A5%E9%83%B7%E5%9C%9F%E8%B3%87%E6%96%99%E9%A4%A8.jpg
Q110858996,白山瀧宝殿,岐阜縣,博物館,35.9206667,136.8312222,http://commons.wikimedia.org/wiki/Special:FilePath/Nagatakihakusan-jinja%20ryuhoden.jpg
Q104783877,小坂郷土館,岐阜縣,博物館,35.9163889,137.3103611,
Q11559022,海津市歷史民俗資料館,岐阜縣,博物館,35.2163390,136.6407220,http://commons.wikimedia.org/wiki/Special:FilePath/Kaizu%20City%20Museum%20of%20History%20and%20Folklore%20ac%20%281%29.jpg
Q111430946,大正ロマン館,岐阜縣,博物館,35.3040000,137.3918333,http://commons.wikimedia.org/wiki/Special:FilePath/Akechi%20Taisyo%20Romankan%202021-01%20ac%20%281%29.jpg
Q5760427,光ミュージアム,岐阜縣,博物館,36.1559722,137.2342778,http://commons.wikimedia.org/wiki/Special:FilePath/Hikari%20museum.jpg
Q11471429,ミュージアム飛騨,岐阜縣,博物館,36.1205720,137.2541360,http://commons.wikimedia.org/wiki/Special:FilePath/%E3%83%9F%E3%83%A5%E3%83%BC%E3%82%B8%E3%82%A2%E3%83%A0%E9%A3%9B%E9%A8%A8.jpg
Q109357902,岐阜県文化財保護センター,岐阜縣,博物館,35.4780833,136.8000000,
Q11436531,大橋コレクション館,岐阜縣,博物館,36.1839000,137.4248640,http://commons.wikimedia.org/wiki/Special:FilePath/Ohashi%20Collection%20Kan%20Museum.jpg
Q133264896,飛騨位山文化交流館,岐阜縣,圖書館,36.0829610,137.2386100,http://commons.wikimedia.org/wiki/Special:FilePath/Takayama%20City%20Library%20Ichinomiya%20Branch%20calil.jpg
Q131911113,福来記念・山本資料館,岐阜縣,博物館,36.2250460,137.2405390,http://commons.wikimedia.org/wiki/Special:FilePath/%E9%A3%9B%E9%A8%A8%E7%A6%8F%E6%9D%A5%E5%BF%83%E7%90%86%E5%AD%A6%E7%A0%94%E7%A9%B6%E6%89%80%E3%83%BB%E7%A6%8F%E6%9D%A5%E8%A8%98%E5%BF%B5%E5%B1%B1%E6%9C%AC%E8%B3%87%E6%96%99%E9%A4%A8.jpg
Q11415800,名鐵資料館,岐阜縣,博物館,35.4419670,137.0504810,http://commons.wikimedia.org/wiki/Special:FilePath/Meitetsu%20Shiryokan2008-1.jpg
Q124775808,中山道ミニ博物館,岐阜縣,博物館,35.3729602,136.5322474,
Q17224675,奥の細道むすびの地記念館,岐阜縣,博物館,35.3562222,136.6118333,http://commons.wikimedia.org/wiki/Special:FilePath/%C5%8Cgaki%20City%20Basho%27s%20Oku%20no%20Hosomichi%20Haiku%20Journey%20Museum.jpg
Q116505582,美濃和紙用具ミュージアム ふくべ,岐阜縣,博物館,35.5889444,136.9095833,
Q11669357,高山市政記念館,岐阜縣,博物館,36.1398390,137.2599610,http://commons.wikimedia.org/wiki/Special:FilePath/Takayama%20City%20Memorial%20Hall01st3200.jpg
Q114557030,山県市文化の里古田紹欽記念館,岐阜縣,博物館,35.5356580,136.7233320,
Q11471441,岐阜縣刃物會館,岐阜縣,博物館,35.4827030,136.9146000,http://commons.wikimedia.org/wiki/Special:FilePath/Gifu%20Knife%20Hall%201.JPG
Q11507880,日本大正村資料館,岐阜縣,博物館,35.3040560,137.3894720,http://commons.wikimedia.org/wiki/Special:FilePath/Nihon%20taisyoumura%20siryoukan.jpg
Q118353209,美並ふるさと館,岐阜縣,博物館,35.6690278,136.9125556,
Q5170998,鵜飼資料園,岐阜縣,博物館,35.4411500,136.7763222,http://commons.wikimedia.org/wiki/Special:FilePath/%E9%B5%9C%E9%A3%BC%E8%B3%87%E6%96%99%E5%9C%92.jpg
Q11624444,藤橋城,岐阜縣,博物館,35.6382306,136.4872139,http://commons.wikimedia.org/wiki/Special:FilePath/Fujihashi-joh.jpg
Q11656463,關鍛冶傳承館,岐阜縣,博物館,35.4818140,136.9163920,http://commons.wikimedia.org/wiki/Special:FilePath/Seki%20Sword%20Tradition%20Museum%201.JPG
Q111013371,たかす開拓記念館,岐阜縣,博物館,35.9521667,136.8756667,
Q11582276,相生座,岐阜縣,博物館,35.4559440,137.2182780,
Q11455806,富加町郷土資料館,岐阜縣,博物館,35.4854580,136.9867780,http://commons.wikimedia.org/wiki/Special:FilePath/Tomika%20Town%20Local%20Museum%20ac%20%281%29.jpg
Q11611810,胡麻の郷,岐阜縣,博物館,35.3682920,136.4377140,http://commons.wikimedia.org/wiki/Special:FilePath/Sekigahara%20goma1.jpg
Q104710275,関ケ原ウォーランド,岐阜縣,博物館,35.3686750,136.4528800,
Q48748520,郡上八幡博覧館,岐阜縣,博物館,35.7534444,136.9571389,http://commons.wikimedia.org/wiki/Special:FilePath/Gujo-Hachiman%20Hakurankan%202019-08%20ac%20%281%29.jpg
Q104840485,輪中館・輪中生活館,岐阜縣,博物館,35.3293889,136.5997222,
Q11610104,羽島市歷史民俗資料館·羽島市電影資料館,岐阜縣,博物館,35.3241670,136.7020750,http://commons.wikimedia.org/wiki/Special:FilePath/Hashima%20Folk%20History%20Museum%202019-11%20ac%20%282%29.jpg
Q11364293,中山道鵜沼宿町屋館,岐阜縣,博物館,35.4046667,136.9373056,http://commons.wikimedia.org/wiki/Special:FilePath/Unumajuku%20machiyakan.JPG
Q111530222,みつばちの家,岐阜縣,博物館,35.4825833,136.7636111,
Q8081723,太田宿中山道会館,岐阜縣,博物館,35.4375000,137.0130000,http://commons.wikimedia.org/wiki/Special:FilePath/Ota-juku%20Nakasendo%20Museum%20ac%20%282%29.jpg
Q48748602,明宝歴史民俗資料館,岐阜縣,博物館,35.8570278,137.0300556,http://commons.wikimedia.org/wiki/Special:FilePath/%E6%98%8E%E5%AE%9D%E6%AD%B4%E5%8F%B2%E6%B0%91%E4%BF%97%E8%B3%87%E6%96%99%E9%A4%A8.jpg
Q11507739,日本土鈴館,岐阜縣,博物館,35.8609420,136.8640170,http://commons.wikimedia.org/wiki/Special:FilePath/Nihon%20doreikan.JPG
Q11471273,岐南町歴史民俗資料館,岐阜縣,博物館,35.3822500,136.7809250,http://commons.wikimedia.org/wiki/Special:FilePath/Ginantyou%20rekisiminzoku%20siryoukan.JPG
Q134405381,OKBギャラリー,岐阜縣,博物館,35.3651302,136.6170997,
Q117195470,関ケ原町歴史民俗学習館,岐阜縣,博物館,35.3662778,136.4662778,
Q24873809,モネの池,岐阜縣,水庫,35.6516667,136.8213889,http://commons.wikimedia.org/wiki/Special:FilePath/Monet%20water%20lily02.JPG
Q117442298,筋骨めぐり,岐阜縣,觀光景點,35.6610558,137.1578864,http://commons.wikimedia.org/wiki/Special:FilePath/%E7%AD%8B%E9%AA%A8%E3%82%81%E3%81%90%E3%82%8A%28%E9%A3%9B%E9%A8%A8%E9%87%91%E5%B1%B1%29.jpg
Q11360703,下呂温泉合掌村,岐阜縣,民家園,35.8087030,137.2502500,http://commons.wikimedia.org/wiki/Special:FilePath/Gero%20Onsen%20Gassho-mura%201.jpg
Q11573910,瑞浪市化石博物館,岐阜縣,古生物博物馆,35.3730300,137.2350610,http://commons.wikimedia.org/wiki/Special:FilePath/%E7%91%9E%E6%B5%AA%E5%B8%82%E5%8C%96%E7%9F%B3%E5%8D%9A%E7%89%A9%E9%A4%A8.jpg
Q11665918,飛騨荘川の里,岐阜縣,民家園,36.0356944,136.9522222,http://commons.wikimedia.org/wiki/Special:FilePath/Japan%2C%20Gebouwen%20foto%201354.jpg
Q112622790,MIBOROダムサイドパーク 御母衣電力館・荘川桜記念館,岐阜縣,エネルギー博物館,36.1451667,136.9085000,
Q109595978,羽島市竹鼻まつり山車会館,岐阜縣,山車会館,35.3211111,136.7018056,http://commons.wikimedia.org/wiki/Special:FilePath/%E7%BE%BD%E5%B3%B6%E5%B8%82%E7%AB%B9%E9%BC%BB%E3%81%BE%E3%81%A4%E3%82%8A%E5%B1%B1%E8%BB%8A%E4%BC%9A%E9%A4%A8.jpg
Q123476040,高山祭屋台会館,岐阜縣,山車会館,36.1483850,137.2601081,http://commons.wikimedia.org/wiki/Special:FilePath/Takayama%20Festival%20Float%20Exhibition%20Hall%20%2C%20%E9%AB%98%E5%B1%B1%E7%A5%AD%E5%B1%8B%E5%8F%B0%E4%BC%9A%E9%A4%A8%20-%20panoramio.jpg
Q5359335,名和昆虫博物館,岐阜縣,昆虫博物館,35.4331389,136.7731389,http://commons.wikimedia.org/wiki/Special:FilePath/Nawa%20Insect%20Museum%201.JPG
Q11471392,岐阜市長良川鵜飼伝承館,岐阜縣,漁業博物館,35.4410000,136.7787220,http://commons.wikimedia.org/wiki/Special:FilePath/Nagaragawa%20Ukai%20Museum%20ac%20%281%29.jpg
Q11261717,おかやまフォレストパーク ドイツの森,岡山縣,主題公園,34.8667222,134.0134722,http://commons.wikimedia.org/wiki/Special:FilePath/Okayama%20Agriculture%20Park%20German%20Forest%20Kronenberg%2001.jpg
Q11571293,犬養木堂記念館,岡山縣,人物紀念館,34.6521330,133.8428060,http://commons.wikimedia.org/wiki/Special:FilePath/Inukai%20Tsuyoshi%27s%20parents%27%20home.JPG
Q117360434,倉敷市真備ふるさと歴史館,岡山縣,地方文化館,34.6460000,133.7039720,http://commons.wikimedia.org/wiki/Special:FilePath/Kurashiki%20City%20Mabi%20hometown%20History%20Museum.jpg
Q18336747,加計美術館,岡山縣,藝廊,34.5957220,133.7714440,http://commons.wikimedia.org/wiki/Special:FilePath/080727%20Kake%20Museum%20of%20Art%20Kurashiki%20Okayama%20pref%20Japan01s3.jpg
Q132643175,くらしき空飛ぶクルマ展示場,岡山縣,航空博物館,34.5950620,133.7696660,http://commons.wikimedia.org/wiki/Special:FilePath/%E3%81%8F%E3%82%89%E3%81%97%E3%81%8D%E7%A9%BA%E9%A3%9B%E3%81%B6%E3%82%AF%E3%83%AB%E3%83%9E%E5%B1%95%E7%A4%BA%E5%A0%B4.jpg
Q48747011,坂野記念館,岡山縣,人物紀念館,34.7188889,133.9075556,
Q3247162,岡山縣立博物館,岡山縣,博物館,34.6683330,133.9338890,http://commons.wikimedia.org/wiki/Special:FilePath/Okayama%20prefectural%20museum01n3872.jpg
Q11628966,西江邸,岡山縣,历史房屋博物馆,34.8690280,133.4492500,http://commons.wikimedia.org/wiki/Special:FilePath/Nishie%20House.JPG
Q15933226,奈義町現代美術館,岡山縣,現代美術館,35.1239440,134.1749440,http://commons.wikimedia.org/wiki/Special:FilePath/Nagi%20MOCA.jpg
Q11670668,高梁市成羽美術館,岡山縣,美術館,34.7807220,133.5366670,http://commons.wikimedia.org/wiki/Special:FilePath/Nariwa-cho%20museum01s4000m.jpg
Q2386994,夢二鄉土美術館,岡山縣,美術館,34.6708000,133.9340000,http://commons.wikimedia.org/wiki/Special:FilePath/Shonen-sanso%20of%20Takehisa%20Yumeji-r.jpg
Q4677150,岡山縣立美術館,岡山縣,美術館,34.6677778,133.9300000,http://commons.wikimedia.org/wiki/Special:FilePath/The%20Okayama%20Prefectural%20Museum%20of%20Art01s3200.jpg
Q126681294,岡山城天守,岡山縣,天守,34.6651836,133.9360646,http://commons.wikimedia.org/wiki/Special:FilePath/Okayama%20castle01s3200.jpg
Q132578373,備前焼ミュージアム,岡山縣,廃止された博物館,34.7390680,134.1612550,http://commons.wikimedia.org/wiki/Special:FilePath/Bizen%20Pottery%20Traditional%20and%20Contemporary%20Art%20Museum%20Bizen%20Okayama%20pref%20Japan02n.jpg
Q111148165,かがみの近代美術館,岡山縣,美術館,35.2341667,133.9236111,http://commons.wikimedia.org/wiki/Special:FilePath/%E3%81%8B%E3%81%8C%E3%81%BF%E3%81%AE%E8%BF%91%E4%BB%A3%E7%BE%8E%E8%A1%93%E9%A4%A8%E3%81%AE%E7%A7%8B%E6%99%AF.jpg
Q132613645,勝央美術文学館,岡山縣,美術館,35.0420950,134.1162180,
Q11386763,倉敷民藝館,岡山縣,民俗博物館,34.5955140,133.7715890,http://commons.wikimedia.org/wiki/Special:FilePath/211203%20Kurashiki%20Museum%20of%20Folkcraft%20Kurashiki%20Okayama%20pref%20Japan01s3.jpg
Q132616015,永瀬清子展示室,岡山縣,文學館,34.7906540,134.0974350,
Q11417731,和気町歴史民俗資料館,岡山縣,民俗博物館,34.8193610,134.1754290,http://commons.wikimedia.org/wiki/Special:FilePath/Waketown-rekishiminzoku.jpg
Q104783507,津山郷土博物館,岡山縣,地方政府大樓,35.0608250,134.0056390,http://commons.wikimedia.org/wiki/Special:FilePath/Tsuyama%20City%20Museum20171126-01.jpg
Q123516965,鏡野町奥津歴史資料館,岡山縣,地方文化館,35.2249680,133.9200000,
Q132577340,備前市美術館,岡山縣,美術館,34.7390680,134.1612410,
Q11436586,大橋家住宅,岡山縣,历史房屋博物馆,34.5969170,133.7683890,http://commons.wikimedia.org/wiki/Special:FilePath/Kurashiki%20Ohashi%20House01n4592.jpg
Q11573398,现代医学教育博物馆,岡山縣,大學博物館,34.6333330,133.8113890,http://commons.wikimedia.org/wiki/Special:FilePath/Medical%20Museum%20of%20Kawasaki%20Medical%20School.jpg
Q11599876,笠岡市立鱟博物館,岡山縣,自然歷史博物館,34.4773890,133.5215280,http://commons.wikimedia.org/wiki/Special:FilePath/Kasaoka%20City%20Horseshoe%20Crab%20Museum%20-%20Apr%2012%2C%202007.jpg
Q38279422,吹屋ふるさと村郷土館,岡山縣,地方文化館,34.8618720,133.4693560,http://commons.wikimedia.org/wiki/Special:FilePath/%E5%90%B9%E5%B1%8B%E3%81%B5%E3%82%8B%E3%81%95%E3%81%A8%E6%9D%91%E9%83%B7%E5%9C%9F%E9%A4%A8.jpg
Q55522787,つやま自然のふしぎ館,岡山縣,自然歷史博物館,35.0609722,134.0048333,
Q11337213,ベンガラ館,岡山縣,陶瓷博物館,34.8531810,133.4683140,http://commons.wikimedia.org/wiki/Special:FilePath/Bengarakan07s3200.jpg
Q97371282,児島虎次郎記念館,岡山縣,倉庫,34.5954407,133.7727285,http://commons.wikimedia.org/wiki/Special:FilePath/Kurashiki%20Ivy%20Square24s5.jpg
Q11279140,港見丘公園,岡山縣,公園,34.7309720,134.2737500,http://commons.wikimedia.org/wiki/Special:FilePath/Harbor%20View%20Park%20Hinase%20Bizen%20Okayama%20Pref%20Japan09n.jpg
Q132612251,妖精の森ガラス美術館,岡山縣,美術館,35.2828320,133.9261830,http://commons.wikimedia.org/wiki/Special:FilePath/Yousei%20no%20mori%20Glass%20museum.JPG
Q132642259,人と科学の未来館サイピア,岡山縣,科學博物館,34.6771160,133.9083220,
Q1453270,倉敷蜷川美術館,岡山縣,Classical Antiquities collection,34.5957080,133.7714790,
Q2977589,大原美術館,岡山縣,美術館,34.5961500,133.7706700,http://commons.wikimedia.org/wiki/Special:FilePath/Kurashiki%20Ohara%20Art%20Museum02nt3200.jpg
Q22079757,津山教育鐵道館,岡山縣,didactic museum,35.0533200,133.9997820,http://commons.wikimedia.org/wiki/Special:FilePath/Tsuyama%20Railroad%20Educational%20Museum%2020160410.jpg
Q49958566,BIZEN中南美美術館,岡山縣,美術館,34.7343611,134.2717500,http://commons.wikimedia.org/wiki/Special:FilePath/130131%20BIZEN%20America%20Latin%20Museum01bs5.jpg
Q11620132,華鴒大塚美術館,岡山縣,美術館,34.5815000,133.4335000,http://commons.wikimedia.org/wiki/Special:FilePath/Hanatori-Otsuka%20art%20museum.jpg
Q4707602,林原美術館,岡山縣,美術館,34.6636111,133.9333333,http://commons.wikimedia.org/wiki/Special:FilePath/Gate%20-%20Hayashibara%20Museum%20of%20Art%20-%20DSC01773.JPG
Q131645971,児島虎次郎記念館,岡山縣,银行建筑物,34.5967667,133.7714116,http://commons.wikimedia.org/wiki/Special:FilePath/Chugoku%20Bank%20Kurashiki%20Hommachi%20liaison%20office.JPG
Q11330326,ヒルゼン高原センター,岡山縣,主題樂園,35.2908890,133.6353360,http://commons.wikimedia.org/wiki/Special:FilePath/Hiruzen%20Kogen%20Center.jpg
Q48750098,FAN美術館,岡山縣,美術館,34.7331667,134.2020556,http://commons.wikimedia.org/wiki/Special:FilePath/Fujiwara-Kei-Museum.jpg
Q11546382,武蔵資料館,岡山縣,人物紀念館,35.0953470,134.3261560,http://commons.wikimedia.org/wiki/Special:FilePath/Gorinbo08s3200.jpg
Q121362810,新見美術館,岡山縣,美術館,34.9853000,133.4571900,http://commons.wikimedia.org/wiki/Special:FilePath/NIIMI-MUSIAM.JPG
Q133294748,招き猫美術館,岡山縣,美術館,34.7392010,133.9448930,
Q11387334,備前市歴史民俗資料館,岡山縣,民俗博物館,34.7469440,134.1937500,http://commons.wikimedia.org/wiki/Special:FilePath/Bizen%20City%20History%20and%20Folklore%20Museum%202021-03%20ac.jpg
Q132642666,倉敷科学センター,岡山縣,科學博物館,34.5356450,133.7691420,
Q10855498,倉敷蒂沃利公園,岡山縣,主題公園,34.6033889,133.7643611,http://commons.wikimedia.org/wiki/Special:FilePath/Kurashiki%20Tivori%20Park01n4592.jpg
Q4707582,岡山市立東方美術館,岡山縣,美術館,34.6663889,133.9300000,http://commons.wikimedia.org/wiki/Special:FilePath/160319%20Okayama%20Orient%20Museum%20Okayama%20Japan02n.jpg
Q11386746,倉敷市立美術館,岡山縣,美術館,34.5946940,133.7689440,http://commons.wikimedia.org/wiki/Special:FilePath/Kurashiki%20City%20Art%20Museam.JPG
Q65248889,倉敷市立自然史博物館,岡山縣,自然歷史博物館,34.5955000,133.7686110,http://commons.wikimedia.org/wiki/Special:FilePath/Library%20and%20Museum%20in%20Kurashiki.jpg
Q30267450,倉敷考古館,岡山縣,考古博物館,34.5960610,133.7718890,http://commons.wikimedia.org/wiki/Special:FilePath/%E5%80%89%E6%95%B7%E7%BE%8E%E8%A6%B3%E5%9C%B0%E5%8C%BA%20by%20takeokahp%20-%20panoramio%20%281%29.jpg
Q11573422,现代玩具博物馆,岡山縣,玩具博物館,34.9937220,134.1373060,http://commons.wikimedia.org/wiki/Special:FilePath/Japan%20Museum%20of%20Contemporary%20Toy%20and%20Hall%20of%20Music%20Box.jpg
Q10345405,巴西公园鹫羽山游乐场,岡山縣,主題樂園,34.4461110,133.7979170,http://commons.wikimedia.org/wiki/Special:FilePath/%E9%B7%B2%E7%BE%BD%E5%B1%B1%E3%83%8F%E3%82%A4%E3%83%A9%E3%83%B3%E3%83%89%20-%20panoramio.jpg
Q11572836,玉野市立玉野海洋博物館,岡山縣,水族館,34.4548750,133.9054780,http://commons.wikimedia.org/wiki/Special:FilePath/Shibukawa%20Marine%20Aquarium.jpg
Q11472119,岡山天文博物館,岡山縣,科學博物館,34.5764440,133.5954720,
Q121362441,瀬戸内市立美術館,岡山縣,美術館,34.6206800,134.1468700,http://commons.wikimedia.org/wiki/Special:FilePath/Ushimado%20Setouchi%20city%20hall%20Ushimado%20branch.JPG
Q53865655,箕作阮甫旧宅,岡山縣,历史房屋博物馆,35.0629722,134.0163056,http://commons.wikimedia.org/wiki/Special:FilePath/%E7%AE%95%E4%BD%9C%E9%98%AE%E7%94%AB%E6%97%A7%E5%AE%85.jpg
Q121362612,やかげ郷土美術館,岡山縣,美術館,34.6250100,133.5876300,
Q56640405,倉紡記念館,岡山縣,公司博物館,34.5953889,133.7730278,http://commons.wikimedia.org/wiki/Special:FilePath/Kurashiki%20Ivy%20Square04nt3200.jpg
Q121362673,笠岡市立竹喬美術館,岡山縣,美術館,34.4970100,133.5161700,
Q136481568,吉兆庵美術館,岡山縣,美術館,34.6615111,133.9194365,
Q132613443,ジーンズミュージアム,岡山縣,織物博物館,34.4765230,133.8232510,http://commons.wikimedia.org/wiki/Special:FilePath/Betty%20Smith%20Jeans%20Museum%20%E3%83%99%E3%83%86%E3%82%A3%E3%82%B9%E3%83%9F%E3%82%B9%E3%83%BB%E3%82%B8%E3%83%BC%E3%83%B3%E3%82%BA%E3%83%9F%E3%83%A5%E3%83%BC%E3%82%B8%E3%82%A2%E3%83%A0%20-%20panoramio.jpg
Q11373381,井原市立平櫛田中美術館,岡山縣,美術館,34.5980560,133.4633330,
Q20044750,閑谷学校資料館,岡山縣,教育博物館,34.7970000,134.2181667,http://commons.wikimedia.org/wiki/Special:FilePath/SHIZUTANI-Museum-01.jpg
Q11386685,仓敷刀剑美术馆,岡山縣,美術館,34.5775560,133.8223890,http://commons.wikimedia.org/wiki/Special:FilePath/Gaikan1.JPG
Q108541786,湯の瀬温泉,岡山縣,温泉镇,34.9146380,133.7898730,
Q132912547,倉敷埋蔵文化財センター,岡山縣,埋藏文化財中心,34.5366770,133.7691350,
Q132323362,吉備路文学館,岡山縣,文學館,34.6751660,133.9238820,http://commons.wikimedia.org/wiki/Special:FilePath/Kibiji%20Literary%20Museum10n4000.jpg
Q132643217,倉敷昆虫館,岡山縣,昆虫博物館,34.6035700,133.7729710,
Q11472041,岡山市博物館,岡山縣,博物館,34.6665530,133.9157650,http://commons.wikimedia.org/wiki/Special:FilePath/Lit%20City%20Bldg.%282008.2%29.JPG
Q48763952,総社市まちかど郷土館,岡山縣,博物館,34.6755000,133.7545278,http://commons.wikimedia.org/wiki/Special:FilePath/%E3%81%BE%E3%81%A1%E3%81%8B%E3%81%A9%E9%83%B7%E5%9C%9F%E9%A4%A81.jpg
Q132618778,真庭市蒜山ミュージアム,岡山縣,博物館,35.2916140,133.6370160,
Q124618084,Washuzan Highland Sky Cycle,岡山縣,觀光景點,34.4458432,133.8003244,
Q30934800,高梁市鄉土資料館,岡山縣,博物館,34.7946667,133.6178056,http://commons.wikimedia.org/wiki/Special:FilePath/Takahashi%20City%20Local%20Museum%20ac.jpg
Q123516711,岡山県古代吉備文化財センター,岡山縣,博物館,34.6636660,133.8545200,
Q132603669,五流博物館,岡山縣,博物館,34.5368060,133.8188950,
Q11609097,美星天文台,岡山縣,博物館,34.6720000,133.5453611,
Q104815654,なぎビカリアミュージアム,岡山縣,古生物博物馆,35.1009770,134.1872470,http://commons.wikimedia.org/wiki/Special:FilePath/Nagi%20Vicarya%20Museum%20A.jpg
Q132607911,日本化石資料館,岡山縣,古生物博物馆,34.6507870,133.9708740,
Q11388659,児島市民交流センター,岡山縣,博物館,34.4683330,133.8036110,http://commons.wikimedia.org/wiki/Special:FilePath/Kojima%20Civic%20Center%202021-08%20ac.jpg
Q132605392,高梁市歴史美術館,岡山縣,博物館,34.7851970,133.6151190,
Q11373738,井笠鐵道紀念館,岡山縣,博物館,34.5690830,133.5258890,http://commons.wikimedia.org/wiki/Special:FilePath/Ikasa%20Railway%20Memorial%20Museum%2C%20gaikan-1.jpg
Q11387350,備前長船刀劍博物館,岡山縣,博物館,34.7216670,134.1069440,http://commons.wikimedia.org/wiki/Special:FilePath/Bizen-Osafune-Sword-Museum.jpg
Q59610850,勝山文化往来館ひしお,岡山縣,博物館,35.0840000,133.6915600,http://commons.wikimedia.org/wiki/Special:FilePath/%E5%8B%9D%E5%B1%B1%E6%96%87%E5%8C%96%E5%BE%80%E6%9D%A5%E9%A4%A8%E3%81%B2%E3%81%97%E3%81%8A011.jpg
Q60986214,鯨魚和海之科學館,岩手縣,科學博物館,39.4365556,141.9756389,http://commons.wikimedia.org/wiki/Special:FilePath/Museum%20of%20whale%20and%20sea.jpg
Q107437301,花巻新渡戸記念館,岩手縣,人物紀念館,39.3900000,141.1611111,
Q11508588,詩歌文學館賞,岩手縣,文學館,39.2929170,141.1144720,http://commons.wikimedia.org/wiki/Special:FilePath/%E6%97%A5%E6%9C%AC%E7%8F%BE%E4%BB%A3%E8%A9%A9%E6%AD%8C%E6%96%87%E5%AD%A6%E9%A4%A8%20-%20panoramio.jpg
Q127869959,雫石町歴史民俗資料館,岩手縣,地方文化館,39.6733850,140.9872340,
Q104696299,矢巾町歴史民俗資料館,岩手縣,民俗博物館,39.6072222,141.1694444,http://commons.wikimedia.org/wiki/Special:FilePath/Yahaba-cho%20Folk%20Historical%20Material%20Hall.jpg
Q60987043,軍馬の郷六原資料館,岩手縣,軍事博物館,39.2333056,141.0508333,http://commons.wikimedia.org/wiki/Special:FilePath/Rokuhara%20Museumu%2CKanegasaki%2CIwate.jpg
Q11353256,一関市博物館,岩手縣,市立博物館,38.9465560,141.0517500,http://commons.wikimedia.org/wiki/Special:FilePath/230727%20Ichinoseki%20City%20Museum%20Ichinoseki%20Iwate%20pref%20Japan02s3.jpg
Q117068227,陸前高田市立博物館,岩手縣,市立博物館,39.0155560,141.6280560,http://commons.wikimedia.org/wiki/Special:FilePath/Rikuzentakata%20City%20Museum.jpg
Q11670249,高村記念館,岩手縣,美術館,39.3870000,141.0021390,http://commons.wikimedia.org/wiki/Special:FilePath/Takamura%20kinenkan01s3200.jpg
Q48754469,旧秋田銀行本店本館,岩手縣,人物紀念館,39.6996389,141.1543611,http://commons.wikimedia.org/wiki/Special:FilePath/171103%20Morioka%20Takuboku%20and%20Kenji%20Museum%20Morioka%20Iwate%20pref%20Japan01n.jpg
Q104696352,宮古市崎山貝塚縄文の森ミュージアム,岩手縣,考古博物館,39.6744110,141.9598510,http://commons.wikimedia.org/wiki/Special:FilePath/Sakiyama%20Shell%20midden%20sites%20museum%2C%20Miyako.jpg
Q20044034,熊之鼻展望台,岩手縣,风景点,39.8397861,141.9789611,
Q55527081,石川啄木記念館,岩手縣,人物紀念館,39.8460278,141.1711667,http://commons.wikimedia.org/wiki/Special:FilePath/Ishikawa%20Takuboku%20Memorial%20Museum%2020250516b.jpg
Q69483064,盛岡市子ども科学館,岩手縣,科學博物館,39.6941667,141.1296944,http://commons.wikimedia.org/wiki/Special:FilePath/Morioka%20City%20Children%27s%20Science%20Museum%201.jpg
Q123308191,もりおか歴史文化館,岩手縣,歷史博物館,39.7010640,141.1528100,http://commons.wikimedia.org/wiki/Special:FilePath/Morioka%20History%20and%20Culture%20Museum.jpg
Q11474399,岩山パークランド,岩手縣,主題樂園,39.7011111,141.1908333,
Q11396893,利根山光人記念美術館,岩手縣,美術館,39.2750280,141.1316940,http://commons.wikimedia.org/wiki/Special:FilePath/Toneyama%20Kojin%20Memorial%20Museum01s3872.jpg
Q60989412,菊田一夫記念館,岩手縣,人物紀念館,39.1903889,141.1770000,http://commons.wikimedia.org/wiki/Special:FilePath/Nakazenkura%2COshu.jpg
Q60987415,盛岡てがみ館,岩手縣,文學館,39.7000833,141.1547222,http://commons.wikimedia.org/wiki/Special:FilePath/Morioka%20Museum%20of%20Letter%20190420.jpg
Q11450564,安家洞,岩手縣,觀光洞穴,39.9836000,141.7360000,http://commons.wikimedia.org/wiki/Special:FilePath/Akkado%20SHINDEN.jpg
Q11356960,三船十段記念館,岩手縣,人物紀念館,40.1880833,141.7587583,http://commons.wikimedia.org/wiki/Special:FilePath/Kuji%20City%20Mifune%20Judan%20Memorial%20Hall%201.jpg
Q120644751,奥州宇宙遊学館,岩手縣,天文博物館,39.1351740,141.1332600,http://commons.wikimedia.org/wiki/Special:FilePath/Oshu%20Space%20and%20Astronomy%20Museum.jpg
Q11474596,岩手サファリパーク,岩手縣,野生动物园,38.8099170,141.2589440,
Q60987381,舊釜石礦山事務所,岩手縣,历史建筑,39.2861110,141.7148060,http://commons.wikimedia.org/wiki/Special:FilePath/Kamaishi%20Kozan%20Office.jpg
Q11400858,北上市立博物館,岩手縣,市立博物館,39.2713330,141.1304440,http://commons.wikimedia.org/wiki/Special:FilePath/990michinoku%20folk%20village3200.jpg
Q11642412,遠野ふるさと村,岩手縣,民家園,39.3960000,141.5403890,http://commons.wikimedia.org/wiki/Special:FilePath/Tono-furusato-mura04s3872.jpg
Q11272929,遠野昔話村,岩手縣,民俗博物館,39.3294440,141.5286390,http://commons.wikimedia.org/wiki/Special:FilePath/Tono-mukashibanashi-mura03s3872.jpg
Q11278994,みちのく民俗村,岩手縣,民家園,39.2706110,141.1291110,http://commons.wikimedia.org/wiki/Special:FilePath/021michinoku%20folk%20village3200.jpg
Q85882018,深沢紅子野の花美術館,岩手縣,美術館,39.7032222,141.1560000,
Q109254635,東日本大震災海嘯傳承館,岩手縣,海嘯博物館,39.0073611,141.6271389,http://commons.wikimedia.org/wiki/Special:FilePath/Michinoeki%20Takatamatsubara%20and%20Iwate%20Tsunami%20Memorial%20Museum.jpg
Q11304875,サトウハチロー記念館,岩手縣,人物紀念館,39.2728890,141.1278060,http://commons.wikimedia.org/wiki/Special:FilePath/Sato%20Hachiro%20Memorial%20Hall02s3200.jpg
Q11581389,盛岡市遺跡の学び館,岩手縣,考古博物館,39.6920560,141.1285560,
Q55536221,釜石市立鉄の歴史館,岩手縣,工业博物馆,39.2555000,141.8941389,http://commons.wikimedia.org/wiki/Special:FilePath/Museum%20Iron%20History%20%2C%20Kamaishi.jpg
Q11474715,岩手縣立博物館,岩手縣,都道府县立博物馆,39.7554440,141.1538610,http://commons.wikimedia.org/wiki/Special:FilePath/Exterior%20of%20Iwate%20Prefectural%20Museum%2020231103a.jpg
Q56822914,住田町民俗資料館,岩手縣,民俗博物館,39.1978056,141.5882500,http://commons.wikimedia.org/wiki/Special:FilePath/Sumita%20Town%20Museum.jpg
Q11584728,石と賢治のミュージアム,岩手縣,鉱物博物館,38.9786111,141.2383333,http://commons.wikimedia.org/wiki/Special:FilePath/230729%20Museum%20of%20Stones%20and%20Kenji%20Ichinoseki%20Iwate%20pref%20Japan02s3.jpg
Q11381378,傳承園,岩手縣,民家園,39.3572780,141.5691940,http://commons.wikimedia.org/wiki/Special:FilePath/Denshoen04s3872.jpg
Q11279914,もぐらんぴあ,岩手縣,水族館,40.2212890,141.8157220,http://commons.wikimedia.org/wiki/Special:FilePath/Mogurampia%201.jpg
Q136379395,盛岡手作り村,岩手縣,主題公園,39.6930139,141.0243969,http://commons.wikimedia.org/wiki/Special:FilePath/Morioka%20Handi-Works%20Square%2020170715a.jpg
Q11489083,御所野繩文公園,岩手縣,考古学公園,40.1978330,141.3061390,http://commons.wikimedia.org/wiki/Special:FilePath/%E5%BE%A1%E6%89%80%E9%87%8E%E9%81%BA%E8%B7%A1%E7%AB%AA%E7%A9%B4%E5%BC%8F%E4%BD%8F%E5%B1%85.JPG
Q11537943,桜地人館,岩手縣,美術館,39.3756110,141.1261390,http://commons.wikimedia.org/wiki/Special:FilePath/Sakura-chijinkan02s3872.jpg
Q11615374,花巻歴史民俗資料館,岩手縣,民俗博物館,39.3880280,141.0057780,http://commons.wikimedia.org/wiki/Special:FilePath/Hanamaki%20CMHF01s3200.jpg
Q7385643,龍泉洞,岩手縣,溶洞,39.8605333,141.7972806,http://commons.wikimedia.org/wiki/Special:FilePath/Ryusendo%20Cave%20Underground%20Lake%20Cap%2020201115.jpg
Q123516953,軽米町歴史民俗資料館,岩手縣,地方文化館,40.3204500,141.4565400,
Q11272918,東北紐西蘭村,岩手縣,主題公園,39.0361944,141.0864722,
Q3298581,岩手縣立美術館,岩手縣,美術館,39.6935000,141.1248889,http://commons.wikimedia.org/wiki/Special:FilePath/Iwate%20Museum%20of%20Art.jpg
Q11260958,江刺藤原之鄉,岩手縣,电影布景,39.1944440,141.1888890,http://commons.wikimedia.org/wiki/Special:FilePath/Esashi-fujiharanosato.jpg
Q60988648,千田正記念館,岩手縣,人物紀念館,39.2142500,141.1121389,http://commons.wikimedia.org/wiki/Special:FilePath/Chida%20Tadashi%20Memorial%20Itakura%2CKanegasaki.jpg
Q132197302,めんこい美術館,岩手縣,美術館,39.1451530,141.1542330,http://commons.wikimedia.org/wiki/Special:FilePath/Menkoi%20Art%20Museum.JPG
Q74825456,久慈琥珀博物館,岩手縣,古生物博物馆,40.1699170,141.7237780,http://commons.wikimedia.org/wiki/Special:FilePath/Amber%20museumu%2C%20Kuji.jpg
Q104696348,滝沢市埋蔵文化財センター,岩手縣,埋藏文化財中心,39.7807610,141.0977400,
Q11272526,釣鐘洞,岩手縣,天然拱,40.1784720,141.8340280,http://commons.wikimedia.org/wiki/Special:FilePath/Tsuriganedo.jpg
Q11642423,遠野城下町資料館,岩手縣,博物館,39.3305000,141.5289170,http://commons.wikimedia.org/wiki/Special:FilePath/Tono-jokamachi-siryokan01n3872.jpg
Q11642436,遠野蔵の道ギャラリー,岩手縣,博物館,39.3310000,141.5279440,http://commons.wikimedia.org/wiki/Special:FilePath/Kura-no-michi%20gallery02n3200.jpg
Q123474160,中尊寺讃衡蔵,岩手縣,博物館,39.0014500,141.1005800,http://commons.wikimedia.org/wiki/Special:FilePath/Chuson-ji%20Sankozo%20Museum%2001.jpg
Q28690213,八幡平市博物館,岩手縣,博物館,40.1032278,141.0523778,http://commons.wikimedia.org/wiki/Special:FilePath/Hachimantai%20City%20Museum.jpg
Q106969378,二戸市立郷土資料館,岩手縣,博物館,40.2842500,141.2978889,
Q11445753,奥州市牛の博物館,岩手縣,博物館,39.0269440,141.1240280,http://commons.wikimedia.org/wiki/Special:FilePath/The%20Cattle%20Museum.jpg
Q11587795,碧祥寺博物館,岩手縣,博物館,39.4272778,140.7480556,
Q11667809,馬仙峡,岩手縣,觀光景點,40.2524100,141.2907900,
Q56822933,せんまや街角資料館,岩手縣,博物館,38.9203056,141.3318333,http://commons.wikimedia.org/wiki/Special:FilePath/Senmaya%20Museume%2CIchinoseki%2CIwate.jpg
Q11642429,远野市市立博物馆,岩手縣,圖書館,39.3277500,141.5289170,http://commons.wikimedia.org/wiki/Special:FilePath/Tono%20municipal%20museum02s3200.jpg
Q127603206,毛越寺宝物館,岩手縣,博物館,38.9868940,141.1087690,http://commons.wikimedia.org/wiki/Special:FilePath/Cultural%20Assets%20Repository%20-%20Motsuji%2C%20Hiraizumi%2C%20Iwate%20-%20DSC04628.jpg
Q55522621,蟠龍峡,島根縣,觀光景點,34.9350833,132.6036667,
Q11584562,知夫赤壁,島根縣,觀光景點,36.0211970,133.0022470,http://commons.wikimedia.org/wiki/Special:FilePath/%E6%B5%B7%E3%81%8B%E3%82%89%E8%A6%8B%E3%82%8B%E7%9F%A5%E5%A4%AB%E8%B5%A4%E5%A3%81.jpg
Q132396679,今井美術館,島根縣,美術館,34.9546040,132.3349750,
Q132396774,大元神樂傳承館,島根縣,博物館,34.9400230,132.3185510,
Q132398115,出雲キルト美術館,島根縣,織物博物館,35.4031040,132.8265960,
Q132397185,出雲玉作資料館,島根縣,博物館,35.4175650,133.0133450,
Q11462489,小泉八雲故居,島根縣,文學館,35.4792830,133.0494280,http://commons.wikimedia.org/wiki/Special:FilePath/Shiominawate%20Matsue05s4592.jpg
Q11557958,濱田市世界兒童美術館,島根縣,美術館,34.8864167,132.0754444,http://commons.wikimedia.org/wiki/Special:FilePath/Hamada%20children%27%20museum%20of%20art.jpg
Q104721885,津和野町郷土館,島根縣,地方文化館,34.4655250,131.7735280,http://commons.wikimedia.org/wiki/Special:FilePath/Tsuwano%20Town%20Local%20History%20Museum%2020170503.jpg
Q120669454,森鷗外記念館,島根縣,人物紀念館,34.4573160,131.7685580,http://commons.wikimedia.org/wiki/Special:FilePath/View%20of%20Mori%20Ogai%20Memorial%20Museum.jpg
Q132408418,平田本陣記念館,島根縣,纪念博物馆,35.4384990,132.8127340,
Q11476530,島根縣藝術文化中心,島根縣,音乐演出场所,34.6728490,131.8478100,http://commons.wikimedia.org/wiki/Special:FilePath/Grand%20Toit.jpg
Q6102408,出雲科學館,島根縣,科學博物館,35.3619000,132.7661000,http://commons.wikimedia.org/wiki/Special:FilePath/Izumo%20kagakukan.jpg
Q132420775,飯南町民俗資料館,島根縣,民俗博物館,35.0793770,132.7821930,
Q55530487,石見銀山世界遺產中心,島根縣,礦業博物館,35.1056667,132.4517222,http://commons.wikimedia.org/wiki/Special:FilePath/180504%20Iwami%20Ginzan%20World%20Heritage%20Center%20Oda%20Shimane%20pref%20Japan02s5.jpg
Q11613488,興雲閣,島根縣,历史房屋博物馆,35.4735830,133.0504440,http://commons.wikimedia.org/wiki/Special:FilePath/Kounkaku1.JPG
Q132412446,奧出雲多根自然博物館,島根縣,自然歷史博物館,35.2327090,132.9876160,
Q11476474,島根縣立三瓶自然館,島根縣,都道府县立博物馆,35.1527278,132.6205472,http://commons.wikimedia.org/wiki/Special:FilePath/Shimane%20Prefectural%20Sanbe%20Nature%20Museum.jpg
Q47164008,宍道湖自然館Gobius,島根縣,水族館,35.4472222,132.8644444,http://commons.wikimedia.org/wiki/Special:FilePath/Gobius%2C%20Izumo.jpg
Q11548167,水の国,島根縣,博物館,34.9643056,132.4268889,http://commons.wikimedia.org/wiki/Special:FilePath/Mizunokuni%20park%20and%20museum.JPG
Q104721883,荒神谷博物館,島根縣,考古博物館,35.3766620,132.8502580,
Q132398230,今岡美術館,島根縣,美術館,35.3510500,132.7443300,
Q11545900,武家屋敷 (鹽見繩手),島根縣,历史房屋博物馆,35.4783889,133.0506944,http://commons.wikimedia.org/wiki/Special:FilePath/Shiominawate%20Matsue04s4592.jpg
Q132419830,雲州算盤傳統產業館,島根縣,博物館,35.1774900,133.0928880,
Q104721892,加茂岩倉遺跡ガイダンス,島根縣,考古博物館,35.3591910,132.8827980,
Q132444564,モニュメント・ミュージアム 来待ストーン,島根縣,博物館,35.4143610,132.9496080,
Q132444010,鐵之歷史博物館,島根縣,工业博物馆,35.1670700,132.8496700,
Q113538324,手錢美術館,島根縣,美術館,35.3972550,132.6784190,
Q123472463,石見安達美術館,島根縣,美術館,34.9601120,132.1421810,
Q132396460,安野光雅美術館,島根縣,美術館,34.4719810,131.7743200,http://commons.wikimedia.org/wiki/Special:FilePath/Anno%20Mitsumasa%20Art%20Museum%2020170503.jpg
Q132408131,出雲民藝館,島根縣,工藝博物館,35.3390390,132.7217960,
Q21583279,いずもまがたまの里 伝承館,島根縣,博物館,35.4318970,133.0053810,http://commons.wikimedia.org/wiki/Special:FilePath/Izumo%20Magatama-sato1.JPG
Q55530176,石見銀山資料館,島根縣,歷史博物館,35.1220556,132.4478333,http://commons.wikimedia.org/wiki/Special:FilePath/180505%20Iwami%20Ginzan%20Silver%20Mine%20Museum%20Oda%20Shimane%20pref%20Japan01s3.jpg
Q132852237,古代鉄歌謡館,島根縣,博物館,35.3266320,132.9931230,
Q104721886,絲原記念館,島根縣,博物館,35.1750500,133.0352500,http://commons.wikimedia.org/wiki/Special:FilePath/Itohara%20Kinenkan%20garden.jpg
Q3329561,足立美術館,島根縣,美術館,35.3800100,133.1941700,http://commons.wikimedia.org/wiki/Special:FilePath/Adachi%20Museum%20of%20Art10st3200.jpg
Q11398790,加納美術館,島根縣,美術館,35.3062782,133.1513062,
Q24868915,隱岐鄉土館,島根縣,地方文化館,36.2799960,133.2499560,http://commons.wikimedia.org/wiki/Special:FilePath/Oki%20Kyodo-kan.jpg
Q4802099,島根縣立古代出雲歴史博物館,島根縣,都道府县立博物馆,35.3987500,132.6887222,http://commons.wikimedia.org/wiki/Special:FilePath/ShimaneMuseumOfAncientIzumo%2002.jpg
Q11599122,竹島資料室,島根縣,博物館,35.4711390,133.0514720,http://commons.wikimedia.org/wiki/Special:FilePath/Takeshima%20Museum%20ac.jpg
Q11476470,島根海洋館AQUAS,島根縣,水族館,34.9594440,132.1445830,http://commons.wikimedia.org/wiki/Special:FilePath/Public%20aquariums%20in%20Aquas.JPG
Q132396423,杜塾美術館,島根縣,美術館,34.4644870,131.7733830,http://commons.wikimedia.org/wiki/Special:FilePath/Morijuku%20Art%20Museum%2020170503-2.jpg
Q132398704,出雲文化傳承館,島根縣,博物館,35.3818600,132.7149280,http://commons.wikimedia.org/wiki/Special:FilePath/%E5%87%BA%E9%9B%B2%E6%96%87%E5%8C%96%E4%BC%9D%E6%89%BF%E9%A4%A8%20-%20panoramio.jpg
Q132196874,久見竹島歴史館,島根縣,歷史博物館,36.3211030,133.2312560,
Q17222556,益田市立雪舟之鄉記念館,島根縣,美術館,34.6850280,131.8475000,
Q132442017,雲南市永井隆記念館,島根縣,纪念博物馆,35.2876660,132.8685240,
Q132444909,メテオプラザ,島根縣,入浴施設,35.5713720,133.2303210,http://commons.wikimedia.org/wiki/Special:FilePath/Meteo%20Plaza%20ac.jpg
Q132420814,濱田市濱田鄉土資料館,島根縣,地方文化館,34.9003850,132.0955110,
Q132444191,安部榮四郎記念館,島根縣,紙博物館,35.3915810,133.1176980,
Q123472538,出雲大社寶物殿,島根縣,宝物館,35.4010310,132.6860980,http://commons.wikimedia.org/wiki/Special:FilePath/Izumo-taisha18nt3200.jpg
Q132396562,島根縣立石見美術館,島根縣,美術館,34.6729836,131.8480842,http://commons.wikimedia.org/wiki/Special:FilePath/Grand%20Toit.jpg
Q11418233,和鋼博物館,島根縣,博物館,35.4352778,133.2536111,http://commons.wikimedia.org/wiki/Special:FilePath/Wak%C5%8D%20Museum.jpg
Q11395835,出雲松鼠之丘,島根縣,主題公園,35.3866390,132.8749720,
Q1778875,小泉八雲紀念館,島根縣,人物紀念館,35.4791440,133.0491950,http://commons.wikimedia.org/wiki/Special:FilePath/Lafcadio%20Hearn%20Memorial%20Hall02st3200.jpg
Q2655425,島根縣立美術館,島根縣,美術館,35.4594650,133.0524950,http://commons.wikimedia.org/wiki/Special:FilePath/Shimane%20Art%20Museum16s3.jpg
Q132419563,奥出雲たたらと刀剣館,島根縣,博物館,35.1739490,133.0901190,
Q11376381,仁摩沙博物館,島根縣,博物館,35.1463890,132.4047220,http://commons.wikimedia.org/wiki/Special:FilePath/Sandmuseum%20Nima.jpg
Q66310909,赤尾展望所,島根縣,觀景台,36.0877778,132.9593889,
Q132420930,村上家資料館,島根縣,历史房屋博物馆,36.0956090,133.0978800,
Q132444106,鹿島歷史民俗資料館,島根縣,地方文化館,35.5089530,133.0072430,
Q11577460,田部美術館,島根縣,美術館,35.4792000,133.0500000,http://commons.wikimedia.org/wiki/Special:FilePath/Shiominawate%20Matsue06s4592.jpg
Q127385579,島根大學綜合博物館,島根縣,大學博物館,35.4857520,133.0692690,
Q11365325,中村元記念館,島根縣,纪念博物馆,35.4949170,133.1724440,http://commons.wikimedia.org/wiki/Special:FilePath/Nakamura%20Hajime%20Memorial%20Hall.jpg
Q132420850,邑南町鄉土館,島根縣,地方文化館,34.8506390,132.5195650,
Q123472588,可部屋集成館,島根縣,博物館,35.1085580,132.9410070,http://commons.wikimedia.org/wiki/Special:FilePath/Kabeya%20Shuseikan%20Sakurai.jpg
Q29948516,松江歷史館,島根縣,歷史博物館,35.4752970,133.0533170,http://commons.wikimedia.org/wiki/Special:FilePath/Matsue%20Rekishikan%20ac%20%284%29.jpg
Q132398636,島根県埋蔵文化財調査センター,島根縣,埋藏文化財中心,35.4758410,132.9923790,
Q55530278,海士町後鳥羽院資料館,島根縣,人物紀念館,36.0973889,133.0988611,http://commons.wikimedia.org/wiki/Special:FilePath/%E6%B5%B7%E5%A3%AB%E7%94%BA%E5%BE%8C%E9%B3%A5%E7%BE%BD%E9%99%A2%E8%B3%87%E6%96%99%E9%A4%A8%20ac.jpg
Q132444490,出雲かんべの里,島根縣,博物館,35.4252160,133.0873440,
Q123740216,さんべ縄文の森ミュージアム,島根縣,博物館,35.1775377,132.5998059,http://commons.wikimedia.org/wiki/Special:FilePath/Azukihara.jpg
Q132420821,濱田市金城民俗資料館,島根縣,地方文化館,34.7781270,132.1977380,
Q132449680,桑原史成写真美術館,島根縣,攝影博物館,34.4723240,131.7741550,http://commons.wikimedia.org/wiki/Special:FilePath/Kuwabara%20Shisei%20Photographic%20Art%20Museum%2020170503-2.jpg
Q132300625,齋藤茂吉鴨山記念館,島根縣,纪念博物馆,35.0928800,132.5697970,
Q132450989,かけや酒蔵資料館,島根縣,日本清酒博物館,35.1926690,132.8190770,http://commons.wikimedia.org/wiki/Special:FilePath/Kakeya%20sakagura%20museum.jpg
Q132396991,石正美術館,島根縣,美術館,34.7842770,131.9566635,
Q132420829,濱田市金城歷史民俗資料館,島根縣,地方文化館,34.7782850,132.1983450,
Q104721878,安來市立歷史資料館,島根縣,歷史博物館,35.3681400,133.1802960,http://commons.wikimedia.org/wiki/Special:FilePath/Yasugi%20Municipal%20History%20Museum.jpg
Q104721896,島根縣立八雲立風土記之丘,島根縣,風土記之丘,35.4266944,133.0900556,http://commons.wikimedia.org/wiki/Special:FilePath/Matsue%20fudoki%20no%20oka%20IMG%2020161019%20150423.jpg
Q132420839,瑞穂ハンザケ自然館,島根縣,自然歷史博物館,34.8498790,132.5167880,
Q11476431,島根大学旧奥谷宿舎,島根縣,历史房屋博物馆,35.4810110,133.0537670,http://commons.wikimedia.org/wiki/Special:FilePath/Shimane-Univ-Old-Okudani-Lodging-2014050201.jpg
Q82275912,大久野島毒氣資料館,廣島縣,軍事博物館,34.3059444,132.9941111,http://commons.wikimedia.org/wiki/Special:FilePath/Dokugasmuseum.JPG
Q11592098,福山自動車時計博物館,廣島縣,時計博物館,34.4978250,133.3631110,http://commons.wikimedia.org/wiki/Special:FilePath/Fukuyama%20Auto%20%26%20Clock%20Museum%2020120526-1.JPG
Q11509272,日本鄉土玩具博物館,廣島縣,玩具博物館,34.4506780,133.2602640,http://commons.wikimedia.org/wiki/Special:FilePath/Japan%20sweeping%20one%20museum.JPG
Q93425,廣島市現代美術館,廣島縣,美術館,34.3863800,132.4733650,http://commons.wikimedia.org/wiki/Special:FilePath/Hiroshima%20City%20Museum%20of%20Contemporary%20Art.jpg
Q3330773,廣島縣立美術館,廣島縣,美術館,34.3999083,132.4662750,http://commons.wikimedia.org/wiki/Special:FilePath/Hiroshima%20Prefectural%20Art%20Museum%2001.jpg
Q11274070,なかた美術館,廣島縣,美術館,34.4090830,133.1869780,http://commons.wikimedia.org/wiki/Special:FilePath/%E3%81%AA%E3%81%8B%E3%81%9F%E7%BE%8E%E8%A1%93%E9%A4%A8.jpg
Q132176507,下濑美术馆,廣島縣,美術館,34.2412750,132.2270250,http://commons.wikimedia.org/wiki/Special:FilePath/Shimose%20art%20museum%201.jpg
Q6764196,宫岛水族馆,廣島縣,水族館,34.2953920,132.3153560,http://commons.wikimedia.org/wiki/Special:FilePath/Miyajima%20Public%20Aquarium%2020170310.jpg
Q130729831,被爆遺構展示館,廣島縣,和平博物館,34.3922778,132.4534444,
Q17223767,東広島市立美術館,廣島縣,美術館,34.4271600,132.7425300,http://commons.wikimedia.org/wiki/Special:FilePath/Higashihiroshima%20City%20Museum%20of%20Art%202024.jpg
Q15229355,海上保安資料館,廣島縣,海事博物館,34.2462250,132.5270970,
Q11340571,馬自達博物館,廣島縣,公司博物館,34.3770583,132.5030111,http://commons.wikimedia.org/wiki/Special:FilePath/Mazda-FAMILIA-rotary-coupe01.jpg
Q11465485,尾道市立美術館,廣島縣,美術館,34.4099170,133.1958000,http://commons.wikimedia.org/wiki/Special:FilePath/Onomichi%20City%20Museum%20of%20Art.jpg
Q22118199,奥田元宋・小由女美術館,廣島縣,人物紀念館,34.7763889,132.8683333,http://commons.wikimedia.org/wiki/Special:FilePath/GensoSayume.JPG
Q11263021,お好み村,廣島縣,餐館,34.3913090,132.4619280,http://commons.wikimedia.org/wiki/Special:FilePath/%E3%81%8A%E5%A5%BD%E3%81%BF%E6%9D%911.jpg
Q1063071,吳市海事歷史科學館,廣島縣,歷史博物館,34.2411361,132.5558056,http://commons.wikimedia.org/wiki/Special:FilePath/Yamato%20Museum%20in%20October%202008.JPG
Q11484615,本川小学校平和資料館,廣島縣,軍事博物館,34.3958850,132.4506060,http://commons.wikimedia.org/wiki/Special:FilePath/Honkawa%20Elementary%20School%20Peace%20Museum01.JPG
Q11558629,海の見える杜美術館,廣島縣,美術館,34.3267780,132.2802780,http://commons.wikimedia.org/wiki/Special:FilePath/Uminomierumori-bijutsukan.jpg
Q11276750,ひろしまドッグぱーく,廣島縣,主題公園,34.4136111,132.2813889,
Q11341148,廣島Marina Hop,廣島縣,主題樂園,34.3603890,132.4150000,http://commons.wikimedia.org/wiki/Special:FilePath/%E3%83%9E%E3%83%AA%E3%83%BC%E3%83%8A%E3%83%9B%E3%83%83%E3%83%97%E6%96%BD%E8%A8%AD%E5%86%85.jpg
Q1200076,廣島和平紀念資料館,廣島縣,和平博物館,34.3914722,132.4530556,http://commons.wikimedia.org/wiki/Special:FilePath/Hiroshima%20Peace%20Memorial%20Museum%202008%2001.JPG
Q11484543,広島市映像文化ライブラリー,廣島縣,電影檔案館,34.3987220,132.4572780,http://commons.wikimedia.org/wiki/Special:FilePath/Hiroshima%20City%20Central%20Library%202021-03%20ac%20%282%29.jpg
Q5771293,広島県立歴史博物館,廣島縣,都道府县立博物馆,34.4897222,133.3588889,http://commons.wikimedia.org/wiki/Special:FilePath/Hiroshima%20Prefectural%20Museum%20of%20History01s2040.jpg
Q11260091,いろは丸展示館,廣島縣,海事博物館,34.3826390,133.3807220,http://commons.wikimedia.org/wiki/Special:FilePath/Irohamaru%20tenjikan03b4592.jpg
Q5771207,広島市こども文化科学館,廣島縣,兒童博物館,34.3986670,132.4536390,http://commons.wikimedia.org/wiki/Special:FilePath/Hiroshima%20Childrens%20Museum.jpg
Q22661322,平山郁夫美術館,廣島縣,美術館,34.3056944,133.0904167,http://commons.wikimedia.org/wiki/Special:FilePath/Ikuo%20Hirayama%20Museum.jpg
Q11364934,中川美术馆,廣島縣,美術館,34.3981920,133.3686190,http://commons.wikimedia.org/wiki/Special:FilePath/Nakagawa%20mu.JPG
Q11277001,ふくやま美術館,廣島縣,美術館,34.4909670,133.3590390,http://commons.wikimedia.org/wiki/Special:FilePath/Fukuyama%20Museum%20of%20Art02s2040.jpg
Q127452807,広島大学医学部医学資料館,廣島縣,製薬博物館,34.3805740,132.4773230,
Q121367781,蘭島閣美術館,廣島縣,美術館,34.1882500,132.6840280,http://commons.wikimedia.org/wiki/Special:FilePath/%E8%98%AD%E5%B3%B6%E9%96%A3%E7%BE%8E%E8%A1%93%E9%A4%A8%20Rantoukaku%20Museum%20-%20panoramio.jpg
Q24866067,本因坊秀策囲碁記念館,廣島縣,人物紀念館,34.3281667,133.1836111,http://commons.wikimedia.org/wiki/Special:FilePath/Honinbo%20Shusaku%20Game%20of%20Go%20Memorial%2020180430-1.jpg
Q11416750,呉市立美術館,廣島縣,美術館,34.2400000,132.5636111,http://commons.wikimedia.org/wiki/Special:FilePath/Kure%20Municipal%20Museum%20of%20Art%20Annex.JPG
Q22117727,八千代の丘美術館,廣島縣,美術館,34.6333472,132.6202917,http://commons.wikimedia.org/wiki/Special:FilePath/Yachiyonooka.JPG
Q11665011,賴山陽史蹟資料館,廣島縣,歷史博物館,34.3915000,132.4572780,http://commons.wikimedia.org/wiki/Special:FilePath/Rai%20Sanyo%20Shiseki%20Museum%2001.jpg
Q104783563,府中市上下歴史文化資料館,廣島縣,历史房屋博物馆,34.6950700,133.1208480,
Q11289011,ウッドワン美術館,廣島縣,美術館,34.4989167,132.1436389,http://commons.wikimedia.org/wiki/Special:FilePath/Wood%20one%20museum%20of%20art.jpg
Q98926045,袋町小学校平和資料館,廣島縣,和平博物館,34.3917600,132.4587060,http://commons.wikimedia.org/wiki/Special:FilePath/Fukuromachi%20Elementary%20School%20Peace%20Museum01.JPG
Q17230203,法宣寺の天蓋マツ,廣島縣,松樹,34.3850780,133.3795030,http://commons.wikimedia.org/wiki/Special:FilePath/Houseji%20no%20Tengai-matsu%2C%20%E6%B3%95%E5%AE%A3%E5%AF%BA%E3%81%AE%E5%A4%A9%E8%93%8B%E3%83%9E%E3%83%84%20Pine%20tree%20forming%20a%20canopy%20in%20Hosen-ji%20temple.jpg
Q11484763,広島県立みよし風土記の丘,廣島縣,風土記之丘,34.7633330,132.8986110,http://commons.wikimedia.org/wiki/Special:FilePath/%E3%81%BF%E3%82%88%E3%81%97%E9%A2%A8%E5%9C%9F%E8%A8%98%E3%81%AE%E4%B8%98%E5%BE%A9%E5%85%83%E5%BB%BA%E7%89%A9%E7%BE%A4.jpg
Q63828,广岛美术馆,廣島縣,美術館,34.3986694,132.4580611,http://commons.wikimedia.org/wiki/Special:FilePath/Hiroshima%20Museum%20of%20Art.jpg
Q11279374,みろくの里,廣島縣,主題樂園,34.4205833,133.3059444,
Q11635438,赤坂遊園,廣島縣,主題樂園,34.4765000,133.3051111,
Q123124371,辻村寿三郎人形館,廣島縣,人形博物館,34.8109770,132.8478580,http://commons.wikimedia.org/wiki/Special:FilePath/Miyoshi%20Museum%20of%20History.jpg
Q11592024,福山市人権平和資料館,廣島縣,人権博物館,34.4929310,133.3585500,http://commons.wikimedia.org/wiki/Special:FilePath/Fukuyama-shi%20jinken-heiwa%20shiryokan02s2040.jpg
Q5771219,廣島市鄉土資料館,廣島縣,地方文化館,34.3659722,132.4618333,http://commons.wikimedia.org/wiki/Special:FilePath/Hiroshima%20City%20Museum%20of%20History%20and%20Traditional%20Hiroshima%20ac%20%282%29.jpg
Q11484500,広島大学総合博物館,廣島縣,大學博物館,34.4030000,132.7105278,http://commons.wikimedia.org/wiki/Special:FilePath/Hiroshima%20university%20museum.jpg
Q11506184,日本鞋博物館,廣島縣,時裝博物館,34.4504310,133.2608750,http://commons.wikimedia.org/wiki/Special:FilePath/Japan%20sweeping%20one%20museum.JPG
Q11277000,ふくやま文学館,廣島縣,文學館,34.4924722,133.3584167,http://commons.wikimedia.org/wiki/Special:FilePath/Fukuyama%20Museum%20of%20Literature%20Fukuyama%20Hiroshima%20pref%20Japan01s5.jpg
Q11338087,ホロコースト記念館,廣島縣,ホロコースト記念館,34.5208330,133.3576670,http://commons.wikimedia.org/wiki/Special:FilePath/Holocaust%20Education%20Center%20in%20Fukuyama%20Hiroshima%2001.jpg
Q5358361,廣島市交通科學館,廣島縣,科學博物館,34.4708610,132.4286410,http://commons.wikimedia.org/wiki/Special:FilePath/Hiroshima%20City%20Transportation%20Museum%202.jpg
Q11387212,健康科學館,廣島縣,科學博物館,34.3762780,132.4571390,http://commons.wikimedia.org/wiki/Special:FilePath/Hiroshima%20Koto%20Kogyo%20Gakko%20140811.JPG
Q11484548,廣島市江波山氣象館,廣島縣,気象博物館,34.3661740,132.4351300,http://commons.wikimedia.org/wiki/Special:FilePath/Hiroshima%20City%20Ebayama%20Museum%20of%20Meteorology%202.jpg
Q11262079,おのみち歴史博物館,廣島縣,歷史博物館,34.4097667,133.2048722,http://commons.wikimedia.org/wiki/Special:FilePath/Onomichi%20Historical%20Museum01s3200.jpg
Q11663862,鞆の浦歴史民俗資料館,廣島縣,民俗博物館,34.3842810,133.3817470,http://commons.wikimedia.org/wiki/Special:FilePath/Tomonoura%20rekishiminzoku%20shiryokan01s2040.jpg
Q133290175,厳島神社宝物館,廣島縣,宝物館,34.2948670,132.3187410,http://commons.wikimedia.org/wiki/Special:FilePath/Miyajima%2020170125-2.jpg
Q3805303,海上自衛隊吳史料館,廣島縣,博物館,34.2422222,132.5553889,http://commons.wikimedia.org/wiki/Special:FilePath/JMSDF-KureMuseum.jpg
Q11485281,廣島遞信醫院舊外來棟被爆資料室,廣島縣,已停業醫院,34.4034440,132.4651390,http://commons.wikimedia.org/wiki/Special:FilePath/Hiroshima%20Teishin%20Hospital%2002.JPG
Q107474258,竹原市歴史民俗資料館,廣島縣,民俗博物館,34.3475000,132.9100830,http://commons.wikimedia.org/wiki/Special:FilePath/Takehara%20City%20Historical%20Folk%20Museum%202021-03%20ac.jpg
Q121354170,ふくやま書道美術館,廣島縣,書法美術館,34.4911756,133.3591010,
Q24867592,阿多田島灯台資料館,廣島縣,灯台記念館,34.1870556,132.3158889,
Q85880176,府中市歴史民俗資料館,廣島縣,民俗博物館,34.5621944,133.2297222,http://commons.wikimedia.org/wiki/Special:FilePath/Former%20Hall%20of%20Ashina%20District%2C%20gaikan.jpg
Q24866040,因島水軍城,廣島縣,歷史博物館,34.3280000,133.1663889,http://commons.wikimedia.org/wiki/Special:FilePath/%E5%B0%BE%E9%81%93%E5%B8%82%20%E5%9B%A0%E5%B3%B6%E6%9D%91%E4%B8%8A%E6%B0%B4%E8%BB%8D%E5%9F%8E%20-%20panoramio.jpg
Q11389025,入船山記念館,廣島縣,博物館,34.2402780,132.5638890,http://commons.wikimedia.org/wiki/Special:FilePath/%E5%85%A5%E8%88%B9%E5%B1%B1%E7%B4%80%E5%BF%B5%E9%A4%A8%20%2848118220931%29.jpg
Q119660004,広島三次ワイナリー,廣島縣,商號,34.7778170,132.8666200,
Q116764321,宮島歴史民俗資料館,廣島縣,博物館,34.2954410,132.3173230,
Q123516765,尾道商業会議所記念館,廣島縣,博物館,34.4065550,133.1982100,
Q81821,廣島市安佐動物公園,廣島縣,觀光景點,34.4978560,132.4406900,http://commons.wikimedia.org/wiki/Special:FilePath/%E5%AE%89%E4%BD%90%E5%8B%95%E7%89%A9%E5%85%AC%E5%9C%9201.jpg
Q41977,廣島城,廣島縣,日式城堡,34.4027500,132.4590278,http://commons.wikimedia.org/wiki/Special:FilePath/HiroshimaCastle.jpg
Q11602688,筆の里工房,廣島縣,博物館,34.3427180,132.5753530,http://commons.wikimedia.org/wiki/Special:FilePath/%E7%AD%86%E3%81%AE%E9%87%8C01.jpg
Q11465461,尾道城,廣島縣,博物館,34.4073611,133.1936111,http://commons.wikimedia.org/wiki/Special:FilePath/Onomichi%20castle05s3200.jpg
Q27166678,海與島的歴史資料館,廣島縣,博物館,34.2616667,132.9093611,http://commons.wikimedia.org/wiki/Special:FilePath/%E5%A4%A7%E5%B4%8E%E4%B8%8A%E5%B3%B6%20%E6%B5%B7%E3%81%A8%E5%B3%B6%E3%81%AE%E6%AD%B4%E5%8F%B2%E8%B3%87%E6%96%99%E9%A4%A8%202013-08.JPG
Q106678254,湯本豪一記念日本妖怪博物館,廣島縣,博物館,34.8153611,132.8451667,http://commons.wikimedia.org/wiki/Special:FilePath/Mononoke%20museum.jpg
Q108299880,庄原市立比和自然科学博物館,廣島縣,博物館,34.9831920,132.9862460,
Q11657511,阿波十郎兵衛屋敷,德島縣,剧院博物馆,34.0915560,134.5839720,http://commons.wikimedia.org/wiki/Special:FilePath/Awadeko201811%204.jpg
Q28154087,名頃,德島縣,觀光景點,33.8559100,134.0198270,
Q56034443,エスカヒル鳴門,德島縣,電扶梯,34.2358056,134.6399167,http://commons.wikimedia.org/wiki/Special:FilePath/Eskahill%20Naruto01s3200.jpg
Q11668622,高の瀬峡,德島縣,觀光景點,33.7885910,134.0789620,
Q11489920,德島縣立大鳴門橋架橋紀念館,德島縣,觀景台,34.2349170,134.6401390,http://commons.wikimedia.org/wiki/Special:FilePath/EDDY02s3872.jpg
Q11497340,技の館,德島縣,博物館,34.1320830,134.3974440,http://commons.wikimedia.org/wiki/Special:FilePath/%E4%B8%8A%E6%9D%BF%E7%94%BA%20%E6%8A%80%E3%81%AE%E9%A4%A8.jpg
Q28691992,美郷ほたる館,德島縣,自然歷史博物館,34.0222667,134.2624556,
Q11622548,藍の館,德島縣,博物館,34.1156110,134.4822780,http://commons.wikimedia.org/wiki/Special:FilePath/Aizumi%20Ai%20no%20Yakata.jpg
Q11257446,德島明日多夢樂園,德島縣,科學博物館,34.1522780,134.4410560,http://commons.wikimedia.org/wiki/Special:FilePath/ASUTAMULAND%20TOKUSHIMA.JPG
Q48759843,阿波市立土成歴史館,德島縣,歷史博物館,34.1149444,134.3400833,
Q11489972,德島縣立近代美術館,德島縣,都道府县立博物馆,34.0398060,134.5266940,http://commons.wikimedia.org/wiki/Special:FilePath/Tokushima%20Modern%20Art%20Museum.JPG
Q11619959,菘翁美術館,德島縣,書法美術館,34.0705000,134.5588890,http://commons.wikimedia.org/wiki/Special:FilePath/Suou%20Art%20Museum.jpg
Q7813764,徳島県郷土文化会館,德島縣,音樂廳,34.0751000,134.5460000,http://commons.wikimedia.org/wiki/Special:FilePath/Tokushima%20Arts%20Foundation%20for%20Culture01n3872.jpg
Q4707942,德島縣立博物館,德島縣,都道府县立博物馆,34.0397000,134.5260000,http://commons.wikimedia.org/wiki/Special:FilePath/Tokushima%20Prefectural%20Museum.JPG
Q11582282,相生森林美術館,德島縣,美術館,33.7977220,134.4520830,http://commons.wikimedia.org/wiki/Special:FilePath/Aioi%20Shinrin%20Bijyutsukan.JPG
Q11675413,鳴門ガレの森美術館,德島縣,美術館,34.1782780,134.6203610,
Q11489812,徳島市立考古資料館,德島縣,考古博物館,34.0608890,134.4690280,http://commons.wikimedia.org/wiki/Special:FilePath/Tokushima%20Koko%20Shiryokan.JPG
Q62608804,阿波池田うだつの家・たばこ資料館,德島縣,博物館,34.0294722,133.8090278,http://commons.wikimedia.org/wiki/Special:FilePath/Awa-Ikeda%20Udatsu%20House%20omoya%20ac%20%281%29.jpg
Q123564185,上板町立歴史民俗資料館,德島縣,博物館,34.1319320,134.3959640,
Q130335552,上板町歴史民俗資料館,德島縣,博物館,34.1319139,134.3958917,http://commons.wikimedia.org/wiki/Special:FilePath/%E4%B8%8A%E6%9D%BF%E7%94%BA%20%E6%AD%B4%E5%8F%B2%E6%B0%91%E4%BF%97%E8%B3%87%E6%96%99%E9%A4%A8.jpg
Q107723579,ひの字渓谷,德島縣,谷地,33.9083333,133.8175000,http://commons.wikimedia.org/wiki/Special:FilePath/%E3%81%B2%E3%81%AE%E5%AD%97%E6%B8%93%E8%B0%B7%2001%2020200802.jpg
Q11489984,徳島県立鳥居龍蔵記念博物館,德島縣,人物紀念館,34.0398610,134.5262500,http://commons.wikimedia.org/wiki/Special:FilePath/Tokushima%20Prefectural%20Torii%20Ryuzo%20Memorial%20Museum.JPG
Q11657295,阿南市科学センター,德島縣,科學博物館,33.9488610,134.6816940,
Q11562883,渦之道,德島縣,觀景台,34.2378333,134.6478889,http://commons.wikimedia.org/wiki/Special:FilePath/The%20air%20corridor%20of%20the%20Uzunomichi.jpg
Q123563377,徳島木のおもちゃ美術館,德島縣,玩具博物館,34.1510590,134.4393230,
Q11489720,徳島市天狗久資料館,德島縣,人物紀念館,34.0722780,134.4927500,
Q11489793,徳島市立徳島城博物館,德島縣,博物館,34.0735280,134.5556390,http://commons.wikimedia.org/wiki/Special:FilePath/Tokushima%20castle%20museum02s3872.jpg
Q109595796,阿波市立市場歴史民俗資料館,德島縣,博物館,34.0942100,134.2849800,
Q3329659,大塚國際美術館,德島縣,美術館,34.2324000,134.6380000,http://commons.wikimedia.org/wiki/Special:FilePath/The%20Otsuka%20Museum%20of%20Art01s3200.jpg
Q3740674,鳴門市ドイツ館,德島縣,建築物,34.1647220,134.4990830,http://commons.wikimedia.org/wiki/Special:FilePath/140712%20Naruto%20German%20House%20Naruto%20Tokushima%20pref%20Japan02s3.jpg
Q28691969,阿波和紙伝統産業会館,德島縣,紙博物館,34.0459444,134.2310278,
Q11657545,阿波木偶人形会館,德島縣,剧院博物馆,34.0918330,134.9181940,http://commons.wikimedia.org/wiki/Special:FilePath/Awadeko201811%201.jpg
Q17209243,鳴門市賀川豊彦記念館,德島縣,人物紀念館,34.1632780,134.4987500,http://commons.wikimedia.org/wiki/Special:FilePath/140712%20Naruto%20City%20Kagawa%20Toyohiko%20Museum%20Naruto%20Tokushima%20pref%20Japan01s3.jpg
Q123562902,「人形のムラ」阿波木偶文化資料館,德島縣,博物館,34.0903710,134.4666530,
Q11532225,松茂町歴史民俗資料館・人形浄瑠璃芝居資料館,德島縣,博物館,34.1369170,134.5826940,http://commons.wikimedia.org/wiki/Special:FilePath/%E6%9D%BE%E8%8C%82%E7%94%BA%E6%AD%B4%E5%8F%B2%E6%B0%91%E4%BF%97%E8%B3%87%E6%96%99%E9%A4%A8%E3%83%BB%E4%BA%BA%E5%BD%A2%E6%B5%84%E7%91%A0%E7%92%83%E8%8A%9D%E5%B1%85%E8%B3%87%E6%96%99%E9%A4%A8%2020210504.jpg
Q11489939,徳島県立文学書道館,德島縣,文學館,34.0800830,134.5540000,http://commons.wikimedia.org/wiki/Special:FilePath/Tokushima%20bungakushodo01n3872.jpg
Q65266462,平家屋敷民俗資料館,德島縣,历史房屋博物馆,33.8832778,133.7812778,http://commons.wikimedia.org/wiki/Special:FilePath/150503%20The%20Folklore%20Museum%20of%20the%20Heike%20Estate%20Miyoshi%20Tokushima%20pref%20Japan02s3.jpg
Q11273086,とくしまファミリーランド,德島縣,主題樂園,34.0133333,134.5188889,http://commons.wikimedia.org/wiki/Special:FilePath/Tokushima%20Family%20Land2.JPG
Q11641228,道之站大歩危,德島縣,道之驛,33.8815833,133.7600556,http://commons.wikimedia.org/wiki/Special:FilePath/Michinoeki%20Oboke%2001.JPG
Q11505181,日和佐うみがめ博物館カレッタ,德島縣,自然歷史博物館,33.7346110,134.5410280,http://commons.wikimedia.org/wiki/Special:FilePath/Hiwasa%20Chelonian%20Museum%20Caretta%202025.jpg
Q104783865,東みよし町立歴史民俗資料館,德島縣,博物館,34.0360770,133.9494790,
Q11657519,阿波大正浪漫 バルトの庭,德島縣,电影布景,34.1590278,134.4965556,http://commons.wikimedia.org/wiki/Special:FilePath/140712%20Baruto-no-niwa%20in%20Bando%20Naruto%20Tokushima%20pref%20Japan19bs7.jpg
Q123562726,阿陽史料館,德島縣,歷史博物館,34.0719300,134.5429620,
Q11344566,モラスコむぎ,德島縣,水族館,33.6670560,134.4436110,http://commons.wikimedia.org/wiki/Special:FilePath/Morasukomugi20220524%201.jpg
Q4829638,阿波舞會館,德島縣,舞蹈博物館,34.0702778,134.5450000,http://commons.wikimedia.org/wiki/Special:FilePath/Awa-dance%20memorial%20hall01s3200.jpg
Q11657578,阿波銀プラザ,德島縣,美術館,34.0703060,134.5470000,http://commons.wikimedia.org/wiki/Special:FilePath/Awagin-Plaza.jpeg
Q65268183,恐竜の里,德島縣,主題公園,33.8930000,134.4596940,
Q11489915,徳島県立埋蔵文化財総合センター,德島縣,埋藏文化財中心,34.1428890,134.4513890,http://commons.wikimedia.org/wiki/Special:FilePath/Rekishiru%20Tokushima.jpg
Q123561299,ＮＦＴ鳴門美術館,德島縣,美術館,34.1782920,134.6203010,
Q65291911,阿南市立阿波公方・民俗資料館,德島縣,博物館,33.9520278,134.6551389,http://commons.wikimedia.org/wiki/Special:FilePath/%E9%98%BF%E5%8D%97%E5%B8%82%E7%AB%8B%E9%98%BF%E6%B3%A2%E5%85%AC%E6%96%B9%20%E6%B0%91%E4%BF%97%E8%B3%87%E6%96%99%E9%A4%A8.jpg
Q11657512,阿波史跡公園,德島縣,考古学公園,34.0578056,134.4660556,http://commons.wikimedia.org/wiki/Special:FilePath/Awa-siseki-koen.jpeg
Q11489637,徳島ガラススタジオ,德島縣,博物館,34.0200560,134.5550000,http://commons.wikimedia.org/wiki/Special:FilePath/Tokushima%20glass%20studio.jpg
Q11377196,今治市河野美術館,愛媛縣,美術館,34.0627500,132.9988890,http://commons.wikimedia.org/wiki/Special:FilePath/Imabari%20City%20Kono%20Museum%20of%20Art.JPG
Q133273309,宇和米博物館,愛媛縣,農業博物館,33.3675500,132.5125790,http://commons.wikimedia.org/wiki/Special:FilePath/Kome%20hakubutsukan.jpg
Q11339828,マイントピア別子,愛媛縣,mining park,33.9014444,133.3095000,http://commons.wikimedia.org/wiki/Special:FilePath/Roadside%20Station%20Mine%20topia%20Besshi.jpg
Q123556061,内子町木蠟資料館上芳我邸,愛媛縣,历史房屋博物馆,33.5572560,132.6537770,http://commons.wikimedia.org/wiki/Special:FilePath/Kamihaga%20Residence.jpg
Q123531601,セキ美術館,愛媛縣,美術館,33.8508735,132.7817135,http://commons.wikimedia.org/wiki/Special:FilePath/Seki%20Museum%28Matsuyama%20City%29.JPG
Q11419591,四万十川学習センターおさかな館,愛媛縣,水族館,33.2291670,132.7102780,http://commons.wikimedia.org/wiki/Special:FilePath/Osakanakan%20Matsuno.jpg
Q11627169,西予市立美術館「ギャラリーしろかわ」,愛媛縣,美術館,33.3794167,132.7521944,
Q11261002,えひめこどもの城,愛媛縣,主題公園,33.7619170,132.7976110,http://commons.wikimedia.org/wiki/Special:FilePath/Kodomonosiro20220815%203.jpg
Q104783929,大洲市河辺歴史民俗資料館,愛媛縣,博物館,33.5109920,132.7952620,
Q11493676,愛媛県総合科学博物館,愛媛縣,都道府县立博物馆,33.9100760,133.2448750,http://commons.wikimedia.org/wiki/Special:FilePath/Ehime%20prefectural%20science%20museum%201.jpg
Q11493678,爱媛县美术馆,愛媛縣,都道府县立博物馆,33.8405556,132.7622222,http://commons.wikimedia.org/wiki/Special:FilePath/The%20Museum%20of%20Art%2C%20EHIME%20-%20panoramio%20%281%29.jpg
Q123531589,愛媛民芸館,愛媛縣,工藝博物館,33.9196450,133.1794890,
Q11449130,宇和島市立伊達博物館,愛媛縣,博物館,33.2159444,132.5626389,http://commons.wikimedia.org/wiki/Special:FilePath/Uwajima%20Date%20Museum%202.JPG
Q11485614,広瀬歴史記念館,愛媛縣,人物紀念館,33.9188890,133.2861110,http://commons.wikimedia.org/wiki/Special:FilePath/Hirosetei03.jpg
Q28663265,あかがねミュージアム,愛媛縣,美術館,33.9493611,133.2951111,http://commons.wikimedia.org/wiki/Special:FilePath/Akagane01.jpg
Q11419786,四國鐵道文化館,愛媛縣,鐵路博物館,33.9127778,133.1883333,http://commons.wikimedia.org/wiki/Special:FilePath/Shikoku%20Railway%20Cultural%20Center%20north%20wing.jpg
Q11493579,愛媛県歴史文化博物館,愛媛縣,都道府县立博物馆,33.3639444,132.5181111,http://commons.wikimedia.org/wiki/Special:FilePath/Ehime%20Rekihaku%20museum.jpg
Q10884817,伊丹十三纪念馆,愛媛縣,人物紀念館,33.8179861,132.7781194,http://commons.wikimedia.org/wiki/Special:FilePath/ITAMI%20JUZO%20MUSEUM%28Matsuyama-City%29.JPG
Q11447937,子規堂,愛媛縣,人物紀念館,33.8345830,132.7633890,http://commons.wikimedia.org/wiki/Special:FilePath/Shikido1.jpg
Q76283534,赤松遊園地,愛媛縣,主題樂園,33.2397500,132.5336944,http://commons.wikimedia.org/wiki/Special:FilePath/%E8%B5%A4%E6%9D%BE%E9%81%8A%E5%9C%92%E5%9C%B0%20%282202856337%29.jpg
Q123555439,暁雨館,愛媛縣,博物館,33.9521010,133.4186690,
Q123532547,瓶泥舎びいどろ・ぎやまん・ガラス美術館,愛媛縣,美術館,33.8534270,132.7823020,
Q11501954,新居浜市立郷土美術館,愛媛縣,美術館,33.9602500,133.2828056,http://commons.wikimedia.org/wiki/Special:FilePath/Niihama%20City%20Native%20Museum.JPG
Q11449139,宇和岛市立历史资料馆,愛媛縣,博物館,33.2264361,132.5546469,http://commons.wikimedia.org/wiki/Special:FilePath/Uwajima%20city%20historical%20museum.jpg
Q11377188,今治市伊東豊雄建築ミュージアム,愛媛縣,美術館,34.2139170,132.9503890,http://commons.wikimedia.org/wiki/Special:FilePath/TIMA%20museum.jpg
Q123527367,大山祇神社宝物館,愛媛縣,博物館,34.2474330,133.0045000,http://commons.wikimedia.org/wiki/Special:FilePath/Gate%20of%20Oyamazumi%20Shrine%20Museum.jpg
Q27614309,住友化学愛媛工場歴史資料館,愛媛縣,公司博物館,33.9611389,133.2616389,http://commons.wikimedia.org/wiki/Special:FilePath/Sumikasiryou02.jpg
Q11649748,鉄道歴史パーク in SAIJO,愛媛縣,鉄道公園,33.9129722,133.1881944,
Q123527209,乗禅寺宝物館,愛媛縣,博物館,34.0717590,132.9588350,
Q11377199,今治市玉川近代美術館,愛媛縣,现代美术馆,34.0219170,132.9445560,http://commons.wikimedia.org/wiki/Special:FilePath/Tamagawa%20art%20museum.jpg
Q123555778,伊方町町見郷土館,愛媛縣,廃止された博物館,33.4693500,132.2945600,
Q123532643,十輪寺庄薬師堂,愛媛縣,博物館,33.9721920,132.8020350,
Q5016554,松山市立子規紀念博物館,愛媛縣,人物紀念館,33.8496570,132.7873710,http://commons.wikimedia.org/wiki/Special:FilePath/Masaoka%20Shiki%20Museum%20front.jpg
Q11368866,久万高原町立久万美術館,愛媛縣,美術館,33.6620500,132.9067390,http://commons.wikimedia.org/wiki/Special:FilePath/%E4%B9%85%E4%B8%87%E7%BE%8E%E8%A1%93%E9%A4%A8.JPG
Q123536443,大洲市立肱川風の博物館・歌麿館,愛媛縣,博物館,33.4472800,132.6929440,
Q123505492,今治市朝倉ふるさと美術古墳館,愛媛縣,考古博物館,33.9994370,133.0077510,
Q11663793,面河山岳博物館,愛媛縣,自然歷史博物館,33.7151940,133.0933330,http://commons.wikimedia.org/wiki/Special:FilePath/Omogo%20sangaku%20hakubutukan%20museum.jpg
Q11372066,五十崎凧博物館,愛媛縣,博物館,33.5396860,132.6566030,http://commons.wikimedia.org/wiki/Special:FilePath/Ikazaki%20Kyte%20Museum1.JPG
Q7402728,坂上之雲博物館,愛媛縣,博物館,33.8417722,132.7692083,http://commons.wikimedia.org/wiki/Special:FilePath/2023%E5%B9%B47%E6%9C%88-%E5%9D%82%E4%B8%8A%E4%B9%8B%E9%9B%B2%E5%8D%9A%E7%89%A9%E9%A4%A8A.jpg
Q11377194,今治市岩田健母と子のミュージアム,愛媛縣,雕塑公园,34.1947860,132.9541796,http://commons.wikimedia.org/wiki/Special:FilePath/Mother%20and%20child%20museum%20-%20panoramio%20%281%29.jpg
Q123532457,ミウラート・ヴィレッジ（三浦美術館）,愛媛縣,美術館,33.8985142,132.7538520,http://commons.wikimedia.org/wiki/Special:FilePath/Matsuyama-Miurart%20Village%283%29%20-%20panoramio.jpg
Q11273158,ところミュージアム大三島,愛媛縣,彫刻美術館,34.2150278,132.9519722,http://commons.wikimedia.org/wiki/Special:FilePath/Tokoro%20Museum.jpg
Q123531539,愛媛人物博物館,愛媛縣,博物館,33.7748190,132.8021480,
Q11523686,来島海峡展望館,愛媛縣,博物館,34.1140250,132.9778330,http://commons.wikimedia.org/wiki/Special:FilePath/Kurusima%2001.jpg
Q11522834,村上海賊ミュージアム,愛媛縣,海軍博物館,34.1688330,133.0874440,http://commons.wikimedia.org/wiki/Special:FilePath/Imabari%20Murakami-Kaizoku-Museum.jpg
Q123505693,上黒岩遺跡考古館,愛媛縣,考古博物館,33.6178170,132.9603640,http://commons.wikimedia.org/wiki/Special:FilePath/Kamikuroiwaiseki.jpg
Q11377193,今治市大三島美術館,愛媛縣,美術館,34.2490833,133.0033333,http://commons.wikimedia.org/wiki/Special:FilePath/View%20of%20Imabari%20City%20Omishima%20Art%20Museum.jpg
Q11522682,村上三島記念館,愛媛縣,人物紀念館,34.2556940,133.0535830,http://commons.wikimedia.org/wiki/Special:FilePath/Murakami%20Santo%20Memorial%20Museum%2020180429-1.jpg
Q123536533,坂村真民記念館,愛媛縣,纪念博物馆,33.7380970,132.7924030,
Q123528025,四国中央市歴史考古博物館,愛媛縣,考古博物館,34.0097910,133.5798670,http://commons.wikimedia.org/wiki/Special:FilePath/Museum%20of%20History%20and%20Archeology%20at%20Shikokuchuo%20City%20-%20Entrance.jpg
Q17219850,愛媛文華館,愛媛縣,美術館,34.0642780,133.0051670,http://commons.wikimedia.org/wiki/Special:FilePath/Ehime%20Bunkakan.jpg
Q11396677,別子銅山記念館,愛媛縣,礦業博物館,33.9213500,133.3094081,http://commons.wikimedia.org/wiki/Special:FilePath/Besshi%20dozan%20kinenkan%20museum.jpg
Q123525924,内子町歴史民俗資料館（商いと暮らし博物館）,愛媛縣,地方文化館,33.5521780,132.6526160,http://commons.wikimedia.org/wiki/Special:FilePath/AkinaiAndKurashiMuseum.JPG
Q3577679,開明学校,愛媛縣,旧学校施設,33.3642500,132.5136111,http://commons.wikimedia.org/wiki/Special:FilePath/Kaimei%20Gakko%2003.JPG
Q17214933,能因法師求雨樟樹,愛媛縣,巨樹,34.2483890,133.0047220,http://commons.wikimedia.org/wiki/Special:FilePath/%C5%8Cyamazumi-jinja%20kusunoki%20%28N%C5%8Din-houshi%29.JPG
Q123536897,霧の森茶フェミュージアム,愛媛縣,茶博物館,33.9245820,133.6410650,
Q11587568,砥部焼伝統産業会館,愛媛縣,陶瓷博物館,33.7392780,132.7918890,http://commons.wikimedia.org/wiki/Special:FilePath/Entrance%20of%20Tobe-Yaki%20Heritage%20Center%20-%20Jul%2015%2C%202014.jpg
Q11529852,松山市考古館,愛媛縣,考古博物館,33.8398000,132.7352560,http://commons.wikimedia.org/wiki/Special:FilePath/Archaeological%20Museum%20at%20Matsuyama%20City.jpg
Q11672301,高畠華宵大正ロマン館,愛媛縣,美術館,33.7690280,132.8854720,http://commons.wikimedia.org/wiki/Special:FilePath/Takabatake%20Taisho%20roman.jpg
Q123505264,大洲市立博物館,愛媛縣,市立博物館,33.5137300,132.5462570,
Q123555719,東温市立歴史民俗資料館,愛媛縣,博物館,33.7929900,132.8713060,
Q123536776,宇和文化の里,愛媛縣,博物館,33.3629500,132.5150930,
Q116981042,今治市大西藤山歴史資料館,愛媛縣,博物館,34.0599444,132.9291111,http://commons.wikimedia.org/wiki/Special:FilePath/Imabari-Myokensan-Kofun.jpg
Q104783927,湯築城資料館,愛媛縣,博物館,33.8481170,132.7856120,
Q123532295,砥部むかしのくらし館,愛媛縣,博物館,33.7382970,132.7929720,
Q11493530,愛媛大学ミュージアム,愛媛縣,大學博物館,33.8498889,132.7715556,http://commons.wikimedia.org/wiki/Special:FilePath/Ehime%20University%20Museum1.JPG
Q104783925,西条市立東予郷土館,愛媛縣,博物館,33.9278510,133.0814060,
Q11315898,毛巾美術館一廣,愛媛縣,美術館,33.9690556,133.0324444,http://commons.wikimedia.org/wiki/Special:FilePath/Towel%20Museum%20Ichihiro.JPG
Q123534055,五百亀記念館,愛媛縣,纪念博物馆,33.9192160,133.1792350,
Q17192836,生樹の御門,愛媛縣,巨樹,34.2477780,133.0084720,http://commons.wikimedia.org/wiki/Special:FilePath/%E5%A4%A7%E5%B1%B1%E7%A5%87%E7%A5%9E%E7%A4%BE%20%E7%94%9F%E6%A8%B9%E3%81%AE%E5%BE%A1%E9%96%80.JPG
Q899167,下灘站,愛媛縣,觀光景點,33.6551000,132.5892000,http://commons.wikimedia.org/wiki/Special:FilePath/Shimonada%20Station%20201507%281%29.JPG
Q11522124,杉本美術館,愛知縣,廃止された博物館,34.8019360,136.8662720,http://commons.wikimedia.org/wiki/Special:FilePath/Sugimmoto%20Museum%20130416.JPG
Q11472922,岡崎市美術博物館,愛知縣,博物館,34.9475000,137.2172220,http://commons.wikimedia.org/wiki/Special:FilePath/Okazaki%20Mindscape%20museum.JPG
Q17226489,神谷美術館,愛知縣,美術館,34.9350390,136.9538280,http://commons.wikimedia.org/wiki/Special:FilePath/Kamiya%20art%20museum.jpg
Q11494298,愛知県立芸術大学芸術資料館,愛知縣,大學博物館,35.1674750,137.0698030,
Q11396288,刈谷市美術館,愛知縣,美術館,34.9855560,137.0055560,http://commons.wikimedia.org/wiki/Special:FilePath/140112%20Kariya%20City%20Art%20Museum%20Kariya%20Aich%20pref%20Japan01s3.jpg
Q3077236,德川美術館,愛知縣,美術館,35.1836920,136.9331890,http://commons.wikimedia.org/wiki/Special:FilePath/View%20of%20Tokugawa%20Art%20Museum%20%281%29%2C%20Tokugawa-cho%20Higashi%20Ward%20Nagoya%202021.jpg
Q11561458,清須市はるひ美術館,愛知縣,美術館,35.2355080,136.8407580,http://commons.wikimedia.org/wiki/Special:FilePath/260125%20Kiyosu%20City%20Haruhi%20Art%20Museum%20Kiyosu%20Aichipref%20Japan01s3.jpg
Q11539869,森村記念館,愛知縣,美術館,35.1723920,136.9095580,http://commons.wikimedia.org/wiki/Special:FilePath/Morimura%20Museum%20%28Nagoya%29%20130623.JPG
Q6050127,国際デザインセンター,愛知縣,美術館,35.1654722,136.9052500,
Q4856192,貨幣・浮世絵ミュージアム,愛知縣,美術館,35.1693355,136.9026198,http://commons.wikimedia.org/wiki/Special:FilePath/View%20of%20MUFG%20Bank%20Nagoya%20Building%2C%20Sakae%20Naka%20Ward%20Nagoya%202022.jpg
Q469573,名古屋市美術館,愛知縣,美術館,35.1638420,136.9010220,http://commons.wikimedia.org/wiki/Special:FilePath/Nagoya%20City%20Art%20Museum01-r.jpg
Q65251252,名古屋刀剣ワールド,愛知縣,美術館,35.1631944,136.9025000,http://commons.wikimedia.org/wiki/Special:FilePath/Sakae%20Tower%20Hills%2020200802-04.jpg
Q6958940,名古屋波士頓美術館,愛知縣,美術館,35.1426800,136.9000000,http://commons.wikimedia.org/wiki/Special:FilePath/Nagoya%20Boston%20Museum%20of%20Fine%20Arts.JPG
Q11618013,茶臼山 高原の美術館,愛知縣,美術館,35.2209640,137.6582110,
Q11514132,昭和美術館,愛知縣,美術館,35.1403080,136.9483890,http://commons.wikimedia.org/wiki/Special:FilePath/Shouwa%20Museum%20ac%20%281%29.jpg
Q47461613,桑山美術館,愛知縣,美術館,35.1484000,136.9535000,http://commons.wikimedia.org/wiki/Special:FilePath/Kuwayama%20Art%20Museum%20110118.jpg
Q11340324,マスプロ美術館,愛知縣,美術館,35.1276750,137.0319330,http://commons.wikimedia.org/wiki/Special:FilePath/Maspro%20Art%20Museum%20%28Nissin%20city.%202016.02.21%29.JPG
Q11566635,瀬戸市美術館,愛知縣,美術館,35.2183030,137.0997860,http://commons.wikimedia.org/wiki/Special:FilePath/Seto%20City%20Art%20Museum.JPG
Q7830656,豐橋市美術博物館,愛知縣,博物館,34.7692000,137.3950000,http://commons.wikimedia.org/wiki/Special:FilePath/Aichi%20Toyohashi%20c20240812%201359a.jpg
Q11415659,名都美術館,愛知縣,美術館,35.1708330,137.0388890,http://commons.wikimedia.org/wiki/Special:FilePath/%E5%90%8D%E9%83%BD%E7%BE%8E%E8%A1%93%E9%A4%A8.jpg
Q11356210,三河工芸ガラス美術館,愛知縣,美術館,34.8532310,137.0242610,http://commons.wikimedia.org/wiki/Special:FilePath/Mikawakougei-glass-art-museum.jpg
Q11318993,ティレク・ティレセク美浜美術館,愛知縣,美術館,34.7493170,136.8516640,
Q11566627,瀨戶市新世紀工藝館,愛知縣,美術館,35.2247940,137.1021420,http://commons.wikimedia.org/wiki/Special:FilePath/Seto%20CGAC02.jpg
Q11596708,稻澤市荻須記念美術館,愛知縣,人物紀念館,35.2465390,136.7893860,http://commons.wikimedia.org/wiki/Special:FilePath/Ogisu%20bijutsukan.jpg
Q42634129,横山美術館,愛知縣,美術館,35.1733000,136.9198361,http://commons.wikimedia.org/wiki/Special:FilePath/Yokoyama%20Art%20Museum%2020200801.jpg
Q11411184,古川美術館,愛知縣,美術館,35.1688030,136.9485690,http://commons.wikimedia.org/wiki/Special:FilePath/Furukawa%20Art%20Museum.JPG
Q11541558,楽只美術館,愛知縣,美術館,35.1752530,136.9106610,http://commons.wikimedia.org/wiki/Special:FilePath/Rakusi%20Art%20Museum%202013-08.JPG
Q109339471,刀剣ワールド名古屋・丸の内,愛知縣,美術館,35.1766944,136.8970556,http://commons.wikimedia.org/wiki/Special:FilePath/%E5%88%80%E5%89%A3%E3%82%B3%E3%83%AC%E3%82%AF%E3%82%B7%E3%83%A7%E3%83%B3%E5%90%8D%E5%8F%A4%E5%B1%8B%E3%83%BB%E4%B8%B8%E3%81%AE%E5%86%85.jpg
Q18608421,岡崎市美術館,愛知縣,美術館,34.9419560,137.1639720,http://commons.wikimedia.org/wiki/Special:FilePath/Okazaki-City-Art-Museum-1.jpg
Q1920251,美伊娜多美術館,愛知縣,美術館,35.2888990,136.9197800,http://commons.wikimedia.org/wiki/Special:FilePath/Menardartmuseum000.jpg
Q11261375,おかざき世界子ども美術博物館,愛知縣,美術館,34.9269500,137.2137810,http://commons.wikimedia.org/wiki/Special:FilePath/OKazaki-Sekai-Kodomo-1.jpg
Q11671831,高濱市陶器之里Kawara美術館,愛知縣,美術館,34.9232060,136.9817140,http://commons.wikimedia.org/wiki/Special:FilePath/Kawara%20Museum%20of%20Takahama%20city%2C%20a%20Hometown%20Ceramics%20exterior%20ac.jpg
Q28682124,渡辺健一トリックアート美術館,愛知縣,美術館,35.1425361,136.9565722,
Q11256823,爱知县美术馆,愛知縣,美術館,35.1711500,136.9113080,http://commons.wikimedia.org/wiki/Special:FilePath/Aichi%20Arts%20Center%20exterior%20ac.jpg
Q4461630,豐田市美術館,愛知縣,美術館,35.0802000,137.1520000,http://commons.wikimedia.org/wiki/Special:FilePath/Toyota%20Municipal%20Museum%20of%20Art%2C%20Kozakahon-machi%20Toyota%202012.JPG
Q11355204,三岸節子紀念美術館,愛知縣,美術館,35.3081580,136.7458470,http://commons.wikimedia.org/wiki/Special:FilePath/MIGISHI%20Setsuko%20Memorial%20Museum%2020161009.jpg
Q125906525,豐田市博物館,愛知縣,博物館,35.0815833,137.1516667,http://commons.wikimedia.org/wiki/Special:FilePath/Toyohaku1.jpg
Q11605716,紫峰人形美術館,愛知縣,美術館,34.9447530,136.9887750,
Q11330164,ヒマラヤ美術館,愛知縣,美術館,35.1673272,136.8815158,
Q11345132,ヤマザキマザック美術館,愛知縣,美術館,35.1710500,136.9198690,http://commons.wikimedia.org/wiki/Special:FilePath/Yamazaki%20Mazak%20Museum%20of%20Art%20and%20Mazak%20Art%20Plaza.jpg
Q11506991,日本猴子公園,愛知縣,主題樂園,35.3914470,136.9539080,http://commons.wikimedia.org/wiki/Special:FilePath/Nihonmonkeypark.JPG
Q11415200,名古屋港シートレインランド,愛知縣,主題樂園,35.0935780,136.8782060,http://commons.wikimedia.org/wiki/Special:FilePath/Nagoya%20port%20Sea-Train%20Land%2001.JPG
Q131597161,展望デッキ,愛知縣,觀景台,35.1602360,137.0248800,http://commons.wikimedia.org/wiki/Special:FilePath/Observation%20Deck%20in%20Hotoginosato%20Ryokuchi%20%281%29%2C%20Ichigahora%20Nagakute%202021.jpg
Q65228337,FLIGHT OF DREAMS,愛知縣,複合商業設施,34.8552220,136.8171670,http://commons.wikimedia.org/wiki/Special:FilePath/FLIGHT%20OF%20DREAMS1.jpg
Q7231211,名古屋港水族館,愛知縣,水族館,35.0906000,136.8782000,http://commons.wikimedia.org/wiki/Special:FilePath/Port%20of%20Nagoya%20Public%20Aquarium%20Exterior%20%281%29%2C%20Minato-machi%20Minato%20Ward%20Nagoya%202022.jpg
Q6042227,碍子博物館,愛知縣,公司博物館,35.2889111,136.9419306,
Q11346723,ラグーナテンボス,愛知縣,主題公園,34.8077220,137.2758330,http://commons.wikimedia.org/wiki/Special:FilePath/LAGUNA%20TEN%20BOSCH.jpg
Q5754149,東山天空塔,愛知縣,觀光塔,35.1566860,136.9788140,http://commons.wikimedia.org/wiki/Special:FilePath/Higashiyama%20Sky%20Tower%20-%2001.JPG
Q11559305,海辺の文学記念館,愛知縣,文學館,34.8149470,137.2349440,http://commons.wikimedia.org/wiki/Special:FilePath/Seaside%20Literary%20Memorial-01.jpg
Q114981551,青春の丘,愛知縣,主題公園,35.1755346,137.0892795,http://commons.wikimedia.org/wiki/Special:FilePath/%E3%82%B8%E3%83%96%E3%83%AA%E3%83%91%E3%83%BC%E3%82%AF%E9%9D%92%E6%98%A5%E3%81%AE%E4%B8%98.jpg
Q55525951,豊橋市視聴覚教育センター,愛知縣,科學博物館,34.7294444,137.4315556,http://commons.wikimedia.org/wiki/Special:FilePath/%E8%B1%8A%E6%A9%8B%E5%B8%82%E8%A6%96%E8%81%B4%E8%A6%9A%E6%95%99%E8%82%B2%E3%82%BB%E3%83%B3%E3%82%BF%E3%83%BC.jpg
Q11352540,一宮市博物館,愛知縣,市立博物館,35.2839670,136.8001330,http://commons.wikimedia.org/wiki/Special:FilePath/Ichinomiya%20City%20Museum.jpg
Q10990728,名古屋市博物館,愛知縣,歷史博物館,35.1363861,136.9348917,http://commons.wikimedia.org/wiki/Special:FilePath/Nagoya%20City%20Museum1.jpg
Q11494039,愛知学院大学歯学部歯科資料展示室,愛知縣,大學博物館,35.1679610,136.9609780,http://commons.wikimedia.org/wiki/Special:FilePath/Aichi%20Gakuin%20University%20Kusumoto%20Campus%2020151012.JPG
Q11480075,市営交通資料センター,愛知縣,交通博物館,35.1758667,136.9031028,http://commons.wikimedia.org/wiki/Special:FilePath/Nagoya%20City%20Transportation%20Data%20Center%2020130817.JPG
Q79397568,春日井市立郷土館,愛知縣,地方文化館,35.2481111,136.9783056,http://commons.wikimedia.org/wiki/Special:FilePath/Kyoudokan%203.jpg
Q11334476,ブラザーミュージアム,愛知縣,公司博物館,35.1189390,136.9208110,http://commons.wikimedia.org/wiki/Special:FilePath/Brother%20Communication%20Space%20Nagoya%2020110709-001.jpg
Q7830774,豐田產業技術紀念館,愛知縣,科技博物館,35.1832000,136.8760000,http://commons.wikimedia.org/wiki/Special:FilePath/Toyota%20tecno%20museum.jpg
Q21653491,竹島ファンタジー館,愛知縣,主題公園,34.8146944,137.2389444,http://commons.wikimedia.org/wiki/Special:FilePath/%E7%AB%B9%E5%B3%B6%E3%83%95%E3%82%A1%E3%83%B3%E3%82%BF%E3%82%B8%E3%83%BC%E9%A4%A8%E5%A4%96%E8%A6%B3.jpg
Q123281511,名古屋海洋博物館,愛知縣,海事博物館,35.0897422,136.8809799,
Q7830749,豐田博物館,愛知縣,公司博物館,35.1727000,137.0580000,http://commons.wikimedia.org/wiki/Special:FilePath/Toyota%20Automobile%20Museum%20entrance%202013%20September.jpg
Q11599117,竹島水族館,愛知縣,水族館,34.8170180,137.2322200,http://commons.wikimedia.org/wiki/Special:FilePath/Takeshima%20Aquarium%20%282018-05-19%29%2002.jpg
Q11621405,蒲郡市博物館,愛知縣,市立博物館,34.8224670,137.2193830,http://commons.wikimedia.org/wiki/Special:FilePath/Gamagori%20City%20Museum2.jpg
Q5357802,でんきの科学館,愛知縣,公司博物館,35.1678310,136.8992780,http://commons.wikimedia.org/wiki/Special:FilePath/Science-Museum%20of%20Chubu%20Electric%20Power.jpg
Q97125735,吉卜力公園,愛知縣,主題公園,35.1727778,137.0897222,http://commons.wikimedia.org/wiki/Special:FilePath/Satsuki%20and%20Mei%E2%80%99s%20House%20from%20observation%20platform%20-%201.jpg
Q11407087,半田空の科学館,愛知縣,科學博物館,34.8914280,136.9130690,http://commons.wikimedia.org/wiki/Special:FilePath/Handa%20City%20Gymnasium.jpg
Q11321661,豐田會館,愛知縣,汽車博物館,35.0517420,137.1601690,http://commons.wikimedia.org/wiki/Special:FilePath/Toyota%20Kaikan1.jpg
Q22117790,あま市七宝焼アートヴィレッジ,愛知縣,主題公園,35.1836690,136.7992530,http://commons.wikimedia.org/wiki/Special:FilePath/Shippo%20Art%20Village-20150201.jpg
Q11618756,荒木集成館,愛知縣,考古博物館,35.1128890,136.9947780,http://commons.wikimedia.org/wiki/Special:FilePath/Araki%20Shuseikan%2020151107.jpg
Q124344329,魔女の谷,愛知縣,主題公園,35.1738889,137.0911111,http://commons.wikimedia.org/wiki/Special:FilePath/Valley%20of%20Witches%20under%20construction%20-%203.jpg
Q3155850,名古屋港イタリア村,愛知縣,主題公園,35.0900000,136.8844444,http://commons.wikimedia.org/wiki/Special:FilePath/Italia%20mura.jpg
Q134436319,スカイデッキ,愛知縣,觀景台,34.8586602,136.8121623,
Q11325393,ネックス・プラザ,愛知縣,交通博物館,35.1947860,136.9118640,http://commons.wikimedia.org/wiki/Special:FilePath/%E5%90%8D%E5%8F%A4%E5%B1%8B%E5%B8%82%E5%8C%97%E5%8C%BA%E3%83%8D%E3%83%83%E3%82%AF%E3%82%B9%E3%83%97%E3%83%A9%E3%82%B6.JPG
Q11361063,名古屋市下水道科学館,愛知縣,水廠博物館,35.1921361,136.9028639,http://commons.wikimedia.org/wiki/Special:FilePath/Meijo%20Water%20treatment%20center-01.jpg
Q11318660,ツインアーチ138,愛知縣,觀光塔,35.3576920,136.8090670,http://commons.wikimedia.org/wiki/Special:FilePath/TwinArch138.jpg
Q11482213,平和公園アクアタワー,愛知縣,水塔,35.1781830,136.9779330,http://commons.wikimedia.org/wiki/Special:FilePath/Heiwa%20Park%20Aqua%20Tower%20s2.jpg
Q11574453,生命の海科学館,愛知縣,科學博物館,34.8202690,137.2249780,http://commons.wikimedia.org/wiki/Special:FilePath/Science%20Museum%20Sea%20of%20Life.jpg
Q11634043,豊田市民藝館,愛知縣,工藝博物館,35.1226860,137.1904000,http://commons.wikimedia.org/wiki/Special:FilePath/Toyotamingei1.jpg
Q115283045,世界のメダカ館,愛知縣,水族館,35.1579011,136.9795399,http://commons.wikimedia.org/wiki/Special:FilePath/Medaka%20World%20of%20Higashiyama%20Zoo%20-%201.jpg
Q11576253,田原市博物館,愛知縣,市立博物館,34.6736310,137.2689830,http://commons.wikimedia.org/wiki/Special:FilePath/Tahara%20Municipal%20Museum%20-%20Entrance2.jpg
Q132755924,史跡貝殻山貝塚交流館,愛知縣,考古博物館,35.2189660,136.8515910,
Q22119706,豊橋市交通児童館,愛知縣,児童館,34.7537222,137.4025556,http://commons.wikimedia.org/wiki/Special:FilePath/Toyohashi%20City%20Children%27s%20Traffic%20Center.JPG
Q11408304,南知多海灘樂園,愛知縣,水族館,34.7863390,136.8557080,http://commons.wikimedia.org/wiki/Special:FilePath/Minami-Chita%20Beach%20Land%EF%BC%88%E5%8D%97%E7%9F%A5%E5%A4%9A%E3%83%93%E3%83%BC%E3%83%81%E3%83%A9%E3%83%B3%E3%83%89%EF%BC%89.jpg
Q985290,明治村博物館,愛知縣,戶外博物館,35.3419100,136.9892710,http://commons.wikimedia.org/wiki/Special:FilePath/Imperial%20Hotel%2C%20Tokyo%20%281923-1968%29.jpg
Q11587774,碧南海濱水族館,愛知縣,水族館,34.8801610,136.9819670,http://commons.wikimedia.org/wiki/Special:FilePath/HEKINAN%20SEA%20SIDE%20AQUARIUM.JPG
Q11675278,鳳来寺山自然科学博物館,愛知縣,自然歷史博物館,34.9721940,137.5787530,http://commons.wikimedia.org/wiki/Special:FilePath/Houraijisan-Museum-of-Natural-History-1.jpg
Q62587911,体感！しだみ古墳群ミュージアム,愛知縣,考古博物館,35.2520500,137.0389900,http://commons.wikimedia.org/wiki/Special:FilePath/Shidami%20Kofungun%20Experience%20Museum%2C%20Kamishidami%20Moriyama%20Ward%20Nagoya%202019.jpg
Q114981552,どんどこ森,愛知縣,主題公園,35.1698260,137.0935250,http://commons.wikimedia.org/wiki/Special:FilePath/Satsuki%20and%20Mei%E2%80%99s%20House%20from%20observation%20platform%20-%201.jpg
Q11263435,菓子之城,愛知縣,主題公園,35.3332330,136.9372440,http://commons.wikimedia.org/wiki/Special:FilePath/The%20Sweet%20Castle%20in%20Aichi.JPG
Q6652601,小世界,愛知縣,戶外博物館,35.3744444,137.0230556,http://commons.wikimedia.org/wiki/Special:FilePath/Little%20world%2C%20Aichi%20prefecture%20-%20Entrance.jpg
Q132801916,吉胡貝塚資料館,愛知縣,考古博物館,34.6820640,137.2798010,http://commons.wikimedia.org/wiki/Special:FilePath/Yoshigo%20kaizuka%20shiryoukan.JPG
Q11486878,廻船問屋瀧田家,愛知縣,历史房屋博物馆,34.8879220,136.8391810,http://commons.wikimedia.org/wiki/Special:FilePath/Takitake1.jpg
Q132755779,あいち朝日遺跡ミュージアム,愛知縣,考古博物館,35.2178630,136.8514420,http://commons.wikimedia.org/wiki/Special:FilePath/Asahi%20museum3.jpg
Q62104096,名古屋市見晴台考古資料館,愛知縣,考古博物館,35.0992900,136.9397400,http://commons.wikimedia.org/wiki/Special:FilePath/Nagoya%20City%20Miharashidai%20Archaeological%20Museum%20ac.jpg
Q11414911,名古屋大學博物館,愛知縣,大學博物館,35.1531020,136.9669870,http://commons.wikimedia.org/wiki/Special:FilePath/Nagoya%20University%20Museum01.jpg
Q28524145,三菱汽車陳列館,愛知縣,公司博物館,34.9907222,137.1280556,
Q11651430,長久手市郷土資料室,愛知縣,地方文化館,35.1732830,137.0484220,http://commons.wikimedia.org/wiki/Special:FilePath/Nagakute%20Historical%20Museum-01.jpg
Q29168099,日本樂高樂園,愛知縣,樂高樂園,35.0505000,136.8436110,http://commons.wikimedia.org/wiki/Special:FilePath/Legoland%20japan.jpg
Q124685558,尾崎士郎記念館 (西尾市),愛知縣,文學館,34.8066080,137.0651460,http://commons.wikimedia.org/wiki/Special:FilePath/Nishio%20City%20Shiro%20Ozaki%20Memorial%20Museum%20exterior%20ac%20%281%29.jpg
Q55521274,豊橋市自然史博物館,愛知縣,自然歷史博物館,34.7211389,137.4321111,http://commons.wikimedia.org/wiki/Special:FilePath/Nonhoi%20park1.jpg
Q22117705,愛知・名古屋 戦争に関する資料館,愛知縣,軍事博物館,35.1774750,136.9056250,http://commons.wikimedia.org/wiki/Special:FilePath/Aichi%20Prefectural%20Office%20Otsubashi%20Branch%2020150817.JPG
Q11415016,名古屋市科學館,愛知縣,科學博物館,35.1647722,136.8996667,http://commons.wikimedia.org/wiki/Special:FilePath/Low%20frequency%20antennas%20at%20Nagoya%20City%20Science%20Museum.jpg
Q11295940,ガスエネルギー館,愛知縣,科學博物館,35.0622860,136.8973420,
Q134425023,もののけの里,愛知縣,主題公園,35.1763889,137.0933333,http://commons.wikimedia.org/wiki/Special:FilePath/Entrance%20of%20Mononoke%20Village%20-%201.jpg
Q27016919,南知多グリーンバレイ,愛知縣,主題公園,34.7480280,136.8997780,
Q30923099,設楽町奥三河郷土館,愛知縣,地方文化館,35.0928222,137.5721528,http://commons.wikimedia.org/wiki/Special:FilePath/Michinoeki%20Shitara.jpg
Q111363679,名古屋城のカヤ,愛知縣,巨樹,35.1840563,136.8977245,http://commons.wikimedia.org/wiki/Special:FilePath/Kaya%20tree%20in%20front%20of%20Nishinomaru%20Exhibition%20Hall%20in%20Nagoya%20Castle%202.JPG
Q11282150,アイシンコムセンター,愛知縣,公司博物館,35.0005250,137.0166670,http://commons.wikimedia.org/wiki/Special:FilePath/%E5%88%88%E8%B0%B7%E5%B8%82%E3%82%A2%E3%82%A4%E3%82%B7%E3%83%B3%E3%82%B3%E3%83%A0%E3%82%BB%E3%83%B3%E3%82%BF%E3%83%BC.jpg
Q136744903,常喵,愛知縣,觀光景點,34.8900570,136.8382510,http://commons.wikimedia.org/wiki/Special:FilePath/Tokoname%20Yakimono%20Sanpomichi%202009-10E.JPG
Q11352515,一太郎翁とまと記念館,愛知縣,餐館,35.0409250,136.9086920,http://commons.wikimedia.org/wiki/Special:FilePath/TOMATO%20Memorial%20Hall%20in%20Aichi%2002.jpg
Q11503947,新美南吉紀念館,愛知縣,人物紀念館,34.9093390,136.9112030,http://commons.wikimedia.org/wiki/Special:FilePath/Niiminankixhikinenkan.JPG
Q11587773,碧南市藤井達吉現代美術館,愛知縣,現代美術館,34.8733720,136.9817920,http://commons.wikimedia.org/wiki/Special:FilePath/Hekinan%20City%20Tatsukichi%20Fujii%20Museum%20of%20Contemporary%20Art%20ac.jpg
Q20043929,カゴメ記念館,愛知縣,公司博物館,35.0361500,136.9104739,http://commons.wikimedia.org/wiki/Special:FilePath/KAGOME%20Memorial%20Hall%20in%20Aichi%2001.jpg
Q27850747,三河武士のやかた家康館,愛知縣,歷史博物館,34.9577333,137.1588306,http://commons.wikimedia.org/wiki/Special:FilePath/The%20Iyeyasu%20And%20Mikawa%20Bushi%20Museum%202019-12%20ac.jpg
Q11422741,國盛酒之文化館,愛知縣,公司博物館,34.8953610,136.9349750,http://commons.wikimedia.org/wiki/Special:FilePath/Kunizakari%20Sake%20no%20Bunkakan%20Museum%20ac.jpg
Q4696582,愛知縣立陶瓷博物館,愛知縣,都道府县立博物馆,35.1858333,137.0980556,http://commons.wikimedia.org/wiki/Special:FilePath/Aichi%20Prefectural%20Ceramic%20Museum-01.jpg
Q11641867,道風紀念館,愛知縣,人物紀念館,35.2203640,136.9681060,http://commons.wikimedia.org/wiki/Special:FilePath/Tofu%20Memorial%20Museum.jpg
Q30935176,愛知航空博物館,愛知縣,航空博物館,35.2476111,136.9246944,http://commons.wikimedia.org/wiki/Special:FilePath/Aichi%20Museum%20of%20Flight.jpg
Q11409003,博物館「醋之里」,愛知縣,食物博物館,34.8930030,136.9342970,http://commons.wikimedia.org/wiki/Special:FilePath/Mizkan%20muesum%2020250729.jpg
Q11527877,東海市立平洲記念館・郷土資料館,愛知縣,人物紀念館,35.0315030,136.9179580,http://commons.wikimedia.org/wiki/Special:FilePath/Heisyu%20Memorial%20Hall.jpg
Q11581436,盛田味の館,愛知縣,食物博物館,34.8273610,136.8661110,http://commons.wikimedia.org/wiki/Special:FilePath/Moritaaji1.jpg
Q11282560,アイ・ファイン,愛知縣,人物紀念館,35.2428420,136.9220560,http://commons.wikimedia.org/wiki/Special:FilePath/I-fain%28Ichiro%20Museum%29%2020150412.JPG
Q111751504,神明社の大シイ,愛知縣,巨樹,34.8753611,137.1137778,http://commons.wikimedia.org/wiki/Special:FilePath/Shinmeisha%20no%20Osii%20tree%20of%20Castanopsis%20sieboldii%20A.jpg
Q11321699,豐田鞍池紀念館,愛知縣,公司博物館,35.1000750,137.2151310,http://commons.wikimedia.org/wiki/Special:FilePath/Kiichiro%20Toyoda%20House%20Bertel-Schmitt.jpg
Q11445943,奥殿阵屋,愛知縣,觀光景點,35.0292500,137.1948889,http://commons.wikimedia.org/wiki/Special:FilePath/Okutono-Jinya-1.jpg
Q21654788,水の歴史資料館,愛知縣,水廠博物館,35.1756390,136.9566940,http://commons.wikimedia.org/wiki/Special:FilePath/Nagoya%20City%20Water%20History%20Museum%2020150527.JPG
Q121774775,愛知県埋蔵文化財調査センター,愛知縣,埋藏文化財中心,35.1053820,136.7207280,http://commons.wikimedia.org/wiki/Special:FilePath/%E6%84%9B%E7%9F%A5%E7%9C%8C%E5%9F%8B%E8%94%B5%E6%96%87%E5%8C%96%E8%B2%A1%E8%AA%BF%E6%9F%BB%E3%82%BB%E3%83%B3%E3%82%BF%E3%83%BC%20ac.jpg
Q97370832,清澤満之記念館,愛知縣,人物紀念館,34.8737986,136.9810138,http://commons.wikimedia.org/wiki/Special:FilePath/Kiyozawa%20Manshi%20Memorial%20Museum.JPG
Q5362576,磁浮·鐵道館,愛知縣,鐵路博物館,35.0473500,136.8493190,http://commons.wikimedia.org/wiki/Special:FilePath/Liniatetsudoukan.JPG
Q130601359,千代倉記念館,愛知縣,歷史博物館,35.0793611,136.9524167,
Q11608844,あま市美和歴史民俗資料館,愛知縣,民俗博物館,35.2007694,136.7846222,http://commons.wikimedia.org/wiki/Special:FilePath/Miwa%20Historical%20Museum-01.jpg
Q76913410,あま市甚目寺歴史民俗資料館,愛知縣,民俗博物館,35.1934444,136.8235000,http://commons.wikimedia.org/wiki/Special:FilePath/Jimokuji%20Industrial%20Hall%20in%20Aichi%2001.jpg
Q11566626,瀨戶染付工藝館,愛知縣,陶瓷博物館,35.2246750,137.1074000,http://commons.wikimedia.org/wiki/Special:FilePath/Seto-MCMTC01.jpg
Q56702311,JR東海 超伝導リニア館,愛知縣,パビリオン,35.1762833,137.0864806,http://commons.wikimedia.org/wiki/Special:FilePath/JR%20Central%20Pavilion.jpg
Q11559240,海賓館マリンセンターハウス,愛知縣,體育博物館,34.8199830,137.2236530,http://commons.wikimedia.org/wiki/Special:FilePath/Marine%20center%20house.jpg
Q95573129,稲永ビジターセンター,愛知縣,自然中心,35.0742420,136.8489560,http://commons.wikimedia.org/wiki/Special:FilePath/INAE%20Visitor%20Center.jpg
Q11224073,伊奈生活博物館,愛知縣,陶瓷博物館,34.8811780,136.8487030,http://commons.wikimedia.org/wiki/Special:FilePath/Inaxlivemuseum%202010.jpg
Q56736668,ラムサール条約湿地藤前干潟藤前活動センター,愛知縣,自然中心,35.0827167,136.8353278,http://commons.wikimedia.org/wiki/Special:FilePath/Fujimae-activity-center.jpg
Q11341608,マンドリンの音の博物館,愛知縣,柏林乐器博物馆,35.1497220,136.9461190,http://commons.wikimedia.org/wiki/Special:FilePath/Mandolin%20Museum%20Nagoya%2020140517.JPG
Q30922850,熱田白鳥の歴史館,愛知縣,林業博物館,35.1271944,136.9002778,http://commons.wikimedia.org/wiki/Special:FilePath/Atutashirotorirekisikan.jpg
Q97273044,常滑陶之森,愛知縣,陶瓷博物館,34.8868333,136.8505556,http://commons.wikimedia.org/wiki/Special:FilePath/Tokoname%20Ceramic%20Research%20Institute%20ac%20%281%29.jpg
Q104720628,設楽原歴史資料館,愛知縣,歷史博物館,34.9187500,137.5282500,http://commons.wikimedia.org/wiki/Special:FilePath/%E6%96%B0%E5%9F%8E%E5%B8%82%E8%A8%AD%E6%A5%BD%E5%8E%9F%E6%AD%B4%E5%8F%B2%E8%B3%87%E6%96%99%E9%A4%A8.JPG
Q130542834,名古屋東洋官窯陶磁美術館,愛知縣,陶瓷博物館,35.1723889,136.8853611,http://commons.wikimedia.org/wiki/Special:FilePath/Nakamura%2020220408-55.jpg
Q60580229,豊島記念資料館,愛知縣,織物博物館,35.2981944,136.8016111,http://commons.wikimedia.org/wiki/Special:FilePath/Toyoshima%20Memorial%20Museum%20ac%20%283%29.jpg
Q117220443,とこなめ陶の森資料館,愛知縣,陶瓷博物館,34.8868333,136.8505556,http://commons.wikimedia.org/wiki/Special:FilePath/Tokoname%20Tounomori%20Museum%20ac%20%282%29.jpg
Q11584546,知多市歴史民俗博物館,愛知縣,民俗博物館,34.9991440,136.8680190,http://commons.wikimedia.org/wiki/Special:FilePath/Chita%20Museum%20of%20History%20and%20Folklore.jpg
Q11566675,瀬戸蔵ミュージアム,愛知縣,陶瓷博物館,35.2253860,137.1006640,http://commons.wikimedia.org/wiki/Special:FilePath/Setoguramuseum1.JPG
Q11349820,復古電車館,愛知縣,鐵路博物館,35.1866528,136.9855944,http://commons.wikimedia.org/wiki/Special:FilePath/Nagoya%20City%20Tram%20%26%20Subway%20Museum%2002.JPG
Q11407070,半田市鐵道資料館,愛知縣,鐵路博物館,34.8946390,136.9310830,http://commons.wikimedia.org/wiki/Special:FilePath/130125%20Handa%20railway%20museum.jpg
Q11273937,どんでん館,愛知縣,山車会館,35.3811389,136.9396944,http://commons.wikimedia.org/wiki/Special:FilePath/%E3%81%A9%E3%82%93%E3%81%A7%E3%82%93%E9%A4%A8%20%E5%A4%96%E8%A6%B3.JPG
Q79866768,切支丹遺蹟博物館,愛知縣,キリスト教博物館,35.1536730,136.9012930,http://commons.wikimedia.org/wiki/Special:FilePath/Nagoya-Christian-Museum-001.jpg
Q11494095,愛知県下水道科学館,愛知縣,下水道博物館,35.2314860,136.7545560,http://commons.wikimedia.org/wiki/Special:FilePath/Aichi%20Prefecture%20Sewage%20Science%20Museum-01.jpg
Q11569116,热田神宫宝物馆,愛知縣,宝物館,35.1249170,136.9094530,http://commons.wikimedia.org/wiki/Special:FilePath/Bunka-Den%20%28Treasure%20Exhibition%20Hall%29%20in%20Atsuta%20Shrine%20-%201.jpg
Q51742086,大口町歴史民俗資料館,愛知縣,博物館,35.3283889,136.9100833,http://commons.wikimedia.org/wiki/Special:FilePath/Oguchi%20town%20Health%20Culture%20Center%20ac%20%281%29.jpg
Q60987803,内田家,愛知縣,博物館,34.7346110,136.8738330,http://commons.wikimedia.org/wiki/Special:FilePath/%E5%B0%BE%E5%B7%9E%E5%BB%BB%E8%88%B9%E5%86%85%E6%B5%B7%E8%88%B9%E8%88%B9%E4%B8%BB%20%E5%86%85%E7%94%B0%E5%AE%B6%20ac.jpg
Q85877712,古橋懐古館,愛知縣,博物館,35.2145556,137.5079167,http://commons.wikimedia.org/wiki/Special:FilePath/Furuhashi%20Kaiko-kan%20ac.jpg
Q112032623,甲冑ミュージアム,愛知縣,博物館,35.0791097,136.9259397,http://commons.wikimedia.org/wiki/Special:FilePath/NGO%20Minami%20Tangotori%20Armor%20Museum%2020220514-05.jpg
Q28328048,安城市歴史博物館,愛知縣,博物館,34.9457722,137.0980806,http://commons.wikimedia.org/wiki/Special:FilePath/Anjo%20City%20Museum%20of%20History%202008.jpg
Q11407065,半田市立博物館,愛知縣,博物館,34.8913690,136.9141640,http://commons.wikimedia.org/wiki/Special:FilePath/Handa%20City%20Library1.jpg
Q21655090,夢と学びの科学体験館,愛知縣,博物館,34.9881361,137.0129667,http://commons.wikimedia.org/wiki/Special:FilePath/Hands-On%20Science%20Museum%202020%20ac%20%281%29.jpg
Q7051341,則武之森,愛知縣,庭園,35.1798680,136.8815860,http://commons.wikimedia.org/wiki/Special:FilePath/Noritake%20Garden02%2C%20Nishi%20Ward%20Nagoya%202014.jpg
Q17226430,刈谷市鄉土資料館,愛知縣,博物館,34.9878330,136.9863890,http://commons.wikimedia.org/wiki/Special:FilePath/Kariya%20city%20museum%20of%20local%20history-c.JPG
Q41530475,一宮市尾西歴史民俗資料館,愛知縣,博物館,35.3057750,136.7364750,http://commons.wikimedia.org/wiki/Special:FilePath/Bisai%20Museum%20of%20History%20and%20Folklore%2003.JPG
Q131468158,盛田昭夫塾,愛知縣,博物館,34.8313889,136.8666667,http://commons.wikimedia.org/wiki/Special:FilePath/Tokoname%20Akio%20Morita%20Library%20ac.jpg
Q30935963,豐田市近代產業與生活發現館,愛知縣,博物館,35.0875278,137.1609167,http://commons.wikimedia.org/wiki/Special:FilePath/Toyota%20City%20Hakken-kan%20exterior%20ac%20%281%29.jpg
Q15229358,日本独楽博物館,愛知縣,博物館,35.0958330,136.8708810,http://commons.wikimedia.org/wiki/Special:FilePath/Nihon%20Koma%20Hakubutsukan.jpg
Q11587766,碧南市哲學體驗村無我苑,愛知縣,博物館,34.9104030,137.0098330,http://commons.wikimedia.org/wiki/Special:FilePath/Hekinan%20City%20Hands-on%20Philosophy%20Museum.jpg
Q11571205,犬山市文化史料館,愛知縣,博物館,35.3856310,136.9391890,http://commons.wikimedia.org/wiki/Special:FilePath/Inuyama%20Artifacts%20Museum%20ac.jpg
Q11627733,西尾市岩瀨文庫,愛知縣,圖書館,34.8743889,137.0538333,http://commons.wikimedia.org/wiki/Special:FilePath/Iwase%20bunko.jpg
Q117220457,とこなめ陶の森陶芸研究所,愛知縣,陶艺工作室,34.8868465,136.8505975,http://commons.wikimedia.org/wiki/Special:FilePath/Tokoname%20Ceramic%20Research%20Institute%20ac%20%281%29.jpg
Q17216693,中部大學民族資料博物館,愛知縣,博物館,35.2736389,137.0129167,http://commons.wikimedia.org/wiki/Special:FilePath/Chubu%20University%20Miura%20Memorial%20Library%2020190202.jpg
Q60580236,彌富市歴史民俗資料館,愛知縣,博物館,35.1094444,136.7244444,http://commons.wikimedia.org/wiki/Special:FilePath/Yatomi%20City%20History%20and%20Folklore%20Museum%202022-04%20ac%20%281%29.jpg
Q136707147,足助中馬館,愛知縣,博物館,35.1374083,137.3185028,
Q48758617,武豊町歴史民俗資料館,愛知縣,博物館,34.8558056,136.9147500,http://commons.wikimedia.org/wiki/Special:FilePath/Taketoyo%20Town%20History%20and%20Folklore%20Museum%20ac%20%281%29.jpg
Q38255004,岡崎信用金庫資料館,愛知縣,博物館,34.9579250,137.1679417,http://commons.wikimedia.org/wiki/Special:FilePath/Okazaki%20Shinkin%20Bank%20Museum%201.jpg
Q121815987,爲三郎記念館,愛知縣,博物館,35.1678178,136.9482208,
Q48759260,清須市西枇杷島問屋記念館,愛知縣,博物館,35.1932833,136.8620889,http://commons.wikimedia.org/wiki/Special:FilePath/Nishibiwajima%20Tonya%20Memorial%20Museum%20ac%20%281%29.jpg
Q48756110,知立市歴史民俗資料館,愛知縣,博物館,35.0013611,137.0388056,http://commons.wikimedia.org/wiki/Special:FilePath/Chiryu%20City%20Library%202016-c.JPG
Q83401281,みよし市立歴史民俗資料館,愛知縣,博物館,35.0877500,137.0740278,http://commons.wikimedia.org/wiki/Special:FilePath/Miyoshi%20City%20History%20and%20Folklore%20Museum%20ac%20%281%29.jpg
Q110259947,剣の宝庫 草薙館,愛知縣,博物館,35.1245969,136.9083179,http://commons.wikimedia.org/wiki/Special:FilePath/Atsuta%20Jingu6.jpg
Q11514080,昭和日常博物馆,愛知縣,博物館,35.2500000,136.8855560,http://commons.wikimedia.org/wiki/Special:FilePath/Kitanagoya%20City%20East%20Library.jpg
Q55521745,豊川市民俗資料館,愛知縣,博物館,34.8569167,137.4241389,http://commons.wikimedia.org/wiki/Special:FilePath/Toyokawa%20City%20Museum%20of%20Folklore%20%282011.03.05%29.jpg
Q11497803,招財貓博物館,愛知縣,博物館,35.2263750,137.1033780,http://commons.wikimedia.org/wiki/Special:FilePath/Seto%20Maneki-Neko%20Museum.jpg
Q11294855,カモメリア,愛知縣,博物館,34.7323360,137.3297830,http://commons.wikimedia.org/wiki/Special:FilePath/Kamomeria1.jpg
Q55535195,東栄町立博物館,愛知縣,博物館,35.0684167,137.7045278,http://commons.wikimedia.org/wiki/Special:FilePath/%E6%9D%B1%E6%A0%84%E7%94%BA%E5%8D%9A%E7%89%A9%E9%A4%A8%202018%E5%B9%B46%E6%9C%88%20ac.jpg
Q63435512,刈谷市歴史博物館,愛知縣,博物館,34.9921278,136.9852222,http://commons.wikimedia.org/wiki/Special:FilePath/Kariya%20city%20Museum%20of%20History%20exterior%20ac%20%282%29.jpg
Q123367980,豊川市桜ヶ丘ミュージアム,愛知縣,博物館,34.8301390,137.3895280,http://commons.wikimedia.org/wiki/Special:FilePath/Toyokawa%20City%20Sakuragaoka%20Museum%20ac.jpg
Q11407757,南山大学人類学博物館,愛知縣,博物館,35.1498860,136.9626170,http://commons.wikimedia.org/wiki/Special:FilePath/Nanzanjinpaku.jpg
Q11311288,スカイワードあさひ,愛知縣,博物館,35.2207780,137.0290080,http://commons.wikimedia.org/wiki/Special:FilePath/Skyward-Asahi01.jpg
Q11495950,戦争と平和の資料館ピースあいち,愛知縣,博物館,35.1762750,136.9918890,http://commons.wikimedia.org/wiki/Special:FilePath/Peace%20Aichi%2020150921.JPG
Q48756612,蟹江町歴史民俗資料館,愛知縣,博物館,35.1369444,136.7907778,http://commons.wikimedia.org/wiki/Special:FilePath/Kanie%20History%20and%20Folklore%20Museum%20exterior%20ac.jpg
Q39152597,豊橋市二川宿本陣資料館,愛知縣,博物館,34.7233333,137.4497222,http://commons.wikimedia.org/wiki/Special:FilePath/Futagawa-Yado.jpg
Q56305473,あいち銭湯資料館,愛知縣,博物館,35.1552500,136.9140830,http://commons.wikimedia.org/wiki/Special:FilePath/Aichi%20Sento%20Shiryokan%2020190119-01.jpg
Q21653837,豐田市鄉土資料館,愛知縣,博物館,35.0940780,137.1600330,http://commons.wikimedia.org/wiki/Special:FilePath/Toyota%20City%20Local%20History%20Museum%20ac%20%286%29.jpg
Q48747997,一宮市木曾川資料館,愛知縣,博物館,35.3444306,136.7782083,http://commons.wikimedia.org/wiki/Special:FilePath/Ichinomiya%20City%20Kisogawa%20Museum%20ac.jpg
Q132125250,御油の松並木資料館,愛知縣,博物館,34.8441010,137.3185400,http://commons.wikimedia.org/wiki/Special:FilePath/Historical%20Tokaido%20Pine%20Trees%20Visitor%20Center%20%282015.01.23%29%202.jpg
Q11633805,豊橋市地下資源館,愛知縣,博物館,34.7291220,137.4313890,http://commons.wikimedia.org/wiki/Special:FilePath/Toyohashi-Museum-of-Natural-Resources-1.jpg
Q104708785,阿賀野市立吉田東伍記念博物館,新潟縣,纪念博物馆,37.7759830,139.2323530,http://commons.wikimedia.org/wiki/Special:FilePath/Yoshida%20Togo%20Memorial%20Museum%2C%20Agano%2C%20Niigata%2C%20Japan%2C%20August%202023.jpg
Q110998809,八方台,新潟縣,风景点,37.4233333,138.9294444,
Q28686116,鉢&田島征三・絵本と木の実の美術館,新潟縣,美術館,37.1125000,138.6936111,http://commons.wikimedia.org/wiki/Special:FilePath/Hachi%20%26%20Seizo%20Tashima%20Museum%20of%20Picture%20Book%20Art.jpg
Q123516557,春日山城跡ものがたり館,新潟縣,歷史博物館,37.1530230,138.2222700,
Q11650572,小千谷市錦鯉の里,新潟縣,水族館,37.3111111,138.7952778,http://commons.wikimedia.org/wiki/Special:FilePath/Ojiya%20Nishikigoi%20no%20Sato%20ac%20%281%29.jpg
Q11349396,彩虹塔,新潟縣,觀光塔,37.9163056,139.0557222,http://commons.wikimedia.org/wiki/Special:FilePath/Niigata%20Rainbow%20tower.JPG
Q123517037,美の川酒造酒造館,新潟縣,日本清酒博物館,37.4365770,138.8438600,
Q11332823,フォッサマグナミュージアム,新潟縣,地質学博物館,37.0255560,137.8700830,http://commons.wikimedia.org/wiki/Special:FilePath/Fossa%20Magna%20Museum.JPG
Q17227042,中野邸記念館,新潟縣,历史房屋博物馆,37.7502500,139.1142220,
Q17209791,新潟市漫畫家之家,新潟縣,動漫博物館,37.9205830,139.0447500,http://commons.wikimedia.org/wiki/Special:FilePath/Niigata%20City%20Manga%20House%2020131106.jpg
Q11503023,新潟県立万代島美術館,新潟縣,美術館,37.9253330,139.0595280,http://commons.wikimedia.org/wiki/Special:FilePath/Toki-Messe-01.jpg
Q11234463,NASPAコスモスガーデン,新潟縣,主題公園,36.9277170,138.8132280,http://commons.wikimedia.org/wiki/Special:FilePath/NASPA%E3%82%B3%E3%82%B9%E3%83%A2%E3%82%B92.jpg
Q28686072,越後妻有里山現代美術館MonET,新潟縣,現代美術館,37.1388889,138.7602778,http://commons.wikimedia.org/wiki/Special:FilePath/Echigo-Tsumari%20Satoyama%20Museum%20of%20Contemporary%20Art%20KINARE.JPG
Q11502885,新潟市北區鄉土博物館,新潟縣,地方文化館,37.9161111,139.2256389,http://commons.wikimedia.org/wiki/Special:FilePath/Toysaka%20Museum%20001%20April2020.jpg
Q11502895,新潟市歷史博物館,新潟縣,海事博物館,37.9298333,139.0577222,http://commons.wikimedia.org/wiki/Special:FilePath/160716%20Niigata%20City%20History%20Museum%20Main%20Building%20Niigata%20Japan01bs5.jpg
Q104708819,彌彦神社宝物殿,新潟縣,宝物館,37.7065230,138.8280700,
Q28686074,まつだい「農舞台」,新潟縣,美術館,37.1316667,138.6150000,http://commons.wikimedia.org/wiki/Special:FilePath/Matsudai%20Nohbutai.jpg
Q17225142,長岡市青少年文化センター,新潟縣,文化中心,37.4461111,138.8619444,http://commons.wikimedia.org/wiki/Special:FilePath/Nagaoka%20City%20Seisyonen%20Bunka%20Center.jpg
Q11425083,坂口記念館,新潟縣,人物紀念館,37.1805556,138.3425000,http://commons.wikimedia.org/wiki/Special:FilePath/Sakaguchikinenkan.jpg
Q17209769,新潟市新津美術館,新潟縣,美術館,37.7625280,139.1123610,http://commons.wikimedia.org/wiki/Special:FilePath/Niitsu%20Art%20Museum%20201905.jpg
Q78058843,上越科学館,新潟縣,科學博物館,37.1538889,138.2522222,http://commons.wikimedia.org/wiki/Special:FilePath/Joetsu%20Science%20Museum%20April2020.jpg
Q11461452,小林古径記念美術館,新潟縣,人物紀念館,37.1106389,138.2549444,http://commons.wikimedia.org/wiki/Special:FilePath/Joetsu%20Municipal%20Museum.JPG
Q11579494,白壁兵舎,新潟縣,軍事博物館,37.9543458,139.3224425,http://commons.wikimedia.org/wiki/Special:FilePath/160717%20White%20wall%20barracks%20archives%20museum%20of%20public%20relations%20Shibata%20Niigata%20pref%20Japan01s3.jpg
Q11246368,北方文化博物館,新潟縣,历史房屋博物馆,37.8296170,139.1521470,http://commons.wikimedia.org/wiki/Special:FilePath/Northern%20Culture%20Museum%20002.jpg
Q11305817,サントピアワールド,新潟縣,主題樂園,37.7649167,139.2528333,http://commons.wikimedia.org/wiki/Special:FilePath/SUNTOPIA%20WORLD.JPG
Q28669360,木村茶道美術館,新潟縣,美術館,37.3597222,138.5447222,
Q104708807,上越市立歴史博物館,新潟縣,歷史博物館,37.1116920,138.2551900,http://commons.wikimedia.org/wiki/Special:FilePath/Joetsu%20Municipal%20Museum.JPG
Q85162625,相川郷土博物館,新潟縣,礦業博物館,38.0375000,138.2400000,http://commons.wikimedia.org/wiki/Special:FilePath/Aikawa%20History%20Museum%20ac%20%281%29.jpg
Q104708800,長岡市馬高縄文館,新潟縣,考古博物館,37.4466190,138.7684800,http://commons.wikimedia.org/wiki/Special:FilePath/Umataka%20Jomon%20Museum.jpg
Q11503129,新潟县立近代美術館,新潟縣,都道府县立博物馆,37.4644722,138.8320833,http://commons.wikimedia.org/wiki/Special:FilePath/%E6%96%B0%E6%BD%9F%E8%BF%91%E4%BB%A3%E7%BE%8E%E8%A1%93%E9%A4%A8.jpg
Q106242079,佐渡西三川ゴールドパーク,新潟縣,主題公園,37.8980556,138.2963889,http://commons.wikimedia.org/wiki/Special:FilePath/Sado%20Nishimikawa%20Gold%20Park.jpg
Q11502710,新津記念館,新潟縣,美術館,37.9190280,139.0370560,http://commons.wikimedia.org/wiki/Special:FilePath/Niitsu%20House%2001.JPG
Q61721910,Iyoboya會館,新潟縣,水族館,38.2277778,139.4713889,http://commons.wikimedia.org/wiki/Special:FilePath/Iyoboya%20Museum.jpg
Q104708784,巻菱湖記念時代館,新潟縣,書法美術館,37.9312140,139.1059300,
Q63170507,新潟県立こども自然王国,新潟縣,主題樂園,37.2108333,138.6330556,
Q11450434,安吾 風の館,新潟縣,人物紀念館,37.9266667,139.0377778,http://commons.wikimedia.org/wiki/Special:FilePath/Niigata%20Ango-kaze-no-yakata%2020130811.JPG
Q102442450,塩沢つむぎ記念館,新潟縣,零售店,37.0410423,138.8497244,http://commons.wikimedia.org/wiki/Special:FilePath/Shiozawa%20Tsumugi%20Pavilion.JPG
Q11653568,長者ケ原考古館,新潟縣,考古博物館,37.0246111,137.8678061,http://commons.wikimedia.org/wiki/Special:FilePath/Chojagahara%20Archeological%20Museum.JPG
Q11383307,佐渡版画村美術館,新潟縣,美術館,38.0351390,138.2408890,http://commons.wikimedia.org/wiki/Special:FilePath/Sado%20Hangamura%20Art%20Museum%20ac.jpg
Q11360174,上越清里星のふるさと館,新潟縣,天文博物館,37.0358330,138.3650000,http://commons.wikimedia.org/wiki/Special:FilePath/Joetsu%20Kiyosato%20Star%20Town%20Museum%20exterior%20in%202013-09-06.jpg
Q104708816,良寛記念館,新潟縣,纪念博物馆,37.5423830,138.6881570,http://commons.wikimedia.org/wiki/Special:FilePath/Ryokan%20Memorial%20Museum.jpg
Q99933926,長岡市栃尾美術館,新潟縣,美術館,37.4716667,138.9952778,http://commons.wikimedia.org/wiki/Special:FilePath/%E9%95%B7%E5%B2%A1%E5%B8%82%E6%A0%83%E5%B0%BE%E7%BE%8E%E8%A1%93%E9%A4%A8.jpg
Q11360163,上越市立水族博物館,新潟縣,水族館,37.1735000,138.2329722,http://commons.wikimedia.org/wiki/Special:FilePath/Joetsu%20Aquarium%20Umigatari.jpg
Q11569266,燕市産業史料館,新潟縣,工业博物馆,37.6527778,138.9191667,http://commons.wikimedia.org/wiki/Special:FilePath/Tsubame%20Industrial%20Materials%20Museum%20Mar2022-001.jpg
Q11502938,新潟市美術館,新潟縣,美術館,37.9284167,139.0417222,http://commons.wikimedia.org/wiki/Special:FilePath/Niigata%20City%20Art%20Museum.jpg
Q11503121,新潟縣立自然科学館,新潟縣,都道府县立博物馆,37.8907220,139.0497500,http://commons.wikimedia.org/wiki/Special:FilePath/NIIGATA%20SCIENCE%20MUSEUM.JPG
Q11342307,米西拉藝術館,新潟縣,美術館,37.1094167,138.8043611,
Q61722200,寺泊水族博物館,新潟縣,水族館,37.6338889,138.7602778,http://commons.wikimedia.org/wiki/Special:FilePath/Teradomari%20Aquarium%2003.jpg
Q17229556,新潟市マンガ・アニメ情報館,新潟縣,動漫博物館,37.9163610,139.0530560,http://commons.wikimedia.org/wiki/Special:FilePath/Bandai%20City%20BP2%20Sep2021-002.jpg
Q85880606,新潟県埋蔵文化財センター,新潟縣,埋藏文化財中心,37.7612500,139.1157500,http://commons.wikimedia.org/wiki/Special:FilePath/Niigata%20Prefecture%20Archaeological%20Research%20Center%2C%20Japan%2C%20August%202022.jpg
Q123517194,谷村美術館,新潟縣,美術館,37.0420270,137.8761100,
Q11502898,Marinpia日本海,新潟縣,水族館,37.9236333,139.0279750,http://commons.wikimedia.org/wiki/Special:FilePath/%E6%96%B0%E6%BD%9F%E5%B8%82%E6%B0%B4%E6%97%8F%E9%A4%A8%E3%83%9E%E3%83%AA%E3%83%B3%E3%83%94%E3%82%A2%E6%97%A5%E6%9C%AC%E6%B5%B7.jpg
Q11502893,新潟市新津鐵道資料館,新潟縣,鐵路博物館,37.8017220,139.1418060,http://commons.wikimedia.org/wiki/Special:FilePath/%E6%96%B0%E6%BD%9F%E5%B8%82%E6%96%B0%E6%B4%A5%E9%89%84%E9%81%93%E8%B3%87%E6%96%99%E9%A4%A8.JPG
Q11503104,新潟県立歴史博物館,新潟縣,都道府县立博物馆,37.4383333,138.7677778,http://commons.wikimedia.org/wiki/Special:FilePath/Niigata%20Prefectural%20Museum%20of%20History.jpg
Q132160355,佐潟水鳥・湿地センター,新潟縣,自然中心,37.8190180,138.8799150,
Q15867362,十日町市博物館,新潟縣,市立博物館,37.1408333,138.7558333,http://commons.wikimedia.org/wiki/Special:FilePath/Tokamachi%20City%20Museum.JPG
Q11360168,上越市立総合博物館,新潟縣,市立博物館,37.1117222,138.2551667,http://commons.wikimedia.org/wiki/Special:FilePath/Joetsu%20Municipal%20Museum.JPG
Q11503113,新潟県立環境と人間のふれあい館,新潟縣,都道府县立博物馆,37.9128889,139.2384167,http://commons.wikimedia.org/wiki/Special:FilePath/Niigata%20Learning%20Center%20For%20Humans%20%26%20The%20Environment%20April2020.jpg
Q11405091,十日町市立里山科学館 越後松之山「森の学校」キョロロ,新潟縣,自然歷史博物館,37.0997222,138.6172222,http://commons.wikimedia.org/wiki/Special:FilePath/%E8%B6%8A%E5%BE%8C%E6%9D%BE%E4%B9%8B%E5%B1%B1%E6%A3%AE%E3%81%AE%E5%AD%A6%E6%A0%A1%20%E3%82%AD%E3%83%A7%E3%83%AD%E3%83%AD1.jpg
Q11499516,敦井美術館,新潟縣,美術館,37.9144440,139.0595830,http://commons.wikimedia.org/wiki/Special:FilePath/Niigata%2CHokuriku%20Building.JPG
Q133227322,新潟大学旭町学術資料展示館,新潟縣,大學博物館,37.9211850,139.0366300,http://commons.wikimedia.org/wiki/Special:FilePath/Niigata-Univ-Asahimachi-Museum-2014091401.jpg
Q102240298,鈴木牧之記念館,新潟縣,人物紀念館,37.0422969,138.8522358,http://commons.wikimedia.org/wiki/Special:FilePath/Suzuki%20Bokushi%20Memorial%20Hall.JPG
Q106307296,雪梁舎美術館,新潟縣,美術館,37.8635833,139.0176944,http://commons.wikimedia.org/wiki/Special:FilePath/%E9%9B%AA%E6%A2%81%E8%88%8E%E7%BE%8E%E8%A1%93%E9%A4%A8%E5%A4%96%E8%A6%B3.jpg
Q11594970,秋山孝ポスター美術館長岡,新潟縣,美術館,37.4203930,138.8416460,http://commons.wikimedia.org/wiki/Special:FilePath/Takashi%20Akiyama%20Poster%20Museum%20Nagaoka.jpg
Q11621988,蕗谷虹児記念館,新潟縣,人物紀念館,37.9519170,139.3268060,http://commons.wikimedia.org/wiki/Special:FilePath/160717%20Koji%20Fukiya%20Memorial%20Museum%20of%20Art%20Shibata%20Niigata%20pref%20Japan01n.jpg
Q11668358,駒形十吉記念美術館,新潟縣,美術館,37.4492778,138.8611111,http://commons.wikimedia.org/wiki/Special:FilePath/Komagata%20Jukichi%20Museum%20of%20Art.JPG
Q11652115,長岡戦災資料館,新潟縣,博物館,37.4486111,138.8525000,http://commons.wikimedia.org/wiki/Special:FilePath/Nagaoka%20War%20Damage%20Exhibit%20Hall.JPG
Q30267712,長岡市立科学博物館,新潟縣,博物館,37.4363889,138.8388889,http://commons.wikimedia.org/wiki/Special:FilePath/Nagaoka%20City%20Hall%20001.jpg
Q22127721,北雪酒造,新潟縣,觀光景點,37.8709611,138.4135500,http://commons.wikimedia.org/wiki/Special:FilePath/Hokusetsu%20SHUZOU%20in%20Sado%20-%20Sep%2023%2C%202012.jpg
Q85159020,佐渡博物館,新潟縣,博物館,37.9861111,138.3447222,http://commons.wikimedia.org/wiki/Special:FilePath/%E4%BD%90%E6%B8%A1%E5%8D%9A%E7%89%A9%E9%A4%A8.jpg
Q104419568,日本海フィッシャーマンズケープ,新潟縣,觀光景點,37.3494444,138.4911111,
Q11355840,三條市歷史民俗產業資料館,新潟縣,博物館,37.6319170,138.9567220,http://commons.wikimedia.org/wiki/Special:FilePath/Sanjo%20Heritage%20Museum.jpg
Q11503008,新潟縣政紀念館,新潟縣,博物館,37.9146110,139.0405280,http://commons.wikimedia.org/wiki/Special:FilePath/Niigata%20Prefectural%20Government%20Memorial%20Hall1.JPG
Q104708797,藤橋歴史の広場,新潟縣,博物館,37.4285100,138.7825380,
Q11330973,ビュー福島潟,新潟縣,博物館,37.9135556,139.2402778,http://commons.wikimedia.org/wiki/Special:FilePath/View%20fukushimagata.jpg
Q104708794,縄文の里・朝日　奥三面歴史交流館,新潟縣,博物館,38.2396710,139.6261410,
Q104708789,津南町歴史民俗資料館,新潟縣,博物館,36.9964610,138.6684550,
Q11535936,新潟仙貝王國,新潟縣,博物館,37.9295000,139.1631940,
Q87396765,柏崎市立博物館,新潟縣,博物館,37.3591667,138.5427778,http://commons.wikimedia.org/wiki/Special:FilePath/Kashiwazaki%20City%20Museum%2C%20Kashiwazaki%2C%20Niigata%2C%20Japan%2C%20November%202023.jpg
Q104708815,国指定重要文化財渡邉邸,新潟縣,博物館,38.0901910,139.5649460,
Q1047097,根津美術館,東京都,美術館,35.6621600,139.7176030,http://commons.wikimedia.org/wiki/Special:FilePath/Nezu%20museum%20entrance%20tokyo%202014.jpg
Q30925115,横山大観記念館,東京都,人物紀念館,35.7120950,139.7681660,http://commons.wikimedia.org/wiki/Special:FilePath/Yokoyama%20Taikan%20Memorial%20Hall.JPG
Q17220332,墨田北齋美術館,東京都,美術館,35.6967500,139.8003890,http://commons.wikimedia.org/wiki/Special:FilePath/2018%20Sumida%20Hokusai%20Museum%202.jpg
Q11483041,平木浮世絵美術館 UKIYO-e TOKYO,東京都,美術館,35.6551390,139.7927780,
Q11249110,三得利美術館,東京都,美術館,35.6663889,139.7302778,http://commons.wikimedia.org/wiki/Special:FilePath/Tokyo-Midtown-Suntory-Museum-of-Art-01.jpg
Q1362629,日本國立西洋美術館,東京都,博物馆建筑,35.7153567,139.7758498,http://commons.wikimedia.org/wiki/Special:FilePath/National%20museum%20of%20western%20art05s3200.jpg
Q1362638,國立新美術館,東京都,國立博物館,35.6652800,139.7263400,http://commons.wikimedia.org/wiki/Special:FilePath/2018%20National%20Art%20Center%2C%20Tokyo%202.jpg
Q11378949,伊勢半本店 紅ミュージアム,東京都,美術館,35.6599167,139.7179722,http://commons.wikimedia.org/wiki/Special:FilePath/Benimuseum%20Img001.jpg
Q3330210,畠山紀念館,東京都,美術館,35.6323060,139.7268900,http://commons.wikimedia.org/wiki/Special:FilePath/Hatakeyama%20Memorial%20Museum.JPG
Q11275386,崖之森美術館,東京都,人物紀念館,35.6950830,139.5127500,http://commons.wikimedia.org/wiki/Special:FilePath/Hakenomori%20Art%20Museum.JPG
Q728781,永青文库,東京都,美術館,35.7131710,139.7232960,http://commons.wikimedia.org/wiki/Special:FilePath/Eisei%20Bunko.jpg
Q743773,東京都庭園美術館,東京都,美術館,35.6368620,139.7192690,http://commons.wikimedia.org/wiki/Special:FilePath/Tokyo%20Metropolitan%20Teien%20Art%20Museum.jpg
Q5153794,聖德紀念繪畫館,東京都,美術館,35.6787778,139.7176389,http://commons.wikimedia.org/wiki/Special:FilePath/230303%20Meiji%20Memorial%20Picture%20Gallery.jpg
Q11369635,久米美術館,東京都,人物紀念館,35.6345560,139.7146940,http://commons.wikimedia.org/wiki/Special:FilePath/Kume%20Bijutsukan.jpg
Q1359908,東京國立近代美術館,東京都,國立博物館,35.6905530,139.7546420,http://commons.wikimedia.org/wiki/Special:FilePath/National%20Museum%20of%20Modern%20Art%20Tokyo.jpg
Q51371009,國立電影資料館,東京都,國立博物館,35.6755278,139.7706111,http://commons.wikimedia.org/wiki/Special:FilePath/MOMAT%20FilmCenter.jpg
Q3788646,長谷川町子美術館,東京都,美術館,35.6279900,139.6436200,http://commons.wikimedia.org/wiki/Special:FilePath/Hasegawa%20Machiko%20Art%20Museum.JPG
Q11532663,板橋区立美術館,東京都,美術館,35.7842136,139.6444913,http://commons.wikimedia.org/wiki/Special:FilePath/Itabashi%20ku%20ritsu%20Bijutsukan%20Gaikan%2020200321.jpg
Q3329598,大倉集古館,東京都,美術館,35.6669444,139.7433333,http://commons.wikimedia.org/wiki/Special:FilePath/Okura-Shukokan-01.jpg
Q3815479,新大谷美術館,東京都,美術館,35.6791000,139.7359000,
Q11598754,竹久夢二美術館,東京都,美術館,35.7147300,139.7634900,http://commons.wikimedia.org/wiki/Special:FilePath/Takehisa-Yumeji-Museum.jpg
Q1233913,東京富士美術館,東京都,美術館,35.6864550,139.3294930,http://commons.wikimedia.org/wiki/Special:FilePath/Tokyo%20Fuji%20Art%20Museum.JPG
Q11550512,汐留美術館,東京都,美術館,35.6658200,139.7619500,http://commons.wikimedia.org/wiki/Special:FilePath/Matsushita%20Electric%20Works%20Building%2020070317-02.jpg
Q17239410,青梅赤塚不二夫会館,東京都,美術館,35.7885556,139.2605833,http://commons.wikimedia.org/wiki/Special:FilePath/Fujio%20Akatsuka%20Museum%2C%20Ome%2C%20Tokyo%2C%20Japan.JPG
Q11608069,練馬區立美術館,東京都,美術館,35.7371100,139.6361100,http://commons.wikimedia.org/wiki/Special:FilePath/Nerima%20art%20museum.JPG
Q1649688,東京都現代美術館,東京都,美術館,35.6800000,139.8080556,http://commons.wikimedia.org/wiki/Special:FilePath/Museum%20of%20Contemporary%20Art%20Tokyo%202009.jpg
Q2374140,五島美術館,東京都,美術館,35.6121950,139.6352940,http://commons.wikimedia.org/wiki/Special:FilePath/Gotoh%20Museum.JPG
Q864700,三井紀念美術館,東京都,美術館,35.6862980,139.7731440,http://commons.wikimedia.org/wiki/Special:FilePath/Mitsui%20Main%20Building%202009.jpg
Q11464085,小野忠重版画館,東京都,美術館,35.7060690,139.6301140,http://commons.wikimedia.org/wiki/Special:FilePath/Ono%20Tadashige%20Museum20101212-1.JPG
Q11473108,岡本太郎紀念館,東京都,美術館,35.6613080,139.7155830,http://commons.wikimedia.org/wiki/Special:FilePath/Taro%20Okamoto%20Memorial%20Museum.jpg
Q38255018,TERRADA ART COMPLEX,東京都,美術館,35.6197500,139.7464167,http://commons.wikimedia.org/wiki/Special:FilePath/TAC.jpg
Q17211727,西山美術館,東京都,美術館,35.5895280,139.4547220,http://commons.wikimedia.org/wiki/Special:FilePath/%E8%A5%BF%E5%B1%B1%E7%BE%8E%E8%A1%93%E9%A4%A8%E5%85%A8%E6%99%AF.jpg
Q11524090,東京オペラシティアートギャラリー,東京都,美術館,35.6830000,139.6868056,http://commons.wikimedia.org/wiki/Special:FilePath/3%20Chome-20%20Nishishinjuku%2C%20Shinjuku-ku%2C%20T%C5%8Dky%C5%8D-to%20160-0023%2C%20Japan%20-%20panoramio.jpg
Q4410434,森美術館,東京都,美術館,35.6605056,139.7290667,http://commons.wikimedia.org/wiki/Special:FilePath/Mori%20Art%20Museum%20Entrance%202013.jpg
Q11530056,松岡美術館,東京都,美術館,35.6399444,139.7217222,http://commons.wikimedia.org/wiki/Special:FilePath/Containers%20at%20Matsuoka%20Museum%20of%20Art.jpg
Q1528356,村內美術館,東京都,美術館,35.6794310,139.3366330,http://commons.wikimedia.org/wiki/Special:FilePath/Hachioji%20MurauchiMuseum%20Entrance.jpg
Q3076590,出光美術館,東京都,美術館,35.6763721,139.7609079,http://commons.wikimedia.org/wiki/Special:FilePath/Imperial%20Garden%20Theater%2C%20Tokyo.jpg
Q11561694,渋谷区立松濤美術館,東京都,美術館,35.6586670,139.6917780,http://commons.wikimedia.org/wiki/Special:FilePath/Shoto%20Museum%20of%20Art%202010.jpg
Q11384365,佐藤美術館,東京都,美術館,35.6817220,139.7150000,http://commons.wikimedia.org/wiki/Special:FilePath/Sato%20Museum%20of%20Art%2C%20Shinjuku%2001.jpg
Q3788869,NTTインターコミュニケーション・センター,東京都,美術館,35.6829000,139.6874000,http://commons.wikimedia.org/wiki/Special:FilePath/NTT%20ICC%20entrance.jpg
Q864957,東京都美術館,東京都,美術館,35.7172000,139.7730000,http://commons.wikimedia.org/wiki/Special:FilePath/Tokyo%20metropolitan%20art%20museum01%201920.jpg
Q11391573,八王子市夢美術館,東京都,美術館,35.6604167,139.3306111,http://commons.wikimedia.org/wiki/Special:FilePath/Hachioji%20Yume%20Art%20Museum.JPG
Q3788661,礫川浮世絵美術館,東京都,美術館,35.7088889,139.7519444,http://commons.wikimedia.org/wiki/Special:FilePath/Koishikawa%20Ukiyo-e%20Art%20Museum.JPG
Q913808,普利司通美術館,東京都,美術館,35.6788889,139.7719444,http://commons.wikimedia.org/wiki/Special:FilePath/Artizon%20Museum%20lobby%20view%20201912.jpg
Q3815442,浮世繪 太田紀念美術館,東京都,美術館,35.6694000,139.7050000,http://commons.wikimedia.org/wiki/Special:FilePath/Ota-Memorial-Museum-Harajuku-01.jpg
Q29570077,春花園BONSAI美術館,東京都,美術館,35.7027000,139.8883000,http://commons.wikimedia.org/wiki/Special:FilePath/Shunkaen%20Bonsai%20Museum.JPG
Q3329572,山種美術館,東京都,美術館,35.6531744,139.7136407,http://commons.wikimedia.org/wiki/Special:FilePath/Yamatane%20Museum%20of%20Art%20-%20Tokyo%2C%20Japan%20-%20DSC05555.jpg
Q3815458,三菱一號館美術館,東京都,美術館,35.6783550,139.7632550,http://commons.wikimedia.org/wiki/Special:FilePath/Mitsubishi%20Ichigokan%20Museum.JPG
Q11360245,上野之森美術館,東京都,美術館,35.7127220,139.7748060,http://commons.wikimedia.org/wiki/Special:FilePath/Ueno%20Royal%20Museum.JPG
Q11487473,彌生美術館,東京都,美術館,35.7149300,139.7634800,http://commons.wikimedia.org/wiki/Special:FilePath/Appearance-of-Yayoi-Yumeji-Museum.jpg
Q3915469,ワタリウム美術館,東京都,美術館,35.6707222,139.7133889,http://commons.wikimedia.org/wiki/Special:FilePath/Watarium.jpg
Q3788846,講談社野間記念館,東京都,美術館,35.7140000,139.7250278,http://commons.wikimedia.org/wiki/Special:FilePath/Kodansha%20Noma%20Memorial%20Museum%202.jpg
Q947907,三鷹之森吉卜力美術館,東京都,美術館,35.6962330,139.5704310,http://commons.wikimedia.org/wiki/Special:FilePath/Ghibli-museum-mitaka.jpg
Q3076188,三之丸尚藏館,東京都,美術館,35.6863020,139.7592470,http://commons.wikimedia.org/wiki/Special:FilePath/Sannomaru%20Shozokan%20190928a.jpg
Q17230481,アミューズミュージアム,東京都,美術館,35.7145000,139.7979000,http://commons.wikimedia.org/wiki/Special:FilePath/AM%20view1.jpg
Q11314324,季節美術館,東京都,美術館,35.7277778,139.7116667,http://commons.wikimedia.org/wiki/Special:FilePath/SEIBU%20DEPARTMENT%20STORES%20ILLUMS%20BUILDING.jpg
Q1614504,損保日本興亞東鄉青兒美術館,東京都,美術館,35.6927778,139.6961111,http://commons.wikimedia.org/wiki/Special:FilePath/Sompo%20japan%20museum%20of%20arts%20shinjuku.jpg
Q11578302,町田市立國際版畫美術館,東京都,美術館,35.5441667,139.4550000,http://commons.wikimedia.org/wiki/Special:FilePath/Machida%20City%20Museum%20of%20Graphic%20Arts.jpg
Q11486046,府中市美術館,東京都,美術館,35.6788890,139.4922220,http://commons.wikimedia.org/wiki/Special:FilePath/Fuchu.no.mori.kouen%2002.jpg
Q3736155,原美術館,東京都,美術館,35.6210278,139.7360556,http://commons.wikimedia.org/wiki/Special:FilePath/Hara%20Museum%20of%20Contemporary%20Art%202010.jpg
Q583055,Bunkamura,東京都,藝廊,35.6608330,139.6950000,http://commons.wikimedia.org/wiki/Special:FilePath/Bunkamura.JPG
Q85882998,立川防災館,東京都,博物館,35.7158889,139.4063333,
Q21018910,温故学会会館,東京都,博物館,35.6543333,139.7119278,http://commons.wikimedia.org/wiki/Special:FilePath/Hanawa%20Hokiichi1a.JPG
Q6128676,東京動畫中心,東京都,博物館,35.6616278,139.7005194,http://commons.wikimedia.org/wiki/Special:FilePath/Tokyo%20Anime%20Center%2020160211%282%29.JPG
Q3815510,八音琴博物馆,東京都,博物館,35.7189167,139.7240278,http://commons.wikimedia.org/wiki/Special:FilePath/Orugoru%20no%20Chiisana%20Hakubutsukan.JPG
Q104696867,家具の博物館,東京都,博物館,35.7127270,139.3772180,
Q137994122,Museum of Imaginary Narrative Arts,東京都,博物館,35.6578990,139.7045140,
Q11525123,东京艺术大学大学美术馆,東京都,大學博物館,35.8843528,140.1148806,http://commons.wikimedia.org/wiki/Special:FilePath/University%20Art%20Museum%2C%20Tokyo%20University%20of%20the%20Arts%202009.jpg
Q11518627,木材、合板博物館,東京都,博物館,35.6457472,139.8318417,http://commons.wikimedia.org/wiki/Special:FilePath/Shinkiba%20Tower%2001.JPG
Q11511019,舊多摩聖蹟紀念館,東京都,历史建筑,35.6380401,139.4606365,http://commons.wikimedia.org/wiki/Special:FilePath/Former%20Tama%20Seiseki%20Memorial%20Hall.jpg
Q11329444,帕德嫩多摩,東京都,文化中心,35.6217500,139.4267780,http://commons.wikimedia.org/wiki/Special:FilePath/Parthenon-Tama.JPG
Q104698197,青梅きもの博物館,東京都,博物館,35.7878900,139.2202870,
Q11514016,昭和古物商品博物館,東京都,博物館,35.7886940,139.2604720,http://commons.wikimedia.org/wiki/Special:FilePath/Showa%20Retro%20Packaging%20Museum%20ac%20%281%29.jpg
Q11509583,日比谷圖書文化館,東京都,都道府県立図書館,35.6717780,139.7545000,http://commons.wikimedia.org/wiki/Special:FilePath/Hibiya%20Library%20%26%20Museum%202016.JPG
Q18337440,東映アニメーションミュージアム,東京都,博物館,35.7520278,139.5946667,http://commons.wikimedia.org/wiki/Special:FilePath/TOEI%20ANIMATION%20Oizumi%20Studio.JPG
Q11445650,奧多摩水與綠接觸館,東京都,水廠博物館,35.7928060,139.0483330,http://commons.wikimedia.org/wiki/Special:FilePath/Okutama%20Mizu-to-Midori-no-Fureaikan.jpg
Q11525586,東京都立第五福龍丸展示館,東京都,博物館,35.6509720,139.8262780,http://commons.wikimedia.org/wiki/Special:FilePath/20070922%20100%201954%201600%20-%20panoramio.jpg
Q109166065,佃まちかど展示館,東京都,博物館,35.6677900,139.7822300,http://commons.wikimedia.org/wiki/Special:FilePath/Tsukuda%20machikado%20tenjikan02.jpg
Q11639480,遞信綜合博物館,東京都,博物館,35.6868060,139.7668610,http://commons.wikimedia.org/wiki/Special:FilePath/Communications-Museum-Tokyo.jpg
Q21014218,両国花火資料館,東京都,博物館,35.6937528,139.7916528,http://commons.wikimedia.org/wiki/Special:FilePath/Ryogoku%20Fireworks%20Museum2.JPG
Q116026360,ずかんミュージアム銀座,東京都,博物館,35.6723920,139.7624140,
Q11271253,たばこと塩の博物館,東京都,塩博物館,35.7060000,139.8086900,http://commons.wikimedia.org/wiki/Special:FilePath/Tobacco%20%26%20Salt%20Museum%20%28Tokyo%29.JPG
Q127692420,明治神宮ミュージアム,東京都,博物館,35.6722870,139.7023190,http://commons.wikimedia.org/wiki/Special:FilePath/%E6%98%8E%E6%B2%BB%E7%A5%9E%E5%AE%AEIMG%2020220129%2004.jpg
Q137374855,荒川知水資料館,東京都,博物館,35.7855670,139.7301110,http://commons.wikimedia.org/wiki/Special:FilePath/Arakawa%20Museum%20of%20Aqua.JPG
Q104698242,福生市郷土資料室,東京都,博物館,35.7320320,139.3372840,
Q22120359,町田市立博物館,東京都,博物館,35.5672222,139.4511111,http://commons.wikimedia.org/wiki/Special:FilePath/Machida-City-Museum.jpg
Q135085261,民主主義博物館,東京都,博物館,35.5906489,139.6734791,
Q11405795,千秋文庫,東京都,博物館,35.6932230,139.7464920,http://commons.wikimedia.org/wiki/Special:FilePath/Senshu%20Bunko.jpg
Q22120358,町田市立自由民権資料館,東京都,博物館,35.5888889,139.4533333,http://commons.wikimedia.org/wiki/Special:FilePath/JiyuMinkenInstiture-of-MachidaCity.jpg
Q17228804,昭和生活博物館,東京都,博物館,35.5752222,139.6858333,http://commons.wikimedia.org/wiki/Special:FilePath/Showa%20no%20kurashi%20museum%20ota%202014.jpg
Q115977950,六本木ミュージアム,東京都,博物馆建筑,35.6597737,139.7340377,http://commons.wikimedia.org/wiki/Special:FilePath/202405131411%20IMG%206345.jpg
Q104698116,世界のカバン博物館,東京都,博物館,35.7080520,139.7952860,
Q11095134,杉並動畫博物館,東京都,博物館,35.7104440,139.6077780,http://commons.wikimedia.org/wiki/Special:FilePath/Suginami%20kaikan%20suginami%20animation%20museum%202009.JPG
Q11606978,絹之道資料館,東京都,博物館,35.6183690,139.3547000,http://commons.wikimedia.org/wiki/Special:FilePath/Kinunumichi%20mus..JPG
Q3514129,髙木盆栽美術館,東京都,博物館,35.7031000,139.7720000,
Q24895832,東京都復興記念館,東京都,博物館,35.6998444,139.7969056,http://commons.wikimedia.org/wiki/Special:FilePath/Great%20Kanto%20Earthquake%20Memorial%20Museum.jpg
Q65272034,民音音楽博物館,東京都,博物館,35.6823000,139.7192700,http://commons.wikimedia.org/wiki/Special:FilePath/Min-On%20Music%20Museum.JPG
Q104698247,東京女子医科大学史料室　吉岡彌生記念室,東京都,博物館,35.6975510,139.7206370,
Q104698254,釣り文化資料館,東京都,博物館,35.6909260,139.7194410,
Q104698204,自転車文化センター,東京都,博物館,35.6340425,139.7179531,
Q130213553,半蔵門ミュージアム,東京都,博物館,35.6858640,139.7419490,http://commons.wikimedia.org/wiki/Special:FilePath/%E5%8D%8A%E8%94%B5%E9%96%80%E3%83%9F%E3%83%A5%E3%83%BC%E3%82%B8%E3%82%A2%E3%83%A0%20%E5%85%A5%E3%82%8A%E5%8F%A3%E4%BB%98%E8%BF%91.jpg
Q11401205,北區飛鳥山博物館,東京都,博物館,35.7495833,139.7390278,http://commons.wikimedia.org/wiki/Special:FilePath/Kita%20Ward%20Asukayama%20Museum.jpg
Q109160363,かちどき 橋の資料館,東京都,博物館,35.6630500,139.7736600,http://commons.wikimedia.org/wiki/Special:FilePath/Kachidoki%20hashi%20no%20shiry%C5%8Dkan15.jpg
Q11524776,東京宝くじドリーム館,東京都,博物館,35.6761111,139.7709444,http://commons.wikimedia.org/wiki/Special:FilePath/Tokyo%20Takarakuji%20Dream%20Palace.jpg
Q136707259,翡翠原石館,東京都,博物館,35.6204380,139.7353360,
Q11269143,しょうけい館,東京都,博物館,35.6949170,139.7521940,http://commons.wikimedia.org/wiki/Special:FilePath/Shokei-kan.JPG
Q136463408,MoN Takanawa: The Museum of Narratives,東京都,博物館,35.6396900,139.7418290,
Q11495238,憲政紀念館,東京都,博物館,35.6783330,139.7470000,http://commons.wikimedia.org/wiki/Special:FilePath/Memorial%20Hall%20of%20constitutional%20politics%20Japan01s3200.jpg
Q104698211,賀川豊彦記念松沢資料館,東京都,博物館,35.6678240,139.6258570,
Q85881822,池袋防災館,東京都,博物館,35.7039080,139.8153090,http://commons.wikimedia.org/wiki/Special:FilePath/Ikebukuro%20Fire%20Station.JPG
Q117424691,江戸川区郷土資料室,東京都,博物館,35.7057778,139.8663056,
Q17224188,Daiichi Sankyo くすりミュージアム,東京都,公司博物館,35.6884720,139.7756940,http://commons.wikimedia.org/wiki/Special:FilePath/Daiichi%20sankyo%20kusuri%20museum.jpg
Q11621071,葛飾區鄉土與天文博物館,東京都,地方文化館,35.7529170,139.8434470,http://commons.wikimedia.org/wiki/Special:FilePath/Katsushika%20City%20Museum.JPG
Q16872707,気象科学館,東京都,科學博物館,35.6656110,139.7460560,http://commons.wikimedia.org/wiki/Special:FilePath/JMA%20Meteorological%20Science%20Museum.jpg
Q62029384,臺北駐日本經濟文化代表處台灣文化中心,東京都,文化中心,35.6700690,139.7515480,http://commons.wikimedia.org/wiki/Special:FilePath/Taiwan%20Cultural%20Center%2C%20Taipei%20Economic%20and%20Cultural%20Representative%20Office.jpg
Q3815581,東京大学総合研究博物館小石川分館,東京都,大學博物館,35.7214040,139.7411420,http://commons.wikimedia.org/wiki/Special:FilePath/%E6%9D%B1%E4%BA%AC%E5%A4%A7%E5%AD%A6%E7%B7%8F%E5%90%88%E7%A0%94%E7%A9%B6%E5%8D%9A%E7%89%A9%E9%A4%A8%E5%B0%8F%E7%9F%B3%E5%B7%9D%E5%88%86%E9%A4%A80001.jpg
Q17229781,八王子市兒童科學館,東京都,天象儀,35.6648610,139.3277780,http://commons.wikimedia.org/wiki/Special:FilePath/Hachioji%20City%20Children%27s%20Museum%20of%20Science.JPG
Q115265693,東京ステーションギャラリー,東京都,美術館,35.6809580,139.7673060,http://commons.wikimedia.org/wiki/Special:FilePath/Tokyo%20station%20gallery.jpg
Q11295937,瓦斯科學館,東京都,公司博物館,35.6522310,139.7925280,http://commons.wikimedia.org/wiki/Special:FilePath/Gasutenani.jpg
Q863180,浅草花屋敷,東京都,主題樂園,35.7154972,139.7946889,http://commons.wikimedia.org/wiki/Special:FilePath/Asakusa%20Hanayashiki%20-01.jpg
Q138028244,梅澤濱夫記念館 目黒,東京都,纪念博物馆,35.6302710,139.7205180,
Q59960711,玉堂美術館,東京都,人物紀念館,35.8000833,139.1840556,http://commons.wikimedia.org/wiki/Special:FilePath/Gyokudo%20Art%20Museum.jpg
Q3789149,日本民藝館,東京都,美術館,35.6608333,139.6791667,http://commons.wikimedia.org/wiki/Special:FilePath/Nihon%20mingeikan%20meguro%202009.JPG
Q862884,東京都寫真美術館,東京都,攝影博物館,35.6417000,139.7132000,http://commons.wikimedia.org/wiki/Special:FilePath/Tokyo%20Metropolitan%20Museum%20of%20Photography%20entrance%202011%20January.jpg
Q564646,東京dome city attractions,東京都,主題樂園,35.7053000,139.7540000,http://commons.wikimedia.org/wiki/Special:FilePath/Sky-flower%20from%20Tokyodomecityattractions.jpg
Q423559,豐島園,東京都,主題樂園,35.7450000,139.6452778,http://commons.wikimedia.org/wiki/Special:FilePath/Toshimaen%20entrance.jpg
Q11442649,天文博物館五島プラネタリウム,東京都,天象儀,35.6588890,139.7033330,http://commons.wikimedia.org/wiki/Special:FilePath/Tokyu%20Bunka%20Kaikan%202006%20Tokyo.jpg
Q794709,ビッグ・オー (観覧車),東京都,摩天輪,35.7060725,139.7539151,http://commons.wikimedia.org/wiki/Special:FilePath/LaQua02s3200.jpg
Q131314431,森ビル デジタルアート ミュージアム：エプソン チームラボボーダレス,東京都,美術館,35.6608823,139.7406572,http://commons.wikimedia.org/wiki/Special:FilePath/TeamLab%20Borderless%20Azabudai%20Hills.jpg
Q133305825,福澤諭吉記念慶應義塾史展示館,東京都,纪念博物馆,35.6494210,139.7438030,http://commons.wikimedia.org/wiki/Special:FilePath/Old%20Keio%20University%20Library%205.jpg
Q865607,貨幣博物館,東京都,貨幣博物館,35.6854790,139.7716660,http://commons.wikimedia.org/wiki/Special:FilePath/Japan%20Currency%20Museum.jpg
Q11517304,朝倉雕塑館,東京都,历史房屋博物馆,35.7268470,139.7685500,http://commons.wikimedia.org/wiki/Special:FilePath/ASAKURA%20Museum%20of%20Sculpture%2020051002.jpg
Q112192996,龍子記念館,東京都,美術館,35.5823400,139.7156200,http://commons.wikimedia.org/wiki/Special:FilePath/Ryushi%20Memorial%20Museum%20of%20Art.jpg
Q11263157,紙幣與郵票博物館,東京都,印刷博物館,35.7543330,139.7393060,http://commons.wikimedia.org/wiki/Special:FilePath/Museum-gaikan.jpg
Q116921556,アートアクアリウム美術館 GINZA,東京都,水族館,35.6713698,139.7657375,http://commons.wikimedia.org/wiki/Special:FilePath/Tokyo%20Goldfish%20exhibition%20%2833039883398%29.jpg
Q3788904,府中市鄉土之森博物館,東京都,地方文化館,35.6561111,139.4736111,http://commons.wikimedia.org/wiki/Special:FilePath/Kyodo%20no%20Mori%20Historic%20Buildings.jpg
Q5368597,東京SUMMERLAND,東京都,主題公園,35.7174170,139.2773890,http://commons.wikimedia.org/wiki/Special:FilePath/%E6%9D%B1%E4%BA%AC%E3%82%B5%E3%83%9E%E3%83%BC%E3%83%A9%E3%83%B3%E3%83%89.jpg
Q1213729,國立極地研究所,東京都,研究機構,35.7125000,139.4090000,http://commons.wikimedia.org/wiki/Special:FilePath/National%20Institute%20of%20Japanese%20Literature.jpg
Q1046970,讀賣樂園,東京都,主題樂園,35.6258000,139.5190000,http://commons.wikimedia.org/wiki/Special:FilePath/Yomiuriland-20100411.jpg
Q11330769,BIG FUN平和島,東京都,アミューズメント施設,35.5844720,139.7407220,
Q133224751,東京農工大学科学博物館,東京都,大學博物館,35.6980870,139.5188517,http://commons.wikimedia.org/wiki/Special:FilePath/TUAT-Nature-and-Science-Museum-2012111001.jpg
Q104235671,森ビル デジタルアート ミュージアム：エプソン チームラボボーダレス,東京都,美術館,35.6263060,139.7830000,
Q74940,国立科学博物馆,東京都,國立博物館,35.7163190,139.7765440,http://commons.wikimedia.org/wiki/Special:FilePath/NMNC01s3200.jpg
Q133225949,東京海洋大学マリンサイエンスミュージアム,東京都,大學博物館,35.6275140,139.7482050,
Q30934236,レゴランド・ディスカバリー・センター東京,東京都,乐高探索中心,35.6288171,139.7756690,
Q1051229,江戶東京建物園,東京都,戶外博物館,35.7158222,139.5126139,http://commons.wikimedia.org/wiki/Special:FilePath/Entrance%20of%20the%20Edo-Tokyo%20Open%20Air%20Architectural%20Museum.jpg
Q117066302,東京スカイツリー天望デッキ,東京都,觀景台,35.7102266,139.8106940,http://commons.wikimedia.org/wiki/Special:FilePath/Tokyo%20Skytree%20%281%29.JPG
Q30266382,中近東文化センター,東京都,研究機構,35.6897790,139.5637320,http://commons.wikimedia.org/wiki/Special:FilePath/The%20Middle%20Eastern%20Culture%20Center%20in%20Japan.JPG
Q17191904,荒川遊園,東京都,主題樂園,35.7536110,139.7586110,http://commons.wikimedia.org/wiki/Special:FilePath/Arakawa%20yuen%20wheel.jpg
Q117253775,神引展望台,東京都,觀景台,34.3262335,139.2035085,http://commons.wikimedia.org/wiki/Special:FilePath/Kanbiki%20Observatory%2C%20Shikinejima%2C%20Tokyo%2C%20Japan.JPG
Q11430721,多摩六都科學館,東京都,科學博物館,35.7348060,139.5228610,http://commons.wikimedia.org/wiki/Special:FilePath/%E5%A4%9A%E6%91%A9%E5%85%AD%E9%83%BD%E7%A7%91%E5%AD%A6%E9%A4%A8.JPG
Q11660112,雲鷹丸,東京都,帆船,35.6251310,139.7491720,http://commons.wikimedia.org/wiki/Special:FilePath/Tokyo-UMST-Shinagawa-Un%27yo-Maru01.jpg
Q11525336,東京都水之科學館,東京都,科學博物館,35.6308056,139.7855000,http://commons.wikimedia.org/wiki/Special:FilePath/Tokyo%20Science%20Pavilion.jpg
Q11672881,高輪消防署二本榎出張所,東京都,古蹟,35.6357222,139.7331944,http://commons.wikimedia.org/wiki/Special:FilePath/20241123%20Takanawa%20Fire%20Station%20Nihon-enoki%20Branch%20Office.jpg
Q11421255,國立天文台三鷹園區,東京都,天文博物館,35.6754560,139.5376890,http://commons.wikimedia.org/wiki/Special:FilePath/First%20dome%20and%20solar%208-inch%20refractor%20NAOJ%202010.jpg
Q3363841,兒童國 (橫濱市),東京都,主題樂園,35.5623250,139.4914240,http://commons.wikimedia.org/wiki/Special:FilePath/Colorful%20boats%20kodomonokuni.jpg
Q5557026,國立科學博物館附屬自然教育園,東京都,植物園,35.6360070,139.7213120,http://commons.wikimedia.org/wiki/Special:FilePath/Pond%20-%20Institute%20for%20Nature%20Study%2C%20Tokyo%20-%20DSC02096.JPG
Q65941212,草間彌生美術館,東京都,美術館,35.7032000,139.7264800,http://commons.wikimedia.org/wiki/Special:FilePath/YAYOI%20KUSAMA%20MUSEUM%20%E8%8D%89%E9%96%93%E5%BD%8C%E7%94%9F%E7%BE%8E%E8%A1%93%E9%A4%A82018sideCIMG3596.jpg
Q11460717,小平市平櫛田中雕刻美術館,東京都,人物紀念館,35.7179722,139.4755556,http://commons.wikimedia.org/wiki/Special:FilePath/Kodaira%20Hirakushi%20Denchu%20Art%20Museum%20front.jpg
Q55526821,TOTOギャラリー・間,東京都,藝廊,35.6674722,139.7267222,http://commons.wikimedia.org/wiki/Special:FilePath/TOTO%E3%82%AE%E3%83%A3%E3%83%A9%E3%83%AA%E3%83%BC%E3%83%BB%E9%96%93.jpg
Q11510539,日野AUTO PLAZA,東京都,公司博物館,35.6272390,139.3168440,http://commons.wikimedia.org/wiki/Special:FilePath/HinoAutoPlaza.jpg
Q11521694,杉並区立科学館,東京都,科學博物館,35.7163889,139.6191667,http://commons.wikimedia.org/wiki/Special:FilePath/Suginami%20science%20center%20shimizu%20suginami%20tokyo.JPG
Q28312009,国立近現代建築資料館,東京都,國家檔案館,35.7098361,139.7666389,http://commons.wikimedia.org/wiki/Special:FilePath/National%20Archives%20of%20Modern%20Architecture%20in%20Japan%201.jpg
Q111984533,伊豆大島火山博物館,東京都,火山博物館,34.7440000,139.3600278,http://commons.wikimedia.org/wiki/Special:FilePath/Izu%20Oshima%20Volcano%20Museum.jpg
Q132859055,レインボープール,東京都,水上遊樂園,35.7064052,139.3908724,
Q11605492,紙的博物館,東京都,紙博物館,35.7498611,139.7386944,http://commons.wikimedia.org/wiki/Special:FilePath/Paper%20Museum.jpg
Q126417093,東京シティビュー,東京都,觀景台,35.6604300,139.7290554,
Q11532661,板橋区立教育科学館,東京都,科學博物館,35.7634056,139.6795722,http://commons.wikimedia.org/wiki/Special:FilePath/Itabashi%20Science%20and%20Education%20Hall.JPG
Q116281743,SHIBUYA SKY,東京都,觀景台,35.6584620,139.7022640,http://commons.wikimedia.org/wiki/Special:FilePath/Shibuya%20Scramble%20Square%20-%20SHIBUYA%20SKY%2012.jpg
Q10854652,MEGAWEB,東京都,主題公園,35.6268060,139.7825280,http://commons.wikimedia.org/wiki/Special:FilePath/MEGAWEB%2002.jpg
Q138028271,梅澤濱夫記念館,東京都,纪念博物馆,35.6088190,139.6302860,
Q117066320,東京スカイツリー天望回廊,東京都,觀景台,35.7102560,139.8107946,http://commons.wikimedia.org/wiki/Special:FilePath/Tokyo%20Skytree%20%282%29.JPG
Q11225399,JAXAi,東京都,宇宙工学博物館,35.6835000,139.7664170,http://commons.wikimedia.org/wiki/Special:FilePath/JAXAi%20Entrance.JPG
Q5363436,Kidzania東京,東京都,主題公園,35.6558333,139.7919444,http://commons.wikimedia.org/wiki/Special:FilePath/KidZania%20Tokyo.jpg
Q751175,調色盤城大摩天輪,東京都,摩天輪,35.6263915,139.7822902,http://commons.wikimedia.org/wiki/Special:FilePath/Palette%20Town%20Giant%20Ferris%20Wheel.jpg
Q3815450,目黒区美術館,東京都,美術館,35.6349070,139.7076630,http://commons.wikimedia.org/wiki/Special:FilePath/Meguro%20Museum%20of%20Art%2C%20Tokyo.JPG
Q901219,鑽石與花摩天輪,東京都,摩天輪,35.6439052,139.8572257,http://commons.wikimedia.org/wiki/Special:FilePath/Ferris%20wheel%20at%20Kasai%20Rinkai%20Park.jpg
Q11298177,ギャラクシティ,東京都,科學博物館,35.7798890,139.7905000,http://commons.wikimedia.org/wiki/Special:FilePath/Gyarakusiti%20adachi%202009.JPG
Q38266999,建築倉庫ミュージアム,東京都,建築博物館,35.6209142,139.7487092,http://commons.wikimedia.org/wiki/Special:FilePath/ARCHI-DEPOT%20Museum%20191018e.jpg
Q104398537,小金井桜,東京都,觀光景點,35.7126400,139.5187510,http://commons.wikimedia.org/wiki/Special:FilePath/%E7%AC%AC59%E5%9B%9E%E5%B0%8F%E9%87%91%E4%BA%95%E6%A1%9C%E3%81%BE%E3%81%A4%E3%82%8A%202013.04.07%2011-01%20-%20panoramio%20%281%29.jpg
Q287165,明治神宫,東京都,神宮,35.6761111,139.6991667,http://commons.wikimedia.org/wiki/Special:FilePath/Courtyard%20of%20Meiji%20Shrine%2020190717.jpg
Q11332362,FARET立川,東京都,觀光景點,35.7014576,139.4137713,
Q99541305,月の松,東京都,松樹,35.7125870,139.7733890,http://commons.wikimedia.org/wiki/Special:FilePath/100%20views%20edo%20089.jpg
Q117148543,ワーナー ブラザース スタジオツアー東京 - メイキング・オブ ハリー・ポッター,東京都,テーマパーク,35.7450000,139.6450000,http://commons.wikimedia.org/wiki/Special:FilePath/Warner%20Bros.%20Studio%20Tour%20Tokyo%20entrance%20%282%29%202023-08-17.jpg
Q11501868,回憶橫丁,東京都,日本の商店街,35.6930700,139.6995000,http://commons.wikimedia.org/wiki/Special:FilePath/Shinjuku-West%20Omoide-Yokocho.jpg
Q615183,淺草寺,東京都,佛寺,35.7145556,139.7966389,http://commons.wikimedia.org/wiki/Special:FilePath/Sensoji%202023.jpg
Q2378708,雷門,東京都,総門,35.7111333,139.7963250,http://commons.wikimedia.org/wiki/Special:FilePath/Kaminarimon%20%28outer%20gate%29%2C%20Sensoji%20Temple%2C%20Akakusa%2C%20Tokyo.jpg
Q183536,東京鐵塔,東京都,觀光景點,35.6586111,139.7455556,http://commons.wikimedia.org/wiki/Special:FilePath/Tokyo%20Tower%202023.jpg
Q99557139,出世の石段,東京都,觀光景點,35.6646700,139.7488900,http://commons.wikimedia.org/wiki/Special:FilePath/%E6%84%9B%E5%AE%95%E7%A5%9E%E7%A4%BE%E3%83%BB%E5%87%BA%E4%B8%96%E3%81%AE%E7%9F%B3%E6%AE%B5.jpg
Q11589493,神宮橋,東京都,橋,35.6697000,139.7023000,http://commons.wikimedia.org/wiki/Special:FilePath/Jingubashi%20%28Shibuya%2C%20Tokyo%29.jpg
Q6631448,明治神宮外苑,東京都,觀光景點,35.6775000,139.7183333,http://commons.wikimedia.org/wiki/Special:FilePath/Jingu%20Gaien%20Ginkgo%20Street%20in%20Autumn%204.jpg
Q21083961,澀谷路口,東京都,觀光景點,35.6595028,139.7005444,http://commons.wikimedia.org/wiki/Special:FilePath/Shibuya%20scramble%20crossing%20during%20Halloween%202023%2C%20actually%20less%20crowded%20than%20usual%2C%20high%20police%20presence%202.jpg
Q30938116,早稲田大学會津八一記念博物館,東京都,大學博物館,35.7099722,139.7195000,
Q104698259,すみだ郷土文化資料館,東京都,地方文化館,35.7139050,139.8058820,http://commons.wikimedia.org/wiki/Special:FilePath/Sumida%20Heritage%20Museum.JPG
Q29570263,東京国立近代美術館フィルムセンター,東京都,電影博物館,35.6755370,139.7706300,http://commons.wikimedia.org/wiki/Special:FilePath/The%20National%20Film%20Center.jpg
Q115212362,港區立鄉土歷史館,東京都,建築物,35.6400830,139.7268890,http://commons.wikimedia.org/wiki/Special:FilePath/Minato%20City%20Local%20History%20Museum%2001.jpg
Q133288892,武蔵御嶽神社宝物殿,東京都,宝物館,35.7829930,139.1503370,http://commons.wikimedia.org/wiki/Special:FilePath/Mitake%20Shrine%20%40%20Hike%20from%20Mitake%20to%20Okutama%20%2810181698756%29.jpg
Q57965,東京晴空塔,東京都,廣播塔,35.7100556,139.8107222,http://commons.wikimedia.org/wiki/Special:FilePath/Tokyo%20Skytree%202023.jpg
Q11200876,GAS MUSEUM 瓦斯資料館,東京都,公司博物館,35.7419720,139.5007500,http://commons.wikimedia.org/wiki/Special:FilePath/GAS%20MUSEUM%20%28Kodaira%29%2002.jpg
Q3090685,深川 江戶資料館,東京都,地方文化館,35.6809200,139.8007000,http://commons.wikimedia.org/wiki/Special:FilePath/Fukagawa%20Edo%20Museum.JPG
Q863044,21 21 Design Sight美術館,東京都,設計博物館,35.6675000,139.7302700,http://commons.wikimedia.org/wiki/Special:FilePath/21%2021%20DESIGN%20SIGHT.jpg
Q3951945,早稻田大學坪內博士紀念演劇博物館,東京都,大學博物館,35.7100000,139.7200000,http://commons.wikimedia.org/wiki/Special:FilePath/Tsubouchi%20Memorial%20Theatre%20Museum.jpg
Q17216772,むいから民家園,東京都,民家園,35.6327900,139.5709700,
Q11608060,練馬區立石神井公園故鄉文化館,東京都,地方文化館,35.7375000,139.5994440,http://commons.wikimedia.org/wiki/Special:FilePath/Nerima%20Shakujiikoen%20Furusato%20Museum.jpg
Q104698258,豊島区立郷土資料館,東京都,地方文化館,35.7277730,139.7067280,
Q11269420,電力館,東京都,公司博物館,35.6633330,139.7008330,http://commons.wikimedia.org/wiki/Special:FilePath/TEPCO%20Museum%201.jpg
Q29570254,立花大正民家園 旧小山家住宅,東京都,民家園,35.7098620,139.8380890,http://commons.wikimedia.org/wiki/Special:FilePath/%E7%AB%8B%E8%8A%B1%E5%A4%A7%E6%AD%A3%E6%B0%91%E5%AE%B6%E5%9C%92%20%E6%97%A7%E5%B0%8F%E5%B1%B1%E5%AE%B6%E4%BD%8F%E5%AE%85.jpg
Q11636983,足立區立鄉土博物館,東京都,地方文化館,35.7844160,139.8414300,http://commons.wikimedia.org/wiki/Special:FilePath/Adachi%20Museum.JPG
Q59268117,下町風俗資料館付設展示場,東京都,酒博物館,35.7213530,139.7708760,http://commons.wikimedia.org/wiki/Special:FilePath/Old%20Yoshida%20Sake%20Store%20-%20Taito-ku%2C%20Tokyo%2C%20Japan%20-%20DSC08908.JPG
Q3071089,凌雲閣,東京都,觀光塔,35.7157443,139.7931625,http://commons.wikimedia.org/wiki/Special:FilePath/Jintan%2012kai%20cropped.jpg
Q104698256,玉川大学教育博物館,東京都,大學博物館,35.5693700,139.4724330,
Q104696866,板橋区立郷土資料館,東京都,地方文化館,35.7854710,139.6432570,http://commons.wikimedia.org/wiki/Special:FilePath/Itabashi%20historical%20museum%202009.JPG
Q133238216,慶應義塾ミュージアム・コモンズ,東京都,大學博物館,35.6487670,139.7443760,http://commons.wikimedia.org/wiki/Special:FilePath/Keio%20Museum%20Commons.jpg
Q104698227,東村山ふるさと歴史館,東京都,地方文化館,35.7666090,139.4662700,
Q11448881,学習院大学史料館,東京都,組織,35.7195500,139.7094270,http://commons.wikimedia.org/wiki/Special:FilePath/Gakushuin%20University%20Museum%20of%20History%20-%20Jul%205%2C%202011%20%281%29.jpg
Q22120454,瑞穂町郷土資料館,東京都,地方文化館,35.7804630,139.3521310,
Q104708375,東京家政大学博物館,東京都,時裝博物館,35.7551250,139.7213530,http://commons.wikimedia.org/wiki/Special:FilePath/Kasei06.jpg
Q85880820,早稻田大学国际文学馆,東京都,大學圖書館,35.7097778,139.7198889,
Q10856362,大名時計博物館,東京都,時計博物館,35.7212800,139.7662000,http://commons.wikimedia.org/wiki/Special:FilePath/Daimy%C5%8Dtokei%20Museum02.jpg
Q21019078,白根記念渋谷区郷土博物館・文学館,東京都,文學館,35.6563889,139.7125500,http://commons.wikimedia.org/wiki/Special:FilePath/Shirane%20Memorial%20Museum1.JPG
Q11525035,東京理科大学近代科学資料館,東京都,大學博物館,35.6991670,139.7408330,http://commons.wikimedia.org/wiki/Special:FilePath/Ridai%20Museum%20of%20Modern%20Science%20-%20Tokyo%2C%20Japan%20-%20DSC04697.jpg
Q85880847,明治大学博物館,東京都,大學博物館,35.6987000,139.7619000,
Q11582309,相田光男美術館,東京都,人物紀念館,35.6769444,139.7635000,http://commons.wikimedia.org/wiki/Special:FilePath/Mitsuo%20Aida%20Museum%20wall%20signage.jpg
Q994083,印刷博物館,東京都,公司博物館,35.7093333,139.7416111,http://commons.wikimedia.org/wiki/Special:FilePath/Printing-museum.jpg
Q85872174,船堀塔,東京都,活動場地,35.6843890,139.8648610,http://commons.wikimedia.org/wiki/Special:FilePath/Funabori1.jpg
Q81916990,國學院大學博物館,東京都,大學博物館,35.6563056,139.7111667,http://commons.wikimedia.org/wiki/Special:FilePath/Kokugakuin%20University%20002.jpg
Q11527629,東洋大学井上円了記念博物館,東京都,人物紀念館,35.7237056,139.7497833,http://commons.wikimedia.org/wiki/Special:FilePath/ToyoUniv%20Hakusan%20InoueHall.jpg
Q11430784,多摩美術大學美術館,東京都,大学美术馆,35.6235220,139.4282940,http://commons.wikimedia.org/wiki/Special:FilePath/Tama%20Art%20University%20Museum.JPG
Q11284141,東京廣告博物館,東京都,広告博物館,35.6643330,139.7622220,http://commons.wikimedia.org/wiki/Special:FilePath/Ad%20Museum%20Tokyo.JPG
Q122929555,在日韓人歴史資料館,東京都,人類移動博物館,35.6515400,139.7370300,http://commons.wikimedia.org/wiki/Special:FilePath/The%20History%20Museum%20of%20J-Koreans.jpg
Q104708392,昭和女子大学光葉博物館,東京都,大學博物館,35.6435510,139.6769770,
Q104708389,世田谷区立郷土資料館,東京都,地方文化館,35.6412720,139.6472450,http://commons.wikimedia.org/wiki/Special:FilePath/Setagaya%20Museum%20of%20History.JPG
Q104698221,成蹊学園史料館,東京都,教育博物館,35.7104240,139.5732510,
Q11563685,湯淺八郎紀念館,東京都,大學博物館,35.6887200,139.5310620,
Q132576457,霞会館記念学習院ミュージアム,東京都,大學博物館,35.7189680,139.7097680,
Q85882958,稲城市郷土資料室,東京都,地方文化館,35.6138056,139.4923056,
Q24874167,東京科学大学博物館,東京都,科技博物館,35.6068333,139.6848056,http://commons.wikimedia.org/wiki/Special:FilePath/Tokyo%20Institute%20of%20Technology%20Centennial%20Hall%202009.jpg
Q11499743,文京故鄉歷史館,東京都,地方文化館,35.7080000,139.7566000,http://commons.wikimedia.org/wiki/Special:FilePath/Furusato%20History%20Museum%2C%20Bunkyo%2002.jpg
Q133257623,くにたち郷土文化館,東京都,地方文化館,35.6789870,139.4326120,
Q104708388,大田区立郷土博物館,東京都,地方文化館,35.5885290,139.7106210,http://commons.wikimedia.org/wiki/Special:FilePath/Ota%20folk%20museum%20minamimagome%20ota%202015.jpg
Q20045092,杉並區立鄉土博物館,東京都,地方文化館,35.6859170,139.6454470,http://commons.wikimedia.org/wiki/Special:FilePath/Suginami%20Historical%20Museum.JPG
Q137773264,UESHIMA MUSEUM,東京都,現代美術館,35.6638650,139.7035130,
Q133288913,明治神宮宝物殿,東京都,宝物館,35.6799520,139.6977700,http://commons.wikimedia.org/wiki/Special:FilePath/Meiji-jingu-houmotsuden.jpg
Q11411955,台東區立書道博物館,東京都,書法美術館,35.7246940,139.7764440,http://commons.wikimedia.org/wiki/Special:FilePath/Taito-Ku%20Calligraphy%20Museum.JPG
Q15524927,東京大學總合研究博物館,東京都,大學博物館,35.7086110,139.7611940,http://commons.wikimedia.org/wiki/Special:FilePath/The%20University%20Museum%2C%20The%20University%20of%20Tokyo%20P3097606.jpg
Q11662005,青梅市鄉土博物館,東京都,地方文化館,35.7838330,139.2566940,http://commons.wikimedia.org/wiki/Special:FilePath/%E9%9D%92%E6%A2%85%E5%B8%82%E9%83%B7%E5%9C%9F%E5%8D%9A%E7%89%A9%E9%A4%A8.jpg
Q104698248,荒川区立荒川ふるさと文化館,東京都,地方文化館,35.7375190,139.7954180,http://commons.wikimedia.org/wiki/Special:FilePath/Arakawa%20Furusato%20Bunkakan%2001.jpg
Q21018928,葛飾柴又寅次郎紀念館,東京都,電影博物館,35.7571389,139.8805278,http://commons.wikimedia.org/wiki/Special:FilePath/Tora-san%20Museum.JPG
Q104698232,調布市郷土博物館,東京都,地方文化館,35.6468980,139.5361910,
Q21019634,三鷹市山本有三紀念館,東京都,人物紀念館,35.6995722,139.5676667,http://commons.wikimedia.org/wiki/Special:FilePath/Yuzo%20Yamamoto2.JPG
Q108822228,Momonga Standing and Loop Coaster,東京都,スチール・ローラー・コースター,35.6245110,139.5193310,
Q2855971,遊就館,東京都,軍事博物館,35.6951300,139.7433300,http://commons.wikimedia.org/wiki/Special:FilePath/Yasukuni%20Yusyukan%202.jpg
Q21654524,物流博物館,東京都,交通博物館,35.6290900,139.7322340,http://commons.wikimedia.org/wiki/Special:FilePath/Museum%20of%20Logistics.JPG
Q871522,鳩山會館,東京都,历史房屋博物馆,35.7138220,139.7312080,http://commons.wikimedia.org/wiki/Special:FilePath/Hatoyama%20Hall%202009.jpg
Q10882995,交通博物館,東京都,交通博物館,35.6969170,139.7700830,http://commons.wikimedia.org/wiki/Special:FilePath/Kotsu%20hakubutsukan.jpg
Q15961648,东京大空袭战灾资料中心,東京都,軍事博物館,35.6817000,139.8220000,http://commons.wikimedia.org/wiki/Special:FilePath/Exterior%20of%20the%20Center%20of%20the%20Tokyo%20Raids%20and%20War%20Damage%20in%20January%202019.jpg
Q3915272,雑司が谷旧宣教師館,東京都,历史房屋博物馆,35.7207222,139.7205833,
Q10855424,科學技術館,東京都,科技博物館,35.6915833,139.7530556,http://commons.wikimedia.org/wiki/Special:FilePath/%E7%A7%91%E5%AD%A6%E6%8A%80%E8%A1%93%E9%A4%A8%20-%20panoramio.jpg
Q656957,日本科學未來館,東京都,國立博物館,35.6191667,139.7766667,http://commons.wikimedia.org/wiki/Special:FilePath/Miraikan.jpg
Q8134074,墨田水族館,東京都,水族館,35.7098890,139.8098610,http://commons.wikimedia.org/wiki/Special:FilePath/Tokyo%20Soramachi%202012.JPG
Q564554,東京巨蛋城,東京都,家庭娛樂中心,35.7056000,139.7520000,http://commons.wikimedia.org/wiki/Special:FilePath/TokyoDome8945.jpg
Q11533289,林芙美子紀念館,東京都,人物紀念館,35.7158610,139.6842500,http://commons.wikimedia.org/wiki/Special:FilePath/Hayashi%20fumiko%20memorial%20hall%20shinjuku.JPG
Q21654020,尼康博物館,東京都,公司博物館,35.6027000,139.7241000,http://commons.wikimedia.org/wiki/Special:FilePath/Nikon%20Museum20151104a.jpg
Q1133851,彩虹室內主題樂園,東京都,主題公園,35.6244444,139.4291667,http://commons.wikimedia.org/wiki/Special:FilePath/Sanrio%20Puroland.jpg
Q3055859,Aqua Park 品川,東京都,水族館,35.6280556,139.7352778,http://commons.wikimedia.org/wiki/Special:FilePath/Avatar%20The%20Way%20of%20Water%20Tokyo%20Press%20Conference%20%2852562513647%29.jpg
Q56025796,和平纪念展览博物馆,東京都,軍事博物館,35.6913056,139.6926111,http://commons.wikimedia.org/wiki/Special:FilePath/Memorial%20Museum%20for%20Soldiers%2C%20Detainees%20in%20Siberia%2C%20and%20Postwar%20Repatriates%20%2813835%29.jpg
Q20043894,NTT技術史料館,東京都,科技博物館,35.7194278,139.5647667,http://commons.wikimedia.org/wiki/Special:FilePath/NTT%20History%20Center%20of%20Technologies.JPG
Q11557221,浅草公園水族館,東京都,水族館,35.7143060,139.7945830,http://commons.wikimedia.org/wiki/Special:FilePath/Asakusa%20Park%20Aquarium%201935.jpg
Q11411934,台場一丁目商店街,東京都,レトロテーマパーク,35.6292846,139.7762176,http://commons.wikimedia.org/wiki/Special:FilePath/DAIBA%201-CHOME%20SHOUTENGAI.JPG
Q11259876,いぬたま・ねこたま,東京都,主題公園,35.6105556,139.6305556,
Q11504652,日之出山莊,東京都,历史房屋博物馆,35.7638330,139.2245280,http://commons.wikimedia.org/wiki/Special:FilePath/Hinode%20seiundo.jpg
Q130711537,イマーシブ・フォート東京,東京都,主題公園,35.6250050,139.7799461,
Q11254393,品川水族館,東京都,水族館,35.5884720,139.7375000,http://commons.wikimedia.org/wiki/Special:FilePath/Sinagawa%20Aquarium.jpg
Q28531358,ONE PIECE LIVE ATTRACTION,東京都,主題公園,35.6586111,139.7455556,
Q11636941,足立區生物園,東京都,動物園,35.7924440,139.8072220,http://commons.wikimedia.org/wiki/Special:FilePath/Onshitsu.JPG
Q65241484,バックダーン,東京都,スチール・ローラー・コースター,35.7045000,139.7540000,
Q30926669,ミニチュアミュージアムスモールワールズ,東京都,主題公園,35.6381310,139.7883269,http://commons.wikimedia.org/wiki/Special:FilePath/Small%20Worlds%20Tokyo%20Koto-ku%20Tokyo.jpg
Q17225229,郵政博物館,東京都,郵政博物館,35.7100000,139.8125000,http://commons.wikimedia.org/wiki/Special:FilePath/Messenger%20Bike%20of%20Postal%20Museum%20Japan.jpg
Q21019310,日本相機博物館,東京都,科技博物館,35.6860444,139.7428750,http://commons.wikimedia.org/wiki/Special:FilePath/Camera%20Nuseum1.JPG
Q48753510,TAKAO 599 MUSEUM,東京都,市立博物館,35.6304167,139.2687528,http://commons.wikimedia.org/wiki/Special:FilePath/Takao%20599%20Museum-1.jpg
Q17211017,J-WORLD TOKYO,東京都,主題公園,35.7286111,139.7200000,
Q11364944,中川船番所資料館,東京都,交通博物館,35.6876667,139.8462778,http://commons.wikimedia.org/wiki/Special:FilePath/NakagawaFunababbsho.JPG
Q4925165,葛西临海水族館,東京都,水族館,35.6400833,139.8621667,http://commons.wikimedia.org/wiki/Special:FilePath/Tokyo%20Sea%20Life%20Park%202.jpg
Q3329874,刀劍博物館,東京都,軍事博物館,35.6989825,139.7936325,http://commons.wikimedia.org/wiki/Special:FilePath/Kyu%20Yasuda%20teien3.jpg
Q11319358,テピア,東京都,科技博物館,35.6730556,139.7172222,http://commons.wikimedia.org/wiki/Special:FilePath/Tepia-Kita-Aoyama.jpg
Q5364305,ナンジャタウン,東京都,主題公園,35.7286111,139.7200000,http://commons.wikimedia.org/wiki/Special:FilePath/Namco%20NamjaTown%20front.jpg
Q11250698,陽光城水族館,東京都,水族館,35.7285830,139.7197500,http://commons.wikimedia.org/wiki/Special:FilePath/Breeding%20staff%2C%20Sunshine%20Aquarium.jpg
Q11525278,東京都埋藏文化財中心,東京都,埋藏文化財中心,35.6260560,139.4277220,http://commons.wikimedia.org/wiki/Special:FilePath/TOKYO%20METROPOLITAN%20ARCHAEOLOGICAL%20CENTER.jpg
Q3915461,東武博物館,東京都,公司博物館,35.7243611,139.8191667,http://commons.wikimedia.org/wiki/Special:FilePath/Tobu%20Museum.jpg
Q11524018,東京玩具美術館,東京都,玩具博物館,35.6896390,139.7180280,http://commons.wikimedia.org/wiki/Special:FilePath/Entrance%20of%20Tokyo%20Toy%20Museum.jpg
Q123309852,江戸川区角野栄子児童文学館,東京都,文學館,35.6492500,139.8822500,http://commons.wikimedia.org/wiki/Special:FilePath/Kiki%27s%20Museum%20of%20Literature.jpg
Q11353179,一葉紀念館,東京都,人物紀念館,35.7255560,139.7928060,http://commons.wikimedia.org/wiki/Special:FilePath/Ichiyo%20Memorial%20Museum.JPG
Q3892314,世田谷美術館,東京都,美術館,35.6316000,139.6220000,http://commons.wikimedia.org/wiki/Special:FilePath/Setagaya%20Art%20Museum.jpg
Q1954709,日本近代文學館,東京都,文學館,35.6628080,139.6809290,http://commons.wikimedia.org/wiki/Special:FilePath/Nihon-kindai-bungakukan.jpg
Q11581651,目黑寄生虫馆,東京都,醫學博物館,35.6316667,139.7066667,http://commons.wikimedia.org/wiki/Special:FilePath/Meguro%20parasitological%20museum%20shimomeguro%20tokyo%202009.JPG
Q11424081,地下鐵博物館,東京都,建築結構,35.6635000,139.8738610,http://commons.wikimedia.org/wiki/Special:FilePath/Metro%20Museum%2C%20entrance-1.jpg
Q133272975,大田区多摩川台公園古墳展示室,東京都,考古博物館,35.5900090,139.6669790,http://commons.wikimedia.org/wiki/Special:FilePath/Kamenokoyama%20kofun%2020220402%20010.jpg
Q11235312,NHK放送博物館,東京都,公司博物館,35.6637780,139.7482780,http://commons.wikimedia.org/wiki/Special:FilePath/NHK%20Museum.jpg
Q17224098,オカムラいすの博物館,東京都,公司博物館,35.6750000,139.7386670,http://commons.wikimedia.org/wiki/Special:FilePath/Okamura%20chairs%20museum.jpg
Q97706262,伊興遺跡公園展示館,東京都,考古博物館,35.8044167,139.7863611,http://commons.wikimedia.org/wiki/Special:FilePath/Iko%20Archeological%20Park%20Exhibition%20Hall.JPG
Q38277897,吉村昭記念文学館,東京都,人物紀念館,35.7395000,139.7841944,http://commons.wikimedia.org/wiki/Special:FilePath/Yuinomori%20Arakawa.jpg
Q1048740,古代東方博物館,東京都,考古博物館,35.7285340,139.7207850,http://commons.wikimedia.org/wiki/Special:FilePath/CleopatraVIICoin.jpg
Q42312899,伊興遺跡公園,東京都,考古学公園,35.8045200,139.7866100,http://commons.wikimedia.org/wiki/Special:FilePath/Ik%C5%8D%20Iseki%20Park%20%28Adachi%29%2002.jpg
Q1048709,船之科學館,東京都,海事博物館,35.6194444,139.7727778,http://commons.wikimedia.org/wiki/Special:FilePath/Museum%20of%20Maritime%20Science%20north-west%20side.jpg
Q11578292,町田市民文學館KOTOBA LAND,東京都,文學館,35.5425722,139.4513611,http://commons.wikimedia.org/wiki/Special:FilePath/Building%20of%20Machida%20Citizens%20Literature%20Museum%20KOTOBA%20LAND.jpg
Q5307955,國立痲瘋病資料館,東京都,醫學博物館,35.7661944,139.4981111,http://commons.wikimedia.org/wiki/Special:FilePath/National%20Hansen%27s%20Disease%20Museum%20%28Japan%29%202.jpg
Q11362100,世田谷文學館,東京都,文學館,35.6671000,139.6090000,http://commons.wikimedia.org/wiki/Special:FilePath/Setagaya%20bungakukan.JPG
Q104698218,二宮考古館,東京都,考古博物館,35.7274570,139.3138610,
Q17217914,ワタミ夢ストリート,東京都,公司博物館,35.5520000,139.7410830,
Q11577225,田端文士村紀念館,東京都,文學館,35.7384720,139.7592780,http://commons.wikimedia.org/wiki/Special:FilePath/TabataBunshimuraKinenkan20120109.jpg
Q104696868,武蔵国分寺跡資料館,東京都,考古博物館,35.6938600,139.4727850,
Q133261415,町田市考古資料室,東京都,考古博物館,35.5888900,139.4106230,
Q11347767,東京ラーメン国技館 舞,東京都,食品主题園區,35.6281205,139.7737318,http://commons.wikimedia.org/wiki/Special:FilePath/Ramen%20Kokugi-kan.jpg
Q3891462,安全推廣中心,東京都,航空博物館,35.5536650,139.7536340,http://commons.wikimedia.org/wiki/Special:FilePath/Japan%20Airlines%20JA8119.jpg
Q11446206,戰爭與和平女性博物館,東京都,和平博物館,35.7080361,139.7167000,
Q11632332,警察博物館 (日本),東京都,警察博物館,35.6751080,139.7695420,http://commons.wikimedia.org/wiki/Special:FilePath/Police%20Museum%20%28Tokyo%29.jpg
Q20748918,大森海苔のふるさと館,東京都,食物博物館,35.5771167,139.7427472,http://commons.wikimedia.org/wiki/Special:FilePath/Omori%20Nori%20Museum1.JPG
Q11514059,昭和天皇纪念馆,東京都,人物紀念館,35.7033330,139.4077220,http://commons.wikimedia.org/wiki/Special:FilePath/Emperor%20Showa%20Memorial%20Museum%2020051213.jpg
Q84836242,文京区立森鴎外記念館,東京都,人物紀念館,35.7249167,139.7606667,http://commons.wikimedia.org/wiki/Special:FilePath/Mori%20Ogai%20Momorial%20Museum%2002.jpg
Q97202254,土方歳三資料館,東京都,生家,35.6697500,139.4195278,
Q11540553,植村冒険館,東京都,人物紀念館,35.7826390,139.6768330,http://commons.wikimedia.org/wiki/Special:FilePath/UEMURA%20MEMORIAL%20KAGA%20SPORTS%20CENTER%20%28OpenPhoto%29.jpg
Q104698117,調布市武者小路実篤記念館,東京都,人物紀念館,35.6566890,139.5812970,
Q11382880,佐伯祐三アトリエ記念館,東京都,人物紀念館,35.7208610,139.6936390,http://commons.wikimedia.org/wiki/Special:FilePath/Saeki%20Yuzo%20Atelier%20Memorial%20Hall%202023-03-12.jpg
Q17209701,田河水泡・のらくろ館,東京都,動漫博物館,35.6852222,139.8021944,
Q107355987,吉川英治記念館,東京都,人物紀念館,35.7963333,139.2130556,http://commons.wikimedia.org/wiki/Special:FilePath/%E5%90%89%E5%B7%9D%E8%8B%B1%E6%B2%BB%E8%A8%98%E5%BF%B5%E9%A4%A8%20-%20panoramio.jpg
Q24862403,新宿区立漱石山房記念館,東京都,人物紀念館,35.7039167,139.7254722,http://commons.wikimedia.org/wiki/Special:FilePath/Natsume%20Soseki%20Memorial%20Museum%202017-10-08.jpg
Q97371284,勝海舟記念館,東京都,人物紀念館,35.6024020,139.6922484,http://commons.wikimedia.org/wiki/Special:FilePath/Katsu%20Kaishu%20Memorial%20Museum.jpg
Q11271822,千尋美術館·東京,東京都,繪本博物館,35.7286500,139.6053500,http://commons.wikimedia.org/wiki/Special:FilePath/Chihiro%20museum%20tokyo%20entrance%202009.JPG
Q11584856,石井亮一・筆子記念館,東京都,历史建筑,35.6812013,139.4296213,http://commons.wikimedia.org/wiki/Special:FilePath/%E6%BB%9D%E4%B9%83%E5%B7%9D%E5%AD%A6%E5%9C%92%20%E7%9F%B3%E4%BA%95%E4%BA%AE%E4%B8%80%E3%83%BB%E7%AD%86%E5%AD%90%E8%A8%98%E5%BF%B5%E9%A4%A8.jpg
Q11254595,澀澤史料館,東京都,人物紀念館,35.7491390,139.7392220,http://commons.wikimedia.org/wiki/Special:FilePath/%E6%B8%8B%E6%B2%A2%E5%8F%B2%E6%96%99%E9%A4%A8.jpg
Q809981,江東区芭蕉記念館,東京都,人物紀念館,35.6844190,139.7962620,http://commons.wikimedia.org/wiki/Special:FilePath/Basho%20kinenkan.jpg
Q1092057,チマッティ資料館,東京都,人物紀念館,35.6609511,139.5429331,
Q11419015,善養寺榧木,東京都,古树,35.6015560,139.6421390,http://commons.wikimedia.org/wiki/Special:FilePath/Japanese%20nutmeg%20in%20Zeny%C5%8Dmitsu-ji%20201504%2003.jpg
Q3915464,したまちミュージアム,東京都,民俗博物館,35.7102000,139.7726000,http://commons.wikimedia.org/wiki/Special:FilePath/Shitamachi-museum-ueno-japan.jpg
Q11488086,影向之松,東京都,巨樹,35.7275000,139.8934720,http://commons.wikimedia.org/wiki/Special:FilePath/Flickr%20-%20Kabacchi%20-%20Pinus%20-%2020.jpg
Q11625416,虹の下水道館,東京都,水廠博物館,35.6331670,139.7838060,http://commons.wikimedia.org/wiki/Special:FilePath/Tokyo%20Sewerage%20Museum%20%22Rainbow%22.jpg
Q96707302,豐島區立常盤庄漫畫博物館,東京都,動漫博物館,35.7243056,139.6860556,http://commons.wikimedia.org/wiki/Special:FilePath/Tokiwaso-Manga-Museum.jpg
Q11525339,東京都水道歷史館,東京都,水廠博物館,35.7033330,139.7604440,http://commons.wikimedia.org/wiki/Special:FilePath/Tokyo%20Suidou%20Rekisikann.jpg
Q61014548,首かけイチョウ,東京都,巨樹,35.6737611,139.7557333,http://commons.wikimedia.org/wiki/Special:FilePath/Ginkgo%20biloba%20-%20Hibiya%20Park%202.jpg
Q24834461,史努比博物館,東京都,動漫博物館,35.5102500,139.4695278,
Q30922759,御岳ノ神代欅,東京都,巨樹,35.7839722,139.1521389,http://commons.wikimedia.org/wiki/Special:FilePath/Giant%20zelkova%20tree%20of%20Mount%20Mitake%20Ome%20Tokyo.jpg
Q11386833,倉澤檜木,東京都,巨樹,35.8438060,139.0631940,
Q11501857,新宿歷史博物館,東京都,歷史博物館,35.6899320,139.7256870,http://commons.wikimedia.org/wiki/Special:FilePath/Shinjuku%20historical%20museum%202009.JPG
Q11279688,目黑歷史資料館,東京都,歷史博物館,35.6393330,139.7025830,http://commons.wikimedia.org/wiki/Special:FilePath/Meguro%20History%20Museum.JPG
Q17210727,JRA競馬博物館,東京都,體育博物館,35.6663610,139.4881390,http://commons.wikimedia.org/wiki/Special:FilePath/JRA-RACING%20MUSEUM.jpg
Q17193183,板橋波隆那兒童繪本館,東京都,繪本博物館,35.7629167,139.6816389,http://commons.wikimedia.org/wiki/Special:FilePath/Bologna%20Children%20Picture%20Books%20Liblary.jpg
Q3788883,昭和館,東京都,國立博物館,35.6950278,139.7507222,http://commons.wikimedia.org/wiki/Special:FilePath/Showa%20kan.jpg
Q115035571,日野市立新選組のふるさと歴史館,東京都,歷史博物館,35.6734444,139.3965000,http://commons.wikimedia.org/wiki/Special:FilePath/Hino%20City%20History%20Museum%20of%20Shinsen-gumi.JPG
Q11582043,相扑博物馆,東京都,體育博物館,35.6971390,139.7935280,http://commons.wikimedia.org/wiki/Special:FilePath/Ryogoku%20Kokugikan3.jpg
Q116917907,サムライミュージアム,東京都,歷史博物館,35.6954844,139.7035426,http://commons.wikimedia.org/wiki/Special:FilePath/Samurai%20Museum%20Tokyo%202017%202.jpg
Q1191042,江戶東京博物館,東京都,博物馆建筑,35.6963890,139.7960830,http://commons.wikimedia.org/wiki/Special:FilePath/Edo-Tokyo%20Museum.jpg
Q1134380,野球殿堂博物館,東京都,體育博物館,35.7056583,139.7519139,http://commons.wikimedia.org/wiki/Special:FilePath/Baseball%20Hall%20of%20Fame%20and%20Museum%20%28Japan%29%20Entrance.jpg
Q11559505,消防博物館 (日本),東京都,消防博物館,35.6882780,139.7199720,http://commons.wikimedia.org/wiki/Special:FilePath/TED-museum.jpg
Q11506477,日本足球博物館,東京都,體育博物館,35.7042220,139.7638890,http://commons.wikimedia.org/wiki/Special:FilePath/Japan%20Football%20Museum%20201904a.jpg
Q104708387,中野区立歴史民俗資料館,東京都,民俗博物館,35.7242460,139.6650080,http://commons.wikimedia.org/wiki/Special:FilePath/Nakano%20Museum%20of%20History%20and%20Folklore%20%282%29%202022-12-25.jpg
Q104698257,太鼓館,東京都,音楽博物館,35.7118630,139.7917830,http://commons.wikimedia.org/wiki/Special:FilePath/Miyamoto%20Unosuke-4.jpg
Q116971619,歌舞伎座ギャラリー,東京都,剧院博物馆,35.6696000,139.7679000,
Q104698226,旧新橋停車場 鉄道歴史展示室,東京都,鐵路博物館,35.6659780,139.7614690,http://commons.wikimedia.org/wiki/Special:FilePath/%E6%97%A7%E6%96%B0%E6%A9%8B%E5%81%9C%E8%BB%8A%E5%A0%B4%20%E9%89%84%E9%81%93%E6%AD%B4%E5%8F%B2%E5%B1%95%E7%A4%BA%E5%AE%A4%20%E9%89%84%E9%81%93%E9%96%8B%E6%A5%AD150%E5%B9%B4%E4%BC%81%E7%94%BB%E5%B1%95.jpg
Q47495157,領土・主権展示館,東京都,國立博物館,35.6714169,139.7555000,http://commons.wikimedia.org/wiki/Special:FilePath/National%20Museum%20of%20Territory%20and%20Sovereignty.jpg
Q653433,東京國立博物館,東京都,國立博物館,35.7188889,139.7763889,http://commons.wikimedia.org/wiki/Special:FilePath/Tokyo%20National%20Museum%2C%20Honkan%202010.jpg
Q11418382,品川区立品川歴史館,東京都,歷史博物館,35.5968056,139.7301389,http://commons.wikimedia.org/wiki/Special:FilePath/Shinagawa%20historical%20museum%202009.JPG
Q48750957,東京ごみ戦争歴史みらい館,東京都,歷史博物館,35.6838889,139.6177778,
Q24869244,小島資料館,東京都,歷史博物館,35.5989720,139.4385830,http://commons.wikimedia.org/wiki/Special:FilePath/Kojima-Museum.jpg
Q11596124,秩父宮記念スポーツ博物館,東京都,體育博物館,35.6791667,139.7147222,http://commons.wikimedia.org/wiki/Special:FilePath/Sports%202006%201009.JPG
Q11662011,青梅鐵道公園,東京都,鉄道公園,35.7923000,139.2630000,http://commons.wikimedia.org/wiki/Special:FilePath/OmeRailwayPark-c.jpg
Q131904628,ヨックモックミュージアム,東京都,陶瓷博物館,35.6596000,139.7140000,http://commons.wikimedia.org/wiki/Special:FilePath/Yoku%20Moku%20Museum.jpg
Q11396206,郵票博物館,東京都,切手博物館,35.7183560,139.7057880,http://commons.wikimedia.org/wiki/Special:FilePath/Kitte%20no%20Hakubutsukan.JPG
Q30644211,清瀬市郷土博物館,東京都,民俗博物館,35.7797610,139.5209480,
Q11496415,戸栗美術館,東京都,陶瓷博物館,35.6614000,139.6929310,http://commons.wikimedia.org/wiki/Special:FilePath/Toguri%20Museum%20of%20Art%202010.jpg
Q19340630,菊池寛実記念智美術館,東京都,陶瓷博物館,35.6661000,139.7450000,http://commons.wikimedia.org/wiki/Special:FilePath/Mus%C3%A9e%20Tomo%20-%20Tokyo%2C%20Japan%20-%20DSC06684.JPG
Q104698236,井草民俗資料館,東京都,民俗博物館,35.7164780,139.5951190,
Q11374577,京王鐵路樂園,東京都,鐵路博物館,35.6491000,139.4050000,http://commons.wikimedia.org/wiki/Special:FilePath/Keio-rail-land%20Trains%2020130814.jpg
Q30931573,TRICK ART PIA日光,栃木縣,美術館,36.7890500,139.7017083,http://commons.wikimedia.org/wiki/Special:FilePath/Trick%20Artpia%20Nikko.JPG
Q11535182,栃木縣那珂川水遊園,栃木縣,公園,36.7891390,140.1286940,http://commons.wikimedia.org/wiki/Special:FilePath/Nakagawa%20Aquatic%20Park.jpg
Q11477568,川上澄生美術館,栃木縣,人物紀念館,36.5697780,139.7535830,http://commons.wikimedia.org/wiki/Special:FilePath/Kanuma%20Municipal%20Art%20Museum%20of%20Kawakami%20Sumio.JPG
Q11581175,益子参考館,栃木縣,历史房屋博物馆,36.4707361,140.1084028,http://commons.wikimedia.org/wiki/Special:FilePath/%E7%9B%8A%E5%AD%90%E5%8F%82%E8%80%83%E9%A4%A8%EF%BC%92%E5%8F%B7%E9%A4%A8%E3%81%A8%EF%BC%93%E5%8F%B7%E9%A4%A8.jpg
Q11642937,那須溫泉,栃木縣,単純温泉,37.1240556,139.9963611,http://commons.wikimedia.org/wiki/Special:FilePath/%E9%82%A3%E9%A0%88%E6%B9%AF%E6%9C%AC%E6%B8%A9%E6%B3%89%20-%20panoramio.jpg
Q104696768,乃木神社宝物館,栃木縣,宝物館,36.8877600,140.0024560,
Q100549885,とちぎ山車会館,栃木縣,山車会館,36.3805278,139.7331667,http://commons.wikimedia.org/wiki/Special:FilePath/Tochigi%20Float%20Museum.jpg
Q11642887,那须动物王国,栃木縣,動物園,37.1288890,140.0369440,http://commons.wikimedia.org/wiki/Special:FilePath/Nasu%20Animal%20Kingdom%2020091101%200906.jpg
Q135975549,壬生町立歴史民俗資料館,栃木縣,地方文化館,36.4284198,139.7980952,
Q11273192,とちぎ蔵の街美術館,栃木縣,美術館,36.3809440,139.7333980,http://commons.wikimedia.org/wiki/Special:FilePath/Tochigi%20Kuranomachi%20Museum%20of%20Art.jpg
Q135977418,日光二荒山神社宝物館,栃木縣,宝物館,36.7416610,139.4879290,
Q56349920,那須アルパカ牧場,栃木縣,牧场,37.1228500,140.0555500,http://commons.wikimedia.org/wiki/Special:FilePath/%E3%82%A2%E3%83%AB%E3%83%91%E3%82%AB%E7%89%A7%E5%A0%B4%20-%20panoramio.jpg
Q11504885,日光江戶村,栃木縣,主題公園,36.7910000,139.6980000,http://commons.wikimedia.org/wiki/Special:FilePath/Nikko%20Edo-Mura%207.jpg
Q1043816,小山市立博物館,栃木縣,市立博物館,36.2614778,139.7555444,
Q99529173,岩下の新生姜ミュージアム,栃木縣,公司博物館,36.3745278,139.7403611,http://commons.wikimedia.org/wiki/Special:FilePath/New%20Ginger%20Museum.jpg
Q11446183,奥鬼怒溫泉鄉,栃木縣,温泉郷,36.8686110,139.3938890,
Q28068900,那須サファリパーク,栃木縣,野生动物园,37.0591667,140.0058333,http://commons.wikimedia.org/wiki/Special:FilePath/Nasu%20SafariPark%27s%20lion%20bus.jpg
Q5892402,本田收藏館,栃木縣,公司博物館,36.5270000,140.2270000,http://commons.wikimedia.org/wiki/Special:FilePath/Honda%20Collection%20Hall%202011.jpg
Q2655386,栃木県立美術館,栃木縣,美術館,36.5597000,139.8610000,http://commons.wikimedia.org/wiki/Special:FilePath/Tochigi%20Prefectural%20Museum%20of%20Fine%20Arts%202020%201.jpg
Q48756396,那須オルゴール美術館,栃木縣,音楽博物館,37.0438889,140.0277778,http://commons.wikimedia.org/wiki/Special:FilePath/%E9%82%A3%E9%A0%88%E3%82%AA%E3%83%AB%E3%82%B4%E3%83%BC%E3%83%AB%E7%BE%8E%E8%A1%93%E9%A4%A8%E5%A4%96%E8%A6%B3.jpg
Q11428634,鹽原溫泉,栃木縣,温泉郷,36.9685000,139.8231000,http://commons.wikimedia.org/wiki/Special:FilePath/Yuppo%20no%20Sato.JPG
Q111700660,木の葉化石園,栃木縣,古生物博物馆,36.9808889,139.8066389,
Q109358586,小杉放菴記念日光美術館,栃木縣,人物紀念館,36.7548800,139.6054400,http://commons.wikimedia.org/wiki/Special:FilePath/250726%20Kosugi%20Hoan%20Museum%20of%20Art%2C%20Nikko%20Japan01s3.jpg
Q3329081,玩具町萬代博物館,栃木縣,玩具博物館,36.4654540,139.8383180,http://commons.wikimedia.org/wiki/Special:FilePath/Bandai-museum.jpg
Q104696769,日光山輪王寺宝物殿,栃木縣,宝物館,36.7545167,139.6008075,http://commons.wikimedia.org/wiki/Special:FilePath/Treasure%20house%20of%20Rinnoji%20Temple.JPG
Q133297466,那珂川町なす風土記の丘資料館,栃木縣,風土記之丘,36.7803640,140.1082910,
Q1420895,茂木賽道,栃木縣,汽车赛道,36.5336110,140.2275000,http://commons.wikimedia.org/wiki/Special:FilePath/Marc%20M%C3%A1rquez%2C%20Dani%20Pedrosa%20and%20Michael%20Laverty%202013%20Motegi.jpeg
Q11429510,壬生町玩具博物館,栃木縣,玩具博物館,36.4621390,139.8082220,http://commons.wikimedia.org/wiki/Special:FilePath/Mibu-toysmuseum.jpg
Q110191753,栃木市立文学館,栃木縣,former town hall,36.3814540,139.7311390,http://commons.wikimedia.org/wiki/Special:FilePath/Tochigi%20City%20Literature%20Museum%20November%202021.jpg
Q11636775,足利市立美術館,栃木縣,美術館,36.3340280,139.4503890,http://commons.wikimedia.org/wiki/Special:FilePath/Ashikaga%20Museum%20of%20Art%2001.jpg
Q11618287,草雲美術館,栃木縣,美術館,36.3356111,139.4325278,http://commons.wikimedia.org/wiki/Special:FilePath/SounArtMuseum.JPG
Q17211562,藤城清治美術館那須高原,栃木縣,美術館,37.0859720,140.0046390,http://commons.wikimedia.org/wiki/Special:FilePath/180726%20Seiji%20Fujishiro%20Museum%20Nasu%20Japan07.JPG
Q17989677,大谷資料館,栃木縣,歷史博物館,36.6000028,139.8247500,http://commons.wikimedia.org/wiki/Special:FilePath/Oya%20History%20Museum%20entrance%202016-05-12.jpg
Q112082511,グリムの森,栃木縣,主題公園,36.4490278,139.8587222,
Q135977527,那須歴史探訪館,栃木縣,歷史博物館,36.9891600,140.1643850,http://commons.wikimedia.org/wiki/Special:FilePath/NasuRekishiTanpoukan.jpg
Q11535200,栃木縣兒童綜合科學館,栃木縣,兒童博物館,36.5136111,139.8369444,http://commons.wikimedia.org/wiki/Special:FilePath/Tochigi-Science-Museum.jpg
Q27919845,大麻博物館,栃木縣,大麻博物館,37.0214444,140.0287778,
Q11535226,栃木縣立博物館,栃木縣,都道府县立博物馆,36.5595833,139.8604722,http://commons.wikimedia.org/wiki/Special:FilePath/Tochigi%20prefectural%20museum.jpg
Q11536081,栗田美术馆,栃木縣,陶瓷博物館,36.3166778,139.5216250,http://commons.wikimedia.org/wiki/Special:FilePath/KuritaMuseum.jpg
Q17227774,宇都宮妖精博物館,栃木縣,美術館,36.5615280,139.8864440,http://commons.wikimedia.org/wiki/Special:FilePath/Utsunomiya%20Fairy%20Museum.jpg
Q107121021,岡田記念館,栃木縣,历史房屋博物馆,36.3862020,139.7334780,http://commons.wikimedia.org/wiki/Special:FilePath/Okada%20Memorial%20Hall.JPG
Q42704985,那珂川町馬頭広重美術館,栃木縣,美術館,36.7391110,140.1709440,http://commons.wikimedia.org/wiki/Special:FilePath/Bato%20Hiroshige%20Museum%202009.jpg
Q11449808,宇都宮美術館,栃木縣,美術館,36.6071667,139.8739722,http://commons.wikimedia.org/wiki/Special:FilePath/Utsunomiya%20museum.jpg
Q60988082,那須とりっくあーとぴあ,栃木縣,美術館,37.0304722,140.0387278,http://commons.wikimedia.org/wiki/Special:FilePath/%E3%83%9F%E3%82%B1%E3%83%A9%E3%83%B3%E3%82%B8%E3%82%A7%E3%83%AD%E9%A4%A8.jpg
Q111215407,日光市平家の里,栃木縣,戶外博物館,36.9614444,139.5849444,http://commons.wikimedia.org/wiki/Special:FilePath/Heike-no-sato.JPG
Q133297057,しもつけ風土記の丘資料館,栃木縣,風土記之丘,36.3858130,139.8106770,
Q104696766,佐野市葛生伝承館,栃木縣,民俗博物館,36.4012310,139.6120200,http://commons.wikimedia.org/wiki/Special:FilePath/Kuzuu%20Folk%20Art%20%26%20Crafts%20Museum.JPG
Q11620967,葛生化石館,栃木縣,古生物博物馆,36.4016944,139.6116944,http://commons.wikimedia.org/wiki/Special:FilePath/Kuzuu%20Fossil%20Museum.JPG
Q11385006,佐野市立吉澤紀念美術館,栃木縣,美術館,36.4014440,139.6111390,http://commons.wikimedia.org/wiki/Special:FilePath/Yoshizawa%20Memorial%20Museum%20of%20Art%2C%20Sano.JPG
Q135975455,日光東照宮宝物館,栃木縣,宝物館,36.7559447,139.6002424,
Q11273193,栃木家庭樂園,栃木縣,主題樂園,36.5123890,139.8585280,http://commons.wikimedia.org/wiki/Special:FilePath/Entrance%20of%20Tochinoki%20Family%20Land.jpg
Q111540683,真岡市科学教育センター,栃木縣,科學博物館,36.4369556,140.0163944,http://commons.wikimedia.org/wiki/Special:FilePath/Moka%20City%20Science%20Education%20Center.jpg
Q11459856,小山市立車屋美術館,栃木縣,美術館,36.2606111,139.7609722,http://commons.wikimedia.org/wiki/Special:FilePath/Kurumaya%20Museum%20of%20Art.JPG
Q21653203,佐野市郷土博物館,栃木縣,地方文化館,36.3127778,139.5650000,http://commons.wikimedia.org/wiki/Special:FilePath/Sano%20City%20Museum.jpg
Q131862876,松方別邸,栃木縣,历史建筑,36.9297222,139.9391667,http://commons.wikimedia.org/wiki/Special:FilePath/Banzaikaku%2C%20Senbonmatsu%20Farm.jpg
Q123684747,名草の巨石群,栃木縣,石頭,36.4320830,139.4451390,http://commons.wikimedia.org/wiki/Special:FilePath/Nagusa%20Gigantic%20Rocks%2C%20Osonae-ishi%20stone%20of%20biotite%20granodiorite.%20A.jpg
Q104698654,昭和館,栃木縣,都道府県庁舎,36.5648333,139.8841111,http://commons.wikimedia.org/wiki/Special:FilePath/Showa-kan%2C%20former%20Tochigi%20prefectural%20office%20building.jpg
Q104696762,日光市歴史民俗資料館・二宮尊徳記念館,栃木縣,博物館,36.7247040,139.6806360,http://commons.wikimedia.org/wiki/Special:FilePath/Ninomiya%20Sontoku%20Memorial%20in%20Nikko%20Imaichi.jpg
Q61886414,芳賀町総合情報館,栃木縣,圖書館,36.5474210,140.0578490,
Q125257662,足尾銅山観光,栃木縣,觀光景點,36.6333000,139.4404000,http://commons.wikimedia.org/wiki/Special:FilePath/Ashio%20Copper%20Mine%20mine%20shaft%20ac%20%281%29.jpg
Q104696772,大田原市黒羽芭蕉の館,栃木縣,博物館,36.8677840,140.1214010,
Q135977128,さくら市ミュージアム－荒井寛方記念館－,栃木縣,博物館,36.6671116,139.9560339,
Q104696763,大田原市那須与一伝承館,栃木縣,博物館,36.8632690,140.0871640,
Q104696764,栃木市藤岡歴史民俗資料館,栃木縣,博物館,36.2667600,139.6516030,
Q135975615,那須野が原博物館,栃木縣,博物館,36.8995800,139.9689780,http://commons.wikimedia.org/wiki/Special:FilePath/Michinoeki%20nishinasuno.jpg
Q55434454,大石林山,沖繩縣,觀光景點,26.8619444,128.2551389,http://commons.wikimedia.org/wiki/Special:FilePath/Daisekirinzan.jpg
Q132561386,八重瀬町立具志頭歴史民俗資料館,沖繩縣,地方文化館,26.1222510,127.7433940,
Q11552583,沖縄こどもの国,沖繩縣,兒童國,26.3278330,127.8034170,http://commons.wikimedia.org/wiki/Special:FilePath/%E6%B2%96%E7%B8%84%E5%AD%90%E4%BE%9B%E3%81%AE%E5%9B%BD%20-%20panoramio.jpg
Q132567818,豊見城市歴史民俗資料展示室,沖繩縣,博物館,26.1737640,127.6744410,
Q907052,首里城,沖繩縣,御城,26.2170306,127.7194750,http://commons.wikimedia.org/wiki/Special:FilePath/Naha%20Shuri%20Castle51s3s4200.jpg
Q111735646,沖縄県立芸術大学. 図書芸術資料館,沖繩縣,大學圖書館,26.2188100,127.7192670,
Q60986412,西表野生生物保護中心,沖繩縣,博物館,24.3308333,123.9088889,http://commons.wikimedia.org/wiki/Special:FilePath/Iriomote%20wildlife%20conservation%20centre.jpg
Q48744697,沖縄空手会館,沖繩縣,博物館,26.1869167,127.6830556,http://commons.wikimedia.org/wiki/Special:FilePath/Okinawa%20Karate%20Kaikan%2001.JPG
Q11553011,沖縄郵政資料センター,沖繩縣,郵政博物館,26.2052220,127.6794170,http://commons.wikimedia.org/wiki/Special:FilePath/Naha%20Post%20Office.JPG
Q11558303,浦添市美術館,沖繩縣,美術館,26.2499170,127.7194720,http://commons.wikimedia.org/wiki/Special:FilePath/Urasoe%20Art%20Museum04s4s2940.jpg
Q11393732,具志堅用高記念館,沖繩縣,體育博物館,24.3498060,124.1461670,http://commons.wikimedia.org/wiki/Special:FilePath/Ishigaki%20gushiken%20yoko%20museum.jpg
Q11458206,對馬丸紀念館,沖繩縣,博物館,26.2201110,127.6728060,http://commons.wikimedia.org/wiki/Special:FilePath/Tsushima-maru%20Memorial%20Museum03n.jpg
Q1619050,姬百合和平祈念資料館,沖繩縣,和平博物館,26.0963537,127.6903303,http://commons.wikimedia.org/wiki/Special:FilePath/Himeyuri%20Peace%20Museum02n3104.jpg
Q28154171,久米島博物館,沖繩縣,博物館,26.3416430,126.7637780,
Q11452301,宜野湾市立博物館,沖繩縣,市立博物館,26.2698060,127.7406110,http://commons.wikimedia.org/wiki/Special:FilePath/Ginowan%20City%20Museum03n3104.jpg
Q11609171,美濱美國村,沖繩縣,主題公園,26.3161830,127.7566680,http://commons.wikimedia.org/wiki/Special:FilePath/Mihama%20AV%20D%20Japan.jpg
Q4617100,沖繩縣立博物館、美術館,沖繩縣,博物館,26.2265930,127.6941030,http://commons.wikimedia.org/wiki/Special:FilePath/Okinawa%20Prefectural%20Museum%20%26%20Art%20Museum02bss3200.jpg
Q11365521,中村家住宅,沖繩縣,古民家,26.2900000,127.8006778,http://commons.wikimedia.org/wiki/Special:FilePath/Nakamura%20House%20Kitanakagusuku01n3104.jpg
Q4555530,沖縄県平和祈念資料館,沖繩縣,都道府县立博物馆,26.0964470,127.7253910,http://commons.wikimedia.org/wiki/Special:FilePath/Okinawa%20prefectural%20Peace%20memorial%20Museum-2007-06-27%201.jpg
Q10947551,上野德國文化村,沖繩縣,主題公園,24.7193361,125.3226472,http://commons.wikimedia.org/wiki/Special:FilePath/Uenodoitsubunkamura.jpg
Q11585382,石垣八重山民俗村,沖繩縣,主題公園,24.4043330,124.1443610,http://commons.wikimedia.org/wiki/Special:FilePath/%E7%9F%B3%E5%9E%A3%E3%82%84%E3%81%84%E3%81%BE%E6%9D%91%20-%20panoramio.jpg
Q25112734,琉球村,沖繩縣,主題公園,26.4294679,127.7752581,http://commons.wikimedia.org/wiki/Special:FilePath/Ryukyu%20Mura%20entrance.jpg
Q11383094,佐喜眞美術館,沖繩縣,美術館,26.2780280,127.7749720,http://commons.wikimedia.org/wiki/Special:FilePath/Sakima%20Art%20Museum03n3000.jpg
Q127420567,沖縄市立郷土博物館,沖繩縣,市立博物館,26.3316140,127.7951660,
Q17989733,ヒストリート,沖繩縣,歷史博物館,26.3376110,127.8009720,http://commons.wikimedia.org/wiki/Special:FilePath/Histreet2018.jpg
Q67991212,恩納村博物館,沖繩縣,博物館,26.4362350,127.7933730,http://commons.wikimedia.org/wiki/Special:FilePath/Onna%20Village%20Culture%20And%20Information%20Center%202019-09-13%20%2813%29%20sa.jpg
Q1445750,沖繩美麗海水族館,沖繩縣,水族館,26.6943889,127.8779444,http://commons.wikimedia.org/wiki/Special:FilePath/%E6%B2%96%E7%B8%84%E7%BE%8E%E3%82%89%E6%B5%B7%E6%B0%B4%E6%97%8F%E9%A4%A8%EF%BC%BF%E5%A4%A7.jpg
Q127420256,世界遺産座喜味城跡ユンタンザミュージアム,沖繩縣,歷史博物館,26.4069300,127.7426720,
Q104784709,那覇市立壺屋焼物博物館,沖繩縣,陶瓷博物館,26.2138009,127.6906986,http://commons.wikimedia.org/wiki/Special:FilePath/Tsuboya%20Pottery%20Museum08s3s4350.jpg
Q132157350,みんさー工芸館,沖繩縣,織物博物館,24.3416450,124.1709060,
Q48756878,大濱信泉記念館,沖繩縣,人物紀念館,24.3360280,124.1596670,http://commons.wikimedia.org/wiki/Special:FilePath/Ohama%20Nobumoto%20Memorial%20Hall01s3s4380.jpg
Q60986071,一中学徒隊資料展示室,沖繩縣,軍事博物館,26.2173889,127.7140556,http://commons.wikimedia.org/wiki/Special:FilePath/%E4%B8%80%E4%B8%AD%E5%AD%A6%E5%BE%92%E9%9A%8A%E5%B1%95%E7%A4%BA%E5%AE%A4.jpg
Q104784712,南風原町立南風原文化センター,沖繩縣,博物館,26.1869460,127.7304700,
Q85866572,OKINAWAフルーツらんど,沖繩縣,主題公園,26.6177778,127.9691111,
Q132156591,伊平屋村歴史民俗資料館,沖繩縣,地方文化館,27.0379440,127.9681220,
Q19459000,石垣市立八重山博物館,沖繩縣,博物館,24.3380000,124.1600000,http://commons.wikimedia.org/wiki/Special:FilePath/Yaeyama%20Museum%2C%20Ishigaki%2C%20Japan.JPG
Q11060860,平安名埼燈塔,沖繩縣,觀景台,24.7194444,125.4686111,http://commons.wikimedia.org/wiki/Special:FilePath/Miyako%20higashi%20hennazaki%20lighthouse.JPG
Q113480812,ヌチドゥタカラの家,沖繩縣,和平博物館,26.7106667,127.8253889,http://commons.wikimedia.org/wiki/Special:FilePath/%E3%83%8C%E3%83%81%E3%83%89%E3%82%A5%E3%82%BF%E3%82%AB%E3%83%A9%E3%81%AE%E5%AE%B6%20%E5%8F%8D%E6%88%A6%E5%B9%B3%E5%92%8C%E8%B3%87%E6%96%99%E9%A4%A8.jpg
Q123263237,沖縄県立埋蔵文化財センター,沖繩縣,埋藏文化財中心,26.2433300,127.7595180,http://commons.wikimedia.org/wiki/Special:FilePath/Okinawa%20Prefecture%20Archaeological%20Center.JPG
Q132561356,多良間村ふるさと民俗学習館,沖繩縣,地方文化館,24.6702950,124.6961490,
Q133054629,八重山平和祈念館,沖繩縣,和平博物館,24.3492720,124.1461130,
Q22952141,那霸市歷史博物館,沖繩縣,歷史博物館,26.2137808,127.6792541,http://commons.wikimedia.org/wiki/Special:FilePath/Pallet%20Kumoji%20Naha%20Okinawa03s3s4500.jpg
Q17226861,ひんぷんガジュマル,沖繩縣,巨樹,26.5873333,127.9859444,http://commons.wikimedia.org/wiki/Special:FilePath/Hinpun-Gajumaru.jpg
Q56347666,DMM Kariyushi水族館,沖繩縣,水族館,26.1563056,127.6504167,http://commons.wikimedia.org/wiki/Special:FilePath/DMM%20Kariyushi%20Aquarium%20202006.jpg
Q132156460,本部町立博物館,沖繩縣,地方文化館,26.6558830,127.8837290,
Q132154132,エイサー会館,沖繩縣,博物館,26.3350970,127.7994290,http://commons.wikimedia.org/wiki/Special:FilePath/%E3%82%A8%E3%82%A4%E3%82%B5%E3%83%BC%E4%BC%9A%E9%A4%A8%E5%85%A5%E5%8F%A3.jpg
Q132156950,沖縄平和祈念堂,沖繩縣,和平博物館,26.0974230,127.7237460,http://commons.wikimedia.org/wiki/Special:FilePath/Okinawa%20Heiwakinen%20Memorial%20Hall01n3104.jpg
Q108585016,琉球温泉,沖繩縣,温泉镇,26.1765710,127.6410460,
Q48751932,宮古島海宝館,沖繩縣,自然歷史博物館,24.7300280,125.4294170,http://commons.wikimedia.org/wiki/Special:FilePath/Miyako%20kaihokan%201.jpg
Q132157338,DiDi与那国交流館,沖繩縣,博物館,24.4691140,123.0086750,
Q22111842,琉球大学博物館（風樹館）,沖繩縣,大學博物館,26.2502630,127.7646630,
Q104784491,宜野座村立博物館,沖繩縣,博物館,26.4828550,127.9727170,http://commons.wikimedia.org/wiki/Special:FilePath/Ginoza%20Village%20Museum%20202411.jpg
Q11274224,なごみの塔,沖繩縣,觀光塔,24.3307220,124.0855280,http://commons.wikimedia.org/wiki/Special:FilePath/Nagomi%20no%20Tou%2001.jpg
Q30593667,宮古島市総合博物館,沖繩縣,市立博物館,24.7964680,125.3177170,http://commons.wikimedia.org/wiki/Special:FilePath/Miyako%20paantou.jpg
Q132151557,北谷町立博物館,沖繩縣,博物館,26.3235840,127.7590410,http://commons.wikimedia.org/wiki/Special:FilePath/Chatan%20Museum%2002.jpg
Q133878783,JUNGLIA沖繩,沖繩縣,主題公園,26.6422361,127.9736222,
Q123140996,琉球新報新聞博物館,沖繩縣,新聞博物館,26.2344890,127.6854440,
Q132156762,今帰仁村歴史文化センター,沖繩縣,地方文化館,26.6917960,127.9273980,http://commons.wikimedia.org/wiki/Special:FilePath/Nakijin%20Okinawa%20Japan%20Nakijin-village-Center-for-History-and-Culture-01.jpg
Q132563392,沖縄愛楽園交流会館,沖繩縣,醫學博物館,26.6785060,128.0200410,
Q11361703,不屈館,沖繩縣,歷史博物館,26.2223694,127.6748444,http://commons.wikimedia.org/wiki/Special:FilePath/Kamejiro%20Senaga%20and%20the%20People%27s%20History%20Museum.JPG
Q19568958,名護博物館,沖繩縣,博物館,26.5979690,127.9878000,http://commons.wikimedia.org/wiki/Special:FilePath/Nago%20Museum%202025%2001%2031.jpg
Q17219624,沖繩縣立博物館,沖繩縣,都道府县立博物馆,26.2205556,127.7175000,http://commons.wikimedia.org/wiki/Special:FilePath/Okinawa%20Prefectural%20Museum.JPG
Q17217588,海の文化資料館,沖繩縣,海事博物館,26.3325280,127.9288330,http://commons.wikimedia.org/wiki/Special:FilePath/Marine%20History%20Museum%2C%20Uruma.JPG
Q132562103,島村屋観光公園民俗資料館,沖繩縣,地方文化館,26.7161530,127.8040540,
Q104784476,東村立山と水の生活博物館,沖繩縣,博物館,26.6410690,128.1670560,
Q132156661,伊是名村ふれあい民俗館,沖繩縣,民俗博物館,26.9227400,127.9409370,http://commons.wikimedia.org/wiki/Special:FilePath/Izenamuse.jpg
Q132156886,漫湖水鳥・湿地センター,沖繩縣,自然中心,26.1940360,127.6817650,http://commons.wikimedia.org/wiki/Special:FilePath/Manko%20Waterbird%20and%20Wetland%20Center%20202206.jpg
Q11564645,滋賀縣立安土城考古博物館,滋賀縣,考古博物館,35.1500000,136.1477778,http://commons.wikimedia.org/wiki/Special:FilePath/Spacam01s2816.jpg
Q11463730,小谷城戦国歴史資料館,滋賀縣,歷史博物館,35.4526110,136.2694720,http://commons.wikimedia.org/wiki/Special:FilePath/Odanij3.jpg
Q11564689,滋賀縣立陶藝之森,滋賀縣,陶瓷博物館,34.8862220,136.0585830,http://commons.wikimedia.org/wiki/Special:FilePath/Shigaraki%20Ceramic%20Cultural%20Park15s3872.jpg
Q11577998,甲賀流忍術屋敷,滋賀縣,历史房屋博物馆,34.9184440,136.1673610,http://commons.wikimedia.org/wiki/Special:FilePath/Koga-ryu%20Ninjya%20house%20%2C%20%E7%94%B2%E8%B3%80%E6%B5%81%20%E5%BF%8D%E8%A1%93%E5%B1%8B%E6%95%B7%20-%20panoramio%20%283%29.jpg
Q17211447,信楽古陶館,滋賀縣,陶瓷博物館,34.8860833,136.0612500,http://commons.wikimedia.org/wiki/Special:FilePath/071020%20Shigaraki%20Kotokan%20Koka%20Shiga%20pref%20Japan01s5.jpg
Q11564666,滋賀縣立琵琶湖文化館,滋賀縣,博物館,35.0080830,135.8740560,http://commons.wikimedia.org/wiki/Special:FilePath/Biwako-Bunkakan%20DSCN2823.jpg
Q77824459,草津宿本陣,滋賀縣,本陣,35.0177400,135.9603600,http://commons.wikimedia.org/wiki/Special:FilePath/Kusatsu-juku%20Honjin%20201905-1.jpg
Q11558989,海洋堂フィギュアミュージアム黒壁龍遊館,滋賀縣,公司博物館,35.3811940,136.2683890,http://commons.wikimedia.org/wiki/Special:FilePath/Kaiy%C5%8Dd%C5%8D%20Figure%20Museum%20Kurokabe%20Ry%C5%ABy%C5%ABkan%2020210626%2001.jpg
Q11383085,佐和山遊園,滋賀縣,主題樂園,35.2745556,136.2690833,http://commons.wikimedia.org/wiki/Special:FilePath/Sawayamayuen.jpg
Q104720770,滋賀大学. 経済学部. 史料館,滋賀縣,大學博物館,35.2773580,136.2459720,
Q132731973,みなくち子どもの森自然館,滋賀縣,自然歷史博物館,34.9586690,136.1675290,
Q11352217,ヴォーリズ記念館,滋賀縣,美術館,35.1398610,136.0947220,http://commons.wikimedia.org/wiki/Special:FilePath/Old%20vories%20house01s3200.jpg
Q11644483,醒井木彫美術館,滋賀縣,彫刻美術館,35.3291390,136.3517220,http://commons.wikimedia.org/wiki/Special:FilePath/MWCS01s3200.jpg
Q11494868,愛知川手鞠瓶之館,滋賀縣,公立图书馆,35.1711324,136.2149729,http://commons.wikimedia.org/wiki/Special:FilePath/Echigawa%20library.jpg
Q11564683,滋賀県立美術館,滋賀縣,美術館,34.9704440,135.9421390,http://commons.wikimedia.org/wiki/Special:FilePath/Shiga%20Museum%20of%20Art%20exterior.jpg
Q11564667,滋賀縣立琵琶湖博物館,滋賀縣,水族館,35.0741390,135.9349170,http://commons.wikimedia.org/wiki/Special:FilePath/%E6%BB%8B%E8%B3%80%E7%9C%8C%E7%AB%8B%E7%90%B5%E7%90%B6%E6%B9%96%E5%8D%9A%E7%89%A9%E9%A4%A8%E5%A4%96%E8%A6%B3.jpg
Q137360848,浅井能楽資料館,滋賀縣,博物館,35.4576220,136.2966800,
Q11356025,三橋節子美術館,滋賀縣,美術館,35.0073333,135.8572778,http://commons.wikimedia.org/wiki/Special:FilePath/Setsuko-Mitsuhashi%20Memorial%20Museum01s3872.jpg
Q11276855,びわ湖わんわん王国,滋賀縣,主題樂園,35.1233610,135.9458890,http://commons.wikimedia.org/wiki/Special:FilePath/%E3%81%B3%E3%82%8F%E3%81%93%E3%81%86.jpg
Q132725989,長浜市曳山博物館,滋賀縣,山車会館,35.3812640,136.2687690,http://commons.wikimedia.org/wiki/Special:FilePath/Hikiyama%20Museum%20Nagahama%20Shiga%20pref01n3680.jpg
Q6379677,かわらミュージアム,滋賀縣,博物館,35.1405556,136.0919444,http://commons.wikimedia.org/wiki/Special:FilePath/Kawara%20museum01s2000.jpg
Q11420600,國友鐵炮之里資料館,滋賀縣,博物館,35.4089440,136.2824720,http://commons.wikimedia.org/wiki/Special:FilePath/Kunitomo%20Gun%20Museum%2020210131%2001.jpg
Q123274450,守山市立埋蔵文化財センター,滋賀縣,埋藏文化財中心,35.1080230,135.9925450,
Q55522393,大津市科學館,滋賀縣,科學博物館,34.9940556,135.8936944,http://commons.wikimedia.org/wiki/Special:FilePath/Otsu-City-Science-Museum.jpg
Q11577981,甲賀家庭樂園,滋賀縣,主題樂園,34.9530000,136.1085278,
Q107269377,井伊美術館,滋賀縣,美術館,35.2755560,136.2525000,
Q131910774,近江聖人中江藤樹記念館,滋賀縣,人物紀念館,35.3246430,136.0314250,http://commons.wikimedia.org/wiki/Special:FilePath/%C5%8Cmi%20Seijin%20Nakae%20T%C5%8Dju%20Memorial%20Museum%2020200919%2001.jpg
Q132732063,東近江市西堀榮三郎記念探検の殿堂,滋賀縣,纪念博物馆,35.1322310,136.2469550,http://commons.wikimedia.org/wiki/Special:FilePath/Tankennodendou%2001.jpg
Q11326078,ハイド記念館・教育会館,滋賀縣,人物紀念館,35.1400280,136.0954280,http://commons.wikimedia.org/wiki/Special:FilePath/Hyde%20memorial%20Hall01s3200.jpg
Q132733751,布施美術館,滋賀縣,美術館,35.4909240,136.2163680,
Q123144783,比叡山国宝殿,滋賀縣,博物館,35.0703890,135.8398770,http://commons.wikimedia.org/wiki/Special:FilePath/Enryakuji%20kokuhoden.jpg
Q99673823,木下美術館,滋賀縣,美術館,35.0272222,135.8301389,
Q11450462,安土城郭資料館,滋賀縣,博物館,35.1420280,136.1333890,http://commons.wikimedia.org/wiki/Special:FilePath/Azuchi%20Castle%20Museum.jpeg
Q132731490,滋賀県立陶芸の森陶芸館,滋賀縣,陶瓷博物館,34.8843990,136.0577100,http://commons.wikimedia.org/wiki/Special:FilePath/Shigaraki%20Ceramic%20Cultural%20Park15s3872.jpg
Q11510914,旧伊庭家住宅,滋賀縣,历史房屋博物馆,35.1385140,136.1362970,http://commons.wikimedia.org/wiki/Special:FilePath/Old%20iba%20house02s2400.jpg
Q132733689,滋賀県平和祈念館,滋賀縣,和平博物館,35.1108340,136.2622850,
Q11487933,彥根城博物館,滋賀縣,歷史博物館,35.2756110,136.2535280,http://commons.wikimedia.org/wiki/Special:FilePath/Hikone%20Castle%20Museum01s3200.jpg
Q132733822,湖北野鳥センター,滋賀縣,自然中心,35.4465480,136.1898670,http://commons.wikimedia.org/wiki/Special:FilePath/Shiga%20prefectural%20road%20331.JPG
Q107268943,近江神宮時鐘館寶物館,滋賀縣,博物館,35.0318611,135.8521667,http://commons.wikimedia.org/wiki/Special:FilePath/Omi-jingu%20clock%20museum.jpg
Q107269197,膳所藩資料館,滋賀縣,博物館,34.9880556,135.8966667,
Q17209860,観峰館,滋賀縣,書法美術館,35.1543890,136.1889330,http://commons.wikimedia.org/wiki/Special:FilePath/Kanp%C3%B4-kan.jpg
Q11559016,海津大崎,滋賀縣,觀光景點,35.4492700,136.0876300,http://commons.wikimedia.org/wiki/Special:FilePath/Biwako123844.jpg
Q132160193,琵琶湖水鳥・湿地センター,滋賀縣,自然中心,35.4462570,136.1899220,
Q132733283,大津絵美術館,滋賀縣,美術館,35.0143260,135.8531960,
Q104720767,栗東歴史民俗博物館,滋賀縣,歷史博物館,35.0179722,136.0088611,http://commons.wikimedia.org/wiki/Special:FilePath/%E6%A0%97%E6%9D%B1%E6%AD%B4%E5%8F%B2%E6%B0%91%E4%BF%97%E5%8D%9A%E7%89%A9%E9%A4%A82020.jpg
Q104720809,野洲市歴史民俗博物館,滋賀縣,歷史博物館,35.0726210,136.0448660,http://commons.wikimedia.org/wiki/Special:FilePath/Yasu%20City%20History%20and%20Folklore%20Museum%20ac%20%281%29.jpg
Q123516533,多賀町立博物館,滋賀縣,地方文化館,35.2211460,136.3024700,http://commons.wikimedia.org/wiki/Special:FilePath/Taga%20Town%20Museum%2020211010%2002.jpg
Q132733674,日登美美術館,滋賀縣,美術館,35.0794510,136.2983450,
Q17230301,米原市醒井宿資料館,滋賀縣,博物館,35.3274170,136.3472500,http://commons.wikimedia.org/wiki/Special:FilePath/SPHFM01s3872.jpg
Q88281532,草津市立草津宿街道交流館,滋賀縣,交通博物館,35.0156944,135.9590833,http://commons.wikimedia.org/wiki/Special:FilePath/Kaidoukoryukan-museum.jpg
Q104720798,近江八幡市立資料館,滋賀縣,市立博物館,35.1381050,136.0892280,
Q11678066,黒壁ガラス館,滋賀縣,美術館,35.3806670,136.2670830,http://commons.wikimedia.org/wiki/Special:FilePath/Kurokabe%20glass%20hall0s32001.jpg
Q11495725,成田美術館,滋賀縣,美術館,35.3746670,136.2688610,http://commons.wikimedia.org/wiki/Special:FilePath/Narita%20museum01s3200.jpg
Q30931160,大津市歷史博物館,滋賀縣,歷史博物館,35.0154472,135.8528361,http://commons.wikimedia.org/wiki/Special:FilePath/181020%20Otsu%20City%20Museum%20of%20History%20Otsu%20Shiga%20pref%20Japan02n.jpg
Q11573829,琵琶湖周航之歌資料館,滋賀縣,音楽博物館,35.3976690,136.0340830,http://commons.wikimedia.org/wiki/Special:FilePath/%E7%90%B5%E7%90%B6%E6%B9%96%E5%91%A8%E8%88%AA%E3%81%AE%E6%AD%8C%E8%B3%87%E6%96%99%E9%A4%A82021.jpg
Q3945402,安土城天主信長之館,滋賀縣,博物館,35.1487500,136.1479722,http://commons.wikimedia.org/wiki/Special:FilePath/Nobunaganoyakata2.jpg
Q104082588,滋賀サファリ博物館,滋賀縣,自然歷史博物館,34.9190139,136.0870778,http://commons.wikimedia.org/wiki/Special:FilePath/Safari%20museum.jpg
Q104720989,長浜城歴史博物館,滋賀縣,歷史博物館,35.3776420,136.2614630,http://commons.wikimedia.org/wiki/Special:FilePath/%E9%95%B7%E6%B5%9C%E5%9F%8E2%20Nagahama%20Castle%20-%20panoramio.jpg
Q132717813,愛荘町立歴史文化博物館,滋賀縣,地方文化館,35.1636530,136.2782480,http://commons.wikimedia.org/wiki/Special:FilePath/Aisho%20Town%20Museum%20of%20History%20and%20Culture%2020221117.jpg
Q1268542,美秀美術館,滋賀縣,美術館,34.9159222,136.0158222,http://commons.wikimedia.org/wiki/Special:FilePath/241119%20MIHO%20MUSEUM%20Koga%20Shiga%20pref%20Japan08s3.jpg
Q111034876,近江日野商人館,滋賀縣,博物館,35.0115556,136.2476944,http://commons.wikimedia.org/wiki/Special:FilePath/Omi%20Hino%20Merchant%20Museum%202022-10%20ac%20%281%29.jpg
Q30922619,ヤンマーミュージアム,滋賀縣,公司博物館,35.3743333,136.2702222,http://commons.wikimedia.org/wiki/Special:FilePath/YANMAR%20MUSEUM%2001.jpg
Q132733421,膳所焼美術館,滋賀縣,陶瓷博物館,34.9884730,135.8949240,
Q11653326,长滨铁道广场,滋賀縣,鐵路博物館,35.3768810,136.2658000,http://commons.wikimedia.org/wiki/Special:FilePath/Nagahama-Station-First-building2020.jpg
Q11577976,甲賀之里忍術村,滋賀縣,主題公園,34.9196670,136.2074170,http://commons.wikimedia.org/wiki/Special:FilePath/Koga-no-sato%20Ninja%20village%20%2C%20%E7%94%B2%E8%B3%80%E3%81%AE%E9%87%8C%20%E5%BF%8D%E8%A1%93%E6%9D%91%20-%20panoramio%20%288%29.jpg
Q7399081,佐川美术馆,滋賀縣,美術館,35.1094444,135.9461111,http://commons.wikimedia.org/wiki/Special:FilePath/Sagawa%20art%20museum01s3200.jpg
Q11338923,ボーダレス・アートミュージアム NO-MA,滋賀縣,美術館,35.1376389,136.0944722,http://commons.wikimedia.org/wiki/Special:FilePath/Borderless%20Art%20Museum%20NO-MA%201.jpg
Q132731830,甲賀市立信楽産業展示館,滋賀縣,陶瓷博物館,34.8863260,136.0584720,http://commons.wikimedia.org/wiki/Special:FilePath/Shigaraki%20industry%20exhibition%20pavilion.jpg
Q17222013,八代市立博物館・未来の森ミュージアム,熊本縣,市立博物館,32.5082500,130.5965560,http://commons.wikimedia.org/wiki/Special:FilePath/Yatsushiro%20Municipal%20Museum.jpg
Q11520521,本渡歴史民俗資料館,熊本縣,民俗博物館,32.4608060,130.1986110,
Q127510243,天草市立御所浦恐竜の島博物館,熊本縣,古生物博物馆,32.3375560,130.3379440,http://commons.wikimedia.org/wiki/Special:FilePath/Amakusa%20Museum%20of%20Goshoura%20Dinosaur%20Island.jpg
Q11404246,北里柴三郎記念館,熊本縣,人物紀念館,33.1422278,131.0904500,http://commons.wikimedia.org/wiki/Special:FilePath/Kitasato%20Shibasaburo%20Museum01.jpg
Q64143415,熊本県博物館ネットワークセンター,熊本縣,博物館,32.6427720,130.6991740,
Q17228812,不知火美術館,熊本縣,美術館,32.6468890,130.6690830,http://commons.wikimedia.org/wiki/Special:FilePath/Shiranui.gif
Q98170289,球泉洞森林館,熊本縣,林業博物館,32.2768056,130.6146389,http://commons.wikimedia.org/wiki/Special:FilePath/Kyusendo%20forest%20museum%201.jpg
Q17215133,熊本洋學校教師館Janes邸,熊本縣,历史房屋博物馆,32.7893047,130.7348369,http://commons.wikimedia.org/wiki/Special:FilePath/Mr.%20Janes%27s%20residence.jpg
Q11443445,天草キリシタン館,熊本縣,キリスト教博物館,32.4599000,130.1840000,http://commons.wikimedia.org/wiki/Special:FilePath/Amakusa%20Christian%20Museum.jpg
Q11425245,坂本善三美術館,熊本縣,美術館,33.1276860,131.0364030,http://commons.wikimedia.org/wiki/Special:FilePath/Sakamoto%20Zenzo%20Museum%20of%20Art.JPG
Q11678251,黑川溫泉,熊本縣,温泉镇,33.0783900,131.1413000,http://commons.wikimedia.org/wiki/Special:FilePath/Kurokawa%20Onsen%20-%E6%B8%A9%E6%B3%89%E8%A1%97.jpg
Q17191286,蘆北町立星野富弘美術館,熊本縣,人物紀念館,32.2715830,130.5001670,http://commons.wikimedia.org/wiki/Special:FilePath/Hoshino%20Tomihiro%20Museum%20of%20Art.JPG
Q1917138,ウルトラツイスターメガトン,熊本縣,雲霄飛車,32.9888230,130.4678290,
Q105728795,山鹿市立博物館,熊本縣,市立博物館,33.0251389,130.6662778,
Q17216016,綱木美術館,熊本縣,美術館,32.2316110,130.4577780,http://commons.wikimedia.org/wiki/Special:FilePath/Tsunagi%20Art%20Museum%2001.JPG
Q21993283,高森湧水隧道公園,熊本縣,主題樂園,32.8135556,131.1226944,http://commons.wikimedia.org/wiki/Special:FilePath/TakamoriSpringTunnelPark.jpg
Q4807478,阿蘇火山博物館,熊本縣,火山博物館,32.8852778,131.0519444,http://commons.wikimedia.org/wiki/Special:FilePath/Aso%20Volcano%20Museum.jpg
Q124817868,熊本県立美術館分館,熊本縣,美術館,32.8066944,130.7080000,http://commons.wikimedia.org/wiki/Special:FilePath/Kumamoto-Prefectural%20Museum%20of%20Art%20pavilion%201.jpg
Q17225954,湯前まんが美術館,熊本縣,人物紀念館,32.2804720,130.9815830,http://commons.wikimedia.org/wiki/Special:FilePath/Yunomae%20manga%20museum%201.jpg
Q131173789,人吉鉄道ミュージアム MOZOCAステーション868,熊本縣,鐵路博物館,32.2148266,130.7513052,
Q11568018,熊本市水之科學館,熊本縣,水廠博物館,32.8461111,130.7219444,http://commons.wikimedia.org/wiki/Special:FilePath/Kumamoto-city%20museum%20of%20water%20science%201.jpg
Q17228347,熊本縣傳統工藝館,熊本縣,博物館,32.8075830,130.7068890,
Q11281777,わくわく海中水族館シードーナツ,熊本縣,水族館,32.5298333,130.4283611,
Q132160284,荒尾干潟水鳥・湿地センター,熊本縣,自然中心,32.9612370,130.4326720,
Q11573505,球泉洞,熊本縣,溶洞,32.2749360,130.6151530,http://commons.wikimedia.org/wiki/Special:FilePath/Kyusendo20080104%2001.jpg
Q11489072,御所浦白亜紀資料館,熊本縣,古生物博物馆,32.3375560,130.3379440,http://commons.wikimedia.org/wiki/Special:FilePath/Goshoura%20Cretaceous%20Museum.JPG
Q114245417,合志マンガミュージアム,熊本縣,動漫博物館,32.8910472,130.7450972,http://commons.wikimedia.org/wiki/Special:FilePath/Koshi%20Manga%20Museum%20building%20at%20Miyoshi%20144.jpg
Q11283301,アジアパーク,熊本縣,主題公園,32.9880600,130.4725000,
Q17230725,リデル・ライト両女史記念館,熊本縣,人物紀念館,32.8190000,130.7307778,http://commons.wikimedia.org/wiki/Special:FilePath/The%20Riddell-Wright%20Memorial%20Hall.JPG
Q4557656,熊本縣立裝飾古墳館,熊本縣,都道府县立博物馆,32.9936667,130.6696944,http://commons.wikimedia.org/wiki/Special:FilePath/Kumamoto%20Prefectural%20Ancient%20Burial%20Mound%20Museum%2002.jpg
Q28688020,横井小楠紀念館,熊本縣,人物紀念館,32.7727778,130.7780278,http://commons.wikimedia.org/wiki/Special:FilePath/Yokoi%20Shonan%20Memorial%20Hall%206.jpg
Q4556482,熊本縣立美術館,熊本縣,美術館,32.8075278,130.7005278,http://commons.wikimedia.org/wiki/Special:FilePath/Kumamoto-Prefectural%20Museum%20of%20Art%20main%201.jpg
Q11568122,熊本市立熊本博物館,熊本縣,市立博物館,32.8085830,130.6991390,http://commons.wikimedia.org/wiki/Special:FilePath/Kumamoto%20City%20Museum.jpg
Q17213009,島田美術館,熊本縣,美術館,32.8097500,130.6860556,http://commons.wikimedia.org/wiki/Special:FilePath/Shimada%20gallery.jpg
Q115685772,下の城のイチョウ,熊本縣,巨樹,33.1504170,131.0550000,http://commons.wikimedia.org/wiki/Special:FilePath/Ginkgo%20Trees%20Oguni%20Kumamoto01.jpg
Q11567967,熊本國際民藝館,熊本縣,工藝博物館,32.8299720,130.7564170,http://commons.wikimedia.org/wiki/Special:FilePath/Kumamoto%20International%20Folk%20Craft%20Museum.jpg
Q17214624,御船町恐龍博物館,熊本縣,古生物博物馆,32.7145560,130.8011670,http://commons.wikimedia.org/wiki/Special:FilePath/Mifune%20Dinosaur%20Museum%202.JPG
Q11568021,熊本市現代美術館,熊本縣,現代美術館,32.8033610,130.7110280,http://commons.wikimedia.org/wiki/Special:FilePath/Bipuresu%20kumanichi-kaikan01s3200.jpg
Q11559002,海洋漁業科學館,石川縣,科學博物館,37.2968060,137.1485830,
Q130534097,金沢市立玉川図書館近世史料館,石川縣,圖書館分館,36.5700833,136.6516111,http://commons.wikimedia.org/wiki/Special:FilePath/%E9%87%91%E6%B2%A2%E5%B8%82%E7%AB%8B%E7%8E%89%E5%B7%9D%E5%9B%B3%E6%9B%B8%E9%A4%A8003.jpg
Q11585938,石川県九谷焼美術館,石川縣,陶瓷博物館,36.3027580,136.3103060,http://commons.wikimedia.org/wiki/Special:FilePath/%E4%B9%9D%E8%B0%B7%E7%84%BC%E7%BE%8E%E8%A1%93%E9%A4%A8.jpg
Q101001030,國立工藝館,石川縣,國立博物館,36.5591670,136.6618060,http://commons.wikimedia.org/wiki/Special:FilePath/National%20Crafts%20Museum%20in%20Kanazawa%2020201116-001.jpg
Q11529176,松井秀喜棒球博物館,石川縣,人物紀念館,36.4309722,136.4365278,http://commons.wikimedia.org/wiki/Special:FilePath/Matsui%20Hideki%20Baseball%20Museum%201.jpg
Q11508954,日本汽車博物館,石川縣,汽車博物館,36.3344444,136.4305556,http://commons.wikimedia.org/wiki/Special:FilePath/Motorcar%20Museum%20of%20Japan%20April%202023.jpg
Q11585933,石川県七尾美術館,石川縣,美術館,37.0448110,136.9537320,http://commons.wikimedia.org/wiki/Special:FilePath/%E7%9F%B3%E5%B7%9D%E7%9C%8C%E4%B8%83%E5%B0%BE%E7%BE%8E%E8%A1%93%E9%A4%A8%20Nanao%20Art%20Museum.jpg
Q11586047,石川縣輪島漆藝美術館,石川縣,美術館,37.3898610,136.8920830,http://commons.wikimedia.org/wiki/Special:FilePath/%E7%9F%B3%E5%B7%9D%E7%9C%8C%E8%BC%AA%E5%B3%B6%E6%BC%86%E8%8A%B8%E7%BE%8E%E8%A1%93%E9%A4%A8%E5%A4%96%E8%A6%B3.jpg
Q3297759,石川縣立美術館,石川縣,都道府县立博物馆,36.5600000,136.6613889,http://commons.wikimedia.org/wiki/Special:FilePath/Ishikawa%20Prefectural%20Museum%20of%20Art.JPG
Q11436507,大樋美術館,石川縣,私人博物館,36.5699750,136.6644940,http://commons.wikimedia.org/wiki/Special:FilePath/Ohimuseum%20MG%203362a.JPG
Q4676340,石川県立歴史博物館,石川縣,都道府县立博物馆,36.5586111,136.6627778,http://commons.wikimedia.org/wiki/Special:FilePath/Ishikawa-ken%20History%20Museum03s3s4272b.jpg
Q82594996,白山市立松任中川一政記念美術館,石川縣,美術館,36.5267222,136.5678889,
Q121286260,加賀市美術館,石川縣,美術館,36.3195867,136.3514541,http://commons.wikimedia.org/wiki/Special:FilePath/Kaga%20City%20Art%20Museum%20ac%20%281%29.jpg
Q17226278,中谷宇吉郎雪の科学館,石川縣,科學博物館,36.3524444,136.3625000,http://commons.wikimedia.org/wiki/Special:FilePath/Nakaya%20Ukichoro%20Museum%20of%20Snow%20and%20Ice.JPG
Q11648713,鈴木大拙館,石川縣,人物紀念館,36.5576390,136.6609720,http://commons.wikimedia.org/wiki/Special:FilePath/%E9%88%B4%E6%9C%A8%E5%A4%A7%E6%8B%99%E9%A4%A8001.jpg
Q11629456,西茶屋資料館,石川縣,人物紀念館,36.5566670,136.6473280,http://commons.wikimedia.org/wiki/Special:FilePath/Nishichayashiryokan003.jpg
Q5600400,栢野大杉,石川縣,巨樹,36.2275000,136.3600000,http://commons.wikimedia.org/wiki/Special:FilePath/Kayano%20%C5%8Csugi%2020070814.jpg
Q126200035,トレインパーク白山,石川縣,鐵路博物館,36.5144440,136.5333330,http://commons.wikimedia.org/wiki/Special:FilePath/%E3%83%88%E3%83%AC%E3%82%A4%E3%83%B3%E3%83%91%E3%83%BC%E3%82%AF%E7%99%BD%E5%B1%B1.jpg
Q11647356,金澤古里偉人館,石川縣,人物紀念館,36.5591670,136.6579170,http://commons.wikimedia.org/wiki/Special:FilePath/Great%20People%20of%20Kanazawa%20Memorial%20Museum%2001.jpg
Q11586386,石川近代文学館,石川縣,文學館,36.5625000,136.6557778,http://commons.wikimedia.org/wiki/Special:FilePath/The%20Forth%20High%20School%20Memorial%20Museum%20of%20Cultural%20Exchange%20Ishikawa05s3s3750.jpg
Q11586272,石川県銭屋五兵衛記念館,石川縣,都道府县立博物馆,36.5969222,136.5970972,http://commons.wikimedia.org/wiki/Special:FilePath/%E9%8A%AD%E5%B1%8B%E4%BA%94%E5%85%B5%E8%A1%9B%E8%A8%98%E5%BF%B5%E9%A4%A8.jpg
Q11647502,金沢湯涌夢二館,石川縣,人物紀念館,36.4859720,136.7574440,http://commons.wikimedia.org/wiki/Special:FilePath/131109%20Kanazawa%20Yuwaku%20Yumeji-kan%20Museum%20Kanazawa%20Ishikawa%20pref%20Japan02s3.jpg
Q133273176,加賀国府ものがたり館,石川縣,考古博物館,36.4119460,136.5169440,
Q132890597,南惣美術館,石川縣,美術館,37.4410000,137.0671770,
Q111585833,堂形のシイノキ,石川縣,巨樹,36.5621667,136.6578333,http://commons.wikimedia.org/wiki/Special:FilePath/Grand%20chinquapin%20tree%20in%20front%20of%20Shiinoki%20Cultural%20Complex%20of%20Ishikawa%20Prefecture.JPG
Q11586008,石川県立自然史資料館,石川縣,都道府县立博物馆,36.5231110,136.7056940,http://commons.wikimedia.org/wiki/Special:FilePath/Ishikawaken%20Shizenshi%20siryokan.JPG
Q8061361,加賀 伝統工芸村 ゆのくにの森,石川縣,主題公園,36.3244000,136.4370000,http://commons.wikimedia.org/wiki/Special:FilePath/Yunokuni%20no%20mori%20echizen%20no%20yakata.jpg
Q104709114,輪島塗会館,石川縣,工藝博物館,37.3940930,136.9001720,http://commons.wikimedia.org/wiki/Special:FilePath/Wajima-nuri%20Kaikan%20ac.jpg
Q7446985,成巽閣,石川縣,历史房屋博物馆,36.5611111,136.6630556,http://commons.wikimedia.org/wiki/Special:FilePath/131109%20Seisonkaku%20Kanazawa%20Ishikawa%20pref%20Japan10s3.jpg
Q11586039,石川縣能登島玻璃美術館,石川縣,美術館,37.1372222,136.9963889,http://commons.wikimedia.org/wiki/Special:FilePath/Ishikawa%20Prefecture%20Notojima%20Glass%20Art%20Museum.jpg
Q42898428,金泽市立安江金箔工艺馆,石川縣,工藝博物館,36.5737500,136.6659444,http://commons.wikimedia.org/wiki/Special:FilePath/Yasuekinpakukogeikan003.jpg
Q11647524,金澤能樂美術館,石川縣,美術館,36.5616110,136.6580560,http://commons.wikimedia.org/wiki/Special:FilePath/Kanazawanogakumuseum003.jpg
Q11275197,能登島臨海公園水族館,石川縣,水族館,37.1491667,136.9822222,http://commons.wikimedia.org/wiki/Special:FilePath/Notojima%20Suizokukan.jpg
Q11490424,徳田秋聲記念館,石川縣,人物紀念館,36.5709170,136.6670830,http://commons.wikimedia.org/wiki/Special:FilePath/Tokudashuseikinenkan002.jpg
Q11647436,金澤市立中村紀念美術館,石川縣,美術館,36.5588890,136.6605560,http://commons.wikimedia.org/wiki/Special:FilePath/%E9%87%91%E6%B2%A2%E5%B8%82%E7%AB%8B%E4%B8%AD%E6%9D%91%E8%A8%98%E5%BF%B5%E7%BE%8E%E8%A1%93%E9%A4%A8002.jpg
Q3242206,金澤21世紀美術館,石川縣,藝廊,36.5608000,136.6580000,http://commons.wikimedia.org/wiki/Special:FilePath/21st%20Century%20Museum%20of%20Contemporary%20Art%2C%20Kanazawa011.jpg
Q11461140,小松市立ポッポ汽車展示館,石川縣,鐵路博物館,36.2965560,136.5361390,http://commons.wikimedia.org/wiki/Special:FilePath/%E3%83%9D%E3%83%83%E3%83%9D%E6%B1%BD%E8%BB%8A%E5%B1%95%E7%A4%BA%E9%A4%A8.jpg
Q11586011,石川県立航空プラザ,石川縣,航空博物館,36.6802500,136.6853060,http://commons.wikimedia.org/wiki/Special:FilePath/Ishikawa%20Aviation%20Plaza%202.jpg
Q11289253,ウルトラマンスタジアム,石川縣,主題公園,36.4590830,136.5092500,http://commons.wikimedia.org/wiki/Special:FilePath/Tedori%20Fish%20Land.jpg
Q123517288,太鼓の里資料館,石川縣,柏林乐器博物馆,36.4910620,136.5241200,
Q17192984,石川県金沢港大野からくり記念館,石川縣,人物紀念館,36.6189720,136.6043890,http://commons.wikimedia.org/wiki/Special:FilePath/Ono%20karakuri%20museum.jpg
Q11585980,石川縣立傳統产業工藝館,石川縣,工藝博物館,36.5611222,136.6640056,http://commons.wikimedia.org/wiki/Special:FilePath/Ishikawa%20Prefectural%20Museum%20of%20Traditional%20Arts%20and%20Crafts.jpg
Q11647504,金沢湯涌江戸村,石川縣,历史房屋博物馆,36.4907500,136.7560280,http://commons.wikimedia.org/wiki/Special:FilePath/131109%20Kanazawa%20Yuwaku%20Edomura%20Kanazawa%20Ishikawa%20pref%20Japan08bs9.jpg
Q11461143,小松市立博物館,石川縣,市立博物館,36.4088889,136.4483056,http://commons.wikimedia.org/wiki/Special:FilePath/Komatsu%20Municipal%20Museum.jpg
Q11453044,室生犀星記念館,石川縣,人物紀念館,36.5590560,136.6481940,http://commons.wikimedia.org/wiki/Special:FilePath/Muro%20Saisei%20Kinenkan%20Museum001.jpg
Q11647461,金沢市足軽資料館,石川縣,武家地,36.5661110,136.6500000,http://commons.wikimedia.org/wiki/Special:FilePath/Ashigaru%20Shiryokan%20Museum%2001.jpg
Q11417155,和倉昭和博物館とおもちゃ館,石川縣,玩具博物館,37.0798889,136.9197778,http://commons.wikimedia.org/wiki/Special:FilePath/Museum%20of%20Showa%20and%20Toy%2C%20Nanao.jpg
Q11302097,COSMO ISLE羽咋,石川縣,宇宙工学博物館,36.8981389,136.7882778,http://commons.wikimedia.org/wiki/Special:FilePath/Cosmo%20Isle%20Hakui.jpg
Q11554950,泉鏡花記念館,石川縣,人物紀念館,36.5714440,136.6630560,http://commons.wikimedia.org/wiki/Special:FilePath/%E6%B3%89%E9%8F%A1%E8%8A%B1%E8%A8%98%E5%BF%B5%E9%A4%A8004.jpg
Q107095847,七尾城史資料館,石川縣,歷史博物館,37.0246111,136.9761389,
Q20044418,小松科學之丘科學館,石川縣,科學博物館,36.4013889,136.4555556,http://commons.wikimedia.org/wiki/Special:FilePath/Science%20hills%20komatsu%20entrance.jpg
Q11586041,石川縣西田幾多郎紀念哲學館,石川縣,人物紀念館,36.7141670,136.6938890,http://commons.wikimedia.org/wiki/Special:FilePath/Nishida%20Museum.jpg
Q11579606,金城学園白山美術館,石川縣,美術館,36.5084510,136.5307170,
Q123516881,能美市九谷焼美術館,石川縣,陶瓷博物館,36.4280970,136.5209700,
Q104709142,金沢大学資料館,石川縣,大學博物館,36.5487290,136.7108260,
Q11496930,手取魚樂園,石川縣,主題樂園,36.4590830,136.5092500,http://commons.wikimedia.org/wiki/Special:FilePath/Tedori%20Fish%20Land.jpg
Q11397505,前田土佐守家資料館,石川縣,博物館,36.5624167,136.6508722,http://commons.wikimedia.org/wiki/Special:FilePath/%E5%89%8D%E7%94%B0%E5%9C%9F%E4%BD%90%E5%AE%88%E5%AE%B6%E8%B3%87%E6%96%99%E9%A4%A8001.jpg
Q130727051,懐古館（旧飯田家住宅）,石川縣,有形文化財產,37.0243320,136.9763340,
Q11625080,加賀本多博物館,石川縣,博物館,36.5590830,136.6617500,http://commons.wikimedia.org/wiki/Special:FilePath/Ishikawa-ken%20History%20Museum03s3s4272b.jpg
Q11579575,白山市立鶴来博物館,石川縣,博物館,36.4477778,136.6322500,
Q136486637,魯山人寓居跡 いろは草庵,石川縣,博物館,36.2879338,136.3606344,
Q113163171,輪島キリコ会館,石川縣,山車会館,37.3970620,136.9076550,http://commons.wikimedia.org/wiki/Special:FilePath/Wajima%20Kiriko%20Art%20Museum%20ac%20%283%29.jpg
Q97274614,和倉温泉お祭り会館,石川縣,山車会館,37.0865833,136.9187500,
Q11420187,四高記念文化交流館,石川縣,旧学校施設,36.5625000,136.6557780,http://commons.wikimedia.org/wiki/Special:FilePath/The%20Fourth%20High%20School%20Memorial%20Museum%20of%20Cultural%20Exchange%20Ishikawa.jpg
Q11585931,石川縣親睦昆蟲館,石川縣,昆虫博物館,36.4441670,136.6322220,http://commons.wikimedia.org/wiki/Special:FilePath/Ishikawa%20Insect%20Museum.jpg
Q11364345,中島祭資料館·祭傳承館,石川縣,博物館,37.1288890,136.8325000,
Q65274349,白山恐竜パーク白峰,石川縣,恐竜公園,36.2036944,136.6256111,
Q43064611,金沢蓄音器館,石川縣,博物館,36.5713056,136.6627222,http://commons.wikimedia.org/wiki/Special:FilePath/Kanazawa%20Phonograph%20Museum%2002.jpg
Q30923413,人間国宝美術館,神奈川縣,美術館,35.1531361,139.1106917,
Q11270320,そごう美術館,神奈川縣,美術館,35.4655556,139.6253056,http://commons.wikimedia.org/wiki/Special:FilePath/Yokohama%20Shitoshi%20Bld.jpg
Q11543551,橫須賀美術館,神奈川縣,美術館,35.2594420,139.7379360,http://commons.wikimedia.org/wiki/Special:FilePath/Yokosuka%20Museum%20of%20Art%202009.jpg
Q11478412,川崎市市民博物館,神奈川縣,市立博物館,35.5885830,139.6472500,http://commons.wikimedia.org/wiki/Special:FilePath/Kawasaki%20City%20Museum.jpg
Q11415860,向丘遊園地,神奈川縣,主題樂園,35.6088890,139.5719440,http://commons.wikimedia.org/wiki/Special:FilePath/Mukogaokayuen%200208228as.jpg
Q11543025,横浜市民ギャラリー,神奈川縣,美術館,35.4494440,139.6269440,http://commons.wikimedia.org/wiki/Special:FilePath/Yokohama%20Civic%20Art%20Gallery.JPG
Q1134422,箱根雕刻森林美術館,神奈川縣,美術館,35.2447194,139.0515056,http://commons.wikimedia.org/wiki/Special:FilePath/Hakone5.jpg
Q3192586,金澤文庫,神奈川縣,歷史博物館,35.3439100,139.6287500,http://commons.wikimedia.org/wiki/Special:FilePath/%E7%A5%9E%E5%A5%88%E5%B7%9D%E7%9C%8C%E7%AB%8B%E9%87%91%E6%B2%A2%E6%96%87%E5%BA%AB%20-%20panoramio%20%281%29.jpg
Q11478345,川崎・砂子の里資料館,神奈川縣,美術館,35.5320280,139.7018330,
Q11262875,橫濱宇宙樂園,神奈川縣,主題樂園,35.4552030,139.6366810,http://commons.wikimedia.org/wiki/Special:FilePath/Yokohama-Japon112.JPG
Q24876689,山内龍雄芸術館,神奈川縣,人物紀念館,35.3420278,139.4653889,http://commons.wikimedia.org/wiki/Special:FilePath/%E5%B1%B1%E5%86%85%E9%BE%8D%E9%9B%84%E8%8A%B8%E8%A1%93%E9%A4%A8%E3%81%AE%E5%A4%96%E8%A6%B3.jpg
Q61058198,町立湯河原美術館,神奈川縣,美術館,35.1481667,139.0710278,http://commons.wikimedia.org/wiki/Special:FilePath/Yugawara%20Art%20Museum.JPG
Q864499,新橫濱拉麵博物館,神奈川縣,主題樂園,35.5098740,139.6145370,http://commons.wikimedia.org/wiki/Special:FilePath/Shin-Yokohama%20Raumen%20Museum%20DSCN3985.jpg
Q24807748,平塚市美術館,神奈川縣,美術館,35.3380790,139.3475950,http://commons.wikimedia.org/wiki/Special:FilePath/Hiratsuka%20MOA.JPG
Q11603346,箱根ガラスの森美術館,神奈川縣,美術館,35.2662780,139.0177500,http://commons.wikimedia.org/wiki/Special:FilePath/Hakone%20Venetian%20Glass%20Museum.jpg
Q861588,橫濱美術館,神奈川縣,美術館,35.4571000,139.6310000,http://commons.wikimedia.org/wiki/Special:FilePath/Yokohama%20Museum%20of%20Art%202009.jpg
Q11603353,箱根拉利克博物館,神奈川縣,人物紀念館,35.2695640,139.0091640,http://commons.wikimedia.org/wiki/Special:FilePath/170721%20Lalique%20Museum%20Hakone%20Japan04n.jpg
Q22119727,中川一政美術館,神奈川縣,美術館,35.1444444,139.1516667,http://commons.wikimedia.org/wiki/Special:FilePath/Nakagawa.JPG
Q7686506,川崎市冈本太郎美术馆,神奈川縣,人物紀念館,35.6076000,139.5570000,http://commons.wikimedia.org/wiki/Special:FilePath/Taro%20Okamoto%20Museum5.jpg
Q10855979,成川美術館,神奈川縣,美術館,35.2000280,139.0311580,http://commons.wikimedia.org/wiki/Special:FilePath/230909%20Narukawa%20Art%20Museum%20Hakone%20Japan05s3.jpg
Q11644400,酔鯨館,神奈川縣,美術館,35.3207778,139.5754167,http://commons.wikimedia.org/wiki/Special:FilePath/Suigeikan.jpg
Q11388213,光と緑の美術館,神奈川縣,美術館,35.5642860,139.3636830,
Q11531611,松永記念館,神奈川縣,美術館,35.2490280,139.1414720,http://commons.wikimedia.org/wiki/Special:FilePath/R%C5%8Dky%C5%8Ds%C5%8D.jpg
Q863153,橫濱八景島海洋公園,神奈川縣,主題樂園,35.3374417,139.6473333,http://commons.wikimedia.org/wiki/Special:FilePath/Yokohama%20Hakkeijima%20Sea%20Paradise.jpg
Q127432181,中村正義の美術館,神奈川縣,美術館,35.6225000,139.5133333,
Q104967760,茅崎市美術館,神奈川縣,美術館,35.3261944,139.4062778,http://commons.wikimedia.org/wiki/Special:FilePath/Chigasaki%20City%20Art%20museum.jpg
Q11543026,横浜市民ギャラリーあざみ野,神奈川縣,美術館,35.5649444,139.5539444,http://commons.wikimedia.org/wiki/Special:FilePath/Art%20Forum%20Azamino%202025.jpg
Q48763537,藤泽市藤泽浮世绘馆,神奈川縣,美術館,35.3406111,139.4477778,
Q1574475,POLA美術館,神奈川縣,美術館,35.2567110,139.0211450,http://commons.wikimedia.org/wiki/Special:FilePath/191103%20Pola%20Museum%20of%20Art%20Hakone%20Japan02s3.jpg
Q17224006,岡田美術館,神奈川縣,美術館,35.2380833,139.0461111,http://commons.wikimedia.org/wiki/Special:FilePath/251122%20Okada%20Museum%20of%20Art%20Hakone%20Japan03s3.jpg
Q11346041,ヨコハマ猫の美術館,神奈川縣,美術館,35.4385278,139.6502500,http://commons.wikimedia.org/wiki/Special:FilePath/Yokohama%20Cat%20Museum.jpg
Q7827637,東芝未來科學館,神奈川縣,科學博物館,35.5318583,139.6930556,http://commons.wikimedia.org/wiki/Special:FilePath/Lazona%20Kawasaki%20Toshiba%20Building.jpg
Q11499008,放送圖書館,神奈川縣,archival material,35.4462220,139.6428890,http://commons.wikimedia.org/wiki/Special:FilePath/Yokohama%20Media%20and%20Communications%20Center%2020100619-001.jpg
Q17230652,ヨコハマおもしろ水族館,神奈川縣,水族館,35.4429440,139.6445830,http://commons.wikimedia.org/wiki/Special:FilePath/Yokohama%20Fortune%20Aquarium.jpg
Q102045963,赤坂弥生学習室,神奈川縣,設施,35.1866944,139.6295278,
Q8054641,橫濱兒童科學館,神奈川縣,兒童博物館,35.3771000,139.5950000,http://commons.wikimedia.org/wiki/Special:FilePath/Yokohama%20Science%20Center.JPG
Q110937150,史跡田名向原遺跡旧石器時代学習館,神奈川縣,考古博物館,35.5290556,139.3559444,
Q11542858,橫濱Sky Walk,神奈川縣,步行者專用道路,35.4588611,139.6762778,http://commons.wikimedia.org/wiki/Special:FilePath/Yokohama-Skywalk%2CSkytower.JPG
Q696891,三笠號戰艦,神奈川縣,前無畏艦,35.2850000,139.6741667,http://commons.wikimedia.org/wiki/Special:FilePath/Yokosuka-mikasa-08-2010.png
Q11542838,橫濱港博物館,神奈川縣,港口博物館,35.4536670,139.6330000,http://commons.wikimedia.org/wiki/Special:FilePath/Yokohama%20Port%20Museum%202022%20-%2002.jpg
Q11528262,東芝科学館,神奈川縣,公司博物館,35.5500000,139.6930560,http://commons.wikimedia.org/wiki/Special:FilePath/TOSHIBA%20research%20and%20development%20center%20Komukaitoshiba.jpg
Q39048210,日産ヘリテージコレクション,神奈川縣,汽車博物館,35.4941790,139.4250340,
Q2496472,橫濱麵包超人兒童博物館暨購物中心,神奈川縣,商場,35.4630556,139.6287222,http://commons.wikimedia.org/wiki/Special:FilePath/Yokohama%20Anpanman%20Children%27s%20Museum%202019%20-%2003.jpg
Q7040952,日産エンジン博物館,神奈川縣,公司博物館,35.4818056,139.6621944,http://commons.wikimedia.org/wiki/Special:FilePath/NissanGuesthall.jpg
Q11589135,神奈川县立生命之星·地球博物馆,神奈川縣,都道府县立博物馆,35.2392220,139.1212500,http://commons.wikimedia.org/wiki/Special:FilePath/Kanagawa%20Prefectural%20Museum%20of%20Natural%20History1.jpg
Q116205305,観音崎自然博物館,神奈川縣,自然歷史博物館,35.2520000,139.7424444,http://commons.wikimedia.org/wiki/Special:FilePath/Kannonzaki%20Park%2003.jpg
Q123466798,旧ウィトリッヒ邸,神奈川縣,建成遗产,35.4058333,139.5299167,
Q11409250,厚木市兒童科學館,神奈川縣,科學博物館,35.4410810,139.3664100,http://commons.wikimedia.org/wiki/Special:FilePath/Atsugi%20city%20plaza%2020161002.jpg
Q65263796,小田原文学馆,神奈川縣,文學館,35.2447778,139.1537222,http://commons.wikimedia.org/wiki/Special:FilePath/%E7%94%B0%E4%B8%AD%E5%85%89%E9%A1%95%E9%82%B8.jpg
Q11257362,安藤百福發明紀念館,神奈川縣,公司博物館,35.4554720,139.6388610,http://commons.wikimedia.org/wiki/Special:FilePath/Cupnoodles-Museum-Yokohama.jpg
Q113547154,茅ヶ崎市民俗資料館,神奈川縣,民俗博物館,35.3624167,139.4124722,
Q1207989,橫濱海洋塔,神奈川縣,觀光塔,35.4439300,139.6509000,http://commons.wikimedia.org/wiki/Special:FilePath/Yokohama%20Marine%20Tower%202022%20-%2001.jpg
Q20043481,大山街道ふるさと館,神奈川縣,交通博物館,35.6034780,139.6127180,http://commons.wikimedia.org/wiki/Special:FilePath/%E5%B7%9D%E5%B4%8E%E5%B8%82%E5%A4%A7%E5%B1%B1%E8%A1%97%E9%81%93%E3%81%B5%E3%82%8B%E3%81%95%E3%81%A8%E9%A4%A8.JPG
Q5214583,镰仓文学馆,神奈川縣,历史房屋博物馆,35.3156000,139.5389444,http://commons.wikimedia.org/wiki/Special:FilePath/Literature%20Museum%20kamakura.jpg
Q11550565,江之岛展望灯台,神奈川縣,觀光塔,35.2997220,139.4783330,http://commons.wikimedia.org/wiki/Special:FilePath/Enoshima%20Sea%20Candle%201.jpg
Q131011021,京急ミュージアム,神奈川縣,公司博物館,35.4635979,139.6267257,http://commons.wikimedia.org/wiki/Special:FilePath/Keikyu%20Group%20Headquarters%2003%20%28KEIKYU%20MUSEUM%29.jpg
Q11660619,電車與巴士的博物館,神奈川縣,鐵路博物館,35.5878580,139.5923860,http://commons.wikimedia.org/wiki/Special:FilePath/Tokyu%20Train%20and%20Bus%20Museum.jpg
Q11573589,理科HOUSE,神奈川縣,科學博物館,35.3027222,139.5918056,
Q843426,宇宙時鐘21,神奈川縣,摩天輪,35.4554000,139.6370000,http://commons.wikimedia.org/wiki/Special:FilePath/CosmoClock21%202006-05-21.JPG
Q102045964,赤星直忠博士文化財資料館,神奈川縣,人物紀念館,35.2282778,139.6204722,
Q107638557,横浜市三殿台考古館,神奈川縣,考古博物館,35.4211111,139.6107778,http://commons.wikimedia.org/wiki/Special:FilePath/%E6%A8%AA%E6%B5%9C%E5%B8%82%E4%B8%89%E6%AE%BF%E5%8F%B0%E8%80%83%E5%8F%A4%E9%A4%A8.jpg
Q11374325,京急油壺海洋公園,神奈川縣,水族館,35.1614720,139.6125560,http://commons.wikimedia.org/wiki/Special:FilePath/A-marinepark-01.JPG
Q23905885,Orbi Yokohama,神奈川縣,主題公園,35.4572500,139.6321944,http://commons.wikimedia.org/wiki/Special:FilePath/Orbi%20Yokohama%2002.JPG
Q105438533,橫濱鋼彈工廠,神奈川縣,主題公園,35.4467110,139.6540782,http://commons.wikimedia.org/wiki/Special:FilePath/GUNDAM%20FACTORY%20YOKOHAMA%202023.jpg
Q30924159,いすゞプラザ,神奈川縣,公司博物館,35.3988889,139.4566667,http://commons.wikimedia.org/wiki/Special:FilePath/Isuzu%20Plaza%202017%20March.jpg
Q30928683,神奈川県埋蔵文化財センター,神奈川縣,考古博物館,35.4331944,139.6276667,
Q104103957,浪漫特快博物館,神奈川縣,建築物,35.4530556,139.3901667,http://commons.wikimedia.org/wiki/Special:FilePath/ROMANCECAR%20MUSEUM%2020210423.jpg
Q97169050,カワスイ 川崎水族館,神奈川縣,水族館,35.5296111,139.6963056,
Q6956071,日本邮船历史博物馆,神奈川縣,公司博物館,35.4502778,139.6394444,http://commons.wikimedia.org/wiki/Special:FilePath/NYK%20maritime%20museum01s3200.jpg
Q11357023,三菱みなとみらい技術館,神奈川縣,公司博物館,35.4558610,139.6298890,
Q11502657,新江之島水族館,神奈川縣,水族館,35.3096670,139.4798890,http://commons.wikimedia.org/wiki/Special:FilePath/New%20Enoshima%20Aquarium.JPG
Q135456670,Kawakita Memorial Film Institute,神奈川縣,電影博物館,35.3242700,139.5525000,http://commons.wikimedia.org/wiki/Special:FilePath/Kawakita%20Filmmuseum%20in%20Kamakura.jpg
Q7398960,相模原Campus (JAXA),神奈川縣,科學博物館,35.5583333,139.3952778,http://commons.wikimedia.org/wiki/Special:FilePath/Front%20Entrance%20to%20ISAS.jpeg
Q8054623,横浜税関資料展示室,神奈川縣,海關博物館,35.4495000,139.6420000,http://commons.wikimedia.org/wiki/Special:FilePath/Yokohama%20Customs%20Museum%20%2815711879357%29.jpg
Q132181320,ポケパーク カントー,神奈川縣,主題公園,35.6257458,139.5204260,
Q11582155,相模川ふれあい科学館,神奈川縣,科學博物館,35.5474170,139.3288890,http://commons.wikimedia.org/wiki/Special:FilePath/%E5%A4%96%E8%A6%B3%EF%BC%88%E6%96%9C%EF%BC%89.jpg
Q11438299,大磯長灘,神奈川縣,水上遊樂園,35.3016667,139.2833333,http://commons.wikimedia.org/wiki/Special:FilePath/OISO.jpg
Q108581210,池子遺跡群資料館,神奈川縣,考古博物館,35.3062778,139.5871944,http://commons.wikimedia.org/wiki/Special:FilePath/Ikego%20Artifacts%20Museum%EF%BC%88%E6%B1%A0%E5%AD%90%E9%81%BA%E8%B7%A1%E7%BE%A4%E8%B3%87%E6%96%99%E9%A4%A8%EF%BC%89.jpg
Q11543182,橫濱市電保存館,神奈川縣,電車博物館,35.4204861,139.6245694,http://commons.wikimedia.org/wiki/Special:FilePath/Yokohama-Tramport-00.jpg
Q11432376,大佛次郎纪念馆,神奈川縣,人物紀念館,35.4393060,139.6552500,http://commons.wikimedia.org/wiki/Special:FilePath/The%20Osaragi%20Jiro%20Memorial%20musieum%20Out.jpg
Q11582112,相模原市立博物館,神奈川縣,市立博物館,35.5592694,139.3930611,http://commons.wikimedia.org/wiki/Special:FilePath/Hayabusa-5.jpg
Q11614758,蘆之湖遊覽船,神奈川縣,游览船,35.2340730,138.9978321,http://commons.wikimedia.org/wiki/Special:FilePath/AshinokoYuransen8382.jpg
Q11589405,神奈川近代文学馆,神奈川縣,文學館,35.4386389,139.6560833,http://commons.wikimedia.org/wiki/Special:FilePath/Kanabun004.jpg
Q21652572,海老名市温故館,神奈川縣,地方政府大樓,35.4540833,139.3973611,http://commons.wikimedia.org/wiki/Special:FilePath/Ebinashi%20onkokan.JPG
Q113415666,茅ヶ崎市博物館,神奈川縣,市立博物館,35.3633333,139.4125000,http://commons.wikimedia.org/wiki/Special:FilePath/Chigasaki%20City%20Museum%20-%202024%20May%203%20various%2022%2010%2041%20339000.jpg
Q6156562,海上保安資料館横浜館,神奈川縣,海事博物館,35.4543056,139.6443056,http://commons.wikimedia.org/wiki/Special:FilePath/Kousaku%20sen.JPG
Q5365233,神奈川县立历史博物馆,神奈川縣,都道府县立博物馆,35.4492000,139.6360000,http://commons.wikimedia.org/wiki/Special:FilePath/Kanagawa%20Prefectural%20Museum%20of%20Cultural%20History%202009.jpg
Q5363525,鐵皮玩具博物館,神奈川縣,玩具博物館,35.4383139,139.6543944,http://commons.wikimedia.org/wiki/Special:FilePath/Tintoy%20museum.JPG
Q104708570,平塚市博物館,神奈川縣,市立博物館,35.3368360,139.3486470,http://commons.wikimedia.org/wiki/Special:FilePath/Hiratsuka%20City%20Museum.jpg
Q11262871,横浜人形の家,神奈川縣,人形博物館,35.4431667,139.6521111,http://commons.wikimedia.org/wiki/Special:FilePath/YokohamaDollHouse.JPG
Q30932992,鎌倉歴史文化交流館,神奈川縣,地方文化館,35.3223750,139.5476528,http://commons.wikimedia.org/wiki/Special:FilePath/Kamakura%20Museum%20of%20History%20%26%20Culture%201.jpg
Q124956468,ふじさわ宿交流館,神奈川縣,游客中心,35.3465500,139.4873000,http://commons.wikimedia.org/wiki/Special:FilePath/%E3%81%B5%E3%81%98%E3%81%95%E3%82%8F%E5%AE%BF%E4%BA%A4%E6%B5%81%E9%A4%A8.jpg
Q100269008,あつぎ郷土博物館,神奈川縣,地方文化館,35.4953611,139.3495000,
Q48746867,御林展望公園,神奈川縣,公園,35.1438889,139.1508333,
Q3330314,镰仓国宝馆,神奈川縣,市立博物館,35.3246670,139.5570360,http://commons.wikimedia.org/wiki/Special:FilePath/Kamakura%20Museum%20of%20National%20Treasures%20panoramic.jpg
Q30929285,横浜市八聖殿郷土資料館,神奈川縣,地方文化館,35.4151111,139.6649722,http://commons.wikimedia.org/wiki/Special:FilePath/Yokohama%20Hasseiden%20Local%20museum.jpg
Q11478414,川崎市和平馆,神奈川縣,和平博物館,35.5687444,139.6590000,http://commons.wikimedia.org/wiki/Special:FilePath/Japanese%20Kawasaki%20Peace%20Museum.jpg
Q98381287,横滨海洋科学博物馆,神奈川縣,海事博物館,35.4438889,139.6508333,http://commons.wikimedia.org/wiki/Special:FilePath/Yokohama%20Marine%20Tower%2001.JPG
Q11462975,小田原市鄉土文化館,神奈川縣,地方文化館,35.2496940,139.1549170,http://commons.wikimedia.org/wiki/Special:FilePath/%E5%B0%8F%E7%94%B0%E5%8E%9F%E5%B8%82%E9%83%B7%E5%9C%9F%E6%96%87%E5%8C%96%E9%A4%A8.jpg
Q11589187,神奈川縣立近代美術館,神奈川縣,都道府县立博物馆,35.3246970,139.5547860,http://commons.wikimedia.org/wiki/Special:FilePath/The%20Museum%20of%20Modern%20Art%2C%20Kamakura%202009.jpg
Q104708393,大磯町郷土資料館,神奈川縣,地方文化館,35.3053810,139.2908820,http://commons.wikimedia.org/wiki/Special:FilePath/%E5%A4%A7%E7%A3%AF%E7%94%BA%E9%83%B7%E5%9C%9F%E8%B3%87%E6%96%99%E9%A4%A8%E5%85%A5%E5%8F%A3.jpg
Q11628518,西村京太郎紀念館,神奈川縣,人物紀念館,35.1407280,139.0913580,http://commons.wikimedia.org/wiki/Special:FilePath/Nishimura%20Kyotaro%20Museum-P1010867.JPG
Q18515604,箱根小王子博物館,神奈川縣,人物紀念館,35.2666667,139.0131944,http://commons.wikimedia.org/wiki/Special:FilePath/170721%20Cin%C3%A9ma%20-%20Mus%C3%A9e%20du%20Petit%20Prince%20de%20Saint-Exup%C3%A9ry%20Hakone%20Japan01s3.jpg
Q11623792,藤子·F·不二雄博物館,神奈川縣,人物紀念館,35.6100000,139.5736110,http://commons.wikimedia.org/wiki/Special:FilePath/Fujiko%EF%BD%A5F%EF%BD%A5Fujio%20Museum%20-01.jpg
Q114727484,澤田美喜記念館,神奈川縣,人物紀念館,35.3101944,139.3138056,
Q11653596,長興山のシダレザクラ,神奈川縣,一本櫻,35.2438060,139.1153610,http://commons.wikimedia.org/wiki/Special:FilePath/Weeping%20Cherry%20Tree%20in%20Ch%C5%8Dk%C5%8Dzan%20Sh%C5%8Dtai-ji%20Temple.jpg
Q120703507,有馬のハルニレ,神奈川縣,巨樹,35.4185556,139.4079444,http://commons.wikimedia.org/wiki/Special:FilePath/Arima-Harunire1.JPG
Q11284659,箱根美術館,神奈川縣,陶瓷博物館,35.2481670,139.0426670,http://commons.wikimedia.org/wiki/Special:FilePath/%E7%AE%B1%E6%A0%B9%E7%BE%8E%E8%A1%93%E9%A4%A8%E6%9C%AC%E9%A4%A8.jpg
Q6135572,横滨三塔,神奈川縣,地貌景观,35.4526000,139.6485000,http://commons.wikimedia.org/wiki/Special:FilePath/Prefectural%20office%20of%20Kanagawa.jpg
Q11588985,神奈川縣水道記念館,神奈川縣,水廠博物館,35.3715000,139.3796390,http://commons.wikimedia.org/wiki/Special:FilePath/Kanagawa%20Water%20Memorial%20Park%2001.jpg
Q8054642,シルク博物館,神奈川縣,織物博物館,35.4476000,139.6450000,http://commons.wikimedia.org/wiki/Special:FilePath/Yokohama%20Silk%20Museum%20001.JPG
Q105448979,曾我梅林,神奈川縣,觀光景點,35.2994444,139.1930556,
Q30937292,早川毘蘭樹,神奈川縣,巨樹,35.2421111,139.1373333,http://commons.wikimedia.org/wiki/Special:FilePath/Hayakawa%20no%20Biranju.jpeg
Q30929301,埋蔵文化財センター (横浜市),神奈川縣,埋藏文化財中心,35.3464444,139.5789444,http://commons.wikimedia.org/wiki/Special:FilePath/Y-MaibunCenter.jpg
Q104708681,日本新聞博物館,神奈川縣,新聞博物館,35.4462480,139.6428180,
Q22120804,橫濱歐亞文化館,神奈川縣,文化博物館,35.4462711,139.6432561,http://commons.wikimedia.org/wiki/Special:FilePath/Eurasia%20bunka%201.JPG
Q26919614,横浜水道記念館,神奈川縣,水廠博物館,35.4659250,139.5717278,http://commons.wikimedia.org/wiki/Special:FilePath/Yokohama%20waterworks%20commemoration%20hall%2001.jpg
Q11466545,山北鉄道公園,神奈川縣,鉄道公園,35.3602778,139.0786111,http://commons.wikimedia.org/wiki/Special:FilePath/%E5%B1%B1%E5%8C%97%E7%94%BA%E9%89%84%E9%81%93%E5%85%AC%E5%9C%92%E3%81%AE%E5%85%A8%E6%99%AF.JPG
Q17216274,女子美術大学美術館,神奈川縣,大学美术馆,35.5281160,139.3899600,http://commons.wikimedia.org/wiki/Special:FilePath/Joshibi%20UNIV%2002.jpg
Q111103855,都筑民家園,神奈川縣,民家園,35.5503056,139.5816944,http://commons.wikimedia.org/wiki/Special:FilePath/Residence%20of%20Nagasawa%20Family%2001.jpg
Q85869186,つる舞の里歴史資料館,神奈川縣,博物館,35.5136944,139.4542500,http://commons.wikimedia.org/wiki/Special:FilePath/Tsurumai-no-sato-historic-museum.png
Q942479,玉楠之木／橫濱開港資料館,神奈川縣,博物館,35.4475000,139.6440000,http://commons.wikimedia.org/wiki/Special:FilePath/Yokohama%20Archives%20of%20History02.jpg
Q17217536,馬之博物館,神奈川縣,博物館,35.4226670,139.6395830,http://commons.wikimedia.org/wiki/Special:FilePath/Uma%202007%2001%2028.JPG
Q4902594,橫濱市歷史博物館,神奈川縣,歷史博物館,35.5502000,139.5780000,http://commons.wikimedia.org/wiki/Special:FilePath/Yokohama%20History%20Museum%2020150201.jpg
Q17229268,東海道かわさき宿交流館,神奈川縣,社區中心,35.5324720,139.7029440,http://commons.wikimedia.org/wiki/Special:FilePath/Tokaido%20Kawasaki%20Shuku%20Koryukan%20Building.jpg
Q11660383,電気の史料館,神奈川縣,歷史博物館,35.5338870,139.6728560,http://commons.wikimedia.org/wiki/Special:FilePath/%E9%9B%BB%E6%B0%97%E3%81%AE%E5%8F%B2%E6%96%99%E9%A4%A8.jpg
Q116688571,神崎遺跡資料館,神奈川縣,博物館,35.4098148,139.4065852,http://commons.wikimedia.org/wiki/Special:FilePath/Kanzaki-Iseki6.JPG
Q58205524,大和市下鶴間ふるさと館,神奈川縣,博物館,35.5010361,139.4642222,http://commons.wikimedia.org/wiki/Special:FilePath/%E6%97%A7%E5%B0%8F%E5%80%89%E5%AE%B6%E4%BD%8F%E5%AE%85%E6%AF%8D%E5%B1%8B%EF%BC%88%E4%B8%8B%E9%B6%B4%E9%96%93%E3%81%B5%E3%82%8B%E3%81%95%E3%81%A8%E9%A4%A8%EF%BC%89.jpg
Q5653524,原鉄道模型博物館,神奈川縣,鐵路博物館,35.4630556,139.6247222,http://commons.wikimedia.org/wiki/Special:FilePath/Hara%20Model%20Railway%20Museum%20entrance%2020120711.jpg
Q101096659,はだの歴史博物館,神奈川縣,歷史博物館,35.3865556,139.1890556,
Q113141986,相模原市古民家園,神奈川縣,民家園,35.5756944,139.3113611,
Q24874945,尊徳記念館,神奈川縣,教育設施,35.3026110,139.1457220,
Q1989934,日本民家園,神奈川縣,民家園,35.6098989,139.5618904,http://commons.wikimedia.org/wiki/Special:FilePath/Kawasaki%20Nihon%20Minkaen-3.jpg
Q109826839,玉縄歴史館,神奈川縣,歷史博物館,35.3511944,139.5194444,
Q133287900,横浜山手テニス発祥記念館,神奈川縣,博物館,35.4349304,139.6483838,
Q104708749,明治大学平和教育登戸研究所資料館,神奈川縣,博物館,35.6113590,139.5470400,
Q21655117,橫濱都市發展紀念館,神奈川縣,歷史博物館,35.4462711,139.6432561,http://commons.wikimedia.org/wiki/Special:FilePath/Museum%20of%20yokohama%20urban%20history001.JPG
Q11543534,橫須賀市自然人文博物館,神奈川縣,博物館,35.2745310,139.6736130,http://commons.wikimedia.org/wiki/Special:FilePath/Yokosuka%20City%20Museum.JPG
Q137583649,西丹沢ビジターセンター,神奈川縣,遊客中心,35.4720000,139.0630000,
Q56640503,横浜・さとうのふるさと館,神奈川縣,博物館,35.4683889,139.6692222,
Q125763321,山口蓬春記念館,神奈川縣,博物館,35.2664647,139.5757545,http://commons.wikimedia.org/wiki/Special:FilePath/Research%20survey%20Hoshun%20Yamaguchi%20Memorial%20Hall%201953%201.jpg
Q111244119,箱根駅伝ミュージアム,神奈川縣,體育博物館,35.1894444,139.0248333,http://commons.wikimedia.org/wiki/Special:FilePath/%E7%AE%B1%E6%A0%B9%E9%A7%85%E4%BC%9D%E3%83%9F%E3%83%A5%E3%83%BC%E3%82%B8%E3%82%A2%E3%83%A0%202015%20%2824190623542%29.jpg
Q1072530,大野城,福井縣,博物館,35.9865880,136.4830420,http://commons.wikimedia.org/wiki/Special:FilePath/EchizenOnoCastle-01.JPG
Q11468309,山川登美子紀念館,福井縣,历史房屋博物馆,35.4985080,135.7470810,http://commons.wikimedia.org/wiki/Special:FilePath/Tomiko%20Yamakawa%20Memorial%20Museum01nt3200.jpg
Q65234430,勝山恐龍之森,福井縣,城市公園,36.0833060,136.5089720,http://commons.wikimedia.org/wiki/Special:FilePath/Katsuyama%20Dinosaur%20Forest%20Park.jpg
Q11591489,福井縣立美術館,福井縣,美術館,36.0785330,136.2152500,http://commons.wikimedia.org/wiki/Special:FilePath/Fukui%20Fine%20Arts%20Museum.jpg
Q11616614,若狹高濱ELDOLAND,福井縣,科學博物館,35.4899170,135.5893330,http://commons.wikimedia.org/wiki/Special:FilePath/Wakasa-Takahama%20Eldoland.jpg
Q30922332,おさごえ民家園,福井縣,生態博物館,36.0455833,136.1996389,http://commons.wikimedia.org/wiki/Special:FilePath/Osagoe%20minkaen.jpg
Q24874086,福井市美術館,福井縣,人物紀念館,36.0389722,136.2342778,http://commons.wikimedia.org/wiki/Special:FilePath/FUKUI%20CITY%20ART%20MUSEUM.jpg
Q53997661,若狹三方繩文博物館,福井縣,考古博物館,35.5587500,135.8963333,http://commons.wikimedia.org/wiki/Special:FilePath/Wakasa%20Mikata%20Jomon%20Museum%20exterior%20view.jpg
Q122980340,旧敦賀港駅ランプ小屋,福井縣,鐵路博物館,35.6632189,136.0757556,http://commons.wikimedia.org/wiki/Special:FilePath/TsurugaMinatoEkiLump%20inner.jpg
Q55869477,かこさとし ふるさと絵本館「砳」,福井縣,繪本博物館,35.8959167,136.1569444,http://commons.wikimedia.org/wiki/Special:FilePath/Kako%20Satoshi%20Furusato%20Ehonkan%20exterior%20ac%20%281%29.jpg
Q17230044,福井縣立若狹歷史博物館,福井縣,都道府县立博物馆,35.4841500,135.7849083,http://commons.wikimedia.org/wiki/Special:FilePath/Wakasa%20history%20museum.JPG
Q3247157,福井縣立恐龍博物館,福井縣,古生物博物馆,36.0829090,136.5066660,http://commons.wikimedia.org/wiki/Special:FilePath/Fukui%20Prefectural%20Dinosaur%20Museum%2020231217.jpg
Q11511060,旧敦賀港駅舎,福井縣,站房,35.6607780,136.0728060,http://commons.wikimedia.org/wiki/Special:FilePath/Tsuruga%20Railway%20Museum%20ac%20%282%29.jpg
Q24873808,福井県立こども歴史文化館,福井縣,兒童博物館,36.0615833,136.2341111,http://commons.wikimedia.org/wiki/Special:FilePath/Fukui%20Childrens%20Museum.jpg
Q11591435,福井縣兒童科學館,福井縣,科學博物館,36.1314722,136.2163611,http://commons.wikimedia.org/wiki/Special:FilePath/Angelland-Fukui.jpg
Q11647566,金津創作の森,福井縣,美術館,36.2306667,136.2612222,http://commons.wikimedia.org/wiki/Special:FilePath/Kanaz%20Forest%20of%20Creation.JPG
Q11636428,越前松島水族館,福井縣,水族館,36.2530550,136.1471920,http://commons.wikimedia.org/wiki/Special:FilePath/Matsushima%20Aquarium2.JPG
Q11278809,坂井市龍翔博物館,福井縣,地方文化館,36.2199530,136.1512940,http://commons.wikimedia.org/wiki/Special:FilePath/Mikuni-ryushokan05b4592.jpg
Q11400239,勝山城博物館,福井縣,博物館,36.0427780,136.5208330,http://commons.wikimedia.org/wiki/Special:FilePath/Katsuyama%20Castle%20Museum%202002-06-10.jpg
Q11591308,福井市橘曙覧紀念文學館,福井縣,人物紀念館,36.0597560,136.2112060,http://commons.wikimedia.org/wiki/Special:FilePath/Fukui%20City%20Akemi%20Tachibana%20Literature%20Memorial%20Museum01bs4592.jpg
Q11605497,紙わらべ資料館,福井縣,人形博物館,35.6562780,136.0668890,http://commons.wikimedia.org/wiki/Special:FilePath/Kamiwarabe%20museum01s3872.jpg
Q21654086,一筆啟上 日本最短書信館,福井縣,博物館,36.1536560,136.2748330,http://commons.wikimedia.org/wiki/Special:FilePath/Japanese%20best%20is%20short%20201512.jpg
Q109358313,越前竹人形之里,福井縣,人形博物館,36.1081944,136.3246944,http://commons.wikimedia.org/wiki/Special:FilePath/Echizentakeningyonosato.jpg
Q47419034,人道の港敦賀ムゼウム,福井縣,海事博物館,35.6627778,136.0734444,http://commons.wikimedia.org/wiki/Special:FilePath/Port%20of%20Humanity%20Tsuruga%20Museum%202022.jpg
Q56465338,福井縣年縞博物館,福井縣,都道府县立博物馆,35.5590556,135.8972778,http://commons.wikimedia.org/wiki/Special:FilePath/Fukui%20Prefectural%20Varve%20Museum%20Exterior%20View.jpg
Q109604125,めがねミュージアム,福井縣,博物館,35.9426667,136.1988333,
Q21654393,福井市自然史博物館,福井縣,自然歷史博物館,36.0566417,136.2095528,http://commons.wikimedia.org/wiki/Special:FilePath/Fukui%20city%20museum%20of%20natural%20history.jpg
Q114000072,東尋坊タワー,福井縣,塔式建築,36.2360278,136.1281944,http://commons.wikimedia.org/wiki/Special:FilePath/Japan%20Tojinbo21nt3200.jpg
Q11614659,芝政世界,福井縣,主題公園,36.2507560,136.1761560,
Q15557985,福井県立一乗谷朝倉氏遺跡博物館,福井縣,都道府县立博物馆,36.0151389,136.2989444,http://commons.wikimedia.org/wiki/Special:FilePath/Ichijodani%20Asakura%20Family%20Site%20Museum%20%28new%29.jpg
Q21015404,若州一滴文庫,福井縣,文學館,35.4646389,135.6073889,http://commons.wikimedia.org/wiki/Special:FilePath/150725%20Jakushu%20Itteki-bunko%20Ooi%20Fukui%20pref%20Japan01s3.jpg
Q11591310,福井市水道紀念館,福井縣,水泵房,36.0586640,136.2113250,http://commons.wikimedia.org/wiki/Special:FilePath/Fukui-shi%20suido-kinenkan03n4592.jpg
Q11591483,福井県立歴史博物館,福井縣,都道府县立博物馆,36.0830556,136.2222222,http://commons.wikimedia.org/wiki/Special:FilePath/Fukui%20prefectural%20museum%20of%20cultural%20history.jpg
Q122285338,越前和紙の里美術館,福井縣,美術館,35.9100680,136.2461390,http://commons.wikimedia.org/wiki/Special:FilePath/%E8%B6%8A%E5%89%8D%E5%92%8C%E7%B4%99%E3%81%AE%E9%87%8C%E7%BE%8E%E8%A1%93%E9%A4%A8.jpg
Q11591369,福井市立鄉土歷史博物館,福井縣,地方文化館,36.0683170,136.2228970,http://commons.wikimedia.org/wiki/Special:FilePath/Fukui%20City%20History%20Museum01nt3200.jpg
Q11591305,福井市愛宕坂茶道美術館,福井縣,美術館,36.0599890,136.2111330,http://commons.wikimedia.org/wiki/Special:FilePath/Fukui%20City%20Atagozaka%20Tea%20Ceremony%20Museum01bs3200.jpg
Q11279138,みなとつるが山車会館,福井縣,山車会館,35.6568060,136.0688890,http://commons.wikimedia.org/wiki/Special:FilePath/Minato%20Tsuruga%20yama%20hall01s3200.jpg
Q11313163,スポーツ・ミュージアム山田コレクション,福井縣,博物館,36.0536111,136.2337500,
Q11499542,旧大和田銀行本店本館,福井縣,市立博物館,35.6565000,136.0687500,http://commons.wikimedia.org/wiki/Special:FilePath/Tsuruga%20Municipal%20Museum%20ac%20%281%29.jpg
Q11636403,越前がにミュージアム,福井縣,博物館,35.9200170,135.9983330,http://commons.wikimedia.org/wiki/Special:FilePath/Echizengani%20museum.JPG
Q19946369,九州大学医学歴史館,福岡縣,大學博物館,33.6074840,130.4164530,http://commons.wikimedia.org/wiki/Special:FilePath/Kyushu%20University%20Medical%20History%20Museum%2020181101.jpg
Q11401264,北原白秋記念館,福岡縣,人物紀念館,33.1588900,130.3941700,http://commons.wikimedia.org/wiki/Special:FilePath/Memorial%20Museum%20of%20Kitahara%20Hakushu%2020141111.JPG
Q17210881,北九州市立松本清張紀念館,福岡縣,人物紀念館,33.8838889,130.8725000,http://commons.wikimedia.org/wiki/Special:FilePath/140721%20Matsumoto%20Seicho%20Memorial%20Museum%20Kitakyushu%20Japan01bs3.jpg
Q11592587,福岡縣立美術館,福岡縣,都道府县立博物馆,33.5973060,130.3987500,http://commons.wikimedia.org/wiki/Special:FilePath/Fukuoka%20Museum%20of%20Art.JPG
Q11380926,伊都團歷史博物館,福岡縣,考古博物館,33.5362780,130.2517780,http://commons.wikimedia.org/wiki/Special:FilePath/Ito-koku-History-Museum.jpg
Q11598468,童話館,福岡縣,美術館,32.7521940,129.8738330,
Q11401262,北原白秋生家,福岡縣,历史房屋博物馆,33.1589720,130.3940580,http://commons.wikimedia.org/wiki/Special:FilePath/Hakushu%20Kitahara01s3200.jpg
Q132173876,大川市立清力美術館,福岡縣,美術館,33.2382780,130.3874290,http://commons.wikimedia.org/wiki/Special:FilePath/Okawa%20City%20Seiriki%20Art%20Museum%20front.jpg
Q1568000,博多港塔,福岡縣,通讯塔,33.6044444,130.3977778,http://commons.wikimedia.org/wiki/Special:FilePath/Baysideplace001.jpg
Q3330163,福岡亞洲美術館,福岡縣,アジア美術館,33.5950280,130.4059170,http://commons.wikimedia.org/wiki/Special:FilePath/%E5%8D%9A%E5%A4%9A%E3%83%AA%E3%83%90%E3%83%AC%E3%82%A4%E3%83%B3%E3%83%A2%E3%83%BC%E3%83%AB%20by%20TAKASHIMAYA.JPG
Q11592423,福岡東洋陶磁美術館,福岡縣,陶瓷博物館,33.5522310,130.3632970,http://commons.wikimedia.org/wiki/Special:FilePath/Fukuoka%20Oriental%20Ceramics%20Museum%2020170720.jpg
Q122973288,福岡市下水道博物館,福岡縣,建築物,33.5915556,130.4104722,http://commons.wikimedia.org/wiki/Special:FilePath/Pomplaza%20Hall%208-3%20Gionmachi%20Hakata-ku%20Fukuoka%2020230801.jpg
Q3297769,北九州市立美術館,福岡縣,美術館,33.8698611,130.8265278,http://commons.wikimedia.org/wiki/Special:FilePath/Kitakyushu%20Municipal%20Museum%20of%20Art%2020090728.JPG
Q11370311,九州産業大学美術館,福岡縣,大学美术馆,33.6719440,130.4433060,http://commons.wikimedia.org/wiki/Special:FilePath/Kyushu%20Sangyo%20Univ%20Art%20Museum.JPG
Q11576742,田川市美術館,福岡縣,美術館,33.6439444,130.8062778,http://commons.wikimedia.org/wiki/Special:FilePath/Tagawa-city%20culture%20area%20Tagawa%20Museum%20of%20Art%201.jpg
Q124867042,北九州市科学館,福岡縣,科學博物館,33.8716667,130.8086111,
Q11400953,北九州市立自然史・歷史博物館,福岡縣,自然歷史博物館,33.8691720,130.8085470,http://commons.wikimedia.org/wiki/Special:FilePath/Kitakyusyu%20museum%20of%20natural%20history%20and%20human%20history.JPG
Q132946169,広川町古墳公園資料館,福岡縣,考古博物館,33.2381450,130.5176270,http://commons.wikimedia.org/wiki/Special:FilePath/%E5%BA%83%E5%B7%9D%E7%94%BA%E5%8F%A4%E5%A2%B3%E5%85%AC%E5%9C%92%E8%B3%87%E6%96%99%E9%A4%A8.JPG
Q116767986,織田廣喜美術館,福岡縣,美術館,33.5633250,130.7116470,http://commons.wikimedia.org/wiki/Special:FilePath/Hiroki%20Oda%20Art%20Museum%2001.jpg
Q11558907,海峽戲劇船,福岡縣,レトロテーマパーク,33.9440000,130.9566940,http://commons.wikimedia.org/wiki/Special:FilePath/Dramaship.jpg
Q575508,王貞治ベースボールミュージアム,福岡縣,人物紀念館,33.5951667,130.3619167,http://commons.wikimedia.org/wiki/Special:FilePath/%E7%8E%8B%E8%B2%9E%E6%B2%BB%E3%83%99%E3%83%BC%E3%82%B9%E3%83%9C%E3%83%BC%E3%83%AB%E3%83%9F%E3%83%A5%E3%83%BC%E3%82%B8%E3%82%A2%E3%83%A0%20-%20panoramio.jpg
Q907464,天空之夢福岡,福岡縣,摩天輪,33.5956845,130.3225279,http://commons.wikimedia.org/wiki/Special:FilePath/SkyDreamFukuoka%20%26%20EvergreenMarinoa.jpg
Q3073273,福岡市美術館,福岡縣,美術館,33.5838889,130.3798056,http://commons.wikimedia.org/wiki/Special:FilePath/Fukuoka%20art%20museum.JPG
Q28684107,松永文庫,福岡縣,電影博物館,33.9434658,130.9574103,http://commons.wikimedia.org/wiki/Special:FilePath/Kyuudairen.jpg
Q132173864,伊都郷土美術館,福岡縣,美術館,33.5605320,130.2046570,http://commons.wikimedia.org/wiki/Special:FilePath/Ito%20Art%20Museum.jpg
Q132173914,筑後市郷土資料館,福岡縣,市立博物館,33.1987260,130.4862470,http://commons.wikimedia.org/wiki/Special:FilePath/Chikugo%20City%20Museum%2020161102.jpg
Q168754,太空世界,福岡縣,已廢止組織,33.8735200,130.8121500,http://commons.wikimedia.org/wiki/Special:FilePath/Space%20World%2001.jpg
Q11437770,大牟田市石炭産業科学館,福岡縣,科學博物館,33.0310833,130.4243889,http://commons.wikimedia.org/wiki/Special:FilePath/Omuta%20City%20Coal%20Industrial%20Science%20Museum%2020170717.jpg
Q11592224,福岡市博物館,福岡縣,市立博物館,33.5897500,130.3530833,http://commons.wikimedia.org/wiki/Special:FilePath/FukuokaCity%20Museum%202018.jpg
Q124309635,旧三浦家住宅,福岡縣,历史房屋博物馆,33.5936111,130.4113889,http://commons.wikimedia.org/wiki/Special:FilePath/Former%20Miura%20Residence%20the%20fa%C3%A7ade%20Reisenmachi%20Hakata-ku%20Fukuoka%2020240119.jpg
Q11592225,福岡市埋藏文化財中心,福岡縣,埋藏文化財中心,33.5554840,130.4625330,http://commons.wikimedia.org/wiki/Special:FilePath/Fukuoka%20City%20Archaeology%20Center.jpg
Q11602784,筑前町立大刀洗平和紀念館,福岡縣,和平博物館,33.4123330,130.6195280,http://commons.wikimedia.org/wiki/Special:FilePath/Chikuzen%20municipal%20Tachiarai%20peace%20memorial%20hall.JPG
Q10889644,元寇史料館,福岡縣,歷史博物館,33.6072083,130.4203917,http://commons.wikimedia.org/wiki/Special:FilePath/%E5%85%83%E5%AF%87%E5%8F%B2%E6%96%99%E9%A4%A82.jpg
Q125801404,博多歴史の散歩道,福岡縣,戶外博物館,33.5969444,130.4108333,
Q11400906,北九州創新館,福岡縣,科技博物館,33.8688639,130.8060833,http://commons.wikimedia.org/wiki/Special:FilePath/Kitakyushu%20Innovation%20Gallery%20and%20Studio.JPG
Q11592228,福岡市文學館,福岡縣,文學館,33.5931110,130.4018610,
Q11193101,CCA北九州,福岡縣,現代美術館,33.8650556,130.7968889,http://commons.wikimedia.org/wiki/Special:FilePath/CCA%20KItakyushu%202.jpg
Q133326888,岩戸山歴史資料館,福岡縣,歷史博物館,33.2290170,130.5523510,
Q11586698,久留米市美術館,福岡縣,美術館,33.3120330,130.5303660,http://commons.wikimedia.org/wiki/Special:FilePath/Rakusuinoike%20Pond%20and%20Kurume%20City%20Museum%20of%20Art.jpg
Q11592913,福岡縣青少年科學館,福岡縣,科學博物館,33.3180830,130.5283610,http://commons.wikimedia.org/wiki/Special:FilePath/Fukuoka%20Science%20Museum%2020170203-2.jpg
Q38277412,福岡市科学館,福岡縣,科學博物館,33.5773611,130.3778333,http://commons.wikimedia.org/wiki/Special:FilePath/Fukuoka%20City%20Science%20Museum%2020171103-3.jpg
Q116939503,鴻臚館跡展示館,福岡縣,展览场地,33.5859722,130.3853611,http://commons.wikimedia.org/wiki/Special:FilePath/K%C5%8Drokan%20Historical%20Museum%20the%20exhibition%20hall%201%20J%C5%8Dnai%20Ch%C5%AB%C5%8D-ku%20Fukuoka%20City%2020221018.jpg
Q11271553,太宰府遊園地,福岡縣,主題樂園,33.5211390,130.5368060,http://commons.wikimedia.org/wiki/Special:FilePath/Dazaifu%20Amuzement%20Park%2020150815.jpg
Q85883647,西南学院大学博物馆,福岡縣,大學博物館,33.5853889,130.3576944,http://commons.wikimedia.org/wiki/Special:FilePath/SGU%20museum.jpg
Q6764266,海之中道海洋世界,福岡縣,水族館,33.6608333,130.3633333,http://commons.wikimedia.org/wiki/Special:FilePath/Grampus%20griseus%20by%20OpenCage.jpg
Q11370222,九州大学综合研究博物馆,福岡縣,大學博物館,33.6223360,130.4252260,http://commons.wikimedia.org/wiki/Special:FilePath/Former%20faculty%20of%20engineering%20main%20building%2C%20Hakozaki%2C%20Kyushu%20University%2020150203.jpg
Q11446615,奴國之丘歷史公園,福岡縣,考古学公園,33.5380556,130.4516667,http://commons.wikimedia.org/wiki/Special:FilePath/%E5%B2%A1%E6%9C%AC%E9%81%BA%E8%B7%A1%E3%81%AE%E8%A6%86%E5%B1%8B%20Up200608032200.jpg
Q11654990,門司電氣通信懷舊館,福岡縣,历史建筑,33.9502780,130.9669440,http://commons.wikimedia.org/wiki/Special:FilePath/Moji%20Telecommunication%20Museum%20ac.jpg
Q122918221,南公園西展望台,福岡縣,觀景台,33.5736944,130.3849444,http://commons.wikimedia.org/wiki/Special:FilePath/Minami-k%C5%8Den-nishi%20Observation%20Deck%20the%20fa%C3%A7ade%201%20Terukuni-1-ch%C5%8Dme%20Ch%C5%AB%C5%8D-ku%20Fukuoka%20City%2020230505.jpg
Q11400990,北九州市立文學館,福岡縣,文學館,33.8822500,130.8732500,http://commons.wikimedia.org/wiki/Special:FilePath/Kitakyusyu%20Central%20Library.jpg
Q11581782,直方谷尾美術館,福岡縣,美術館,33.7432500,130.7284444,http://commons.wikimedia.org/wiki/Special:FilePath/Nogata%20Tanio%20Art%20Museum.jpg
Q847033,福岡塔,福岡縣,觀景台,33.5933056,130.3515000,http://commons.wikimedia.org/wiki/Special:FilePath/Fukuoka%20Tower%20October%202011%2001.jpg
Q113371298,キッザニア福岡,福岡縣,主題公園,33.5650000,130.4402778,
Q122897885,平和南緑地展望台,福岡縣,觀景台,33.5624444,130.4051944,
Q65258063,大宰府展示館,福岡縣,考古博物館,33.5133056,130.5161944,http://commons.wikimedia.org/wiki/Special:FilePath/Dazaifu%20Museum%2020170104.jpg
Q11629923,西鐵香椎花園,福岡縣,主題樂園,33.6668890,130.4348890,http://commons.wikimedia.org/wiki/Special:FilePath/Kashii-kaen.jpg
Q118334339,五郎山古墳館,福岡縣,考古博物館,33.4515320,130.5444300,http://commons.wikimedia.org/wiki/Special:FilePath/Gorouyama-kohun-kan.JPG
Q11576740,田川市煤炭·歷史博物館,福岡縣,礦業博物館,33.6409444,130.8140000,http://commons.wikimedia.org/wiki/Special:FilePath/Tawaga%20City%20Coal%20Mining%20Historical%20Museum.jpg
Q55528690,「博多町家」ふるさと館,福岡縣,历史房屋博物馆,33.5936389,130.4113889,http://commons.wikimedia.org/wiki/Special:FilePath/Hakata-Machiya%20Furusato%20Museum%2020170918.jpg
Q133264733,北九州市平和のまちミュージアム,福岡縣,和平博物館,33.8829330,130.8726540,
Q116795957,宮若市石炭記念館,福岡縣,礦業博物館,33.7139444,130.6739444,http://commons.wikimedia.org/wiki/Special:FilePath/Miyawaka%20Coal%20Museum%2001.jpg
Q122887879,鴻巣山展望台,福岡縣,觀景台,33.5592500,130.3934167,http://commons.wikimedia.org/wiki/Special:FilePath/K%C5%8Dnosu%20Yama%20Observation%20Deck%20133-1%20Ozasa%201-ch%C5%8Dme%20Ch%C5%AB%C5%8D-ku%20Fukuoka%2020230602.jpg
Q11574275,甘木歴史資料館,福岡縣,歷史博物館,33.4143333,130.6598889,http://commons.wikimedia.org/wiki/Special:FilePath/Amagi%20Histrical%20Museum.JPG
Q123486959,櫛田の銀杏,福岡縣,古树,33.5930556,130.4112222,http://commons.wikimedia.org/wiki/Special:FilePath/Kushida%20no%20Ginan%20the%20W%20side%201-41%20Kami-kawabatamachi%20Hakata-ku%20Fukuoka%2020230801.jpg
Q43925727,平尾台自然観察センター,福岡縣,遊客中心,33.7562778,130.8944167,http://commons.wikimedia.org/wiki/Special:FilePath/Hiraodai%20Nature%20Observation%20Center%2001.jpg
Q4141386,九州历史资料馆,福岡縣,建築物,33.4393000,130.5580000,http://commons.wikimedia.org/wiki/Special:FilePath/Kyushu%20Historical%20Museum02.jpg
Q148543,九州國立博物館,福岡縣,國立博物館,33.5183556,130.5382972,http://commons.wikimedia.org/wiki/Special:FilePath/Kyushu-national-museum01.jpg
Q11370126,九州能源館,福岡縣,エネルギー博物館,33.5783330,130.3960280,http://commons.wikimedia.org/wiki/Special:FilePath/Kyusyu%20enekan.JPG
Q112167792,太宰府神社のクス,福岡縣,巨樹,33.5212500,130.5342780,http://commons.wikimedia.org/wiki/Special:FilePath/Grand%20camphor%20tree%20in%20Dazaifu%20Temman%20Shrine%203.jpg
Q104783988,立花家史料館,福岡縣,歷史博物館,33.1588400,130.3973100,http://commons.wikimedia.org/wiki/Special:FilePath/Entrance%20of%20Tononokura%20Warehouse%20and%20Historical%20Museum%20of%20the%20Tachibana%20Clan.JPG
Q123591501,博多歴史館,福岡縣,歷史博物館,33.5927778,130.4108333,
Q68488330,求菩提資料館,福岡縣,宗教博物馆,33.5363520,131.0175650,http://commons.wikimedia.org/wiki/Special:FilePath/Kubote%20Museum.jpg
Q104783956,太宰府市文化ふれあい館,福岡縣,歷史博物館,33.5202550,130.5093800,http://commons.wikimedia.org/wiki/Special:FilePath/Dazaifu%20City%20Fureai%20Cultural%20Hall.jpg
Q11370354,九州鐵道紀念館,福岡縣,鐵路博物館,33.9431390,130.9618060,http://commons.wikimedia.org/wiki/Special:FilePath/Kyushu%20Railway%20History%20Museum%2001.JPG
Q21654514,二見ヶ浦,福岡縣,觀光景點,33.6404722,130.1966389,http://commons.wikimedia.org/wiki/Special:FilePath/Futamigaura%20Beach%20from%20observation%20deck%20of%20Futamigaura%20Cemetery%201.JPG
Q133269306,宇美八幡宮宝物殿,福岡縣,宝物館,33.5703500,130.5087600,http://commons.wikimedia.org/wiki/Special:FilePath/Warehouse%20and%20Treasure%20Hall%20of%20Umi%20Hachiman%20Shrine.JPG
Q130357844,宇美町立歴史民俗資料館,福岡縣,歷史博物館,33.5696650,130.5089620,http://commons.wikimedia.org/wiki/Special:FilePath/Umi%20Town%20History%20and%20Folklore%20Museum%20ac.jpg
Q123466701,TOTOミュージアム,福岡縣,博物館,33.8721716,130.8722649,http://commons.wikimedia.org/wiki/Special:FilePath/TOTO%20%2839011274594%29.jpg
Q100878901,兵士・庶民の戦争資料館,福岡縣,博物館,33.7068056,130.7152500,
Q121084173,北九州市漫画ミュージアム,福岡縣,博物館,33.8875000,130.8847222,
Q11400952,北九州市環境博物館,福岡縣,博物館,33.8678750,130.8074970,http://commons.wikimedia.org/wiki/Special:FilePath/Kitakyushu%20Environment%20Museum.JPG
Q132952518,菅公歴史館,福岡縣,博物館,33.5218680,130.5345940,http://commons.wikimedia.org/wiki/Special:FilePath/Kanko%20Historical%20Museum%20in%20Dazaifu%20Temman%20Shrine%203.jpg
Q123517219,山辺道文化館,福岡縣,博物館,33.3181900,130.6333300,
Q104784023,観世音寺宝蔵,福岡縣,博物館,33.5149190,130.5222420,http://commons.wikimedia.org/wiki/Special:FilePath/Museum%20of%20Kanzeonji%20Temple.jpg
Q104784019,八女市岩戸山歴史文化交流館,福岡縣,文化中心,33.2309910,130.5533880,
Q28689523,朝倉市秋月博物館,福岡縣,博物館,33.4690560,130.6940560,
Q123555253,諏訪神社の翁スギ媼スギ,福島縣,巨樹,37.2555200,140.6606000,
Q114231317,いわき市アンモナイトセンター,福島縣,古生物博物馆,37.1756111,140.9434444,http://commons.wikimedia.org/wiki/Special:FilePath/Iwaki%20city%20anmonite%20center%20appearance.jpg
Q11443742,天鏡閣,福島縣,别墅,37.5214000,140.0440000,http://commons.wikimedia.org/wiki/Special:FilePath/Tenkyokaku.jpg
Q65261124,安達ヶ原ふるさと村,福島縣,主題公園,37.5935833,140.4638056,
Q11643185,郡山市開成館,福島縣,戶外博物館,37.3958333,140.3527778,http://commons.wikimedia.org/wiki/Special:FilePath/Kaiseikan.JPG
Q11371180,事故歷史展示館,福島縣,鐵路博物館,37.1006944,140.2174722,
Q11419839,四季の里,福島縣,農業テーマパーク,37.7126944,140.3634722,
Q11643134,郡山カルチャーパーク,福島縣,主題樂園,37.3666944,140.3288611,http://commons.wikimedia.org/wiki/Special:FilePath/201505%E9%83%A1%E5%B1%B1%E3%82%AB%E3%83%AB%E3%83%81%E3%83%A3%E3%83%BC%E3%83%91%E3%83%BC%E3%82%AF.JPG
Q7572157,スパリゾートハワイアンズ,福島縣,水上遊樂園,36.9936340,140.8165200,http://commons.wikimedia.org/wiki/Special:FilePath/Spa%20Resort%20Hawaiians%20appearance.Jan.2014.JPG
Q11643178,郡山市立美術館,福島縣,美術館,37.3926670,140.4198610,http://commons.wikimedia.org/wiki/Special:FilePath/Koriyama%20City%20Museum%20of%20Art.jpg
Q97188943,相馬市歴史資料収蔵館,福島縣,歷史博物館,37.7995833,140.9195833,http://commons.wikimedia.org/wiki/Special:FilePath/%E7%9B%B8%E9%A6%AC%E5%B8%82%E6%AD%B4%E5%8F%B2%E8%B3%87%E6%96%99%E5%8F%8E%E8%94%B5%E9%A4%A8.jpg
Q5507735,福島縣立美術館,福島縣,美術館,37.7679167,140.4565278,http://commons.wikimedia.org/wiki/Special:FilePath/Fukushima-Pref-Museum-of-Art02.jpg
Q11260150,いわき市暮らしの伝承郷,福島縣,民俗博物館,37.0083610,140.9150000,http://commons.wikimedia.org/wiki/Special:FilePath/Iwaki%20city%20Kurashi-no-denshogo.JPG
Q4670566,あぶくま洞,福島縣,觀光洞穴,37.3447167,140.6734722,http://commons.wikimedia.org/wiki/Special:FilePath/Flowstones%20and%20Mushroom%20Rocks%20inside%20Abukuma-do%20Cave.JPG
Q108428600,新田川温泉,福島縣,温泉镇,37.6670910,140.9161860,
Q4352239,福島縣立博物館,福島縣,都道府县立博物馆,37.4889230,139.9345530,http://commons.wikimedia.org/wiki/Special:FilePath/Fukushima%20Museum%202022.jpg
Q24867517,郡山市野鳥の森学習館,福島縣,動物学博物館,37.3813060,140.3637780,http://commons.wikimedia.org/wiki/Special:FilePath/Koriyama%20Museum%20of%20Birds1.jpg
Q106967257,若松城天守閣,福島縣,天守,37.4877778,139.9297222,http://commons.wikimedia.org/wiki/Special:FilePath/080904Aidu-Wakamatu-jo.jpg
Q11505553,日本きもの文化美術館,福島縣,美術館,37.4853611,140.2645000,http://commons.wikimedia.org/wiki/Special:FilePath/Japan%20Kimono%20Culture%20Museum.JPG
Q30266032,福島県歴史資料館,福島縣,公共檔案館,37.7681780,140.4721840,
Q38266933,アクアマリンいなわしろカワセミ水族館,福島縣,水族館,37.5613889,140.0745833,http://commons.wikimedia.org/wiki/Special:FilePath/%E3%82%A2%E3%82%AF%E3%82%A2%E3%83%9E%E3%83%AA%E3%83%B3%E3%81%84%E3%81%AA%E3%82%8F%E3%81%97%E3%82%8D%E3%82%AB%E3%83%AF%E3%82%BB%E3%83%9F%E6%B0%B4%E6%97%8F%E9%A4%A8.jpg
Q4782699,磐城水族馆,福島縣,水族館,36.9427500,140.9015000,http://commons.wikimedia.org/wiki/Special:FilePath/Aquamarine%20Fukushima%2020100124.JPG
Q28475533,郡山市歴史資料館,福島縣,歷史博物館,37.3945556,140.3729722,http://commons.wikimedia.org/wiki/Special:FilePath/%E9%83%A1%E5%B1%B1%E5%B8%82%E6%AD%B4%E5%8F%B2%E8%B3%87%E6%96%99%E9%A4%A8.jpg
Q111599804,磐梯山噴火紀念館,福島縣,火山博物館,37.6596667,140.0794722,http://commons.wikimedia.org/wiki/Special:FilePath/Mt.%20Bandai%20eruption%20memorial%20museum.jpg
Q28688791,喜多方市美術館,福島縣,美術館,37.6511667,139.8617222,http://commons.wikimedia.org/wiki/Special:FilePath/Museum%2CKitakata%20%281390820482%29.jpg
Q11260157,いわき市石炭・化石館,福島縣,礦業博物館,37.0125000,140.8483333,http://commons.wikimedia.org/wiki/Special:FilePath/%E3%81%84%E3%82%8F%E3%81%8D%E5%B8%82%E7%9F%B3%E7%82%AD%E5%8C%96%E7%9F%B3%E9%A4%A8.JPG
Q97371151,久米正雄記念館,福島縣,人物紀念館,37.3961341,140.3639633,http://commons.wikimedia.org/wiki/Special:FilePath/%E4%B9%85%E7%B1%B3%E6%AD%A3%E9%9B%84%E8%A8%98%E5%BF%B5%E9%A4%A8%20%E9%83%A1%E5%B1%B1%E5%B8%82.jpg
Q11571945,猪苗代緑の村,福島縣,主題公園,37.5608889,140.0745556,http://commons.wikimedia.org/wiki/Special:FilePath/%E7%A3%90%E8%B6%8A%E8%A5%BF%E7%B7%9A%E3%83%BB%E7%BF%81%E5%B3%B6%E9%A7%85%E3%83%BB%E6%97%A7%E9%A7%85%E6%9C%AC%E5%B1%8B%28%E7%A7%BB%E7%AF%89%E4%BF%9D%E5%AD%98%29%E3%83%BB%E7%B7%91%E3%81%AE%E6%9D%91%281993.5.5%29%28s43-15%29.jpg
Q112579027,會津壹番館,福島縣,飲茶店,37.4976389,139.9273333,http://commons.wikimedia.org/wiki/Special:FilePath/Aizu%20ichibankan%2001.JPG
Q11669123,高子沼グリーンランド,福島縣,廢墟,37.8050000,140.5191667,
Q11645213,野口英世記念館,福島縣,人物紀念館,37.5361110,140.0736110,http://commons.wikimedia.org/wiki/Special:FilePath/Hideyo%20Noguchi%20Memorial%20Hall.JPG
Q108070085,玉梨温泉,福島縣,温泉镇,37.4215833,139.5446389,
Q1053582,CCGA現代グラフィックアートセンター,福島縣,美術館,37.3005840,140.4489750,
Q112033912,会津武家屋敷,福島縣,戶外博物館,37.4851944,139.9536667,http://commons.wikimedia.org/wiki/Special:FilePath/Fukushima-Aizu%20Buke-Yashiki%20%28Samurai%20Residence%29-m.jpg
Q11260168,いわき市立美術館,福島縣,美術館,37.0518060,140.8895560,http://commons.wikimedia.org/wiki/Special:FilePath/Iwaki%20City%20Art%20Museum.jpg
Q11266882,こむこむ,福島縣,科學博物館,37.7521389,140.4606111,
Q11451160,安積歴史博物館,福島縣,歷史博物館,37.3916667,140.3506111,http://commons.wikimedia.org/wiki/Special:FilePath/%E5%AE%89%E7%A9%8D%E9%AB%98%E7%AD%89%E5%AD%A6%E6%A0%A1%20%E5%AE%89%E7%A9%8D%E6%AD%B4%E5%8F%B2%E5%8D%9A%E7%89%A9%E9%A4%A8%28%E6%98%A5%29.jpg
Q11593084,福島市写真美術館,福島縣,攝影博物館,37.7644140,140.4631470,http://commons.wikimedia.org/wiki/Special:FilePath/Fukushima%20City%20Museum%20of%20Photography.JPG
Q767776,いわき・ら・ら・ミュウ,福島縣,道之驛,36.9443330,140.9054720,http://commons.wikimedia.org/wiki/Special:FilePath/Iwaki%20Lalamew%201.JPG
Q11545719,正雲寺会津美術館,福島縣,美術館,37.4061944,139.9992222,
Q117827029,旧花水館,福島縣,建成遗产,37.8345100,140.4524600,http://commons.wikimedia.org/wiki/Special:FilePath/Ky%C5%AB%20Kasuikan%2009.jpg
Q11266221,こおりやま文学の森資料館,福島縣,文學館,37.3959444,140.3631389,http://commons.wikimedia.org/wiki/Special:FilePath/Koriyama%20Museum%20of%20Literature1.jpg
Q11260116,いわきマリンタワー,福島縣,觀光塔,36.9393890,140.9200000,http://commons.wikimedia.org/wiki/Special:FilePath/%E3%81%84%E3%82%8F%E3%81%8D%E3%83%9E%E3%83%AA%E3%83%B3%E3%82%BF%E3%83%AF%E3%83%BC.jpg
Q132201722,種徳美術館,福島縣,美術館,37.8434080,140.5184120,
Q4981824,いわき市考古資料館,福島縣,考古博物館,36.9968610,140.8253890,http://commons.wikimedia.org/wiki/Special:FilePath/Iwaki%20City%20Archaeological%20Museum.JPG
Q11260170,いわき市立草野心平記念文学館,福島縣,人物紀念館,37.1289720,140.8332220,http://commons.wikimedia.org/wiki/Special:FilePath/Kusano%20Shinpei%20Memorial%20Centre%2CIwaki%20City.JPG
Q11343100,ムシテックワールド,福島縣,昆虫博物館,37.2508333,140.4622222,http://commons.wikimedia.org/wiki/Special:FilePath/MUSHITEC%20WORLD%20FUKUSHIMA.jpg
Q97311274,相馬市伝承鎮魂祈念館,福島縣,海嘯博物館,37.8299722,140.9640278,http://commons.wikimedia.org/wiki/Special:FilePath/Haragama%20Obama%20Seaside%20Park%201.jpg
Q11664795,須賀川市立博物館,福島縣,市立博物館,37.2914170,140.3791940,http://commons.wikimedia.org/wiki/Special:FilePath/Sukagawa%20City%20museum.jpg
Q97312067,ブリティッシュヒルズ,福島縣,主題公園,37.2583333,140.0611111,http://commons.wikimedia.org/wiki/Special:FilePath/%E3%83%96%E3%83%AA%E3%83%86%E3%82%A3%E3%83%83%E3%82%B7%E3%83%A5%E3%83%92%E3%83%AB%E3%82%BA%20%E3%83%9E%E3%83%8A%E3%83%BC%E3%83%8F%E3%82%A6%E3%82%B9%2020150524.jpg
Q104696512,小峰城歴史館,福島縣,歷史博物館,37.1312950,140.2124770,
Q3248015,諸橋近代美術館,福島縣,现代美术馆,37.6536111,140.0963889,http://commons.wikimedia.org/wiki/Special:FilePath/Morohashi%20Museum%20of%20Modern%20Art.JPG
Q21652646,大安場史跡公園,福島縣,考古学公園,37.3561111,140.4025000,http://commons.wikimedia.org/wiki/Special:FilePath/Ohyasuba-park.jpg
Q11593098,福島市飯野UFO交流館,福島縣,天文博物館,37.6877222,140.5341111,http://commons.wikimedia.org/wiki/Special:FilePath/UFO%20fureaikan.jpg
Q17193670,いわき回廊美術館,福島縣,美術館,37.0704440,140.9273610,
Q11593090,福島市民家園,福島縣,民家園,37.7311944,140.3729722,http://commons.wikimedia.org/wiki/Special:FilePath/Fukushima%20City%20Minka-en%20entrance.jpg
Q98929263,東日本大震災・原子力災害伝承館,福島縣,纪念博物馆,37.4581380,141.0264460,http://commons.wikimedia.org/wiki/Special:FilePath/%E6%9D%B1%E6%97%A5%E6%9C%AC%E5%A4%A7%E9%9C%87%E7%81%BD%E3%83%BB%E5%8E%9F%E5%AD%90%E5%8A%9B%E7%81%BD%E5%AE%B3%E4%BC%9D%E6%89%BF%E9%A4%A8.jpg
Q7191151,絵本美術館「まどのそとのそのまたむこう」,福島縣,繪本博物館,36.9737222,140.9664167,
Q11526117,東北サファリパーク,福島縣,野生动物园,37.6386111,140.3666667,http://commons.wikimedia.org/wiki/Special:FilePath/%E6%94%BE%E3%81%97%E9%A3%BC%E3%81%84%E3%82%A8%E3%83%AA%E3%82%A2.jpg
Q11282592,アウシュヴィッツ平和博物館,福島縣,博物館,37.0956940,140.1884720,
Q111495958,南相馬市博物館,福島縣,博物館,37.6233889,140.9630556,
Q132643729,郡山市歴史情報博物館,福島縣,博物館,37.3939200,140.3737290,
Q21654421,福島さくら遊学舎,福島縣,旧学校施設,37.4150000,140.4723056,http://commons.wikimedia.org/wiki/Special:FilePath/Fukushima%20Sakura%20Yugakusha%20Museum.jpeg
Q65248685,法國寺会津別院（会津村）,福島縣,佛寺,37.5541389,139.9523611,http://commons.wikimedia.org/wiki/Special:FilePath/Aizu%20Kannon%20and%20Three-storied%20Pagoda%2815624662648%29.jpg
Q104696511,白河市歴史民俗資料館,福島縣,博物館,37.1205800,140.2285330,
Q11320382,デコ屋敷,福島縣,人類聚居地,37.4606111,140.4564444,http://commons.wikimedia.org/wiki/Special:FilePath/%E9%AB%98%E6%9F%B4%E3%83%87%E3%82%B3%E5%B1%8B%E6%95%B7.jpg
Q11381224,ただみ・モノとくらしのミュージアム,福島縣,博物館,37.3102000,139.4447361,http://commons.wikimedia.org/wiki/Special:FilePath/Aizu%20Tadami%20Old%20Material%20Museum.jpg
Q104696506,会津民俗館,福島縣,博物館,37.5355330,140.0754540,
Q104696509,三春町歴史民俗資料館,福島縣,博物館,37.4401810,140.4918270,
Q28689069,喜多方蔵の里,福島縣,博物館,37.6515083,139.8614222,http://commons.wikimedia.org/wiki/Special:FilePath/%E5%9C%9F%E8%94%B5%20%281389928661%29.jpg
Q11445606,奥会津博物館,福島縣,博物館,37.1461110,139.7202780,http://commons.wikimedia.org/wiki/Special:FilePath/Old%20Otake-ke%20house.JPG
Q104696519,いわき市勿来関文学歴史館,福島縣,博物館,36.8667320,140.7803880,
Q11364267,中山義秀記念文学館,福島縣,博物館,37.2029170,140.2475000,
Q132179184,伊達市保原歴史文化資料館,福島縣,博物館,37.8196960,140.5698160,http://commons.wikimedia.org/wiki/Special:FilePath/Kameoka%20House.jpg
Q104243226,TDK歴史みらい館,秋田縣,科技博物館,39.2916667,139.9572222,http://commons.wikimedia.org/wiki/Special:FilePath/TDK%20Museum.jpg
Q84520666,石坂洋次郎文学記念館,秋田縣,文學館,39.3241667,140.5657500,http://commons.wikimedia.org/wiki/Special:FilePath/Ishizaka%20Yojiro%20Literature%20Museum.jpg
Q38266963,橫手市增田漫畫美術館,秋田縣,動漫博物館,39.2046667,140.5504722,http://commons.wikimedia.org/wiki/Special:FilePath/Yokote-Masuda%20Manga%20Museum%2020190503.jpg
Q119961646,はまなす展望台,秋田縣,觀光塔,40.2089167,139.9983333,http://commons.wikimedia.org/wiki/Special:FilePath/Hamanasu%20Observatory%2020200126.jpg
Q11595294,秋田大学附属鉱業博物館,秋田縣,大學博物館,39.7292940,140.1365670,http://commons.wikimedia.org/wiki/Special:FilePath/Mining%20Museum%20of%20Akita%20University.jpg
Q110990382,秋田犬の里,秋田縣,遊客中心,40.2867389,140.5561278,http://commons.wikimedia.org/wiki/Special:FilePath/Akita%20Dog%20Visitor%20Center%2020200613.jpg
Q104696381,秋田市立秋田城跡歴史資料館,秋田縣,考古博物館,39.7396170,140.0779020,http://commons.wikimedia.org/wiki/Special:FilePath/Akita%20City%20History%20Museum%20of%20Akita%20Fort%20Ruins.jpg
Q133272635,大潟村干拓博物館,秋田縣,博物館,40.0162960,139.9514630,http://commons.wikimedia.org/wiki/Special:FilePath/Polder%20Museum%20of%20Ogata-Mura%2020200118.jpg
Q11332704,フェライト子ども科学館,秋田縣,科學博物館,39.2848890,139.9609170,http://commons.wikimedia.org/wiki/Special:FilePath/Children%27s%20Ferrite%20and%20Science%20Museum.jpg
Q11325862,ノースアジア大学雪国民俗館,秋田縣,民俗博物館,39.7154720,140.1564440,http://commons.wikimedia.org/wiki/Special:FilePath/North%20Asia%20University%2C%20Folk%20museum%20of%20snow%20country.JPG
Q11436065,大村美術館,秋田縣,美術館,39.5992500,140.5629720,http://commons.wikimedia.org/wiki/Special:FilePath/Ohmura%20Art%20Museum%20in%20Kakunodate%2020190414.jpg
Q20043438,大館郷土博物館,秋田縣,地方文化館,40.3002220,140.5822500,http://commons.wikimedia.org/wiki/Special:FilePath/%C3%94date%20kyodo%20hakibutukan.jpg
Q11483668,秋田縣立美術館·平野政吉收藏庫,秋田縣,美術館,39.7174278,140.1215000,http://commons.wikimedia.org/wiki/Special:FilePath/Akita%20Museum%20of%20Art%2020180520.jpg
Q123177858,伊勢堂岱縄文館,秋田縣,考古博物館,40.2019750,140.3508260,http://commons.wikimedia.org/wiki/Special:FilePath/Isedotai%20Jomonkan%20202003.jpg
Q98206589,仙北市立角館樺細工伝承館,秋田縣,工藝博物館,39.5998889,140.5610000,http://commons.wikimedia.org/wiki/Special:FilePath/Kakunodate%20Cherry%20Bark%20Handicrafts%20Denshokan%20Hall.jpg
Q126116556,秋田市文化創造館,秋田縣,活動場地,39.7192760,140.1228330,http://commons.wikimedia.org/wiki/Special:FilePath/Akita%20City%20Cultural%20Creation%20Center%2020240525.jpg
Q11459440,小坂町総合博物館郷土館,秋田縣,地方文化館,40.3238610,140.7409440,http://commons.wikimedia.org/wiki/Special:FilePath/Kosaka%20Museum%20Kyodokan.jpg
Q11595517,秋田県立農業科学館,秋田縣,都道府县立博物馆,39.4367920,140.4388190,http://commons.wikimedia.org/wiki/Special:FilePath/Akita%20Prefectural%20Museum%20of%20Agricultural%20Science.jpg
Q11264974,きみまち阪,秋田縣,觀光景點,40.2194444,140.2550000,http://commons.wikimedia.org/wiki/Special:FilePath/Autumn%20leaves%20of%20Kimimachizaka%20in%20October%202022d.jpg
Q132910556,秋田県埋蔵文化財センター,秋田縣,埋藏文化財中心,39.4646170,140.5485430,
Q48747294,生剝鬼館,秋田縣,博物館,39.9291667,139.7665833,http://commons.wikimedia.org/wiki/Special:FilePath/Entrance%20of%20Namahage%20Museum%2C%20Oga%2C%20Akita.JPG
Q11595519,秋田県立近代美術館,秋田縣,都道府县立博物馆,39.2925000,140.5475000,http://commons.wikimedia.org/wiki/Special:FilePath/Akita%20Museum%20of%20Modern%20Art%2020190503.jpg
Q65279338,能代市子ども館,秋田縣,兒童博物館,40.2163889,140.0248056,http://commons.wikimedia.org/wiki/Special:FilePath/Noshiro%20City%20Children%27s%20Hall%2020200126.jpg
Q11595485,秋田縣立男鹿水族館,秋田縣,水族館,39.9421670,139.7045830,http://commons.wikimedia.org/wiki/Special:FilePath/Oga%20Aquarium%2020210618.jpg
Q11595445,秋田縣立博物館,秋田縣,都道府县立博物馆,39.8172222,140.0661111,http://commons.wikimedia.org/wiki/Special:FilePath/Exterior%20of%20Akita%20Prefectural%20Museum%2020180818a.jpg
Q108683253,山の手温泉,秋田縣,温泉镇,39.4403120,140.4358390,
Q136824623,仙北市立角館町平福記念美術館,秋田縣,美術館,39.6019320,140.5601897,http://commons.wikimedia.org/wiki/Special:FilePath/Hirafuku%20Memorial%20Art%20Museum%20in%20Kakunodate%2020221025a.jpg
Q135476486,鹿角市歴史民俗資料館,秋田縣,博物館,40.1907222,140.7920000,http://commons.wikimedia.org/wiki/Special:FilePath/Kazuno%20City%20Museum%20of%20History%20and%20Folklore%20001.jpg
Q11314514,秋田市港灣塔,秋田縣,觀光塔,39.7527222,140.0610000,http://commons.wikimedia.org/wiki/Special:FilePath/Akita%20Port%20Tower%20SELION%2020170805-1.jpg
Q108441095,かすみ温泉,秋田縣,温泉镇,39.4286660,140.1893100,
Q136647394,大太鼓の館,秋田縣,柏林乐器博物馆,40.2510360,140.3761860,http://commons.wikimedia.org/wiki/Special:FilePath/Great%20Drum%20Museum.jpg
Q11595345,秋田市立紅磚鄉土館,秋田縣,美術館,39.7166890,140.1156440,http://commons.wikimedia.org/wiki/Special:FilePath/Akarenga-kan%20Museum%20in%20Akita%2020190707a.jpg
Q104696379,後三年合戦金沢資料館,秋田縣,歷史博物館,39.3744167,140.5695556,http://commons.wikimedia.org/wiki/Special:FilePath/Yokote%20Municipal%20Museum%20for%20the%20battle%20of%20Gosannen.jpg
Q110558146,新潮社記念文学館,秋田縣,文學館,39.5930833,140.5656111,http://commons.wikimedia.org/wiki/Special:FilePath/Shinchosha%20Memorial%20Literature%20Museum.jpg
Q11580064,白瀨南極探險隊紀念館,秋田縣,科學博物館,39.2685000,139.9263610,http://commons.wikimedia.org/wiki/Special:FilePath/Shirase%20Antaractic%20Expedition%20Memorial%20Museum%2020190420a.jpg
Q11646558,金勇,秋田縣,遊客中心,40.2089720,140.0253610,http://commons.wikimedia.org/wiki/Special:FilePath/Exterior%20of%20the%20Kaneyu%2020200607a.jpg
Q11595319,秋田市立佐竹史料館,秋田縣,歷史博物館,39.7199670,140.1247390,http://commons.wikimedia.org/wiki/Special:FilePath/The%20Satake%20Historical%20Material%20Museum%20in%20Akita%2020251025.jpg
Q11595197,秋田故里村,秋田縣,主題公園,39.2933500,140.5462060,http://commons.wikimedia.org/wiki/Special:FilePath/Akita%20Furusato-mura%2C%20Wonder%20Castle%203.jpg
Q11376326,仁別森林博物館,秋田縣,林業博物館,39.8032080,140.2626720,http://commons.wikimedia.org/wiki/Special:FilePath/Nibetu%20sinrin%20hakubutukan.jpg
Q11595323,秋田市立千秋美術館,秋田縣,美術館,39.7173890,140.1245830,http://commons.wikimedia.org/wiki/Special:FilePath/Entrance%20of%20the%20Akita%20Senshu%20Museum%20of%20Art.jpg
Q11657406,阿左美沼,群馬縣,人工池塘,36.3960990,139.3066830,
Q11537352,桐生自動車博物館,群馬縣,汽車博物館,36.3719444,139.3506944,http://commons.wikimedia.org/wiki/Special:FilePath/Maehara%2020th%20Museum.JPG
Q28554991,スバルビジターセンター,群馬縣,公司博物館,36.2755278,139.3730000,http://commons.wikimedia.org/wiki/Special:FilePath/Subaru%201500%20at%20SUBARU%20Visitor%20center%202014-2.jpg
Q11576575,田山花袋紀念文學館,群馬縣,文學館,36.2438890,139.5456110,http://commons.wikimedia.org/wiki/Special:FilePath/Tayama%20Katai%20Literature%20Museum.jpg
Q11609637,群馬県立土屋文明記念文学館,群馬縣,文學館,36.3822780,138.9853610,http://commons.wikimedia.org/wiki/Special:FilePath/Tsuchiya%20Memorial%20Museum.JPG
Q110496169,群馬県立日本絹の里,群馬縣,織物博物館,36.4072778,138.9897222,http://commons.wikimedia.org/wiki/Special:FilePath/%E6%97%A5%E6%9C%AC%E7%B5%B9%E3%81%AE%E9%87%8C.jpg
Q11609688,群馬県立近代美術館,群馬縣,美術館,36.2987220,139.0786390,http://commons.wikimedia.org/wiki/Special:FilePath/The%20Museum%20of%20Modern%20Art%2C%20Gunma.JPG
Q108152784,伊香保おもちゃと人形自動車博物館,群馬縣,汽車博物館,36.4637501,138.9691358,http://commons.wikimedia.org/wiki/Special:FilePath/Ikaho%20Toy%2C%20Doll%20%26%20Car%20Museum.jpg
Q30933837,竹久夢二伊香保記念館,群馬縣,人物紀念館,36.4997222,138.9269444,http://commons.wikimedia.org/wiki/Special:FilePath/Takehisa%20Yumeji%20Ikaho%20Art%20Museum.JPG
Q135140080,浅原体験村,群馬縣,景点,36.4699720,139.2915560,
Q20982941,群馬県立歴史博物館,群馬縣,都道府县立博物馆,36.2985000,139.0794722,http://commons.wikimedia.org/wiki/Special:FilePath/Gunma-pref-History-museum.jpg
Q11537351,桐生織物参考館“紫”,群馬縣,工业博物馆,36.4103370,139.3447200,http://commons.wikimedia.org/wiki/Special:FilePath/Textile%20Museum%20YUKARI.JPG
Q7818931,富岡製絲廠,群馬縣,工业博物馆,36.2553330,138.8876670,http://commons.wikimedia.org/wiki/Special:FilePath/Tomioka%20Silk%20Mill%20East%20Cocoon%20Warehouse05.jpg
Q11415881,向井千秋紀念兒童科學館,群馬縣,天文台,36.2441110,139.5448060,http://commons.wikimedia.org/wiki/Special:FilePath/Mukai%20Chiaki%20Children%27s%20Science%20Museum.jpg
Q521611,群馬縣立館林美術館,群馬縣,美術館,36.2661944,139.5058889,http://commons.wikimedia.org/wiki/Special:FilePath/Gunma%20Museum%20of%20Art%2C%20Tatebayashi%201.jpg
Q11437813,大理石村鎖心城堡,群馬縣,城堡,36.6308330,138.9880560,http://commons.wikimedia.org/wiki/Special:FilePath/Marble%20Village%20Lockheart%20Castle%2C%20Lockheart%20Castle%20front%20exterior.jpg
Q98815260,相川考古館,群馬縣,考古博物館,36.3186240,139.1914760,http://commons.wikimedia.org/wiki/Special:FilePath/Aikawa%20Archaeological%20Museum.JPG
Q11281524,るなぱあく,群馬縣,主題樂園,36.3953000,139.0630690,http://commons.wikimedia.org/wiki/Special:FilePath/Lunar%20Park%20%28Maebashi%29.JPG
Q11537258,桐生が岡公園,群馬縣,公園,36.4237222,139.3410000,http://commons.wikimedia.org/wiki/Special:FilePath/%E6%A1%90%E7%94%9F%E3%81%8C%E5%B2%A1%E5%85%AC%E5%9C%92%20%E9%81%8A%E5%9C%92%E5%9C%B0%E5%85%A8%E6%99%AF.JPG
Q11447811,嬬恋郷土資料館,群馬縣,地方文化館,36.5164750,138.5479778,http://commons.wikimedia.org/wiki/Special:FilePath/%E5%AC%AC%E6%81%8B%E9%83%B7%E5%9C%9F%E8%B3%87%E6%96%99%E9%A4%A8%281%29.jpg
Q21653680,天一美術館,群馬縣,美術館,36.7902222,138.9548611,http://commons.wikimedia.org/wiki/Special:FilePath/Ten-ichi%20Museum.JPG
Q28689358,富岡市立美術博物館・福沢一郎記念美術館,群馬縣,人物紀念館,36.2682111,138.8648806,http://commons.wikimedia.org/wiki/Special:FilePath/Tomioka%20Art%20Museum.jpg
Q11609531,群馬サファリパーク,群馬縣,野生动物园,36.2257500,138.8851940,http://commons.wikimedia.org/wiki/Special:FilePath/White%20tiger2.jpg
Q21652793,上毛野はにわの里公園,群馬縣,考古学公園,36.3788889,138.9861111,
Q104696800,高崎市観音塚考古資料館,群馬縣,考古博物館,36.3401670,138.9401610,http://commons.wikimedia.org/wiki/Special:FilePath/Takasaki%20City%20Kannonduka%20Museum%20of%20Archaeololgy.JPG
Q11609680,群馬県立自然史博物館,群馬縣,自然歷史博物館,36.2695333,138.8671333,http://commons.wikimedia.org/wiki/Special:FilePath/Gunma%20Museum%20Of%20Natural%20History%20and%20Tomioka%20Kabura%20Bunka%20Hall.jpg
Q120754528,岩宿博物館,群馬縣,考古博物館,36.3988780,139.2853150,http://commons.wikimedia.org/wiki/Special:FilePath/Iwajuku%20Museum%202.jpg
Q60986994,太田市美術館・図書館,群馬縣,美術館,36.2946111,139.3784722,http://commons.wikimedia.org/wiki/Special:FilePath/Art%20Museum%20%26%20Library%2C%20Ota%20ac%20%282%29.jpg
Q104696828,玉村町歴史資料館,群馬縣,歷史博物館,36.3055660,139.1226640,
Q11609528,群馬ガラス工芸美術館,群馬縣,美術館,36.4986944,138.9553889,http://commons.wikimedia.org/wiki/Special:FilePath/Gumma%20Glass%20Art%20Museum.jpg
Q7902250,碓冰嶺鐵道文化村,群馬縣,观光铁路,36.3363889,138.7338889,http://commons.wikimedia.org/wiki/Special:FilePath/Usui%20village%20of%20railway%20culture%20%E7%A2%93%E6%B0%B7%E9%89%84%E9%81%93%E6%96%87%E5%8C%96%E3%82%80%E3%82%89%20%282771301308%29.jpg
Q106388197,太田市立藪塚本町歴史民俗資料館,群馬縣,民俗博物館,36.3633333,139.3216667,http://commons.wikimedia.org/wiki/Special:FilePath/Yabuzukahonmachi%20Historical%20and%20Folklore%20Museum.JPG
Q11279084,綠市立富弘美術館,群馬縣,人物紀念館,36.5566667,139.3713889,http://commons.wikimedia.org/wiki/Special:FilePath/Tomihiro%20Art%20Museum%201.jpg
Q130638774,毛塚記念館,群馬縣,建成遗产,36.2474620,139.5305620,http://commons.wikimedia.org/wiki/Special:FilePath/Kezuka%20Kinenkan%20%28Tatebayashi%29%2001.jpg
Q5157831,大川美術館,群馬縣,美術館,36.4168333,139.3340000,http://commons.wikimedia.org/wiki/Special:FilePath/Okawa%20Museum%20of%20Art.JPG
Q11444234,太田市立新田莊歷史資料館,群馬縣,歷史博物館,36.2608330,139.2747780,http://commons.wikimedia.org/wiki/Special:FilePath/Ota%20Gunma%20Ota%20City%20Nittanosho%20History%20Museum%201.JPG
Q18700337,Art前橋,群馬縣,美術館,36.3906250,139.0713861,http://commons.wikimedia.org/wiki/Special:FilePath/Arts%20Maebashi.jpg
Q11669765,高崎市美術館,群馬縣,美術館,36.3207220,139.0106110,http://commons.wikimedia.org/wiki/Special:FilePath/Takasaki%20Museum%20of%20Art.jpg
Q109594587,やんば天明泥流ミュージアム,群馬縣,火山博物館,36.5438632,138.6798644,http://commons.wikimedia.org/wiki/Special:FilePath/Yamba%20Tenmei%20Mudflow%20Museum.jpg
Q96695273,かみつけの里博物館,群馬縣,考古博物館,36.3788056,138.9860556,http://commons.wikimedia.org/wiki/Special:FilePath/Kamitsukeno-sato%20Museum%20of%20Archaeology.jpg
Q104696778,中之条町歴史と民俗の博物館,群馬縣,民俗博物館,36.5894290,138.8428700,http://commons.wikimedia.org/wiki/Special:FilePath/Nakanojo%20Museum%20of%20Folk%20and%20History%202.jpg
Q121118437,旧花輪小学校記念館,群馬縣,纪念博物馆,36.5222222,139.3088889,http://commons.wikimedia.org/wiki/Special:FilePath/Former%20Hanawa%20elementary%20school%201.jpg
Q11470074,高崎市山田かまち美術館,群馬縣,美術館,36.3178610,138.9903060,http://commons.wikimedia.org/wiki/Special:FilePath/Yamada%20Kamachi%20Museum%20of%20Art%2C%20Takasaki.jpg
Q48749687,広瀬川美術館,群馬縣,美術館,36.3951111,139.0689444,http://commons.wikimedia.org/wiki/Special:FilePath/Hirosegawa%20Art%20Museum.jpg
Q60400398,原美術館ARC,群馬縣,博物馆建筑,36.5027700,138.9452800,http://commons.wikimedia.org/wiki/Special:FilePath/Haramuseumarc.JPG
Q48751949,水と緑と詩のまち前橋文学館,群馬縣,人物紀念館,36.3939444,139.0721667,http://commons.wikimedia.org/wiki/Special:FilePath/Maebashi%20City%20Museum%20of%20Literature%201.jpg
Q4803474,浅间火山博物馆,群馬縣,火山博物館,36.4400000,138.5352778,http://commons.wikimedia.org/wiki/Special:FilePath/ASAMA%20Volcano%20Museum%202017-04.jpg
Q130724800,旧上毛モスリン事務所,群馬縣,建成遗产,36.2445260,139.5454830,http://commons.wikimedia.org/wiki/Special:FilePath/Former%20Jomo%20Muslin%20Office%2003.jpg
Q11281891,渡良瀨自然館,群馬縣,自然歷史博物館,36.2230000,139.6505830,http://commons.wikimedia.org/wiki/Special:FilePath/Itakura%20Watarase%20Museum%201.JPG
Q22120584,民話と紙芝居の家,群馬縣,民俗博物館,36.7283611,138.8899167,http://commons.wikimedia.org/wiki/Special:FilePath/%E6%B0%91%E8%A9%B1%E3%81%A8%E7%B4%99%E8%8A%9D%E5%B1%85%E3%81%AE%E5%AE%B6.jpg
Q55534514,横室の大カヤ,群馬縣,巨樹,36.4414444,139.0556111,http://commons.wikimedia.org/wiki/Special:FilePath/Yokomuro%20no%20O-Kaya%20A.jpg
Q11575663,田中正造記念館,群馬縣,人物紀念館,36.2469444,139.5380556,http://commons.wikimedia.org/wiki/Special:FilePath/Ashio%20copper%20mine%20pollution%20incident%20Shozo%20Tanaka%20Museum%2020150628.jpg
Q130724784,館林市第二資料館,群馬縣,博物館,36.2445650,139.5456710,
Q17222445,太田市立緣切寺滿德寺資料館,群馬縣,博物館,36.2533890,139.2861110,http://commons.wikimedia.org/wiki/Special:FilePath/Ota%20Gunma%20Mantokuji%20Museum%201.JPG
Q122817314,みどり市大間々博物館,群馬縣,博物館,36.4352780,139.2746390,http://commons.wikimedia.org/wiki/Special:FilePath/Conodont%20Museum%201.jpg
Q55533662,神流町恐竜センター,群馬縣,古生物博物馆,36.0919485,138.8204303,http://commons.wikimedia.org/wiki/Special:FilePath/Kanna%20Dinosaur%20Center%202.jpg
Q11606987,絹撚記念館,群馬縣,历史建筑,36.4097330,139.3336920,http://commons.wikimedia.org/wiki/Special:FilePath/Kennen%20Kinenkan%202.jpg
Q104696827,多胡碑記念館,群馬縣,博物館,36.2652850,138.9969000,http://commons.wikimedia.org/wiki/Special:FilePath/%E5%A4%9A%E8%83%A1%E7%A2%91%E8%A8%98%E5%BF%B5%E9%A4%A8.JPG
Q134440358,小平の里,群馬縣,觀光景點,36.4665280,139.3085830,
Q104696776,安中市学習の森　ふるさと学習館,群馬縣,博物館,36.2917990,138.8943030,
Q11561571,渋川市美術館・桑原巨守彫刻美術館,群馬縣,彫刻美術館,36.4919869,138.9977598,http://commons.wikimedia.org/wiki/Special:FilePath/Shibukawa%20city%20office%20second%20building%202.jpg
Q130619145,製粉ミュージアム,群馬縣,博物館,36.2455930,139.5257880,http://commons.wikimedia.org/wiki/Special:FilePath/Seifun%20Museum.JPG
Q104696774,榛東村耳飾り館,群馬縣,博物館,36.4503660,138.9698670,http://commons.wikimedia.org/wiki/Special:FilePath/Museum%20Of%20Earrings.jpg
Q104696779,館林市立資料館,群馬縣,博物館,36.2448700,139.5407680,
Q17229236,篆刻美術館,茨城縣,美術館,36.1946944,139.7028056,http://commons.wikimedia.org/wiki/Special:FilePath/Stippling%20Museum%2001.JPG
Q11599987,笠間日動美術館,茨城縣,美術館,36.3844600,140.2584400,http://commons.wikimedia.org/wiki/Special:FilePath/Kasama%20Nichido%20Museum%20Main%20Building.jpg
Q11342622,茨城縣自然博物館,茨城縣,都道府县立博物馆,36.0050000,139.9163333,http://commons.wikimedia.org/wiki/Special:FilePath/Ibaraki%20Nature%20Museum%20entrance.jpg
Q132183583,茨城県陶芸美術館,茨城縣,陶瓷博物館,36.3723130,140.2631650,http://commons.wikimedia.org/wiki/Special:FilePath/Ibaraki%20Ceramic%20Art%20Museum.JPG
Q11272218,筑波博覽中心,茨城縣,科技博物館,36.0866940,140.1106110,http://commons.wikimedia.org/wiki/Special:FilePath/Tsukuba%20Expo%20Center02.jpg
Q21652750,かすみがうら市水族館,茨城縣,水族館,36.0715939,140.3760069,http://commons.wikimedia.org/wiki/Special:FilePath/Kasumigaura-shi%20Aquarium.JPG
Q3081773,弘道館,茨城縣,博物館,36.3751450,140.4776310,http://commons.wikimedia.org/wiki/Special:FilePath/Koudoukan.JPG
Q11411385,古河歷史博物館,茨城縣,歷史博物館,36.1914210,139.7012580,http://commons.wikimedia.org/wiki/Special:FilePath/Koga%20History%20Museum%2001.JPG
Q65248041,上高津貝塚ふるさと歴史の広場,茨城縣,考古博物館,36.0767222,140.1663056,http://commons.wikimedia.org/wiki/Special:FilePath/KamitakatsuKaizuka.jpg
Q123274275,水戸市埋蔵文化財センター,茨城縣,埋藏文化財中心,36.3337800,140.5456970,
Q21655033,山方淡水魚館,茨城縣,水族館,36.6256661,140.4040464,http://commons.wikimedia.org/wiki/Special:FilePath/Yamagata%20Tansuigyo-kan.JPG
Q65280434,茨城県霞ケ浦環境科学センター,茨城縣,科學博物館,36.0756667,140.2663333,http://commons.wikimedia.org/wiki/Special:FilePath/Ibaraki%20Kasumigaura%20Environmental%20Science%20Center%20Building.jpg
Q11488064,德川博物館,茨城縣,博物館,36.3717220,140.4458060,http://commons.wikimedia.org/wiki/Special:FilePath/Tokugawa%20Museum%2001.JPG
Q104696526,取手市埋蔵文化財センター,茨城縣,埋藏文化財中心,35.8900540,140.0827640,
Q11413931,𠮷田正音楽記念館,茨城縣,音楽博物館,36.6104170,140.6562500,http://commons.wikimedia.org/wiki/Special:FilePath/Yoshida%20Tadashi%20Memorial%20Museum%20of%20Music.jpg
Q7700648,茨城県天心記念五浦美術館,茨城縣,美術館,36.8395000,140.7990000,
Q11424701,地質標本館,茨城縣,地質学博物館,36.0618890,140.1327220,http://commons.wikimedia.org/wiki/Special:FilePath/GSJ%20Geological%20Museum.JPG
Q114569247,茨城県つくば美術館,茨城縣,美術館,36.0848400,140.1121500,http://commons.wikimedia.org/wiki/Special:FilePath/Tsukuba%20ARS%20No.2.jpg
Q11437225,大洗海洋塔,茨城縣,觀光塔,36.3104722,140.5706389,http://commons.wikimedia.org/wiki/Special:FilePath/Oarai%20Marine%20Tower.jpg
Q4676321,茨城縣立歷史館,茨城縣,都道府县立博物馆,36.3791667,140.4500000,http://commons.wikimedia.org/wiki/Special:FilePath/Main-building-of-ibaraki-prefectural-museum-of-history.jpeg
Q11411379,古河文學館,茨城縣,文學館,36.1916810,139.7019550,http://commons.wikimedia.org/wiki/Special:FilePath/Koga%20Literature%20Museum%2001.JPG
Q11372669,五角堂,茨城縣,建成遗产,36.0318611,140.0733056,http://commons.wikimedia.org/wiki/Special:FilePath/Gokakud%C5%8D%20in%20Tsukuba-Yatabe01.jpg
Q17217250,大洗町幕末和明治之博物館,茨城縣,歷史博物館,36.3213889,140.5831667,http://commons.wikimedia.org/wiki/Special:FilePath/Oarai%20Museum%20of%20Bakumatsu-Meiji%20History.JPG
Q132160361,涸沼水鳥・湿地センター,茨城縣,自然中心,36.2848930,140.5096030,
Q122852747,予科練平和記念館,茨城縣,和平博物館,36.0455140,140.2234550,http://commons.wikimedia.org/wiki/Special:FilePath/Yokaren%20Peace%20memorial%20museum%2C%20Ami-town.jpg
Q123434781,安良川の爺スギ,茨城縣,巨樹,36.7147780,140.7034440,http://commons.wikimedia.org/wiki/Special:FilePath/Arakawa%20Jii%20cedar%20tree.%20A.jpg
Q30267756,土浦市立博物館,茨城縣,市立博物館,36.0852240,140.1972000,http://commons.wikimedia.org/wiki/Special:FilePath/Museum%20Tsuchiura%202.jpg
Q11424135,地圖與測量科學館,茨城縣,科學博物館,36.1039530,140.0855830,http://commons.wikimedia.org/wiki/Special:FilePath/ChizutoSokuryounoKagakukan.jpg
Q4782624,大洗水族館,茨城縣,水族館,36.3333470,140.5938220,http://commons.wikimedia.org/wiki/Special:FilePath/Aqua%20World.jpg
Q119012587,松見タワー,茨城縣,觀光塔,36.0909000,140.1073000,http://commons.wikimedia.org/wiki/Special:FilePath/Matsumi%20Tower.jpg
Q11617518,茨城県近代美術館,茨城縣,美術館,36.3677944,140.4653861,http://commons.wikimedia.org/wiki/Special:FilePath/Museum%20of%20Modern%20Art%20Ibaraki.JPG
Q11429068,境町歴史民俗資料館,茨城縣,民俗博物館,36.1208890,139.8084720,http://commons.wikimedia.org/wiki/Special:FilePath/History%20and%20Folklore%20Museum%20in%20Sakai%20Town.JPG
Q104696528,八千代町歴史民俗資料館,茨城縣,博物館,36.1794740,139.8896430,
Q132183745,かすみがうら市歴史博物館,茨城縣,歷史博物館,36.0742080,140.3733530,http://commons.wikimedia.org/wiki/Special:FilePath/KasumigauraCity%20KyoudoShiryoukan.jpg
Q17215455,つくばわんわんランド,茨城縣,主題公園,36.2036670,140.0751940,http://commons.wikimedia.org/wiki/Special:FilePath/TsukubaWanWanLand%28Entrance%29.jpg
Q104696529,常磐大学博物館学博物館,茨城縣,博物館,36.3823460,140.4399800,
Q11339218,こもれび森のイバライド,茨城縣,主題公園,35.9404170,140.2696940,
Q11294088,カシマサッカーミュージアム,茨城縣,體育博物館,35.9917778,140.6410278,http://commons.wikimedia.org/wiki/Special:FilePath/%E3%82%AB%E3%82%B7%E3%83%9E%E3%82%B5%E3%83%83%E3%82%AB%E3%83%BC%E3%82%B9%E3%82%BF%E3%82%B8%E3%82%A2%E3%83%A0%20-%20panoramio%20%281%29.jpg
Q17229940,日立シビックセンター科学館,茨城縣,科學博物館,36.5902778,140.6594444,
Q65239469,ザ・ヒロサワ・シティ,茨城縣,主題公園,36.2935417,140.0195667,http://commons.wikimedia.org/wiki/Special:FilePath/The%20Hirosawa%20City-1.JPG
Q11510056,日立市郷土博物館,茨城縣,地方文化館,36.6059130,140.6571200,http://commons.wikimedia.org/wiki/Special:FilePath/Hitachi%20City%20Folk%20Museum.jpg
Q11644616,里田原歴史民俗資料館,長崎縣,考古博物館,33.3583890,129.5911670,
Q11427886,堂崎天主堂,長崎縣,キリスト教博物館,32.7558610,128.8371940,http://commons.wikimedia.org/wiki/Special:FilePath/Douzaki%20Church%20in%20Nagasaki.JPG
Q18339489,峰町歴史民俗資料館,長崎縣,考古博物館,34.4695470,129.3163810,http://commons.wikimedia.org/wiki/Special:FilePath/Tsushima%20City%20Mine%20Historical%20Museum.jpg
Q63465,哥拉巴園,長崎縣,戶外博物館,32.7344444,129.8688889,http://commons.wikimedia.org/wiki/Special:FilePath/Nagasaki-Glover-Garden-5415.jpg
Q11323718,長崎和平博物館,長崎縣,和平博物館,32.7362222,129.8681944,
Q111274293,鄭成功記念館,長崎縣,人物紀念館,33.3310000,129.5203900,http://commons.wikimedia.org/wiki/Special:FilePath/%E9%84%AD%E6%88%90%E5%8A%9F%E8%A8%98%E5%BF%B5%E9%A4%A8%E5%A4%96%E8%A6%B3.jpg
Q105557496,岡正治記念長崎平和資料館,長崎縣,和平博物館,32.7552320,129.8721430,
Q93490,和平公園,長崎縣,紀念公園,32.7755800,129.8631200,http://commons.wikimedia.org/wiki/Special:FilePath/Fountain%20at%20Nagasaki%20Peace%20Park.jpg
Q11482968,平戸市切支丹資料館,長崎縣,歷史博物館,33.2901110,129.4472220,
Q11429588,壹岐市立一支国博物館,長崎縣,博物館,33.7676110,129.7553610,http://commons.wikimedia.org/wiki/Special:FilePath/Iki%20City%20Ikikoku%20Museum.jpg
Q117052982,长崎市恐龙博物馆,長崎縣,古生物博物馆,32.5937778,129.7617500,http://commons.wikimedia.org/wiki/Special:FilePath/Nagasaki%20City%20Dinosaur%20Museum%2020221024.jpg
Q11382536,佐世保市博物館島瀨美術中心,長崎縣,美術館,33.1727500,129.7206389,http://commons.wikimedia.org/wiki/Special:FilePath/Sasebo%20city%20museum%20shimanose%20art%20center.jpg
Q1191845,豪斯登堡,長崎縣,主題樂園,33.0865000,129.7868890,http://commons.wikimedia.org/wiki/Special:FilePath/Huis%20Ten%20Bosch%20-%2001.jpg
Q133628,國立長崎原爆死歿者追悼和平祈念館,長崎縣,和平博物館,32.7727778,129.8650000,http://commons.wikimedia.org/wiki/Special:FilePath/Nagasaki%20peace%20memorial%20hall.jpg
Q11409338,原の辻ガイダンス,長崎縣,考古博物館,33.7634720,129.7489440,http://commons.wikimedia.org/wiki/Special:FilePath/Harunotsuji%20Guidance.JPG
Q18337566,長崎縣立對馬歷史民俗資料館,長崎縣,民俗博物館,34.2036940,129.2875560,http://commons.wikimedia.org/wiki/Special:FilePath/Nagasaki%20Prefectural%20Tsushima%20Historical%20Museum.jpg
Q21654699,松永安左エ門記念館,長崎縣,人物紀念館,33.7449722,129.7514444,http://commons.wikimedia.org/wiki/Special:FilePath/Iki%20City%20Matsunaga%20Museum.jpg
Q107323093,ドロ神父記念館,長崎縣,纪念博物馆,32.8439444,129.7009167,
Q11465727,展海峰,長崎縣,风景点,33.1323611,129.6928611,http://commons.wikimedia.org/wiki/Special:FilePath/Observation%20Deck%20at%20Tenkaiho.JPG
Q108611178,平戸温泉,長崎縣,温泉镇,33.3496990,129.5053720,
Q18337535,豊玉町郷土館,長崎縣,考古博物館,34.3946806,129.3193667,http://commons.wikimedia.org/wiki/Special:FilePath/Tsushima%20City%20Toyotama%20Museum.jpg
Q11652770,長崎縣美術館,長崎縣,美術館,32.7416790,129.8710570,http://commons.wikimedia.org/wiki/Special:FilePath/Nagasaki%20art%20museum%20IMG%202093.JPG
Q11652469,長崎市科學館,長崎縣,科學博物館,32.7788889,129.8533333,http://commons.wikimedia.org/wiki/Special:FilePath/Nagasaki%20prefectural%20gymnasium.JPG
Q11511148,舊長崎稅關下松派出所,長崎縣,工藝博物館,32.7367222,129.8696667,http://commons.wikimedia.org/wiki/Special:FilePath/Nagasaki%20Customs%20Sagarimastu%20branch01s3.jpg
Q73613,長崎歷史文化博物館,長崎縣,歷史博物館,32.7528130,129.8795570,http://commons.wikimedia.org/wiki/Special:FilePath/Nagasaki%20Museum%20of%20History%20and%20Culture%20ac%20%281%29.jpg
Q11652324,長崎荷蘭村,長崎縣,主題公園,32.9970060,129.7574670,http://commons.wikimedia.org/wiki/Special:FilePath/Nagasaki%20Holland%20Village%202011.JPG
Q1099077,长崎原爆资料馆,長崎縣,軍事博物館,32.7726528,129.8645139,http://commons.wikimedia.org/wiki/Special:FilePath/%E9%95%B7%E5%B4%8E%E5%8E%9F%E7%88%86%E8%B3%87%E6%96%99%E9%A4%A8%20-%20panoramio.jpg
Q11526710,東山手十二番館,長崎縣,历史房屋博物馆,32.7378060,129.8735830,http://commons.wikimedia.org/wiki/Special:FilePath/Higashiyamate%2012bankan%20westside.jpg
Q1049762,西博爾德紀念館,長崎縣,人物紀念館,32.7558390,129.8922140,http://commons.wikimedia.org/wiki/Special:FilePath/Siebold%20Memorial%20Museum%20002.jpg
Q11652552,長崎市野口彌太郎記念美術館,長崎縣,美術館,32.7728056,129.8650000,http://commons.wikimedia.org/wiki/Special:FilePath/Nagasaki%20City%20Peace%20Hall.jpg
Q11531777,松浦史料博物馆,長崎縣,历史房屋博物馆,33.3729420,129.5522780,http://commons.wikimedia.org/wiki/Special:FilePath/Matsura%20Museum%201.jpg
Q18337565,上対馬町歴史民俗資料室,長崎縣,民俗博物館,34.6538610,129.4585000,http://commons.wikimedia.org/wiki/Special:FilePath/Kamitsushima%20Historical%20Museum.jpg
Q11531803,松浦市立埋蔵文化財センター,長崎縣,埋藏文化財中心,33.4366110,129.7623890,http://commons.wikimedia.org/wiki/Special:FilePath/753takasima%20iriguti%20P11007532.jpg
Q118111277,長崎市永井隆記念館,長崎縣,人物紀念館,32.7790070,129.8657140,http://commons.wikimedia.org/wiki/Special:FilePath/Nagasaki%20City%20Nagai%20Takashi%20Memorial%20Museum.jpg
Q28691707,雲仙岳災害紀念館,長崎縣,火山博物館,32.7436389,130.3757222,http://commons.wikimedia.org/wiki/Special:FilePath/Mt%20Unzen%20Disaster%20Memorial%20Hall.jpg
Q11357149,三菱重工業長崎造船所史料館,長崎縣,公司博物館,32.7430400,129.8556500,http://commons.wikimedia.org/wiki/Special:FilePath/%E9%95%B7%E5%B4%8E%E9%80%A0%E8%88%B9%E6%89%80%20%E6%97%A7%E6%9C%A8%E5%9E%8B%E5%A0%B41.JPG
Q107323653,長崎市立博物館,長崎縣,市立博物館,32.7528333,129.8795000,
Q11588461,祈禱之丘繪本美術館,長崎縣,繪本博物館,32.7352220,129.8697220,http://commons.wikimedia.org/wiki/Special:FilePath/Inorino-oka%20Picture%20Book%20Museum01s5.jpg
Q7400110,九十九島珍珠海洋遊覽區,長崎縣,主題樂園,33.1613889,129.6794444,http://commons.wikimedia.org/wiki/Special:FilePath/200320%20Kujukushima%20Pearl%20Sea%20Resort%20Sasebo%20Nagasaki%20pref%20Japan10s3.jpg
Q93429,远藤周作文学馆,長崎縣,人物紀念館,32.8358650,129.7026930,http://commons.wikimedia.org/wiki/Special:FilePath/Shusaku%20Endo%20Literary%20Museum.jpg
Q11664299,音浴博物館,長崎縣,音楽博物館,32.9262780,129.7086390,http://commons.wikimedia.org/wiki/Special:FilePath/MG%200121%20%E9%9F%B3%E6%B5%B4%E5%8D%9A%E7%89%A9%E9%A4%A8.JPG
Q11558706,海上自衛隊佐世保史料館,長崎縣,歷史博物館,33.1738890,129.7136110,http://commons.wikimedia.org/wiki/Special:FilePath/Sail-Tower%2C%20JMSDF%20Sasebo%20Museum%20001.jpg
Q84029,日本二十六聖人紀念館,長崎縣,キリスト教博物館,32.7547222,129.8716667,http://commons.wikimedia.org/wiki/Special:FilePath/26%20martyrs%20museum.jpg
Q11511154,舊香港上海銀行長崎支店,長崎縣,博物館,32.7363340,129.8691820,http://commons.wikimedia.org/wiki/Special:FilePath/Former%20Hongkong%20and%20Shanghai%20Bank%20Nagasaki%20Branch%2020180714%2001.jpg
Q123517238,外海歴史民俗資料館,長崎縣,博物館,32.8427280,129.6996600,http://commons.wikimedia.org/wiki/Special:FilePath/%E5%A4%96%E6%B5%B7%E6%AD%B4%E5%8F%B2%E6%B0%91%E4%BF%97%E8%B3%87%E6%96%99%E9%A4%A8%2001.jpg
Q1043953,九十九島,長崎縣,溺灣,33.1666667,129.6000000,http://commons.wikimedia.org/wiki/Special:FilePath/Sasebo%20Kujukushima%20Islands%202010-08.JPG
Q11372346,五島觀光歴史資料館,長崎縣,博物館,32.6939530,128.8468940,http://commons.wikimedia.org/wiki/Special:FilePath/Gotoh%20tourism-history-museum-20150427.png
Q97312460,対馬博物館,長崎縣,博物館,34.2037010,129.2879450,http://commons.wikimedia.org/wiki/Special:FilePath/Tsushima%20Museum.jpg
Q11370877,龜山社中紀念館,長崎縣,博物館,32.7487560,129.8868140,
Q104784044,南島原市口之津歴史民俗資料館,長崎縣,博物館,32.6050870,130.1956200,http://commons.wikimedia.org/wiki/Special:FilePath/%E5%8F%A3%E4%B9%8B%E6%B4%A5%E6%AD%B4%E5%8F%B2%E6%B0%91%E4%BF%97%E8%B3%87%E6%96%99%E9%A4%A8%20-%20panoramio.jpg
Q11390430,八ヶ岳美術館,長野縣,民俗博物館,35.9680556,138.2768333,http://commons.wikimedia.org/wiki/Special:FilePath/Yatsugatake%20Museum%20of%20Art.JPG
Q109370433,諏訪市美術館,長野縣,美術館,36.0477690,138.1131310,http://commons.wikimedia.org/wiki/Special:FilePath/130607%20Suwa%20City%20Museum%20of%20Art%20Suwa%20Japan01s3.jpg
Q17190581,安曇野アートヒルズミュージアム,長野縣,美術館,36.3401389,137.8420556,http://commons.wikimedia.org/wiki/Special:FilePath/Azumino%20Arthills%20Museum.jpg
Q61393839,北齋館,長野縣,美術館,36.6943611,138.3171667,http://commons.wikimedia.org/wiki/Special:FilePath/Hokusai%20Museum.jpg
Q114674643,軽井沢安東美術館,長野縣,人物紀念館,36.3468650,138.6394638,http://commons.wikimedia.org/wiki/Special:FilePath/240308%20Mus%C3%A9e%20Ando%20%C3%A0%20Karuizawa%20Karuizawa%20Japan01s3.jpg
Q28682337,Harmo美术馆,長野縣,美術館,36.0652400,138.0882400,
Q11450773,安曇野ジャンセン美術館,長野縣,人物紀念館,36.3500000,137.8422222,http://commons.wikimedia.org/wiki/Special:FilePath/Gaikan.jpg
Q11549453,水野美術館,長野縣,美術館,36.6282220,138.1930280,
Q11552021,池田滿壽夫美術館,長野縣,人物紀念館,36.5644440,138.1966670,http://commons.wikimedia.org/wiki/Special:FilePath/Ikeda%20Masuo%20Art%20Museum.jpg
Q133288742,山ノ内町立志賀高原ロマン美術館,長野縣,美術館,36.7279030,138.4442070,
Q11608719,美原高原美術館,長野縣,戶外博物館,36.2306667,138.1403611,http://commons.wikimedia.org/wiki/Special:FilePath/250426%20Utsukushi-ga-hara%20Open-Air%20Museum%20Ueda%20Nagano%20pref%20Japan14s3.jpg
Q78129958,市立岡谷美術考古館,長野縣,考古博物館,36.0588056,138.0470833,http://commons.wikimedia.org/wiki/Special:FilePath/Okaya%20Art%20%26%20Archaeological%20Museum.jpg
Q11337327,ペイネ美術館,長野縣,美術館,36.3291390,138.5945000,http://commons.wikimedia.org/wiki/Special:FilePath/Peynet%20museum01s3872.jpg
Q133226827,信州大学自然科学館,長野縣,大學博物館,36.2524560,137.9812240,
Q11462647,小海町高原美术馆,長野縣,美術館,36.0592722,138.4400833,http://commons.wikimedia.org/wiki/Special:FilePath/Koumi-machi%20Kougen%20Museum%20of%20Art%2C%20Exhibition%20of%20%E2%80%9Dyour%20name%E2%80%9D%2020161113-140815.jpg
Q11577117,田淵行男記念館,長野縣,人物紀念館,36.3255556,137.9039722,http://commons.wikimedia.org/wiki/Special:FilePath/%E7%94%B0%E6%B7%B5%E8%A1%8C%E7%94%B7%E8%A8%98%E5%BF%B5%E9%A4%A8%E5%85%A8%E5%AE%B9P8149156.jpg
Q11666522,飯田市川本喜八郎人形美術館,長野縣,美術館,35.5149420,137.8256940,http://commons.wikimedia.org/wiki/Special:FilePath/Iida%20City%20Kawamoto%20Kihachiro%20Puppet%20Museum.jpg
Q85879363,安曇野山岳美術館,長野縣,美術館,36.3523333,137.8357222,
Q11567510,無言館,長野縣,圖書館,36.3454170,138.2000280,http://commons.wikimedia.org/wiki/Special:FilePath/Mugonkan.jpg
Q11531052,松本市美術館,長野縣,美術館,36.2316111,137.9764722,http://commons.wikimedia.org/wiki/Special:FilePath/Matsumoto%20city%20museum%20of%20art07nt3200.jpg
Q105334745,おぶせミュージアム,長野縣,美術館,36.6984944,138.3189889,
Q11587726,碌山美術館,長野縣,人物紀念館,36.3436940,137.8813890,http://commons.wikimedia.org/wiki/Special:FilePath/150921%20Rokuzan%20Art%20Museum%20Azumino%20Nagano%20pref%20Japan01s3.jpg
Q11404260,北野カルチュラルセンター,長野縣,美術館,36.6530830,138.1870830,http://commons.wikimedia.org/wiki/Special:FilePath/Kitano%20Cultural%20Centre.jpg
Q11631864,诹访市原田泰治美术馆,長野縣,美術館,36.0388890,138.0983610,http://commons.wikimedia.org/wiki/Special:FilePath/140606%20Taizi%20Harada%20Art%20Museum%20Suwa%20Nagano%20pref%20Japan03s3.jpg
Q11621785,蓼科テディベア美術館,長野縣,美術館,36.1087140,138.2344940,http://commons.wikimedia.org/wiki/Special:FilePath/Lake%20Shirakaba38s5s3200.jpg
Q11668569,驥山館,長野縣,美術館,36.5795560,138.1459170,
Q11463703,小諸市立小山敬三美術館,長野縣,人物紀念館,36.3281390,138.4149440,http://commons.wikimedia.org/wiki/Special:FilePath/Koyama%20Keizo%20Museum%20of%20Art%20Komoro%20Japan01s3.jpg
Q86743350,袋屋美術館,長野縣,人物紀念館,36.7454722,138.3708056,http://commons.wikimedia.org/wiki/Special:FilePath/%E8%A2%8B%E5%B1%8B%E7%BE%8E%E8%A1%93%E9%A4%A8%EF%BC%882020-2-21%EF%BC%89.jpg
Q78072490,北アルプス展望美術館,長野縣,美術館,36.3858056,137.8959167,
Q131457036,奥村土牛記念美術館,長野縣,美術館,36.1341440,138.4766530,http://commons.wikimedia.org/wiki/Special:FilePath/Okumura%20Togyu%20Memorial%20Museum%20of%20Art.jpg
Q11306065,三立服部美术馆,長野縣,美術館,36.0551670,138.1118890,http://commons.wikimedia.org/wiki/Special:FilePath/160603%20Sunritz%20Hattori%20Museum%20of%20Art%20Suwa%20Nagano%20pref%20Japan01n.jpg
Q11560128,深沢紅子野の花美術館,長野縣,人物紀念館,36.3308889,138.5975278,http://commons.wikimedia.org/wiki/Special:FilePath/Fknb02s3872.jpg
Q28683263,脇田美術館,長野縣,美術館,36.3510000,138.6334444,http://commons.wikimedia.org/wiki/Special:FilePath/Wakita%20Museum%20of%20Art.JPG
Q64416043,梅野記念絵画館・ふれあい館,長野縣,美術館,36.3238042,138.3221613,http://commons.wikimedia.org/wiki/Special:FilePath/Umeno%20Memorial%20Picture%20Gallery%20%C2%B7%20Fureai%20Hall%203.jpg
Q11666529,飯田市美術博物館,長野縣,市立博物館,35.5120420,137.8302100,http://commons.wikimedia.org/wiki/Special:FilePath/Iida%20City%20Museum%20exterior%20ac%20%281%29.jpg
Q85874646,ルヴァン美術館,長野縣,美術館,36.3275620,138.5848270,http://commons.wikimedia.org/wiki/Special:FilePath/160729%20Le%20Vent%20Museum%20of%20Contemporary%20Art%20Karuizawa%20Nagano%20pref%20Japan02s3.jpg
Q123190139,白馬三枝美術館,長野縣,美術館,36.6901590,137.8459400,
Q86743771,日本のあかり博物館,長野縣,美術館,36.6951111,138.3151389,
Q11654278,長野縣信濃美術館・東山魁夷館,長野縣,美術館,36.6616670,138.1911110,http://commons.wikimedia.org/wiki/Special:FilePath/Nagano%20Prefectural%20Shinano%20Art%20Museum.jpg
Q11631824,SUWA玻璃之乡美术馆,長野縣,美術館,36.0284170,138.0803330,http://commons.wikimedia.org/wiki/Special:FilePath/SUWA%20Glass-no-Sato%20Museum.JPG
Q11382612,佐久市兒童未來館,長野縣,科學博物館,36.2716110,138.4758330,http://commons.wikimedia.org/wiki/Special:FilePath/Saku%20Children%27s%20Science%20Dome.JPG
Q11450795,安曇野高橋節郎記念美術館,長野縣,美術館,36.3545556,137.8913611,
Q85882441,田崎美術館,長野縣,美術館,36.3586111,138.5836111,
Q85879727,小諸高原美術館,長野縣,美術館,36.3439700,138.4204000,http://commons.wikimedia.org/wiki/Special:FilePath/%E5%B8%82%E7%AB%8B%E5%B0%8F%E8%AB%B8%E9%AB%98%E5%8E%9F%E7%BE%8E%E8%A1%93%E9%A4%A8%E3%83%BB%E7%99%BD%E9%B3%A5%E6%98%A0%E9%9B%AA%E9%A4%A8.jpg
Q11386158,KAITA EPITAPH 残照館,長野縣,美術館,36.3420556,138.1975278,http://commons.wikimedia.org/wiki/Special:FilePath/Kaita%20Epitaph%20Zanshou%20Museum.jpg
Q110245475,長野縣立美術館,長野縣,美術館,36.6615750,138.1910180,http://commons.wikimedia.org/wiki/Special:FilePath/Nagano%20Prefectural%20Art%20Museum%202021-12%201.jpg
Q11314323,Sezon现代美术馆,長野縣,美術館,36.3698060,138.5807780,http://commons.wikimedia.org/wiki/Special:FilePath/220930%20Sezon%20Museum%20of%20Modern%20Art%20Karuizawa%20Nagano%20pref%20Japan04s3.jpg
Q11654177,長野市少年科学センター,長野縣,科學博物館,36.6657500,138.1945000,http://commons.wikimedia.org/wiki/Special:FilePath/Nagano%20City%20Youth%20Science%20Museum.jpg
Q6157886,浮世繪博物館,長野縣,美術館,36.2303000,137.9350806,http://commons.wikimedia.org/wiki/Special:FilePath/MatsumotoJapanUkiyoeMuseum.jpg
Q11458738,小さな美術館軽井沢草花館,長野縣,美術館,36.3468060,138.6354170,http://commons.wikimedia.org/wiki/Special:FilePath/%E5%B0%8F%E3%81%95%E3%81%AA%E7%BE%8E%E8%A1%93%E9%A4%A8%E8%BB%BD%E4%BA%95%E6%B2%A2%E8%8D%89%E8%8A%B1%E9%A4%A8.jpg
Q11344069,メルシャン軽井沢美術館,長野縣,美術館,36.3223610,138.5077780,http://commons.wikimedia.org/wiki/Special:FilePath/Musee%20d%27art%20Mercian%20KARUIZAWA.jpg
Q28328237,信州高遠美術館,長野縣,美術館,35.8313056,138.0627222,http://commons.wikimedia.org/wiki/Special:FilePath/Takato%20Ina%20Takato%20Museum%20of%20Art-a.JPG
Q63565237,北野美術館,長野縣,美術館,36.6177220,138.2527780,http://commons.wikimedia.org/wiki/Special:FilePath/Kitano%20Art%20Museum.jpg
Q11403773,北泽美术馆,長野縣,美術館,36.0558060,138.1117220,http://commons.wikimedia.org/wiki/Special:FilePath/130607%20Kitazawa%20Museum%20of%20Art%20Suwa%20Japan01n.jpg
Q84468012,康耀堂美術館,長野縣,美術館,35.9680556,138.2768333,
Q78314906,佐久市立近代美術館,長野縣,美術館,36.2557200,138.4837800,http://commons.wikimedia.org/wiki/Special:FilePath/Saku%20Municipal%20Museum%20of%20Modern%20Art.jpg
Q11285428,アンフォルメル中川村美術館,長野縣,美術館,35.6466110,137.9546810,http://commons.wikimedia.org/wiki/Special:FilePath/INFORMEL%20NAKAGAWAMURA%20MUSEUM%2C%20main%20building%20and%20symbol%20tower%20exterior%20in%202012-11-24.jpg
Q11621781,蓼科アミューズメント水族館,長野縣,水族館,36.0665720,138.3027640,http://commons.wikimedia.org/wiki/Special:FilePath/Tateshina%20Amusement%20Aquarium%20in%202014-8-15%20No%2C25.JPG
Q11450770,安曇野知弘美術館,長野縣,繪本博物館,36.4149167,137.8441667,http://commons.wikimedia.org/wiki/Special:FilePath/150922%20Chihiro%20Art%20Museum%20Azumino%20Japan01s3.jpg
Q11531029,松本市旧司祭館,長野縣,牧師館,36.2432220,137.9676390,http://commons.wikimedia.org/wiki/Special:FilePath/130608%20Former%20Matsumoto%20Catholic%20church%20priest%20house%20Matumoto%20Japan01n.jpg
Q11678081,黒姫童話館,長野縣,文學館,36.8215000,138.1678333,http://commons.wikimedia.org/wiki/Special:FilePath/230807%20Kurohime%20Fairy%20Tale%20Museum%20Shinano%20Nagano%20pref%20Japan05s3.jpg
Q21653908,長野縣立歷史館,長野縣,公共檔案館,36.5339167,138.1351389,http://commons.wikimedia.org/wiki/Special:FilePath/Nagano%20Prefectural%20Museum%20of%20History.JPG
Q11463706,小諸市立藤村記念館,長野縣,文學館,36.3273330,138.4176670,http://commons.wikimedia.org/wiki/Special:FilePath/Toson%20Memorial%20Museum02s3200.jpg
Q11637576,軽井沢高原文庫,長野縣,文學館,36.3272500,138.5971110,http://commons.wikimedia.org/wiki/Special:FilePath/Kkb01s3872.jpg
Q11539448,森將軍塚古墳館,長野縣,考古博物館,36.5343444,138.1376333,http://commons.wikimedia.org/wiki/Special:FilePath/Mori-Syogun%20Kofun%20kan.JPG
Q85880711,日本土人形資料館,長野縣,人形博物館,36.7418333,138.3819722,http://commons.wikimedia.org/wiki/Special:FilePath/%E6%97%A5%E6%9C%AC%E5%9C%9F%E4%BA%BA%E5%BD%A2%E8%B3%87%E6%96%99%E9%A4%A8%E5%85%A8%E6%99%AF%EF%BC%882020-2-6%EF%BC%89.jpg
Q84454736,高野辰之記念館,長野縣,人物紀念館,36.7957500,138.3077778,http://commons.wikimedia.org/wiki/Special:FilePath/Takano%20Tatsuyuki%20Memorial%20Hall%202.jpg
Q739612,松本城,長野縣,日式城堡,36.2388889,137.9691667,http://commons.wikimedia.org/wiki/Special:FilePath/Matsumoto%20Castle05s5s4592.jpg
Q85878445,塩の道ちょうじや,長野縣,历史房屋博物馆,36.5041667,137.8603333,
Q11291053,エルツおもちゃ博物館・軽井沢,長野縣,玩具博物館,36.3264170,138.5958610,http://commons.wikimedia.org/wiki/Special:FilePath/070922%20Erzgebirge%20Toys%20Museum%20of%20Karuizawa%20Karuizawa%20Nagano%20pref%20Japan01bs20.jpg
Q85878449,塩尻短歌館,長野縣,文學館,36.1526667,137.9453056,
Q11531038,松本市立博物館,長野縣,市立博物館,36.2375780,137.9706140,http://commons.wikimedia.org/wiki/Special:FilePath/220728%20Matsumoto%20City%20Museum%20Japan01s3.jpg
Q81383363,中野市立博物館,長野縣,市立博物館,36.7500833,138.3425278,
Q11654184,長野市立博物館,長野縣,市立博物館,36.5915560,138.1879170,http://commons.wikimedia.org/wiki/Special:FilePath/Nagano%20City%20Museum.jpg
Q11308244,ショーハウス記念館,長野縣,人物紀念館,36.3623333,138.6387500,http://commons.wikimedia.org/wiki/Special:FilePath/Shaw%20house01s2040.jpg
Q84163072,堀辰雄文学記念館,長野縣,人物紀念館,36.3387778,138.5441389,http://commons.wikimedia.org/wiki/Special:FilePath/160730%20Tatsuo%20Hori%20literature%20Memorial%20Karuizawa%20Nagano%20pref%20Japan01n.jpg
Q85880990,有島生馬記念館,長野縣,人物紀念館,36.5719444,138.0208889,http://commons.wikimedia.org/wiki/Special:FilePath/Arishima%20Ikuma%20Memorial%20Museum.jpg
Q11666440,飯沼飛行士記念館,長野縣,人物紀念館,36.3167415,137.8961420,
Q11450781,安曇野市穂高郷土資料館,長野縣,地方文化館,36.3723167,137.8286250,http://commons.wikimedia.org/wiki/Special:FilePath/Hodaka%20Kyodo%20Shiryo1.jpg
Q11637569,軽井沢絵本の森美術館,長野縣,繪本博物館,36.3267500,138.5974170,http://commons.wikimedia.org/wiki/Special:FilePath/220929%20Karuizawa%20Picturebook%20Museum%20Karuizawa%20Nagano%20pref%20Japan02s3.jpg
Q11634350,象山紀念館,長野縣,人物紀念館,36.5590280,138.1977500,http://commons.wikimedia.org/wiki/Special:FilePath/Zozan%20Memorial%20Hall.jpg
Q68593755,安曇野瑞士村,長野縣,主題公園,36.3223056,137.9166667,
Q11463705,小諸市立小諸義塾記念館,長野縣,教育博物館,36.3267879,138.4202686,http://commons.wikimedia.org/wiki/Special:FilePath/Komoro%20Gijuku%20Memorial%20Hall.jpg
Q716411,舊開智學校,長野縣,教育博物館,36.2433333,137.9683333,http://commons.wikimedia.org/wiki/Special:FilePath/250424%20Former%20Kaichi%20School%20Matsumoto%20Nagano%20pref%20Japan01s3.jpg
Q55521349,山村代官屋敷,長野縣,历史房屋博物馆,35.8518611,137.6981944,http://commons.wikimedia.org/wiki/Special:FilePath/%E6%9C%A8%E6%9B%BD%E7%94%BA%E5%B1%B1%E6%9D%91%E4%BB%A3%E5%AE%98%E5%B1%8B%E6%95%B7%20ac%20%282%29.jpg
Q104710268,軽井沢町追分宿郷土館,長野縣,地方文化館,36.3414720,138.5475280,http://commons.wikimedia.org/wiki/Special:FilePath/%E8%BF%BD%E5%88%86%E9%83%B7%E5%9C%9F%E9%A4%A8.jpg
Q11584735,石之教會 內村鑑三紀念堂,長野縣,人物紀念館,36.3563060,138.5871110,http://commons.wikimedia.org/wiki/Special:FilePath/Ishinokyoukai01.jpg
Q17210960,満蒙開拓平和記念館,長野縣,和平博物館,35.4417500,137.7489170,http://commons.wikimedia.org/wiki/Special:FilePath/Manchuria%20pioneer%20Peace%20Memorial%20Hall%201.JPG
Q11438001,大町溫泉鄉,長野縣,単純温泉,36.5302222,137.8092500,http://commons.wikimedia.org/wiki/Special:FilePath/Omachi%20onsen-kyo02s3.jpg
Q11287214,イルフ童画館,長野縣,繪本博物館,36.0598060,138.0487780,http://commons.wikimedia.org/wiki/Special:FilePath/ILF%20Doga%20Museum.jpg
Q11510990,旧制高等学校記念館,長野縣,旧学校施設,36.2311700,137.9824900,http://commons.wikimedia.org/wiki/Special:FilePath/Kyuseikotogakko%20kinenkan2048.jpg
Q132830167,井戸尻考古館,長野縣,考古博物館,35.8779740,138.2769560,
Q11531033,松本市歷史之里,長野縣,戶外博物館,36.2314900,137.9337880,http://commons.wikimedia.org/wiki/Special:FilePath/Former%20Matsumoto%20Branch%20Courthouse.JPG
Q11353169,一茶ゆかりの里 一茶館,長野縣,人物紀念館,36.6800560,138.3596110,http://commons.wikimedia.org/wiki/Special:FilePath/Issakanzenkei.jpg
Q85883183,絵本美術館 森のおうち,長野縣,繪本博物館,36.3638333,137.8378056,
Q28154556,茅野市尖石縄文考古館,長野縣,考古博物館,36.0135667,138.2339639,http://commons.wikimedia.org/wiki/Special:FilePath/Togariishi%20Museum%20of%20Jomon%20Archaeology.jpg
Q84221487,中山晋平紀念館,長野縣,人物紀念館,36.7210050,138.3705310,http://commons.wikimedia.org/wiki/Special:FilePath/Nakayama%20Shinpei%20Memorial%20Hall.jpg
Q104709726,飯田市考古博物館,長野縣,考古博物館,35.5164480,137.8371100,
Q11510909,舊中込學校,長野縣,建成遗产,36.2375000,138.4721940,http://commons.wikimedia.org/wiki/Special:FilePath/Old-Nakagomi-School-01.jpg
Q85883757,諏訪市博物館,長野縣,市立博物館,36.0002222,138.1214444,http://commons.wikimedia.org/wiki/Special:FilePath/Suwa%20city%20musium%20%2C%20%E8%AB%8F%E8%A8%AA%E5%B8%82%E5%8D%9A%E7%89%A9%E9%A4%A8%20-%20panoramio.jpg
Q11575632,田中本家博物館,長野縣,历史房屋博物馆,36.6484310,138.3176390,http://commons.wikimedia.org/wiki/Special:FilePath/Tanaka%20Honke%20Museum%20%285019443553%29.jpg
Q55524329,木曽福島郷土館,長野縣,地方文化館,35.8541667,137.7022222,
Q79734934,塩尻市立平出博物館,長野縣,考古博物館,36.0991667,137.9393333,http://commons.wikimedia.org/wiki/Special:FilePath/Hira-ide%20Historic%20Site%20Park%20museum.jpg
Q132348788,国分寺史跡公園,長野縣,考古学公園,36.3806710,138.2700210,http://commons.wikimedia.org/wiki/Special:FilePath/Shinano%20Kokubunji-ato%20zenkei.JPG
Q11359772,上田市立博物館,長野縣,市立博物館,36.4037360,138.2465000,http://commons.wikimedia.org/wiki/Special:FilePath/Ueda%20City%20Museum.JPG
Q132348820,信濃国分寺資料館,長野縣,考古博物館,36.3812050,138.2698170,http://commons.wikimedia.org/wiki/Special:FilePath/Shinano%20Kokubunji%20museum.jpg
Q11531046,松本市立考古博物館,長野縣,考古博物館,36.1932060,138.0013170,http://commons.wikimedia.org/wiki/Special:FilePath/%E6%9D%BE%E6%9C%AC%E5%B8%82%E7%AB%8B%E8%80%83%E5%8F%A4%E5%8D%9A%E7%89%A9%E9%A4%A8.jpg
Q11450792,安曇野市豐科鄉土博物館,長野縣,地方文化館,36.2997222,137.9081944,
Q104575353,松本民芸館,長野縣,工藝博物館,36.2426667,137.9947778,http://commons.wikimedia.org/wiki/Special:FilePath/Matsumoto%20Folkcraft%20Museum.jpg
Q11531024,松本市四賀化石館,長野縣,古生物博物馆,36.3175000,137.9983330,http://commons.wikimedia.org/wiki/Special:FilePath/Shiga%20Fossil%20Museum.jpg
Q18338769,野尻湖ナウマンゾウ博物館,長野縣,古生物博物馆,36.8322790,138.2062090,http://commons.wikimedia.org/wiki/Special:FilePath/230807%20Nojiriko%20Naumann%20Elephant%20Museum%20Shinano%20Nagano%20pref%20Japan01s3.jpg
Q11583381,真田寶物館,長野縣,歷史博物館,36.5640000,138.1974720,http://commons.wikimedia.org/wiki/Special:FilePath/Sanada%20Tresures%20Museum.jpg
Q11654199,長野市茶臼山恐竜公園,長野縣,恐竜公園,36.5890280,138.1228060,http://commons.wikimedia.org/wiki/Special:FilePath/%E6%81%90%E7%AB%9C%E5%85%AC%E5%9C%92.jpg
Q104710191,千曲市さらしなの里歴史資料館,長野縣,歷史博物館,36.5003500,138.1136972,
Q28692222,伊那市立高遠町歴史博物館,長野縣,歷史博物館,35.8301940,138.0641670,http://commons.wikimedia.org/wiki/Special:FilePath/Municipal%20Takatomachi%20Historical%20Museum.jpg
Q11511039,旧山辺学校校舎,長野縣,民俗博物館,36.2357500,138.0033610,http://commons.wikimedia.org/wiki/Special:FilePath/Former%20Yamabe%20School%202.jpg
Q11591010,神長官守矢史料館,長野縣,house archive,35.9955280,138.1280000,http://commons.wikimedia.org/wiki/Special:FilePath/%E7%A5%9E%E9%95%B7%E5%AE%98%E5%AE%88%E7%9F%A2%E5%8F%B2%E6%96%99%E9%A4%A8%20%2851790275588%29.jpg
Q125661722,長野県立御嶽山ビジターセンター,長野縣,遊客中心,35.8731810,137.5030509,
Q137970363,信州新町化石博物館,長野縣,古生物博物馆,36.5719910,138.0211950,
Q30926293,栄村歴史文化館,長野縣,歷史博物館,36.9751667,138.5843889,http://commons.wikimedia.org/wiki/Special:FilePath/Sakae%20kominkan.jpg
Q11363715,中央構造線博物館,長野縣,地質学博物館,35.5562500,138.0384720,http://commons.wikimedia.org/wiki/Special:FilePath/Median%20Tectonic%20Line%20Museum.jpg
Q60989582,本洗馬歴史の里資料館,長野縣,歷史博物館,36.1071944,137.9113333,http://commons.wikimedia.org/wiki/Special:FilePath/Motoseba%20Historical%20Village%20Archive.jpg
Q125661754,木曽町御嶽山ビジターセンター,長野縣,遊客中心,35.8229866,137.6479218,
Q11450790,安曇野市美術館,長野縣,现代美术馆,36.3054722,137.9063611,http://commons.wikimedia.org/wiki/Special:FilePath/Azumino%20Muncipal%20Museum%20of%20Modern%20Art%2C%20Toyoshina%20and%20Toyoshina%20Exchange%20and%20Learning%20Center%20Kibo.jpg
Q138312306,鬼無里ふるさと資料館,長野縣,民俗博物館,36.6799620,137.9988790,http://commons.wikimedia.org/wiki/Special:FilePath/Kinasa%20Furusato%20Museum.jpg
Q11531031,松本市鐘錶博物館,長野縣,時計博物館,36.2338250,137.9686690,http://commons.wikimedia.org/wiki/Special:FilePath/Matsumoto%20timepiece%20museum02n4592.jpg
Q113950785,坂城町鉄の展示館,長野縣,博物館,36.4633611,138.1829722,
Q11364288,中山道69次資料館,長野縣,博物館,36.3361278,138.5368750,http://commons.wikimedia.org/wiki/Special:FilePath/Wooden%20sign%20-%202324.jpg
Q85876422,佐久市立天来記念館,長野縣,書法美術館,36.2648800,138.3622600,http://commons.wikimedia.org/wiki/Special:FilePath/Tenrai%20Museum.jpg
Q123418594,小笠原資料館,長野縣,博物館,35.4464000,137.7949000,http://commons.wikimedia.org/wiki/Special:FilePath/Ogasawara%20klan%20museum.jpg
Q21653078,小諸市立郷土博物館,長野縣,博物館,36.3286944,138.4151667,
Q11610945,聖博物館,長野縣,博物館,36.4877830,138.0701670,http://commons.wikimedia.org/wiki/Special:FilePath/Hijiri%20Museum%2C%20entrance%20and%20main%20building%20exterior%2C%20in%202010-10-16.jpg
Q11437989,大町山岳博物館,長野縣,動物園,36.5052500,137.8705556,http://commons.wikimedia.org/wiki/Special:FilePath/20090502oomachisangakuhakubutsukan01.JPG
Q66363172,尾澤木彫美術館,長野縣,博物館,36.3791167,138.2764861,http://commons.wikimedia.org/wiki/Special:FilePath/Ozawa%20Wooden%20Sculpture%20Art%20Museum%201.jpg
Q11326402,ハチ博物館,長野縣,博物館,35.6358000,137.9487390,http://commons.wikimedia.org/wiki/Special:FilePath/Bee%20Museum%2C%20entrance.jpg
Q11631898,诹访湖博物馆,長野縣,博物館,36.0672220,138.1008330,http://commons.wikimedia.org/wiki/Special:FilePath/Municipal%20Suwako%20museum%20and%20Shimaki%20Akahiko%20memorial%20museum.jpg
Q11531021,松本市はかり資料館,長野縣,博物館,36.2339440,137.9725830,http://commons.wikimedia.org/wiki/Special:FilePath/Nakamachi%20street%20Matsumoto%20Nagano%20pref%20Japan04n.jpg
Q84418600,池波正太郎真田太平記館,長野縣,博物館,36.4031111,138.2535278,http://commons.wikimedia.org/wiki/Special:FilePath/Ikenami%20Shotaro%20Sanada%20Taiheiki%20Kan.JPG
Q1048234,上高地,長野縣,盆地,36.2469694,137.6333333,http://commons.wikimedia.org/wiki/Special:FilePath/150920%20Gakusawa%20wetlands%20Kamikochi%20Japan03s3.jpg
Q105085751,上伊那郷土館,長野縣,博物館,35.8388000,137.9563000,
Q81979211,大町エネルギー博物館,長野縣,エネルギー博物館,36.5152500,137.7933889,http://commons.wikimedia.org/wiki/Special:FilePath/Omachi%20Museum-1.jpg
Q6322223,貞享義民紀念館,長野縣,博物館,36.2739669,137.8968061,http://commons.wikimedia.org/wiki/Special:FilePath/View%20of%20the%20Joukyou%20Gimin%20Memorial%20Museum.JPG
Q86744314,信州中野銅石版画ミュージアム,長野縣,博物館,36.7537500,138.3760000,http://commons.wikimedia.org/wiki/Special:FilePath/%E4%BF%A1%E5%B7%9E%E4%B8%AD%E9%87%8E%E9%8A%85%E7%9F%B3%E7%89%88%E7%94%BB%E3%83%9F%E3%83%A5%E3%83%BC%E3%82%B8%E3%82%A2%E3%83%A0.jpg
Q85875606,中野陣屋·縣廳紀念館,長野縣,博物館,36.7446389,138.3726667,http://commons.wikimedia.org/wiki/Special:FilePath/Nakano%20Jin%27ya.jpg
Q87675478,駒ケ根高原美術館,長野縣,博物館,35.7352370,137.8981460,http://commons.wikimedia.org/wiki/Special:FilePath/Komagane%20Kogen%20Art%20Museum.jpg
Q55524325,駒ヶ根市立博物館,長野縣,博物館,35.7364444,137.9298056,http://commons.wikimedia.org/wiki/Special:FilePath/Komagane%20City%20Museum.jpg
Q1532916,志賀高原,長野縣,高原,36.7000000,138.4916667,http://commons.wikimedia.org/wiki/Special:FilePath/Shiga%20Kogen%20%2830610822195%29.jpg
Q18337231,武石ともしび博物館,長野縣,博物館,36.2870440,138.2300000,http://commons.wikimedia.org/wiki/Special:FilePath/Takeshi%20Tomoshibi%20Museum%203.jpg
Q134926852,安曇野市天蚕センター,長野縣,博物館,36.3528000,137.8408000,
Q66360898,八ヶ岳総合博物館,長野縣,博物館,36.0058974,138.1791295,http://commons.wikimedia.org/wiki/Special:FilePath/Chino%20City%20Yatsugatake%20Museum%201.jpg
Q105086419,伊那市創造館,長野縣,博物館,35.8387219,137.9565831,
Q110730022,浅間縄文ミュージアム,長野縣,博物館,36.3215829,138.5064742,http://commons.wikimedia.org/wiki/Special:FilePath/Ecole%20Miyota%20exterior%20ac%20%282%29.jpg
Q11480663,市立岡谷蚕糸博物館,長野縣,博物館,36.0655830,138.0473890,http://commons.wikimedia.org/wiki/Special:FilePath/Okaya%20Silk%20Museum%201.jpg
Q11278985,陆奥北方渔船博物馆,青森縣,漁業博物館,40.8372780,140.7252500,http://commons.wikimedia.org/wiki/Special:FilePath/Michinoku%20Traditional%20Wooden%20Boat%20Museum.JPG
Q11662064,青森市森林博物館,青森縣,林業博物館,40.8315000,140.7257222,http://commons.wikimedia.org/wiki/Special:FilePath/Aomori%20city%20forestry%20museum.jpg
Q17354837,十来冢,青森縣,石墓,40.4538889,141.1486111,http://commons.wikimedia.org/wiki/Special:FilePath/GraveCrosses.jpg
Q127502577,弘前大学資料館,青森縣,大學博物館,40.5891550,140.4717330,
Q11275410,はごろも自然遊園地,青森縣,主題樂園,40.4765000,141.6415278,
Q11597769,立佞武多の館,青森縣,山車会館,40.8109310,140.4432860,http://commons.wikimedia.org/wiki/Special:FilePath/Tachineputa%20Hall.jpg
Q11511115,旧第五十九銀行本店本館,青森縣,银行建筑物,40.6029170,140.4686110,http://commons.wikimedia.org/wiki/Special:FilePath/Fifty-Ninth%20Bank%20Head%20Office%20Main%20Building%2020200921.jpg
Q11662265,青森県立郷土館,青森縣,地方文化館,40.8272800,140.7486600,http://commons.wikimedia.org/wiki/Special:FilePath/Aomori%20Prefectural%20Museum.jpg
Q4803495,青森県営浅虫水族館,青森縣,水族館,40.8975830,140.8627780,http://commons.wikimedia.org/wiki/Special:FilePath/Asamushi%20Aquarium%20Aomori%20Japan03n.jpg
Q28154389,弘前市立博物館,青森縣,市立博物館,40.6053280,140.4625580,http://commons.wikimedia.org/wiki/Special:FilePath/191207%20Hirosaki%20City%20Museum%20Hirosaki%20Aomori%20pref%20Japan01s.jpg
Q123124042,弘前れんが倉庫美術館,青森縣,現代美術館,40.5981690,140.4729090,http://commons.wikimedia.org/wiki/Special:FilePath/Hirosaki%20Museum%20of%20Contemporary%20Art.jpg
Q132659035,縄文の学び舎・小牧野館,青森縣,考古博物館,40.7477820,140.7233680,http://commons.wikimedia.org/wiki/Special:FilePath/Komakino%20site%20preservation%20museum%2002.jpg
Q11662211,青森縣立三澤航空科學館,青森縣,科學博物館,40.7082500,141.3903610,http://commons.wikimedia.org/wiki/Special:FilePath/151101%20Misawa%20Aviation%20%26%20Science%20Museum%2C%20Aomori%20Japan03s3.jpg
Q132658745,大平山元遺跡展示施設むーもん館,青森縣,考古博物館,41.0645990,140.5529680,http://commons.wikimedia.org/wiki/Special:FilePath/M%C5%ABmon-kan%2001.jpg
Q11556435,津軽藩ねぷた村,青森縣,山車会館,40.6113250,140.4697480,http://commons.wikimedia.org/wiki/Special:FilePath/Neputamura-gaikan.jpg
Q30922740,津軽伝承工芸館,青森縣,工藝博物館,40.6056111,140.6758889,http://commons.wikimedia.org/wiki/Special:FilePath/Tsugaru%20Traditional%20Crafts%20Center07.jpg
Q11412492,合浦公園,青森縣,城市公園,40.8300000,140.7791667,http://commons.wikimedia.org/wiki/Special:FilePath/Gappo%20Koen.jpg
Q11451328,安藤昌益資料館,青森縣,人物紀念館,40.5107700,141.4919700,http://commons.wikimedia.org/wiki/Special:FilePath/Andoshoekimuseum.JPG
Q11404944,十和田市現代美術館,青森縣,現代美術館,40.6140390,141.2094100,http://commons.wikimedia.org/wiki/Special:FilePath/Towada%20art%20center.JPG
Q22032382,鷹山宇一記念美術館,青森縣,美術館,40.7169340,141.1559720,http://commons.wikimedia.org/wiki/Special:FilePath/Michinoeki-Shichinohe%20TakayamaUchiKinenBijyutsukan.jpg
Q11391172,八戸市埋蔵文化財センター 是川縄文館,青森縣,埋藏文化財中心,40.4755556,141.4883611,http://commons.wikimedia.org/wiki/Special:FilePath/Korekawajomonkan.jpg
Q131910775,青森市民美術展示館,青森縣,美術館,40.8287880,140.7349250,
Q17217142,むつ科学技術館,青森縣,科技博物館,41.3642780,141.2350420,http://commons.wikimedia.org/wiki/Special:FilePath/%E3%82%80%E3%81%A4%E7%A7%91%E5%AD%A6%E6%8A%80%E8%A1%93%E9%A4%A8.jpg
Q11480891,帆風美術館,青森縣,美術館,40.5470278,141.4359167,
Q11391175,八戸市水産科学館,青森縣,科學博物館,40.5397222,141.5627778,http://commons.wikimedia.org/wiki/Special:FilePath/Marient.jpg
Q11391188,八戶市美術館,青森縣,美術館,40.5117500,141.4913056,http://commons.wikimedia.org/wiki/Special:FilePath/Hachinohe%20Art%20Museum%202023.jpg
Q11539040,棟方志功記念館,青森縣,人物紀念館,40.8194444,140.7600000,http://commons.wikimedia.org/wiki/Special:FilePath/Munakata%20Shiko%20Memorial%20Museum%20of%20Art.jpg
Q1179272,太宰治紀念館 「斜陽館」,青森縣,历史房屋博物馆,40.9027030,140.4554900,http://commons.wikimedia.org/wiki/Special:FilePath/Shay%C5%8Dkan%20the%20birthhouse%20of%20Osamu%20Dazai.jpg
Q11662266,青森縣立美術館,青森縣,美術館,40.8073000,140.7010000,http://commons.wikimedia.org/wiki/Special:FilePath/140913%20Aomori%20Museum%20of%20Art%20Japan02bs3.jpg
Q123515864,青森県近代文学館,青森縣,文學館,40.7951620,140.7386300,
Q11556382,津軽こけし館,青森縣,人形博物館,40.6063280,140.6765220,http://commons.wikimedia.org/wiki/Special:FilePath/Tsugaru%20kokeshi-kan01.jpg
Q11391164,八戸市博物館,青森縣,市立博物館,40.5085250,141.4644028,http://commons.wikimedia.org/wiki/Special:FilePath/Hachinohe-city-museum.jpg
Q132659330,つがる市木造亀ヶ岡考古資料室,青森縣,考古博物館,40.8733260,140.3304400,http://commons.wikimedia.org/wiki/Special:FilePath/%E7%B8%84%E6%96%87%E9%A4%A8%EF%BC%88%E6%9C%A8%E9%80%A0%E4%BA%80%E3%83%B6%E5%B2%A1%E8%80%83%E5%8F%A4%E8%B3%87%E6%96%99%E5%AE%A4%EF%BC%89%2002.jpg
Q17218957,八甲田山雪中行軍遭難資料館,青森縣,軍事博物館,40.7847780,140.7896390,http://commons.wikimedia.org/wiki/Special:FilePath/%E9%9B%AA%E4%B8%AD%E8%A1%8C%E8%BB%8D%E9%81%AD%E9%9B%A3%E8%B3%87%E6%96%99%E9%A4%A8.jpg
Q21654765,三沢市寺山修司記念館,青森縣,人物紀念館,40.7420560,141.3653610,http://commons.wikimedia.org/wiki/Special:FilePath/151101%20Shuji%20Terayama%20Museum%20Misawa%20Aomori%20pref%20Japan03s3.jpg
Q6386532,はっち,青森縣,博物館,40.5100000,141.4905560,http://commons.wikimedia.org/wiki/Special:FilePath/HachinohePortalMuseum%20hacchi.jpg
Q133272957,おいらせ阿光坊古墳館,青森縣,考古博物館,40.6038600,141.3805380,
Q132356046,田舎館村埋蔵文化財センター,青森縣,埋藏文化財中心,40.6331548,140.5775650,
Q132659145,つがる市縄文住居展示資料館 カルコ,青森縣,考古博物館,40.8091350,140.3809660,http://commons.wikimedia.org/wiki/Special:FilePath/KARCO%2001.jpg
Q120655368,青森北麻本吕婆历史馆,青森縣,歷史博物館,40.8372440,140.7252490,
Q132656754,さんまるミュージアム,青森縣,考古博物館,40.8090930,140.6972720,http://commons.wikimedia.org/wiki/Special:FilePath/Sanmaru%20Museum%2001.JPG
Q85880196,弘前市立郷土文学館,青森縣,文學館,40.6026667,140.4651389,http://commons.wikimedia.org/wiki/Special:FilePath/Hirosaki%20Municipal%20Library%20and%20Literature%20Museum.jpg
Q11275091,睡魔之家WARASSE,青森縣,山車会館,40.8295556,140.7359444,http://commons.wikimedia.org/wiki/Special:FilePath/Nebuta%20Museum%20Wa%20Rasse%2020200621.jpg
Q132390958,二ツ森貝塚館,青森縣,考古博物館,40.7486140,141.2199660,http://commons.wikimedia.org/wiki/Special:FilePath/Futatsumori%20Shell%20Midden%20Museum%2003.jpg
Q132656676,縄文時遊館,青森縣,埋藏文化財中心,40.8091980,140.6966330,http://commons.wikimedia.org/wiki/Special:FilePath/Jomon%20jiyukan.jpg
Q104696239,櫛引八幡宮国宝館,青森縣,宝物館,40.4893760,141.4352480,http://commons.wikimedia.org/wiki/Special:FilePath/Treasure%20museum%20of%20Kushihiki%20Hachiman-gu.jpg
Q101086086,高岡の森弘前藩歴史館,青森縣,歷史博物館,40.6225000,140.3555556,http://commons.wikimedia.org/wiki/Special:FilePath/%E9%AB%98%E5%B2%A1%E3%81%AE%E6%A3%AE%E5%BC%98%E5%89%8D%E8%97%A9%E6%AD%B4%E5%8F%B2%E9%A4%A8.jpg
Q11506471,日本單車運動中心,靜岡縣,主題樂園,35.0099722,139.0104167,http://commons.wikimedia.org/wiki/Special:FilePath/Japan%20cycle%20sports%20center%2C%20Cycle%20densha%2C%2020110919.jpg
Q3156501,伊豆三津海洋樂園,靜岡縣,水族館,35.0194440,138.8959440,http://commons.wikimedia.org/wiki/Special:FilePath/Izumitoseapala-2016.jpg
Q11455860,富士野生動物園,靜岡縣,野生动物园,35.2599720,138.8106110,http://commons.wikimedia.org/wiki/Special:FilePath/%E5%AF%8C%E5%A3%AB%E3%82%B5%E3%83%95%E3%82%A1%E3%83%AA%E3%83%91%E3%83%BC%E3%82%AF%20%E3%83%A9%E3%82%A4%E3%82%AA%E3%83%B32%20Fuji-safari-park-Lion2.jpg
Q11380530,伊豆之長八美術館,靜岡縣,人物紀念館,34.7487778,138.7766389,http://commons.wikimedia.org/wiki/Special:FilePath/Izu-no-chohachi%20Museum%2001.jpg
Q105842324,井上靖文学馆,靜岡縣,人物紀念館,35.1724167,138.8689444,http://commons.wikimedia.org/wiki/Special:FilePath/Inoue-Yasushi-bungakukan-r.jpg
Q101042850,清見潟,靜岡縣,前实体,35.0509730,138.5235940,http://commons.wikimedia.org/wiki/Special:FilePath/View%20of%20Fuji%20from%20the%20Coast%20of%20Kiyomigata%20LACMA%20M.71.100.60.jpg
Q115472513,富士モータースポーツミュージアム,靜岡縣,汽車博物館,35.3678550,138.9184800,
Q72515975,酪農王国オラッチェ,靜岡縣,主題公園,35.1032500,139.0147778,
Q104636664,掛川市二の丸美術館,靜岡縣,美術館,34.7758889,138.0145833,http://commons.wikimedia.org/wiki/Special:FilePath/Ninomaru%20Museum%20of%20Art.JPG
Q11345312,ヤマハ・コミュニケーションプラザ,靜岡縣,公司博物館,34.7229440,137.8767500,http://commons.wikimedia.org/wiki/Special:FilePath/Yamaha%20Communication%20Plaza.JPG
Q11645271,野坂自動人偶美術館,靜岡縣,美術館,34.8894444,139.1043056,
Q38266991,豊田佐吉記念館,靜岡縣,人物紀念館,34.7103778,137.5278611,http://commons.wikimedia.org/wiki/Special:FilePath/Toyota%20Sakichi%20Birthplace.JPG
Q843638,MOA美術館,靜岡縣,私人博物館,35.1093130,139.0752040,http://commons.wikimedia.org/wiki/Special:FilePath/231007%20MOA%20Museum%20of%20Art%20Atami%20Japan09s3.jpg
Q104575629,資生堂藝術屋,靜岡縣,美術館,34.7656111,137.9991944,http://commons.wikimedia.org/wiki/Special:FilePath/Shiseido%20Art%20House%20Museum.jpg
Q77806922,濱松市秋野不矩美術館,靜岡縣,美術館,34.8648611,137.8192778,http://commons.wikimedia.org/wiki/Special:FilePath/AkinoFukuMuseum%20Um%202019091501%2001.jpg
Q65272704,熱海秘宝館,靜岡縣,性博物馆,35.0868333,139.0802222,http://commons.wikimedia.org/wiki/Special:FilePath/Atami%20Hihoukan%2C%20Atami%2C%20Shizuoka%2C%20Japan.JPG
Q869275,三保之松原,靜岡縣,松林,34.9950000,138.5227778,http://commons.wikimedia.org/wiki/Special:FilePath/Mount%20Fuji%20and%20Miho%20no%20Matsubara%2020170211-8.jpg
Q65242677,Marine Spa熱海,靜岡縣,游泳館,35.0909350,139.0747500,http://commons.wikimedia.org/wiki/Special:FilePath/Marine%20Spa%20Atami.jpg
Q133232018,静岡大学キャンパスミュージアム,靜岡縣,大學博物館,34.9651820,138.4302140,
Q11427843,堂島,靜岡縣,觀光景點,34.7800000,138.7600000,http://commons.wikimedia.org/wiki/Special:FilePath/Dogashima%2020121019.jpg
Q78120016,静岡市立芹沢銈介美術館,靜岡縣,美術館,34.9553179,138.4082107,http://commons.wikimedia.org/wiki/Special:FilePath/Shizuoka%20City%20Serizawa%20Keisuke%20Art%20Museum%20front%20gate.JPG
Q11257168,熱海城,靜岡縣,天守,35.0863889,139.0786111,http://commons.wikimedia.org/wiki/Special:FilePath/Atami%20Castle%2020120915.jpg
Q11554537,沼津港深海水族館,靜岡縣,水族館,35.0839720,138.8581670,http://commons.wikimedia.org/wiki/Special:FilePath/Numazu%20Deepblue%20Aquarium%2020200816%2001.jpg
Q97168213,伊豆ぐらんぱる公園,靜岡縣,主題樂園,34.9056389,139.1214167,
Q11557851,濱松市美術館,靜岡縣,美術館,34.7118333,137.7237500,http://commons.wikimedia.org/wiki/Special:FilePath/Hamamatsu%20city%20museum.jpg
Q109357780,静岡市東海道広重美術館,靜岡縣,美術館,35.1080000,138.5671111,http://commons.wikimedia.org/wiki/Special:FilePath/Nakagawa-machi%20Bato%20Hiroshige%20Museum%20of%20Art%2C%20main%20building.JPG
Q11554523,沼津市戸田造船郷土資料博物館,靜岡縣,地方文化館,34.9768330,138.7665280,http://commons.wikimedia.org/wiki/Special:FilePath/Numazu%20City%20Heda%20Shipbuilding%20and%20Local%20History%20Museum%20ac%20%281%29.jpg
Q24898471,東海大學海洋科學博物館,靜岡縣,大學博物館,35.0191111,138.5182222,http://commons.wikimedia.org/wiki/Special:FilePath/Tokai%20University%2C%20Marine%20Science%20Museum.jpg
Q49492347,富士山樹空の森,靜岡縣,主題公園,35.2966667,138.8680556,
Q11276832,沼津港大型展望水門 View-O,靜岡縣,水門,35.0813530,138.8546420,http://commons.wikimedia.org/wiki/Special:FilePath/View-O%2020121020.jpg
Q17220609,濱松市博物館,靜岡縣,市立博物館,34.7125833,137.7035833,http://commons.wikimedia.org/wiki/Special:FilePath/Hamamatsu%20City%20Museum.jpg
Q49526168,三保文化ランド,靜岡縣,主題樂園,35.0161111,138.5219444,
Q11663569,静岡科学館,靜岡縣,科學博物館,34.9706390,138.3903610,http://commons.wikimedia.org/wiki/Special:FilePath/Mizunomori%20Building%20and%20S-Patio.JPG
Q107287118,熱海山口美術館,靜岡縣,美術館,35.0931237,139.0736591,http://commons.wikimedia.org/wiki/Special:FilePath/%E7%86%B1%E6%B5%B7%E5%B1%B1%E5%8F%A3%E7%BE%8E%E8%A1%93%E9%A4%A8%20%E5%A4%96%E8%A6%B3%E6%B2%B3%E7%AB%A5.jpg
Q104575526,資生堂企業資料館,靜岡縣,公司博物館,34.7657778,138.0004444,http://commons.wikimedia.org/wiki/Special:FilePath/%E8%B3%87%E7%94%9F%E5%A0%82%E4%BC%81%E6%A5%AD%E8%B3%87%E6%96%99%E9%A4%A8.jpg
Q11311748,鈴木歷史館,靜岡縣,博物館,34.6906667,137.6894722,http://commons.wikimedia.org/wiki/Special:FilePath/Suzuki%20History%20Museum%2C%20Hamamatsu%20-%20Jul%207%2C%202013.jpg
Q3459356,修善寺虹之鄉,靜岡縣,主題公園,34.9745690,138.9109240,http://commons.wikimedia.org/wiki/Special:FilePath/Nijinosato%2020121104%20Entrance.jpg
Q3048962,土肥黃金館,靜岡縣,礦業博物館,34.9082000,138.7930000,http://commons.wikimedia.org/wiki/Special:FilePath/Central%20building%20at%20the%20Toi%20mine%20complex.jpg
Q11551651,池田20世紀美術館,靜岡縣,美術館,34.9216675,139.1054655,http://commons.wikimedia.org/wiki/Special:FilePath/Research%20survey%20Ikeda%20Museum%20of%2020th%20Century%20Art%201975%201.png
Q85884479,静岡市立登呂博物館,靜岡縣,考古博物館,34.9553889,138.4088056,http://commons.wikimedia.org/wiki/Special:FilePath/Shizuoka%20City%20Toro%20Museum.JPG
Q71821967,海野光弘版画記念館,靜岡縣,美術館,34.8323060,138.1565560,http://commons.wikimedia.org/wiki/Special:FilePath/%E6%B5%B7%E9%87%8E%E5%85%89%E5%BC%98%E7%89%88%E7%94%BB%E8%A8%98%E5%BF%B5%E9%A4%A8.jpg
Q77806445,かんなみ仏の里美術館,靜岡縣,美術館,35.1200000,138.9730560,http://commons.wikimedia.org/wiki/Special:FilePath/Kannami%20Buddha%20statues%20Museum.jpg
Q11662917,静岡ホビースクエア,靜岡縣,玩具博物館,34.9710278,138.3908333,http://commons.wikimedia.org/wiki/Special:FilePath/Night%20view%20of%20the%20south%20exit%20of%20Shizuoka%20Station.jpg
Q11498237,掛川花鳥園,靜岡縣,植物園,34.7611944,138.0150556,http://commons.wikimedia.org/wiki/Special:FilePath/%E6%8E%9B%E5%B7%9D%E8%8A%B1%E9%B3%A5%E5%9C%92%20-%20panoramio%20%281%29.jpg
Q11491638,奇怪少年少女博物馆,靜岡縣,主題公園,34.8915560,139.1167944,
Q11265813,ぐりんぱ,靜岡縣,主題樂園,35.2943530,138.7845080,http://commons.wikimedia.org/wiki/Special:FilePath/Grinpa%202016%20%2830207859440%29.jpg
Q11542374,横井照子富士美術館,靜岡縣,美術館,35.1945000,138.6787778,
Q109370453,上原美術館,靜岡縣,美術館,34.7285833,138.9255833,
Q60986600,島田市博物館,靜岡縣,市立博物館,34.8313056,138.1544444,http://commons.wikimedia.org/wiki/Special:FilePath/Shimada%20City%20Museum%20Feb.2018.jpg
Q102427225,フェルケール博物館,靜岡縣,美術館,35.0075833,138.4933611,http://commons.wikimedia.org/wiki/Special:FilePath/Verkehr%20Shimizu%20Port%20Terminal%20Museum%2002.jpg
Q11557598,濱名湖PalPal,靜岡縣,主題樂園,34.7638530,137.6167080,http://commons.wikimedia.org/wiki/Special:FilePath/Kanzanji%20ropeway.JPG
Q104710319,三島市郷土資料館,靜岡縣,地方文化館,35.1228889,138.9101389,http://commons.wikimedia.org/wiki/Special:FilePath/Mishima%20City%20Local%20Museum.jpg
Q96965500,ディスカバリーパーク焼津天文科学館,靜岡縣,科學博物館,34.8228056,138.3315556,http://commons.wikimedia.org/wiki/Special:FilePath/Discovery%20Park%20Yaizu.jpg
Q18054898,焼津小泉八雲記念館,靜岡縣,人物紀念館,34.8644722,138.3065556,http://commons.wikimedia.org/wiki/Special:FilePath/Yaizu%20Koizumi%20Yakumo%20Kinenkan%202020-04%20ac.jpg
Q11663204,靜岡縣立美術館,靜岡縣,美術館,34.9918000,138.4460000,http://commons.wikimedia.org/wiki/Special:FilePath/%E9%9D%99%E5%B2%A1%E7%9C%8C%E7%AB%8B%E7%BE%8E%E8%A1%93%E9%A4%A8-15.JPG
Q83789636,あわしまマリンパーク,靜岡縣,水族館,35.0335556,138.8900000,http://commons.wikimedia.org/wiki/Special:FilePath/Awa%20Island%20from%20Port%20of%20Shizuura.jpg
Q11361202,下田海中水族館,靜岡縣,水族館,34.6660556,138.9459722,http://commons.wikimedia.org/wiki/Special:FilePath/Shimoda-Kaichu-Suizokukan.JPG
Q23716488,ふじのくに地球環境史ミュージアム,靜岡縣,自然歷史博物館,34.9593056,138.4366944,http://commons.wikimedia.org/wiki/Special:FilePath/Museum%20of%20Natural%20and%20Environmental%20History%EF%BC%8CShizuoka%203.JPG
Q11385099,佐野美術館,靜岡縣,美術館,35.1149444,138.9159167,http://commons.wikimedia.org/wiki/Special:FilePath/Sano%20Art%20Museum.jpg
Q11557880,濱松科学館,靜岡縣,科學博物館,34.7049810,137.7398580,http://commons.wikimedia.org/wiki/Special:FilePath/HamamatsuSciMus.jpg
Q123272589,静岡市埋蔵文化財センター,靜岡縣,埋藏文化財中心,35.0473500,138.5050500,http://commons.wikimedia.org/wiki/Special:FilePath/Hatauchigawa%20010%20museum.jpg
Q124062263,愛逢岬,靜岡縣,海岬,34.6094722,138.8243611,
Q109328669,掛川市ステンドグラス美術館,靜岡縣,美術館,34.7761389,138.0145833,http://commons.wikimedia.org/wiki/Special:FilePath/Gaikan%20201505late.jpg
Q11355331,三嶋暦師の館,靜岡縣,历史房屋博物馆,35.1228610,138.9215560,http://commons.wikimedia.org/wiki/Special:FilePath/Master%20Calendar%20House%20of%20Mishima%20exterior%20in%202014-05-23.jpg
Q106729157,千貫堤・瀬戸染飯伝承館,靜岡縣,地方文化館,34.8451944,138.2366944,http://commons.wikimedia.org/wiki/Special:FilePath/%E5%8D%83%E8%B2%AB%E5%A0%A4%E3%83%BB%E7%80%AC%E6%88%B8%E6%9F%93%E9%A3%AF%E4%BC%9D%E6%89%BF%E9%A4%A8.jpg
Q60986211,藤枝市郷土博物館・文学館,靜岡縣,博物館,34.8761944,138.2566944,http://commons.wikimedia.org/wiki/Special:FilePath/Fujieda%20City%20Provincial%20Museum%2C%20Literary%20Museum.JPG
Q11557862,浜松広報館,靜岡縣,博物館,34.7486389,137.7120833,http://commons.wikimedia.org/wiki/Special:FilePath/JASDF-Hamamatsu-AirPark.jpg
Q17215211,雲見くじら館,靜岡縣,博物館,34.7263060,138.7450560,
Q60403026,阿豆佐和氣神社的大楠,靜岡縣,巨樹,35.1005000,139.0678194,http://commons.wikimedia.org/wiki/Special:FilePath/Azusawake%20Jinja%20no%20Okusu%20-02.jpg
Q85869307,ねこの博物館,靜岡縣,博物館,34.8975000,139.1071389,http://commons.wikimedia.org/wiki/Special:FilePath/The%20Cat%20Museum%20%28Shizuoka%29.jpg
Q47249898,靜岡縣富士山世界遺產中心,靜岡縣,遊客中心,35.2236944,138.6088333,http://commons.wikimedia.org/wiki/Special:FilePath/Mt.fuji%20World%20Heritage%20Centre%2CShizuoka.jpg
Q63964801,富士之國茶之都博物館,靜岡縣,茶博物館,34.8142600,138.1345400,http://commons.wikimedia.org/wiki/Special:FilePath/Tea%20Museum%2C%20Shizuoka%20ac%20%281%29.jpg
Q81628472,浜松市水窪民俗資料館,靜岡縣,民俗博物館,35.1696667,137.8796944,http://commons.wikimedia.org/wiki/Special:FilePath/%E6%B5%9C%E6%9D%BE%E5%B8%82%E6%B0%B4%E7%AA%AA%E6%B0%91%E4%BF%97%E8%B3%87%E6%96%99%E9%A4%A8%20%2832860987838%29.jpg
Q11224475,伊豆世界 大家的夏威夷,靜岡縣,植物園,35.0123060,138.9413330,http://commons.wikimedia.org/wiki/Special:FilePath/IZU-WORLD%20MINNANO%20Hawaiians%2020120910.jpg
Q41480792,木下惠介記念館,靜岡縣,博物館,34.7046720,137.7247860,http://commons.wikimedia.org/wiki/Special:FilePath/Keisuke%20Kinoshita%20Memorial%20Museum%20exterior%20ac%20%282%29.jpg
Q56871131,焼津市歴史民俗資料館,靜岡縣,民俗博物館,34.8645556,138.3053056,http://commons.wikimedia.org/wiki/Special:FilePath/Yaizu%20Cultural%20Center%20ac%20%281%29.jpg
Q11444890,奇石博物館,靜岡縣,博物館,35.2818889,138.6398889,http://commons.wikimedia.org/wiki/Special:FilePath/%E5%A5%87%E7%9F%B3%E5%8D%9A%E7%89%A9%E9%A4%A8%20-%20%E5%A4%96%E8%A6%B3.jpg
Q123516300,米山梅吉記念館,靜岡縣,纪念博物馆,35.1413760,138.9041100,
Q123516796,磐田市香りの博物館,靜岡縣,博物館,34.7154400,137.8195800,
Q60577358,杉桙別命神社の大クス,靜岡縣,神木,34.7542500,138.9890556,http://commons.wikimedia.org/wiki/Special:FilePath/Cinnamomum%20camphora%2020100601%20%28Kawazu%29%20%28A1%29.jpg
Q11662904,静岡サッカー資料館,靜岡縣,體育博物館,35.1688330,138.8774720,
Q64482009,沼津市明治史料館,靜岡縣,歷史博物館,35.1218610,138.8582780,http://commons.wikimedia.org/wiki/Special:FilePath/Numazu%20City%20Archives%20of%20Meiji%20History%20ac%20%281%29.jpg
Q22032181,上原近代美術館,靜岡縣,现代美术馆,34.7285690,138.9256900,http://commons.wikimedia.org/wiki/Special:FilePath/The%20Bridge%20at%20Argenteuil%20by%20Renoir%20%28Uehara%20Museum%20of%20Modern%20Art%29.jpg
Q95754656,浜松市姫街道と銅鐸の歴史民俗資料館,靜岡縣,民俗博物館,34.8104444,137.6521111,http://commons.wikimedia.org/wiki/Special:FilePath/History%20and%20Folklore%20of%20Himekaido%20and%20Dotaku%20Museum.JPG
Q132327514,丸山敏雄記念館,靜岡縣,纪念博物馆,35.2995060,138.8706180,
Q7403144,佐久間鐵路公園,靜岡縣,鉄道公園,35.0855110,137.8026220,http://commons.wikimedia.org/wiki/Special:FilePath/SakumaRailPark.jpg
Q85884477,静岡市文化財資料館,靜岡縣,博物館,34.9825556,138.3762222,http://commons.wikimedia.org/wiki/Special:FilePath/Shizuoka%20Cultural%20Properties%20Museum.jpg
Q109727582,浜松市楽器博物館,靜岡縣,博物館,34.7066120,137.7385190,http://commons.wikimedia.org/wiki/Special:FilePath/Hamamatsu%20Museum%20of%20Musical%20Instruments%2001.JPG
Q123517165,長八記念館,靜岡縣,纪念博物馆,34.7496030,138.7768700,
Q109370382,駿府博物館,靜岡縣,博物館,34.9591111,138.4044722,http://commons.wikimedia.org/wiki/Special:FilePath/Sunpu%20Museum-1.jpg
Q125536815,沼津市芹沢光治良記念館,靜岡縣,博物館,35.0749111,138.8612398,http://commons.wikimedia.org/wiki/Special:FilePath/Research%20survey%20Serizawa%20Kojiro%20Memorial%20Museum%201970%201.png
Q94742313,焼津漁業資料館,靜岡縣,漁業博物館,34.8709444,138.3239444,http://commons.wikimedia.org/wiki/Special:FilePath/Yaizu%20Fishery%20Museum%202020-04%20ac%20%281%29.jpg
Q112226928,靜岡市歷史博物館,靜岡縣,歷史博物館,34.9766667,138.3847222,http://commons.wikimedia.org/wiki/Special:FilePath/DSC9803Shizuoka%20City%20Museum%2020220724b.jpg
Q11664104,韮山郷土史料館,靜岡縣,博物館,35.0549720,138.9584170,
Q11557595,濱名湖音樂盒博物館,靜岡縣,音楽博物館,34.7699470,137.6204000,
Q97218196,深層水ミュージアム,靜岡縣,博物館,34.8586944,138.3259444,http://commons.wikimedia.org/wiki/Special:FilePath/Suruga%20Bay%20Deep%20Sea%20Water%20Museum%202020-04%20ac%20%282%29.jpg
Q111705597,北浜の大カヤノキ,靜岡縣,巨樹,34.8128056,137.8004722,http://commons.wikimedia.org/wiki/Special:FilePath/Kitahama%20no%20Okyayanoki%20Torreya%20trunk%20and%20hanging%20branches%20A.jpg
Q28685015,伊豆オルゴール館,靜岡縣,博物館,34.8771667,139.1036944,
Q125537759,芹沢文学館,靜岡縣,博物館,35.0749111,138.8612398,http://commons.wikimedia.org/wiki/Special:FilePath/Research%20survey%20Serizawa%20Kojiro%20Memorial%20Museum%201970%201.png
Q11376349,仁尾陽光島,香川縣,主題樂園,34.1941667,133.6444444,
Q4556499,地中美術館,香川縣,美術館,34.4497583,133.9858028,http://commons.wikimedia.org/wiki/Special:FilePath/Chichu%20art%20museum01s2560.jpg
Q123521212,高橋由一館,香川縣,人物紀念館,34.1841100,133.8122640,http://commons.wikimedia.org/wiki/Special:FilePath/Takahashi%20Yuichi-kan%20Kotohira%20Gu01n4592.jpg
Q104783884,高松市香南歴史民俗郷土館,香川縣,地方文化館,34.2392460,134.0217590,http://commons.wikimedia.org/wiki/Special:FilePath/Yusa%20Castle%2001.jpg
Q7743932,香川縣立博物館,香川縣,美術館,34.3497000,134.0530000,http://commons.wikimedia.org/wiki/Special:FilePath/150504%20The%20Kagawa%20Museum%20Takamatsu%20Kagawa%20pref%20Japan01n.jpg
Q11428975,塩飽勤番所,香川縣,地方政府大樓,34.3878390,133.7838420,http://commons.wikimedia.org/wiki/Special:FilePath/Shiwaku-kinbansho03s3200.jpg
Q131677558,直島新美術館,香川縣,美術館,34.4580880,133.9987420,http://commons.wikimedia.org/wiki/Special:FilePath/Naoshima%20New%20Museum%20of%20Art%202025.jpg
Q11584737,石の民俗資料館,香川縣,民俗博物館,34.3527440,134.1341080,http://commons.wikimedia.org/wiki/Special:FilePath/I%E7%9F%B3%E3%81%AE%E6%B0%91%E6%97%8F%E8%B3%87%E6%96%99%E9%A4%A81007.jpg
Q66432954,四国水族館,香川縣,水族館,34.3127778,133.8080556,http://commons.wikimedia.org/wiki/Special:FilePath/Shikoku%20Aquarium2.jpg
Q11566602,瀨戶大橋紀念館,香川縣,科技博物館,34.3526940,133.8262060,http://commons.wikimedia.org/wiki/Special:FilePath/Great%20Seto%20Bridge%20Memorial%20Hall%2002.jpg
Q30267680,香川県埋蔵文化財センター,香川縣,埋藏文化財中心,34.3181870,133.8921460,
Q124963564,妖怪美術館,香川縣,美術館,34.4846300,134.1860400,http://commons.wikimedia.org/wiki/Special:FilePath/Yokaiartmuseum%2001.jpg
Q123484005,讃岐民芸館,香川縣,工藝博物館,34.3301443,134.0449987,http://commons.wikimedia.org/wiki/Special:FilePath/Ritsurin%20Garden%20%E6%A0%97%E6%9E%97%E5%85%AC%E5%9C%92%E3%81%AE%E5%8F%A4%E6%B0%91%E8%8A%B8%E9%A4%A8.jpg
Q131630258,ベネッセハウス ミュージアム,香川縣,日本のホテル,34.4452540,133.9908148,http://commons.wikimedia.org/wiki/Special:FilePath/Benesse%20house12s5s3300.jpg
Q11429680,壺井栄文学館,香川縣,人物紀念館,34.4454170,134.2851810,http://commons.wikimedia.org/wiki/Special:FilePath/201211%20Twenty-four%20eyes27s3.jpg
Q11368010,丸亀平井美術館,香川縣,美術館,34.3013580,133.8051940,http://commons.wikimedia.org/wiki/Special:FilePath/Marugame%20NewsPaper%20and%20Broadcasting%20hall%20motoriz%201.jpg
Q104783885,高松市讃岐国分寺跡資料館,香川縣,考古博物館,34.3028680,133.9467690,
Q11367991,丸亀市猪熊弦一郎現代美術館,香川縣,美術館,34.2912250,133.7921030,http://commons.wikimedia.org/wiki/Special:FilePath/Marugame%20Genichiro-Inokuma%20Museum%20of%20Contemporary%20Art%20exterior%20ac.jpg
Q123553099,香川大学博物館,香川縣,大學博物館,34.3434860,134.0382010,
Q11267088,金毘羅溫泉鄉,香川縣,鹽化物泉,34.1888611,133.8185833,
Q11371381,二十四の瞳映画村,香川縣,電影製片廠,34.4454167,134.2851806,http://commons.wikimedia.org/wiki/Special:FilePath/201211%20Twenty-four%20eyes22s3.jpg
Q11367989,うちわの港ミュージアム,香川縣,廃止された博物館,34.2970830,133.7934720,http://commons.wikimedia.org/wiki/Special:FilePath/Uchiwa%20Museum01.jpg
Q11670406,高松市美術館,香川縣,美術館,34.3440513,134.0491146,http://commons.wikimedia.org/wiki/Special:FilePath/Takamatsu%20City%20Museum%20of%20Art%20Building%201.jpg
Q2379884,豊島美術館,香川縣,美術館,34.4897000,134.0910000,http://commons.wikimedia.org/wiki/Special:FilePath/Teshima%20Museum%20Ryue%20Nishizawa%20Rei%20Naito%201.JPG
Q108125035,坂出市塩業資料館,香川縣,塩博物館,34.3493889,133.8957778,
Q104783879,高松市歴史資料館,香川縣,歷史博物館,34.3440590,134.0343720,http://commons.wikimedia.org/wiki/Special:FilePath/Takamatsu%20City%20Central%20Library%20exterior%20ac%20%281%29.jpg
Q11566553,瀬戸内海歴史民俗資料館,香川縣,都道府县立博物馆,34.3782170,133.9309830,http://commons.wikimedia.org/wiki/Special:FilePath/Gosikidai31.jpg
Q123523221,金陵の郷,香川縣,日本清酒博物館,34.1875580,133.8187960,http://commons.wikimedia.org/wiki/Special:FilePath/Kotohira%20Nishino-Kinryo%202021-08%20ac.jpg
Q108541303,庵治温泉,香川縣,温泉镇,34.3952130,134.1278040,
Q17217541,豊島横尾館,香川縣,美術館,34.4868610,134.0596110,http://commons.wikimedia.org/wiki/Special:FilePath/Setouchi%20Triennale%20-Teshima%20Yokoo%20House%20%EF%BC%88%E8%B1%8A%E5%B3%B6%E6%A8%AA%E5%B0%BE%E9%A4%A8%EF%BC%89%E6%A8%AA%E5%B0%BE%E5%BF%A0%E5%89%87-%E6%B0%B8%E5%B1%B1%E8%A3%95%E5%AD%90%20DSCF2301.JPG
Q123523249,琴平海洋博物館（海の科学館）,香川縣,海事博物館,34.1862590,133.8178450,http://commons.wikimedia.org/wiki/Special:FilePath/Uminokagakukan%2020191125%2001.jpg
Q11667379,香川縣立東山魁夷瀨戶內美術館,香川縣,人物紀念館,34.3493830,133.8241890,http://commons.wikimedia.org/wiki/Special:FilePath/Kphsam01s3872.jpg
Q11651034,鎌田共済会郷土博物館,香川縣,地方文化館,34.3133060,133.8520170,http://commons.wikimedia.org/wiki/Special:FilePath/Kamada%20Foundation%20Museum%202021-08%20ac%20%281%29.jpg
Q11286501,イサム・ノグチ庭園美術館,香川縣,雕塑公园,34.3549910,134.1250900,http://commons.wikimedia.org/wiki/Special:FilePath/%E3%82%A4%E3%82%B5%E3%83%A0%E3%83%8E%E3%82%B0%E3%83%81%E5%BA%AD%E5%9C%92%E5%A4%96%E8%A6%B3.jpg
Q138313062,平賀源内記念館,香川縣,纪念博物馆,34.3234460,134.1747290,http://commons.wikimedia.org/wiki/Special:FilePath/Hiraga%20Gennai%20Kinenkan.jpg
Q11337013,ベネッセハウス,香川縣,飯店,34.4450000,133.9908890,http://commons.wikimedia.org/wiki/Special:FilePath/Benesse%20Art%20House%20%286900628038%29.jpg
Q17211689,四国村ギャラリー,香川縣,美術館,34.3456250,134.1089580,http://commons.wikimedia.org/wiki/Special:FilePath/Shikokumura%20gallery01s3200.jpg
Q11463798,小豆島尾崎放哉記念館,香川縣,人物紀念館,34.4815000,134.1867500,http://commons.wikimedia.org/wiki/Special:FilePath/Shodoshima%20Hosai%20Ozaki%20Memorial%20Museum02s3.jpg
Q4250629,四國村,香川縣,主題公園,34.3455556,134.1088889,http://commons.wikimedia.org/wiki/Special:FilePath/Shikokumura29s3200.jpg
Q11658521,陸上自衛隊善通寺駐屯地資料館,香川縣,軍事博物館,34.2200560,133.7821940,http://commons.wikimedia.org/wiki/Special:FilePath/Nogi-kan%20Zentsuji%20Kagawa%20Pref01s5.jpg
Q11310850,ジョージナカシマ記念館,香川縣,人物紀念館,34.3352670,134.1529030,http://commons.wikimedia.org/wiki/Special:FilePath/%E3%82%B8%E3%83%A7%E3%83%BC%E3%82%B8%E3%83%8A%E3%82%AB%E3%82%B7%E3%83%9E%E8%A8%98%E5%BF%B5%E9%A4%A8%E5%85%A5%E3%82%8A%E5%8F%A3%EF%BC%92.jpg
Q11303940,ゴールドタワー,香川縣,觀光塔,34.3114030,133.8083830,http://commons.wikimedia.org/wiki/Special:FilePath/Goldtower01.jpg
Q11501972,新屋島水族館,香川縣,水族館,34.3584720,134.1000000,http://commons.wikimedia.org/wiki/Special:FilePath/NewYashimaAquarium.JPG
Q11368005,丸亀市立資料館,香川縣,歷史博物館,34.2857530,133.7983470,http://commons.wikimedia.org/wiki/Special:FilePath/Marugame%20Municipal%20Archives%20Museum01s3872.jpg
Q11522528,李禹煥美術館,香川縣,美術館,34.4488890,133.9888890,http://commons.wikimedia.org/wiki/Special:FilePath/Lee%20U-Fan%20museum%20%E6%9D%8E%E7%A6%B9%E7%85%A5%E7%BE%8E%E8%A1%93%E9%A4%A8%20%E9%A6%99%E5%B7%9D%E7%9C%8C%E9%A6%99%E5%B7%9D%E9%83%A1%E7%9B%B4%E5%B3%B6%E7%94%BA%E5%AD%97%E5%80%89%E6%B5%A6%20PC192973.jpg
Q104783878,善通寺宝物館,香川縣,博物館,34.2247060,133.7739070,
Q123521217,金刀比羅宮宝物館,香川縣,博物館,34.1845100,133.8131550,http://commons.wikimedia.org/wiki/Special:FilePath/Homotsukan%20Kotohira-gu01n4592.jpg
Q135903981,Ando Museum,香川縣,博物館,34.4594253,133.9970343,
Q11291322,天使之路,香川縣,沙洲,34.4772220,134.1885560,http://commons.wikimedia.org/wiki/Special:FilePath/Angel%20Road%20Shodo%20Island%20Japan01s3.jpg
Q133052041,屋島寺宝物館,香川縣,博物館,34.3577610,134.1011120,
Q133273346,竹林寺宝物館,高知縣,宝物館,33.5464213,133.5776592,http://commons.wikimedia.org/wiki/Special:FilePath/Chikurinji%20Kochi02s3872.jpg
Q5965394,高知縣立坂本龍馬紀念館,高知縣,人物紀念館,33.4964167,133.5718333,http://commons.wikimedia.org/wiki/Special:FilePath/View%20from%20Sea%20Side%20of%20Sakamoto%20Ryoma%20Memorial%20Museum.jpg
Q97097645,吉井勇記念館,高知縣,人物紀念館,33.7062380,133.8563890,http://commons.wikimedia.org/wiki/Special:FilePath/%E5%90%89%E4%BA%95%E5%8B%87%E8%A8%98%E5%BF%B5%E9%A4%A8.jpg
Q123527622,横倉山自然の森博物館,高知縣,博物館,33.5353680,133.2418140,http://commons.wikimedia.org/wiki/Special:FilePath/%E6%A8%AA%E5%80%89%E5%B1%B1%E8%87%AA%E7%84%B6%E3%81%AE%E6%A3%AE%E5%8D%9A%E7%89%A9%E9%A4%A8%20-%20panoramio.jpg
Q2845893,舊山內家下屋敷長屋,高知縣,历史房屋博物馆,33.5555556,133.5311111,http://commons.wikimedia.org/wiki/Special:FilePath/Kyu-Yamanouchike%20shimoyashiki%20nagaya01s3200.jpg
Q11672466,高知縣立歴史民俗資料館,高知縣,都道府县立博物馆,33.5960830,133.6235000,http://commons.wikimedia.org/wiki/Special:FilePath/Kochi%20Prefectural%20Museum%20of%20History%2002.JPG
Q99611864,高知県立足摺海洋館,高知縣,水族館,32.7913330,132.8628610,http://commons.wikimedia.org/wiki/Special:FilePath/Ashizuri%20Aquarium%20SATOUMI.jpg
Q123527573,龍河洞博物館,高知縣,考古博物館,33.6038060,133.7451180,http://commons.wikimedia.org/wiki/Special:FilePath/Kami%20Kochi%20Ryugado%20Museum%201.JPG
Q11672370,高知市立自由民權紀念館,高知縣,博物館,33.5431110,133.5502500,http://commons.wikimedia.org/wiki/Special:FilePath/Kochi%20Liberty%20and%20Peoples%20Rights%20Museum03s3200.jpg
Q11672460,高知縣立文學館,高知縣,文學館,33.5618500,133.5334530,http://commons.wikimedia.org/wiki/Special:FilePath/Kochi%20Literary%20Museum01s3872.jpg
Q123472706,宿毛歴史館,高知縣,歷史博物館,32.9387370,132.7306630,
Q56347482,高知縣立高知城歷史博物館,高知縣,歷史博物館,33.5601111,133.5340278,http://commons.wikimedia.org/wiki/Special:FilePath/Kochi%20catsle%20museum%20-%20%E9%AB%98%E7%9F%A5%E5%9F%8E%E6%AD%B4%E5%8F%B2%E5%8D%9A%E7%89%A9%E9%A4%A8%20-%20panoramio.jpg
Q2496737,香美市立柳瀨嵩紀念館,高知縣,人物紀念館,33.6476944,133.7837500,http://commons.wikimedia.org/wiki/Special:FilePath/Kami%20Kochi%20Yanase%20Takashi%20Memorial%20Hall.jpg
Q11679443,龍馬歴史館,高知縣,蠟像博物館,33.5684310,133.7000610,http://commons.wikimedia.org/wiki/Special:FilePath/Konan%20Kochi%20Ryoma%20Rekisikan%201.jpg
Q11536832,桂浜水族館,高知縣,水族館,33.4969440,133.5735560,http://commons.wikimedia.org/wiki/Special:FilePath/Katsurahama%20Aquarium%2001.jpg
Q79096397,瑞山記念館,高知縣,人物紀念館,33.5370833,133.6036944,http://commons.wikimedia.org/wiki/Special:FilePath/%E7%91%9E%E5%B1%B1%E8%A8%98%E5%BF%B5%E9%A4%A8%E5%A4%96%E8%A6%B3.jpg
Q11521661,杉の大スギ,高知縣,巨樹,34.0628060,133.0067860,http://commons.wikimedia.org/wiki/Special:FilePath/Sugi%20no%20Osugi%2C%20gaikan-3.jpg
Q2496483,高知縣立美術館,高知縣,美術館,33.5611000,133.5730000,http://commons.wikimedia.org/wiki/Special:FilePath/The%20Museum%20of%20Art%20Kochi08s3872.jpg
Q17209883,橫山隆一紀念漫畫館,高知縣,人物紀念館,33.5577778,133.5411111,http://commons.wikimedia.org/wiki/Special:FilePath/Kochi%20Yokoyama%20Ryuiti%20Kinen%20Mangakan%20Iriguti%201.jpg
Q3780715,高知縣立牧野植物園,高知縣,植物園,33.5466667,133.5777778,http://commons.wikimedia.org/wiki/Special:FilePath/200104%20Kochi%20Prefectural%20Makino%20Botanical%20Garden01s5.jpg
Q56739393,室户废校水族馆,高知縣,水族館,33.3266330,134.1955200,http://commons.wikimedia.org/wiki/Special:FilePath/Muroto%20Schoolhouse%20Aquarium.jpg
Q121047072,ジョン万次郎資料館,高知縣,人物紀念館,32.7814444,132.9327778,http://commons.wikimedia.org/wiki/Special:FilePath/%E3%82%B8%E3%83%A7%E3%83%B3%E4%B8%87%E6%AC%A1%E9%83%8E%E8%B3%87%E6%96%99%E9%A4%A8%20Sep%206%2C%202019.jpg
Q123472808,安芸市立書道美術館,高知縣,書法美術館,33.5194380,133.9132540,http://commons.wikimedia.org/wiki/Special:FilePath/Aki%20Castle%2013.JPG
Q15228713,伊野町紙之博物館,高知縣,紙博物館,33.5477778,133.4230833,http://commons.wikimedia.org/wiki/Special:FilePath/%E3%81%84%E3%81%AE%E7%94%BA%E7%B4%99%E3%81%AE%E5%8D%9A%E7%89%A9%E9%A4%A8.jpg
Q11538941,梼原町立歴史民俗資料館,高知縣,民俗博物館,33.3914720,132.9269170,http://commons.wikimedia.org/wiki/Special:FilePath/Yusuhara%20rekisisiryoukann04.JPG
Q11419773,四国自動車博物館,高知縣,汽車博物館,33.5690556,133.7009167,http://commons.wikimedia.org/wiki/Special:FilePath/Shikokuhistoriccarmuseum.jpg
Q11364323,中岡慎太郎館,高知縣,人物紀念館,33.4564810,134.0570190,http://commons.wikimedia.org/wiki/Special:FilePath/Kitagawa%20Nakaoka%20Shintaro%20Museum%201.JPG
Q118411483,海洋堂かっぱ館,高知縣,博物館,33.1626111,133.0385833,
Q11672372,高知市立龍馬誕生紀念館,高知縣,人物紀念館,33.5564440,133.5244720,http://commons.wikimedia.org/wiki/Special:FilePath/Kochi%20Kamimachi%20Ryoma02st3200.jpg
Q117035824,高知県立埋蔵文化財センター,高知縣,埋藏文化財中心,33.5716944,133.6356944,http://commons.wikimedia.org/wiki/Special:FilePath/Kochi%20Prefecture%20Archaeological%20Center.jpg
Q48748845,足摺海底館,高知縣,觀光塔,32.7859722,132.8601389,http://commons.wikimedia.org/wiki/Special:FilePath/%E8%B6%B3%E6%91%BA%E6%B5%B7%E5%BA%95%E9%A4%A8.jpg
Q118586600,海洋堂SpaceFactoryなんこく,高知縣,工廠,33.5738611,133.6486111,
Q20044497,青山文庫,高知縣,博物館,33.4978361,133.2887417,http://commons.wikimedia.org/wiki/Special:FilePath/Aoyama%20bunko.jpg
Q118411189,海洋堂ホビー館四万十,高知縣,玩具博物館,33.1527500,133.0450556,http://commons.wikimedia.org/wiki/Special:FilePath/%E6%B5%B7%E6%B4%8B%E5%A0%82%E3%83%9B%E3%83%93%E3%83%BC%E9%A4%A8%20-%20panoramio.jpg
Q121368534,香美市立美術館,高知縣,美術館,33.6104167,133.6878056,
Q5375437,燕趙園,鳥取縣,中國園林,35.4658889,133.8930000,http://commons.wikimedia.org/wiki/Special:FilePath/Enchoen01n4592.jpg
Q132452201,日南町美術館,鳥取縣,美術館,35.1639110,133.3065390,
Q138199718,鳥取短期大学絣美術館,鳥取縣,大學博物館,35.4559970,133.8593510,
Q11420253,因幡万葉歴史館,鳥取縣,歷史博物館,35.4728080,134.2747360,http://commons.wikimedia.org/wiki/Special:FilePath/Inaba-manyo-rekishikan.jpg
Q130808021,山陰伯耆国米子アジア博物館,鳥取縣,アジア美術館,35.4949320,133.2657190,
Q138200504,鳥取市こども科学館,鳥取縣,科學博物館,35.4924910,134.2342020,
Q132753321,智頭町歴史資料館,鳥取縣,歷史博物館,35.2400430,134.2299510,
Q138197860,鳥取県埋蔵文化財センター,鳥取縣,埋藏文化財中心,35.4802750,134.2593330,
Q11661221,青山剛昌故鄉館,鳥取縣,博物館,35.4980280,133.7618330,http://commons.wikimedia.org/wiki/Special:FilePath/Gosho%20Aoyama%20Manga%20Factory.jpg
Q132753249,智頭町埋蔵文化財センター,鳥取縣,埋藏文化財中心,35.2398470,134.2301356,http://commons.wikimedia.org/wiki/Special:FilePath/Chizu%20town%20former%20Haji%20elementary%20school.jpg
Q57744700,円形劇場くらよしフィギュアミュージアム,鳥取縣,博物館,35.4292600,133.8152600,http://commons.wikimedia.org/wiki/Special:FilePath/Former%20Meirin%20Primary%20School%20Round-shaped%20Building.jpg
Q83528901,塩谷定好写真記念館,鳥取縣,人物紀念館,35.5135000,133.6504722,http://commons.wikimedia.org/wiki/Special:FilePath/%E5%A1%A9%E8%B0%B7%E5%AE%9A%E5%A5%BD%E5%86%99%E7%9C%9F%E8%A8%98%E5%BF%B5%E9%A4%A8.jpg
Q11386562,倉吉博物館・倉吉歴史民俗資料館,鳥取縣,博物館,35.4290280,133.8253610,http://commons.wikimedia.org/wiki/Special:FilePath/Kurayoshi%20Museum01st3200.jpg
Q11264065,螃蟹兒童博物館,鳥取縣,水族館,35.5345000,134.1788889,http://commons.wikimedia.org/wiki/Special:FilePath/Kanikkokan%20Tottori%2020070818.jpg
Q7828504,鳥取民芸美術館,鳥取縣,美術館,35.4961000,134.2270000,http://commons.wikimedia.org/wiki/Special:FilePath/Tottori%20folkcraft%20museum%20of%20art02%201920.jpg
Q127385607,鳥取県立美術館,鳥取縣,美術館,35.4325450,133.8389210,http://commons.wikimedia.org/wiki/Special:FilePath/Tottori%20Prefectural%20Museum%20of%20Art.jpg
Q132767592,大山自然歴史館,鳥取縣,博物館,35.3936940,133.5297560,
Q2945110,上淀白鳳之丘展示館,鳥取縣,考古博物館,35.4536111,133.4430556,http://commons.wikimedia.org/wiki/Special:FilePath/Kamiyodo-Hakuhonooka.jpg
Q11616556,若桜郷土文化の里,鳥取縣,博物館,35.3458810,134.4037610,http://commons.wikimedia.org/wiki/Special:FilePath/Wakasa%20kyodobunka-no-sato02s4592.jpg
Q7828506,鳥取二十世紀梨紀念館,鳥取縣,農業博物館,35.4313056,133.8355556,http://commons.wikimedia.org/wiki/Special:FilePath/Tottori%20Nijisseiki%20Pear%20Museum01n4592.jpg
Q11674579,鳥取県立氷ノ山自然ふれあい館響の森,鳥取縣,遊客中心,35.3576111,134.4909167,http://commons.wikimedia.org/wiki/Special:FilePath/Wakasa%20Hyonosen%20Hibikinomori02n4592.jpg
Q16900173,放流人偶館,鳥取縣,人形博物館,35.3431110,134.2018330,http://commons.wikimedia.org/wiki/Special:FilePath/Nagashibinanoyakata-b.jpg
Q4707652,鳥取縣立博物館,鳥取縣,都道府县立博物馆,35.5083000,134.2360000,http://commons.wikimedia.org/wiki/Special:FilePath/Tottori%20prefectural%20museum01%201920.jpg
Q138261683,池本喜巳小さな写真美術館,鳥取縣,攝影博物館,35.4952640,134.2328030,
Q11471126,山陰歷史館,鳥取縣,歷史博物館,35.4292500,133.3303330,http://commons.wikimedia.org/wiki/Special:FilePath/Sanin%20history%20of%20museum01s4592.jpg
Q11471128,山陰海岸ジオパーク海と大地の自然館,鳥取縣,自然歷史博物館,35.5933890,134.3394720,http://commons.wikimedia.org/wiki/Special:FilePath/San%27in%20Kaigan%20Nature%20Museum.JPG
Q11278841,三朝小提琴美術館,鳥取縣,美術館,35.4114800,133.8963800,http://commons.wikimedia.org/wiki/Special:FilePath/Misasa%20museum%20IMG%207968.JPG
Q104721865,鳥取市あおや郷土館,鳥取縣,地方文化館,35.5207100,134.0014790,http://commons.wikimedia.org/wiki/Special:FilePath/Aoya%20Local%20museum%20ac.jpg
Q11562497,渡辺美術館,鳥取縣,美術館,35.5208056,134.2273056,http://commons.wikimedia.org/wiki/Special:FilePath/Watanabe%20museum01%201920.jpg
Q4707166,鳥取市歷史博物館,鳥取縣,歷史博物館,35.4989000,134.2440000,http://commons.wikimedia.org/wiki/Special:FilePath/Tottori%20City%20Historical%20Museum01n4350.jpg
Q17227783,海とくらしの史料館,鳥取縣,博物館,35.5470830,133.2418890,http://commons.wikimedia.org/wiki/Special:FilePath/Umitokurashinoshiryoukan.jpg
Q11281939,わらべ館,鳥取縣,玩具博物館,35.5043030,134.2334580,http://commons.wikimedia.org/wiki/Special:FilePath/Warabekan%20Toy%20Museum%20Tottori01n4350.jpg
Q138263879,青谷かみじち史跡公園,鳥取縣,考古学公園,35.5129520,133.9896020,
Q7415842,砂之美術館,鳥取縣,美術館,35.5397222,134.2380556,http://commons.wikimedia.org/wiki/Special:FilePath/Sand%20Museum.JPG
Q11386561,倉吉大店會,鳥取縣,建成遗产,35.4316250,133.8264470,http://commons.wikimedia.org/wiki/Special:FilePath/Kurayoshi%20Daitenkai.jpg
Q132916992,米子市埋蔵文化財センター,鳥取縣,埋藏文化財中心,35.4009590,133.3679770,
Q6355904,米子市美術館,鳥取縣,美術館,35.4287000,133.3310000,http://commons.wikimedia.org/wiki/Special:FilePath/Yonago%20City%20Museum%20of%20Art02nt3200.jpg
Q9047014,植田正治寫真美術館,鳥取縣,美術館,35.3898610,133.4358330,http://commons.wikimedia.org/wiki/Special:FilePath/Shoji%20Ueda%20Museum%20of%20Photography02n4592.jpg
Q11658184,陣所之館,鳥取縣,博物館,35.4103610,133.8930000,http://commons.wikimedia.org/wiki/Special:FilePath/Jinsho-no-yakata01nt3200.jpg
Q104721871,米子市福市考古資料館,鳥取縣,考古博物館,35.4046460,133.3673110,
Q11408402,南薩鉄道記念館,鹿兒島縣,鐵路博物館,31.4207220,130.3200560,http://commons.wikimedia.org/wiki/Special:FilePath/Nansatsu%20railway%20museum%20car%20storage.jpg
Q138314022,姶良市歴史民俗資料館,鹿兒島縣,歷史博物館,31.7310930,130.6315340,http://commons.wikimedia.org/wiki/Special:FilePath/Aira%20City%20History%20Folklore%20Museum%202025.jpg
Q11622289,薩摩川内市せんだい宇宙館,鹿兒島縣,天文博物館,31.8240080,130.3398170,http://commons.wikimedia.org/wiki/Special:FilePath/Museum%20of%20Space%20Sendai.jpg
Q11464787,尚古集成館,鹿兒島縣,工業建築,31.6173060,130.5762500,http://commons.wikimedia.org/wiki/Special:FilePath/Kagoshima%20Syuseikan.jpg
Q127416300,屋久島世界遺産センター,鹿兒島縣,遊客中心,30.3087810,130.6316240,http://commons.wikimedia.org/wiki/Special:FilePath/Yakushima%20World%20Heritage%20Centre.jpg
Q11444846,奄美PARK,鹿兒島縣,主題公園,28.4166670,129.6944440,http://commons.wikimedia.org/wiki/Special:FilePath/Amami%20Park.jpg
Q16208613,万世特攻平和祈念館,鹿兒島縣,和平博物館,31.4372000,130.2950000,http://commons.wikimedia.org/wiki/Special:FilePath/72nd%20Shinbu%201945%20Kamikaze.jpg
Q138314074,出水麓歴史館,鹿兒島縣,歷史博物館,32.0752880,130.3590980,http://commons.wikimedia.org/wiki/Special:FilePath/Izumi-Fumoto%20History%20Museum%20ac.jpg
Q11637674,輝北天球館,鹿兒島縣,天文台,31.5946389,130.8263056,http://commons.wikimedia.org/wiki/Special:FilePath/Kihoku%20Tenkyukan%202009.JPG
Q11676762,鹿兒島縣立博物館,鹿兒島縣,都道府县立博物馆,31.5940560,130.5526940,http://commons.wikimedia.org/wiki/Special:FilePath/Kagoshima%20Prefectural%20Museum%20ac%20%281%29.jpg
Q132913152,喜界町埋蔵文化財センター,鹿兒島縣,埋藏文化財中心,28.3180000,129.9693810,
Q11676739,鹿兒島県歷史資料中心黎明館,鹿兒島縣,歷史博物館,31.5986000,130.5550000,http://commons.wikimedia.org/wiki/Special:FilePath/Reimeikan.jpg
Q123483310,原野農芸博物館,鹿兒島縣,農業博物館,28.2459320,129.4099600,http://commons.wikimedia.org/wiki/Special:FilePath/Amami%20Island%20%28Harano%20Nogei%20Museum%29.jpg
Q24963709,岩崎美術館,鹿兒島縣,美術館,31.2218720,130.6544510,http://commons.wikimedia.org/wiki/Special:FilePath/Ibusuki%20Iwasaki%20Hotel%20008.jpg
Q17217356,坊津歴史資料センター輝津館,鹿兒島縣,歷史博物館,31.2735280,130.2246670,http://commons.wikimedia.org/wiki/Special:FilePath/Kishinkan%2C%20B%C5%8Dnotsu%20Center%20for%20Historical%20Material.jpg
Q11312115,スターランドAIRA,鹿兒島縣,科學博物館,31.8233861,130.6000444,http://commons.wikimedia.org/wiki/Special:FilePath/Starland%20aira%20building.jpg
Q4458048,知覽特功和平會館,鹿兒島縣,和平博物館,31.3633333,130.4344444,http://commons.wikimedia.org/wiki/Special:FilePath/TokkouHeiwaKaikan.jpg
Q127429346,瀬戸内町立郷土館,鹿兒島縣,地方文化館,28.1380850,129.3202650,
Q138314093,鹿児島七ツ島ソーラー科学館,鹿兒島縣,科學博物館,31.4683950,130.5191950,http://commons.wikimedia.org/wiki/Special:FilePath/Kagoshima%20Nanatsujima%20Solar%20Science%20Museum.jpg
Q11263686,鹿兒島近代文學館,鹿兒島縣,文學館,31.5962500,130.5525000,http://commons.wikimedia.org/wiki/Special:FilePath/Kagoshima%20City%20Modern%20Literature%20Museum.JPG
Q11537997,桜島国際火山砂防センター,鹿兒島縣,地質学博物館,31.5670000,130.6176110,http://commons.wikimedia.org/wiki/Special:FilePath/Sakurajima-International-Volcanic-Sabo-Center2020.jpg
Q11497994,指宿市考古博物館,鹿兒島縣,考古博物館,31.2320000,130.6442220,http://commons.wikimedia.org/wiki/Special:FilePath/COCCOhasimure6910.JPG
Q10855706,霧島アートの森,鹿兒島縣,美術館,31.9395980,130.7786910,http://commons.wikimedia.org/wiki/Special:FilePath/Kirishima%20Open-Air%20Museum%202008.jpg
Q123366330,田中一村記念美術館,鹿兒島縣,美術館,28.4180790,129.6942240,http://commons.wikimedia.org/wiki/Special:FilePath/Isson%20Tanaka%20Memorial%20Art%20Museum.jpg
Q127416253,屋久町立屋久杉自然館,鹿兒島縣,自然歷史博物館,30.3090900,130.6329000,http://commons.wikimedia.org/wiki/Special:FilePath/Yakusugi%20Shizenkan%20%28Yakusugi%20Museum%29.jpg
Q11676534,鹿兒島市中央公民館,鹿兒島縣,建築物,31.5952780,130.5544440,http://commons.wikimedia.org/wiki/Special:FilePath/Kagoshima%20City%20Public%20Hall%20ac%20%281%29.jpg
Q11677064,鹿屋基地航空史料館,鹿兒島縣,海軍博物館,31.3808330,130.8369170,http://commons.wikimedia.org/wiki/Special:FilePath/Kanoya%20Air%20Base%20Museum.JPG
Q11303945,ゴールドパーク串木野,鹿兒島縣,主題公園,31.7464519,130.2837305,http://commons.wikimedia.org/wiki/Special:FilePath/Kushikino-goldmine2.jpg
Q11310142,ジャングルパーク遊園地,鹿兒島縣,主題樂園,31.5700000,130.5650000,
Q132153980,和泊町歴史民俗資料館,鹿兒島縣,地方文化館,27.3904680,128.6147570,
Q10854956,鹿兒島市立美術館,鹿兒島縣,美術館,31.5958060,130.5533610,http://commons.wikimedia.org/wiki/Special:FilePath/Kagoshima%20City%20Museum%20of%20Art01n4440.jpg
Q126679296,川上中学校 校舎,鹿兒島縣,建成遗产,31.2841500,130.9503000,http://commons.wikimedia.org/wiki/Special:FilePath/Kawakami1%20b%20%28Kimotsuki%29.jpg
Q110582222,湯之平展望所,鹿兒島縣,风景点,31.5915000,130.6299000,http://commons.wikimedia.org/wiki/Special:FilePath/Yunohira%20Observatory%20with%20Kagoshima%20City%20Central.jpg
Q127433606,枕崎市文化資料センター南溟館,鹿兒島縣,美術館,31.2708980,130.3018010,http://commons.wikimedia.org/wiki/Special:FilePath/Nanmei%20Museum%20of%20Art%20250817.jpg
Q11676648,鹿兒島市立科學館,鹿兒島縣,科學博物館,31.5633060,130.5543610,http://commons.wikimedia.org/wiki/Special:FilePath/Kagoshima%20Municipal%20Science%20Hall.JPG
Q25045355,松下美術館,鹿兒島縣,美術館,31.6545530,130.8254840,http://commons.wikimedia.org/wiki/Special:FilePath/Waterloo%20Bridge%20by%20Monet%20%28Matsushita%20Museum%20of%20Art%29.jpg
Q85879984,川内まごころ文学館,鹿兒島縣,文學館,31.8330278,130.3089722,
Q11259022,鹿兒島水族館,鹿兒島縣,水族館,31.5959720,130.5644440,http://commons.wikimedia.org/wiki/Special:FilePath/Kagoshima%20Aquarium%202013-08A.JPG
Q138314040,重富民俗資料館,鹿兒島縣,民俗博物館,31.7080140,130.6036610,http://commons.wikimedia.org/wiki/Special:FilePath/Aira%20Shigetomi%20forklore%20museum.JPG
Q11537993,桜島ビジターセンター,鹿兒島縣,遊客中心,31.5908330,130.5941670,http://commons.wikimedia.org/wiki/Special:FilePath/Sakurajima%20visiter%20center.jpg
Q11676560,鹿児島市立ふるさと考古歴史館,鹿兒島縣,考古博物館,31.5110280,130.4999720,http://commons.wikimedia.org/wiki/Special:FilePath/Kagoshima%20City%20Museum%20of%20Archaeology%20Building.JPG
Q132912918,志布志市埋蔵文化財センター,鹿兒島縣,埋藏文化財中心,31.4709870,131.0884360,
Q48746463,鹿児島大学総合研究博物館,鹿兒島縣,大學博物館,31.5716360,130.5460240,
Q25045409,長島美術館,鹿兒島縣,美術館,31.5817710,130.5323870,http://commons.wikimedia.org/wiki/Special:FilePath/Female%20Portrait%20by%20Fujishima%20Takeji%20%28Nagashima%20Museum%29.jpg
Q104309538,有村溶岩展望所,鹿兒島縣,风景点,31.5542000,130.6790000,http://commons.wikimedia.org/wiki/Special:FilePath/Arimura%20Lava%20Observatory%20with%20Sakurajia.jpg
Q133054732,日本マンダリンセンター,鹿兒島縣,食物博物館,32.1986320,130.1856920,
Q11622277,薩摩伝承館,鹿兒島縣,美術館,31.2530560,130.6538330,http://commons.wikimedia.org/wiki/Special:FilePath/Satsuma-denshokan.jpg
Q11449353,宇宙科学技術館,鹿兒島縣,宇宙工学博物館,30.3748330,130.9575000,http://commons.wikimedia.org/wiki/Special:FilePath/%E5%AE%87%E5%AE%99%E7%A7%91%E5%AD%A6%E6%8A%80%E8%A1%93%E9%A4%A8.jpg
Q113296969,鹿児島県上野原縄文の森,鹿兒島縣,考古学公園,31.7124722,130.8011389,http://commons.wikimedia.org/wiki/Special:FilePath/Uenohara%20Jomon%20No%20Mori.jpg
Q4141258,維新故鄉館,鹿兒島縣,歷史博物館,31.5846389,130.5477500,http://commons.wikimedia.org/wiki/Special:FilePath/Museum%20of%20Meiji%20Restoration%20with%20Kotsuki-River.jpg
Q127608800,屋久島町歴史民俗資料館,鹿兒島縣,民俗博物館,30.4205980,130.5689460,http://commons.wikimedia.org/wiki/Special:FilePath/Yakushima%20History%20and%20Folk%20Museum.jpg
Q11660895,霧島溫泉鄉,鹿兒島縣,温泉郷,31.8963417,130.8305056,http://commons.wikimedia.org/wiki/Special:FilePath/Kirishima%20Onsen01n4592.jpg
Q17085094,アミュラン,鹿兒島縣,摩天輪,31.5847222,130.5425000,http://commons.wikimedia.org/wiki/Special:FilePath/Amu1.jpg
Q11629651,西鄉南洲表彰館,鹿兒島縣,人物紀念館,31.6058330,130.5586110,http://commons.wikimedia.org/wiki/Special:FilePath/Saig%C5%8D%20Nansh%C5%AB%20Memorial%20Hall.JPG
Q126452126,肝付町立歴史民俗資料館,鹿兒島縣,博物館,31.3440500,130.9677000,http://commons.wikimedia.org/wiki/Special:FilePath/Kimotsuki%20Town%20Museum.JPG
Q132154097,宇検村生涯学習センター｢元気の出る館｣,鹿兒島縣,博物館,28.2752590,129.2963240,
Q127416248,奄美市立奄美博物館,鹿兒島縣,博物館,28.3981700,129.4944960,http://commons.wikimedia.org/wiki/Special:FilePath/Amami%20Museum%20by%20countermeasures%20COVID-19%28attention%20sign%20board%29.jpg
Q132154037,たねがしま赤米館,鹿兒島縣,博物館,30.3845810,130.9350130,http://commons.wikimedia.org/wiki/Special:FilePath/%E8%B5%A4%E7%B1%B3%E9%A4%A8IMGP1500.JPG
